FID,Id,Status,PIN,X,Y,Area,Prev_Area,Pct_Change,Comment,Shape_Leng,Shape_Area,Shape__Area,Shape__Length
6771,,New,090-11-09-34.00-1003,371328.46,1497569.72,331.16,0,0, ,86.3723925286,331.156407169,51.53515625,34.0771521053078
6772,,New,090-11-09-34.00-1003,371361,1497536.09,636.15,0,0, ,138.519101327,636.147748237,98.98828125,54.6494216274105
6773,,Existing,090-11-09-34.00-600,371238.4,1497351.9,2831.14,0,0, ,242.21061443,2831.13972175,440.58984375,95.541320246141
6774,,Existing,090-11-09-34.00-800,371446.86,1497145.86,2222.98,0,0, ,210.076703133,2222.97571643,345.9296875,82.8846918288666
6775,,New,090-11-09-34.00-1003,371207.38,1498046.37,1443.58,0,0, ,156.160447651,1443.57255759,224.66015625,61.6215225806132
6776,,New,095-10-09-03.21-100,372440.88,1493726.22,2140.72,0,0, ,201.286204617,2041.72850932,317.640625,79.3842401984018
6777,,New,095-10-09-03.21-100,372516.42,1493754.06,2045.66,0,0, ,197.348377021,1949.2628113,303.25390625,77.8420677493756
6778,,New,095-10-09-03.21-100,372580.7,1493778.98,2092.79,0,0, ,199.756990867,1990.94874599,309.7421875,78.781917857183
6779,,New,095-10-09-03.21-100,372520.19,1493863.08,2051.76,0,0, ,189.171764468,1947.07245911,302.91796875,74.6126910160957
6780,,New,095-10-09-03.21-100,372510.06,1494015.75,2176.03,0,0, ,200.78594099,2016.15839121,313.6640625,79.1898982913955
6781,,New,095-10-09-03.21-100,372580.59,1494040.63,2167.16,0,0, ,203.024428413,2073.70097622,322.6328125,80.0720003244442
6782,,Existing,095-10-09-03.21-101,372668.45,1494247,2625.01,0,0, ,230.706689201,2625.01094292,408.3984375,90.9712435779577
6783,,New,095-11-09-34.34-104,372589.99,1494441.78,2915.57,0,0, ,218.840504622,2806.88790145,436.71484375,86.3306607740369
6784,,Existing,095-11-09-34.34-125,372429.06,1494575.99,1659.65,0,0, ,172.784732169,1659.64155492,258.22265625,68.1087463694585
6785,,New,095-11-09-34.34-160,372815.75,1495015.27,1884.54,0,0, ,196.298163824,1884.5181059,293.21875,77.4235051715086
6786,,New,095-11-09-34.34-159,372838.28,1494926.25,492.24,0,0, ,88.7534723198,492.236487413,76.58984375,35.0080197103413
6787,,Changed,095-11-09-34.34-129,372807.04,1494571.64,1536.72,1721.03,-10.71, ,149.855743241,1323.66424301,205.94921875,59.1383593962012
6788,,Existing,095-11-09-34.34-128,372667.42,1494577.89,1758.2,0,0, ,184.332447314,1758.1935185,273.55078125,72.6747394769752
6789,,New,095-11-09-34.34-164,372581,1495070.13,2056.87,0,0, ,197.83066553,1948.01676997,303.09765625,78.0359028634042
6790,,New,095-11-09-34.34-163,372624.62,1495055.62,168.03,0,0, ,50.3357366985,150.872511151,23.47265625,19.8637798547858
6791,,New,095-11-09-34.34-156,372677.22,1494919.77,1921.28,0,0, ,195.135115997,1921.27788188,298.93359375,76.9693493705457
6792,,Existing,095-11-09-34.34-154,372581.76,1494828.65,1706.58,0,0, ,163.208108792,1588.33651467,247.12890625,64.3497344354778
6793,,New,095-11-09-34.34-185,372823.94,1495257.6,2053.35,0,0, ,215.174072906,2053.35124702,319.484375,84.8614573574204
6794,,New,095-11-09-34.34-184,372818.81,1495158.35,2078.8,0,0, ,216.733524366,2078.79023917,323.4453125,85.4751487645432
6795,,New,095-11-09-34.34-161,372816.76,1495089.35,1825.11,0,0, ,192.499027796,1825.10642581,283.97265625,75.9255841418348
6796,,New,095-11-09-34.34-159,372823.53,1494959.53,1932.17,0,0, ,193.674365336,1932.16519265,300.625,76.3354870983585
6797,,New,095-11-09-34.34-158,372817.51,1494866.69,1991.32,0,0, ,203.423958222,1991.31769349,309.828125,80.2298809849193
6798,,New,095-11-09-34.34-157,372817.76,1494793.77,2106.67,0,0, ,202.987882237,2012.22271678,313.08203125,80.0575893487911
6799,,New,095-11-09-34.34-131,372817.04,1494725.45,2136.1,0,0, ,204.826862128,2039.05529477,317.25390625,80.7844778560849
6800,,Existing,095-11-09-34.34-130,372807.43,1494657.51,1401.7,0,0, ,163.625078703,1401.69681013,218.08984375,64.5586449004714
6801,,New,095-11-09-34.34-129,372851.9,1494597.98,751.31,0,0, ,109.65260242,751.302926156,116.89453125,43.2509119410923
6802,,Existing,095-11-09-34.34-102,372810.58,1494500.69,1947.37,0,0, ,153.665615404,1404.64786429,218.546875,60.6393529363674
6803,,Existing,095-11-09-34.34-103,372666.23,1494448.65,1614.42,0,0, ,177.532005195,1614.4235534,251.1796875,70.0341051258641
6804,,New,095-11-09-29.00-200,360017.72,1502580.04,683.73,0,0, ,104.776693337,683.726527376,106.4453125,41.3466787226557
6805,,Existing,095-10-09-10.23-100,370697.62,1486987.08,6360.67,0,0, ,435.88850883,6360.67570387,989.05078125,171.95664536808
6806,,Existing,095-10-09-10.23-100,370656.92,1486958.04,5652.89,0,0, ,431.067716578,5652.9054095,879,170.057994262444
6807,,Existing,095-10-09-10.23-100,370395.12,1486496.25,3184.68,0,0, ,246.590908329,3184.70702278,495.1875,97.3139405708822
6808,,Existing,095-10-09-10.23-100,370428.01,1486380.95,966.02,0,0, ,127.127732002,966.02106915,150.203125,50.1419548389762
6809,,Existing,095-10-09-10.23-100,370328.23,1486383.27,755.79,0,0, ,111.260797639,755.786588135,117.515625,43.8589949417066
6810,,Existing,095-10-09-10.23-100,370342.92,1487013.76,386.93,0,0, ,80.427907786,386.930731321,60.16015625,31.7282145366476
6811,,New,090-11-09-27.00-300,370270.19,1500895.1,168.64,0,0, ,46.3342422545,168.640649717,26.25390625,18.2808952953395
6812,,New,095-10-09-03.00-115,374137.01,1493346.86,4554.39,0,0, ,343.272992049,4554.40051093,708.546875,135.473329069506
6813,,New,095-10-09-03.00-117,374079.84,1492945.92,4846.03,0,0, ,355.815473501,4846.00912352,753.8828125,140.258037188241
6814,,New,095-10-09-03.00-116,374147.02,1493186.87,7632.83,0,0, ,439.879380596,7632.83293204,1187.44140625,173.609919097456
6815,,Existing,095-10-09-03.00-300,374906.52,1493577.98,198559.56,0,0, ,2162.4081935,198559.495679,30890.93359375,852.895196701464
6816,,New,095-11-09-34.44-8800,374513.51,1495072.09,6640.03,0,0, ,358.44838258,6640.05816057,1033.15234375,141.388257557835
6817,,New,095-11-09-34.44-8600,374320.93,1494848.09,5179.22,0,0, ,302.17969896,5179.2281416,805.84765625,119.192061074208
6818,,New,095-11-09-34.44-8900,374223.58,1494559.1,19992.36,0,0, ,696.370869939,19992.359368,3110.55078125,274.665667048385
6819,,New,095-11-09-34.44-8400,374661.49,1494516.74,8387.89,0,0, ,446.426062373,8387.88534306,1305.046875,176.085860645526
6820,,New,095-11-09-34.44-7000,374705.42,1495052.98,2702.73,0,0, ,232.096105941,2702.71335123,420.515625,91.554597375498
6821,,New,095-11-09-34.44-7100,374752.84,1495015.04,2956.18,0,0, ,231.00170195,2956.18593259,459.97265625,91.1194246861091
6822,,New,095-11-09-34.44-7300,374844.34,1494937.19,2116.07,0,0, ,198.905422338,2116.05666994,329.23828125,78.459263221717
6823,,New,095-11-09-34.41-4100,374091.03,1495755.26,3865.37,0,0, ,262.193472358,3865.36170874,601.4609375,103.429913799535
6824,,New,095-11-09-34.41-3100,374456.35,1495897.9,3297.57,0,0, ,262.162215305,3297.56382697,513.109375,103.437409892781
6825,,New,095-11-09-34.41-3000,374529.79,1495897.1,3268.96,0,0, ,260.458500629,3268.9605163,508.66015625,102.763988704061
6826,,New,095-11-09-34.41-2700,374602.55,1495896.42,3249.41,0,0, ,259.897938909,3249.40181155,505.625,102.54311939986
6827,,New,095-11-09-34.41-2600,374675.77,1495897.41,3487.23,0,0, ,243.133787317,3487.22536735,542.6171875,95.9103644188547
6828,,New,095-11-09-34.41-2300,374747.28,1495897.08,3451.18,0,0, ,241.346055556,3451.17989444,537.015625,95.205164914077
6829,,New,095-11-09-34.41-3200,374468,1495759.56,3344.22,0,0, ,264.99944966,3344.21749241,520.37109375,104.556667012706
6830,,New,095-11-09-34.41-2900,374537.89,1495758.45,3322.42,0,0, ,263.131241615,3322.42420169,516.98046875,103.818951543362
6831,,New,095-11-09-34.41-2800,374608.22,1495758.26,3299.63,0,0, ,262.561513025,3299.62140136,513.4296875,103.594227177157
6832,,New,095-11-09-34.44-6100,374334.55,1495653.27,3083.19,0,0, ,252.859208391,3083.19427499,479.7421875,99.7363964075477
6833,,New,095-11-09-34.44-6500,374369.71,1495362.76,2584.38,0,0, ,209.351567608,2584.38186379,402.125,82.5814254244793
6834,,New, ,374420.13,1495316.59,2646.52,0,0, ,227.847669071,2646.52484816,411.79296875,89.875978930977
6835,,New,095-11-09-34.44-5500,374751.05,1495644.98,3023.81,0,0, ,230.976119459,3023.81185397,470.5,91.131282412544
6836,,Existing,095-11-09-35.32-2800,376961.91,1496064.38,1555.73,0,0, ,194.02503975,1555.73284007,242.08203125,76.4472771024603
6837,,Existing,095-11-09-35.32-2800,376995.3,1495970.26,3997.6,0,0, ,341.524515053,3997.60575569,622.05078125,134.612234897049
6838,,Existing,095-11-09-35.32-2800,377147.38,1495971.31,4040.81,0,0, ,348.194061313,4040.82865207,628.7734375,137.24269692296
6839,,Existing,095-11-09-35.32-2800,377296.18,1495972.88,4110.02,0,0, ,324.585273113,4110.00684037,639.53515625,127.898229681207
6840,,Existing,095-11-09-35.32-1001,376520.95,1495805.23,3255.21,0,0, ,293.39840831,3255.21222773,506.51171875,115.756809910206
6841,,Existing,095-11-09-35.32-1001,376667.14,1495804.38,2933.76,0,0, ,267.518696666,2933.75066086,456.4921875,105.601493664494
6842,,Existing,095-11-09-35.32-1001,376748.64,1495805.16,2901.32,0,0, ,265.993019016,2901.32172009,451.44140625,104.999418713234
6843,,Existing,095-11-09-35.32-1001,376808.61,1495805.56,2966.26,0,0, ,268.405537112,2966.277661,461.55859375,105.951198623662
6844,,Existing,095-11-09-35.32-1001,376606.96,1495804.06,2943.73,0,0, ,268.511751132,2943.7260737,458.0625,105.991495804154
6845,,Existing,095-11-09-35.32-1001,376890.04,1495806.07,2969.77,0,0, ,267.378683372,2969.77271658,462.11328125,105.545693136838
6846,,Existing,095-11-09-35.32-1001,376951.68,1495812.78,3306.93,0,0, ,298.939898549,3306.94630945,514.5703125,118.000468803449
6847,,Existing,095-11-09-35.31-1002,377030.59,1495807.58,2931.8,0,0, ,266.878647515,2931.79241372,456.19140625,105.34839131029
6848,,Existing,095-11-09-35.31-1003,377157.41,1495821.9,5358.94,0,0, ,304.146282831,5358.94804632,833.86328125,120.0402989693
6849,,Existing,095-11-09-35.31-1003,377291.13,1495824.14,5310.5,0,0, ,303.031403679,5310.53066679,826.33203125,119.600989560082
6850,,Existing,095-11-09-35.33-300,376657.28,1495663.47,2777.19,0,0, ,238.996241167,2777.20274003,432.1328125,94.2524833039407
6851,,Existing,095-11-09-35.33-200,376752.09,1495661.27,1982.61,0,0, ,189.053494046,1982.61257198,308.5,74.5445114805408
6852,,Existing,095-11-09-35.33-100,376857.9,1495666.64,2795.14,0,0, ,240.328764294,2795.14436654,434.9296875,94.7713051075664
6853,,Existing,095-11-09-35.34-600,377000.43,1495665.89,1904.69,0,0, ,191.045366852,1904.69478284,296.37109375,75.363084376702
6854,,Existing,095-11-09-35.34-400,377120.17,1495661.93,1660.64,0,0, ,169.17697734,1660.64656631,258.3984375,66.7168795700179
6855,,Existing,095-11-09-35.34-300,377178.27,1495658.06,1326.22,0,0, ,147.569161307,1326.23093126,206.359375,58.1918057230736
6856,,Existing,095-11-09-35.34-101,377286.59,1495693.19,618.07,0,0, ,99.5015098883,618.075954384,96.16796875,39.2523492293347
6857,,Existing,095-11-09-35.34-101,377291.74,1495657.58,1060.23,0,0, ,134.440334915,1060.22093624,164.97265625,53.0259927104091
6858,,Existing,095-11-09-35.33-2400,376621.96,1495513.72,2730.33,0,0, ,232.597301845,2730.32360646,424.8359375,91.6981535875722
6859,,Existing,095-11-09-35.33-2500,376769.88,1495512.45,2587.81,0,0, ,223.676226549,2587.8228693,402.66796875,88.1842343491887
6860,,Existing,095-11-09-35.33-2600,376892.95,1495444.96,567.55,0,0, ,96.8698850051,567.542932815,88.3125,38.1974258557987
6861,,Existing,095-11-09-35.33-2600,376859.56,1495510.67,2628.78,0,0, ,233.539663003,2628.77741675,409.03515625,92.0952235870953
6862,,Existing,095-11-09-35.34-800,376933.42,1495522.32,1054.62,0,0, ,131.13871632,1054.60859079,164.09765625,51.7147878365634
6863,,Existing,095-10-09-11.22-1100,376166.61,1488816.13,3337.62,0,0, ,437.724991005,3337.64619602,519.05859375,172.393930280743
6864,,Existing,095-10-09-11.22-1100,376508.46,1488796.69,1675.95,0,0, ,269.16839604,1675.94483667,260.63671875,106.019128781104
6865,,Existing,095-10-09-11.22-1000,376231.47,1489011.75,981.91,0,0, ,128.055057611,981.908704073,152.70703125,50.5206548970919
6866,,Existing,095-10-09-11.22-1100,376424.57,1488765.49,7542.74,0,0, ,561.921806907,7542.68025398,1173.015625,221.280614169959
6867,,Existing,095-10-09-11.22-900,376344,1488983.12,3154.13,0,0, ,248.053265473,3154.13842765,490.53125,97.7556793481624
6868,,New,095-10-09-02.33-2201,376170.36,1489766.78,375.74,0,0, ,77.6967137581,375.7437854,58.4375,30.6444893536809
6869,,Existing,095-10-09-02.33-1900,375872.12,1489518.52,410.25,0,0, ,82.4735883474,410.244783834,63.80078125,32.512735356579
6870,,Existing,095-10-09-02.33-2200,376173.56,1489607.23,2466.76,0,0, ,222.537438185,2466.75687543,383.65234375,87.8208667115716
6871,,Existing,095-10-09-03.44-300,375667.4,1490178.48,242.96,0,0, ,62.6901633218,242.959053915,37.78515625,24.7184687893347
6872,,Existing,095-10-09-03.44-200,375668.98,1490216.14,317.91,0,0, ,73.2406671792,317.899799327,49.44140625,28.8978101724429
6873,,Existing,095-10-09-02.33-300,376399.62,1489837.88,3138.13,0,0, ,251.945367976,3138.12195856,488.06640625,99.4518816038576
6874,,Existing,095-10-09-02.33-300,376468.56,1489747.08,4798.33,0,0, ,346.789134872,4798.34976572,746.27734375,136.59842316709
6875,,Existing,095-10-09-02.34-15100,377304.82,1489935.58,1721.59,0,0, ,202.992032307,1721.58428612,267.7578125,80.0815475024188
6876,,Existing,095-10-09-02.34-15600,377094.11,1489993.12,196.76,0,0, ,56.4347512908,196.759543468,30.60546875,22.2516792086131
6877,,Existing,095-10-09-02.34-15800,377060.89,1490093,798.24,0,0, ,113.128952871,798.233005816,124.1484375,44.6195466519169
6878,,Existing,095-10-09-02.34-16100,377222.04,1490200.18,2306.11,0,0, ,211.076839636,2306.10879886,358.6796875,83.2809946636783
6879,,Existing,095-10-09-02.34-16200,377281.17,1490212.7,1792.85,0,0, ,185.171525508,1792.85505717,278.8515625,73.018025765709
6880,,Existing,095-10-09-02.34-15000,377308.64,1489809.67,1852.93,0,0, ,195.074050549,1852.92522053,288.1953125,76.9765588194392
6881,,Existing,095-10-09-02.34-16700,377118.38,1490314.98,1592.84,0,0, ,167.881133809,1592.83759001,247.734375,66.2327774242967
6882,,Existing,095-10-09-02.34-16300,377303.34,1490311.88,998.06,0,0, ,133.677287658,998.064723296,155.23828125,52.7255493797141
6883,,Existing,095-10-09-02.34-16400,377259.59,1490323.79,1160.22,0,0, ,168.335355261,1160.22470631,180.44921875,66.4452742126266
6884,,Existing,095-10-09-02.33-300,376769.17,1490276.94,4801.4,0,0, ,348.769756904,4801.40591178,746.78515625,137.715744668468
6885,,Existing,095-10-09-02.33-300,376664.79,1490211.83,4676.47,0,0, ,345.433126728,4676.48054083,727.35546875,136.064204466095
6886,,Existing,095-10-09-02.33-300,376527.55,1489960.01,356.07,0,0, ,78.0101584464,356.075134034,55.3828125,30.7496316565735
6887,,Existing,095-10-09-02.33-300,376768.98,1490056.1,4680.13,0,0, ,346.260829582,4680.14773881,727.91015625,136.7254680984
6888,,Existing,095-10-09-02.33-300,376769.25,1489837.15,4674.84,0,0, ,343.369814635,4674.87751286,727.08203125,135.580534354994
6889,,Existing,095-10-09-02.33-300,376683.33,1489772.96,3190.98,0,0, ,255.73537986,3190.97045381,496.29296875,100.759972397496
6890,,Existing,095-10-09-02.34-13800,377308.87,1489536.66,1816.36,0,0, ,186.134279922,1816.35643814,282.49609375,73.4331362470487
6891,,Existing,095-10-09-02.34-14300,377107.73,1489624.28,791.67,0,0, ,119.308968438,791.670018595,123.125,47.0406998335879
6892,,Existing,095-10-09-02.34-14800,377227.84,1489799.58,1811.74,0,0, ,179.270523193,1811.7279126,281.77734375,70.7439020853239
6893,,Existing,095-10-09-02.34-14500,377119,1489777.76,198.85,0,0, ,63.8271172496,198.848526458,30.93359375,25.1736487845896
6894,,Existing,095-10-09-02.34-14400,377068.09,1489699.36,1656.8,0,0, ,167.595539987,1656.8002238,257.67578125,66.1112993835463
6895,,Existing,095-10-09-02.34-15600,377104.66,1489934.11,2354.97,0,0, ,222.984151993,2354.96551639,366.26171875,88.0085333243933
6896,,Existing,095-10-09-02.34-15600,377103.86,1490020.78,987.63,0,0, ,128.51137745,987.650192383,153.60546875,50.7029619365303
6897,,Existing,095-10-09-02.34-15900,377110.23,1490092.03,507.46,0,0, ,90.6321425885,507.465292497,78.9296875,35.7509328610464
6898,,Existing,095-10-09-02.34-15900,377099.19,1490197.3,1621.82,0,0, ,179.118617736,1621.82505338,252.25390625,70.6720529712352
6899,,Existing,095-10-09-02.34-16000,377151.89,1490190.12,2519.95,0,0, ,249.658293329,2519.93776698,391.93359375,98.450888199572
6900,,Existing,095-10-09-02.34-13800,377303.41,1489637.58,785.6,0,0, ,112.630352169,785.586520855,122.1796875,44.4094892124099
6901,,Existing,095-10-09-02.34-16800,377085.4,1490405.97,264.18,0,0, ,68.4347002602,264.183158289,41.09375,26.9724676518262
6902,,Existing,090-11-09-27.00-300,370252.59,1500896.23,176.37,0,0, ,47.384752741,176.374294076,27.453125,18.6953749116392
6903,,Existing,090-11-09-27.00-300,370528.05,1500625.18,151.53,0,0, ,52.7607608619,151.52741056,23.58984375,20.8012031208371
6904,,Existing,090-11-09-27.00-300,370306.73,1500977.04,3869.82,0,0, ,248.983097844,3869.82707294,602.39453125,98.2418991858419
6905,,Existing,090-11-09-27.00-300,370414.24,1501004.85,2701.35,0,0, ,207.966610508,2701.34867329,420.5078125,82.0564924827011
6906,,Existing,090-11-09-27.00-300,370295.45,1500901.25,382.25,0,0, ,69.7580111691,382.248974885,59.5,27.5226192747756
6907,,Existing,090-11-09-27.00-300,370316.6,1500878.16,372.55,0,0, ,68.8671492909,372.548159413,57.9921875,27.1711060580888
6908,,Existing,090-11-09-27.00-300,370277.56,1500851.01,234.97,0,0, ,62.5037202891,234.968345337,36.578125,24.6700230364198
6909,,Existing,090-11-09-27.00-300,370475.3,1500562.61,1835.22,0,0, ,205.867929934,1835.21573093,285.66796875,81.2696867457925
6910,,Existing,090-11-09-27.00-300,370501.92,1500601.12,919.86,0,0, ,128.471904238,919.864907388,143.1875,50.6692749808598
6911,,Existing,090-11-09-27.00-300,370514.7,1500650.96,471.32,0,0, ,108.559143903,471.318375158,73.3671875,42.7813280845573
6912,,Existing,090-11-09-27.00-300,370427.6,1500916.24,6498.07,0,0, ,439.867600537,6498.0785022,1011.5078125,173.61867882459
6913,,Existing,090-11-09-27.00-300,370435.11,1501075.97,515.55,0,0, ,91.9739374984,515.551294275,80.25390625,36.2985130004171
6914,,PossiblyChanged,090-11-09-27.00-300,370377.6,1501117.47,229,0,0, ,62.0351099377,229.002189318,35.65234375,24.4654546668649
6915,,PossiblyChanged,090-11-09-27.00-300,370328.92,1501113.51,177.82,0,0, ,63.9252304542,177.823793159,27.6796875,25.2481056571899
6916,,Existing,090-11-09-27.00-300,370291.77,1501086.89,799.88,0,0, ,113.663010395,799.882016243,124.51953125,44.8368501412476
6917,,New,095-11-09-29.00-200,361004.82,1503202.32,12571.05,0,0, ,563.373970681,12571.064784,1957.2265625,222.22905827694
6918,,New,095-11-09-29.00-200,361194.51,1503183.96,565.68,0,0, ,99.9683039933,565.690415345,88.078125,39.4697771935144
6919,,New,095-11-09-29.00-200,362562.82,1499811.15,11549.57,0,0, ,468.583764663,11549.5915418,1797.7109375,184.838897106174
6920,,New,095-11-09-29.00-200,363309.7,1500547.42,1781239.82,0,0, ,10036.3448061,1781239.69814,277267.85546875,3959.94055872253
6921,,New,010-11-09-20.00-602,362041.12,1506736.41,281.84,0,0, ,74.6505607748,281.835454628,43.89453125,29.4565362157344
6922,,Existing,010-11-09-20.00-602,362033.24,1506754.6,236.31,0,0, ,65.9997870368,236.304771969,36.8046875,26.0377084614518
6923,,Existing,010-11-09-20.00-602,362028.35,1506806.82,1289.24,0,0, ,153.616072118,1289.23192937,200.77734375,60.6412923894231
6924,,New,095-11-09-32.00-200,364605.48,1497269.37,604.54,0,0, ,98.4869265622,604.542990731,94.08203125,38.8478693206995
6925,,New,095-11-09-32.00-200,364598.32,1497295.56,272.34,0,0, ,74.4237989486,272.336397675,42.37890625,29.3850411623444
6926,,New,095-11-09-32.00-200,364547.58,1497608.29,169.5,0,0, ,57.7353135934,169.50085769,26.37890625,22.7659170649115
6927,,New,095-11-09-32.00-200,364303.51,1498766.76,25538.15,0,0, ,1525.52045197,25538.1640773,3974.68359375,601.890303583705
6928,,New,095-11-09-29.00-200,364886.9,1500285.76,338.21,0,0, ,96.9844790199,338.206089009,52.64453125,38.2138718926363
6929,,New,095-11-09-29.00-200,364884.95,1500240.14,340.14,0,0, ,96.4401465716,340.142105003,52.94921875,37.9999252249375
6930,,New,095-11-09-29.00-200,364261.62,1504307.2,9178.82,0,0, ,473.622282466,9178.78817072,1429.19140625,186.901188221054
6931,,New,095-11-09-29.00-200,362620.03,1501199.06,246.43,0,0, ,64.467727155,246.430298955,38.36328125,25.4472272772795
6932,,New,095-11-09-29.00-200,362994.67,1503783.61,737.71,0,0, ,110.392975703,737.711003363,114.8671875,43.561619269868
6933,,New,095-11-09-32.00-200,364022.19,1498918.28,3934.41,0,0, ,285.542227897,3934.41523386,612.3515625,112.542189991787
6934,,New,095-11-09-29.00-200,364088.49,1502441.74,1038.76,0,0, ,129.052131263,1038.75973798,161.71875,50.9244622742233
6935,,New,095-11-09-29.00-200,363991.96,1502435.5,714.41,0,0, ,115.541458584,714.411962759,111.22265625,45.6236691180802
6936,,New,095-11-09-29.00-200,363873.15,1504519.7,4714.33,0,0, ,244.980334156,4714.33750647,734.05859375,96.6692963127065
6937,,New,095-11-09-33.00-400,367391.07,1497947.53,2411.88,0,0, ,200.154739564,2411.88829044,375.359375,78.9911668873107
6938,,New,095-11-09-33.00-400,367252.17,1499014.26,810.95,0,0, ,161.013363837,810.964330018,126.21484375,63.5890330895531
6939,,New,095-11-09-33.00-400,367141.15,1498566.19,164.8,0,0, ,56.3004123494,164.804249441,25.64453125,22.1926574175085
6940,,New,095-11-09-33.00-400,367142.23,1498580.11,165.79,0,0, ,57.1028818769,165.783377861,25.80078125,22.5079989789643
6941,,PossiblyChanged,090-11-09-28.00-303,369013.87,1501191.88,2781.96,0,0, ,308.073493084,2781.95241973,433.0546875,121.604548806868
6942,,Existing,090-11-09-28.00-303,369103.65,1501110.7,394.43,0,0, ,70.861050673,394.433087138,61.40234375,27.958047738159
6943,,New,095-10-09-10.23-100,370679.64,1486301.05,2492.58,0,0, ,199.725853066,2492.59266693,387.56640625,78.7581201944549
6944,,Existing,095-10-09-10.23-100,370610.42,1486506.2,1234.33,0,0, ,150.421124811,1234.32818142,191.92578125,59.2846614113415
6945,,Unknown,095-10-09-10.23-100,370378.4,1486369.9,756.61,0,0, ,110.875942508,756.602930795,117.63671875,43.7314854182586
6946,,Existing,095-10-09-10.23-100,370195.35,1486612.03,873.26,0,0, ,118.674878933,873.253544729,135.78125,46.8046022690102
6947,,Existing,095-10-09-10.23-100,370740.64,1486343.62,353.27,0,0, ,79.9146072856,353.268377671,54.9296875,31.5333327911666
6948,,Existing,095-10-09-10.23-100,370330.81,1486288.89,1192.95,0,0, ,140.905449479,1192.95496382,185.48828125,55.5398056830899
6949,,Existing,095-10-09-10.23-100,370205.25,1486339.57,1247.81,0,0, ,144.56512554,1247.81183221,194.0234375,56.980682205093
6950,,New,095-11-09-33.00-400,369656.49,1494763.18,4403.47,0,0, ,307.155107535,4403.47676585,685.140625,121.124462770666
6951,,New,095-11-09-33.00-400,369537.72,1494843.86,313.83,0,0, ,95.8912026805,313.82471698,48.82421875,37.8615061795022
6952,,Existing,090-11-09-28.00-304,369199,1501094.26,12484.34,0,0, ,493.931395883,12484.3358072,1943.39453125,194.847503788751
6953,,Existing,090-11-09-28.00-304,369286.73,1501167.79,234.02,0,0, ,54.5812943233,234.016111196,36.4296875,21.5349598552148
6954,,Existing,090-11-09-28.00-304,369286.51,1501194.87,175.11,0,0, ,47.2138572487,175.104425372,27.265625,18.6281635881616
6955,,Existing,090-11-09-28.00-303,369123.16,1501238.99,527.43,0,0, ,95.5313050002,527.431319685,82.09765625,37.6947548553614
6956,,Existing,090-11-09-28.00-304,369187.19,1501242.1,2185.71,0,0, ,196.806987976,2185.71942391,340.24609375,77.6013981180006
6957,,Existing,095-10-09-10.24-100,372355.53,1487592.94,458.51,0,0, ,85.8875936284,458.515702148,71.296875,33.8706182543356
6958,,New,095-10-09-03.24-101,372273.4,1492669.81,1415.49,0,0, ,175.223393696,1814.07970667,282.203125,69.1034114710498
6959,,New,095-10-09-03.24-101,372363.53,1492725.86,2524.44,0,0, ,211.411349347,2413.72788309,375.48828125,83.379549280368
6960,,New,095-10-09-03.24-101,372154.95,1492742.49,3754.38,0,0, ,292.085492158,3835.07259819,596.609375,115.213518635151
6961,,New,095-10-09-03.21-100,372072.19,1493109.25,2162.66,0,0, ,205.865548291,2162.65301104,336.44140625,81.2066001937231
6962,,New,095-10-09-03.21-100,372027.21,1493251.38,1979.37,0,0, ,197.418036353,1979.36426609,307.9296875,77.8768273180709
6963,,New,095-10-09-03.21-100,371708.09,1493468.57,187.29,0,0, ,55.2819628697,187.280251022,29.13671875,21.8100558341767
6964,,New,095-10-09-03.21-100,371771.07,1493579.15,2284.88,0,0, ,211.985922478,2284.87427991,355.47265625,83.6487513740706
6965,,New,095-10-09-03.21-100,372122.56,1493434.25,2186.4,0,0, ,196.623997977,2186.40052038,340.15234375,77.5716668289438
6966,,New,095-10-09-03.21-100,372156.3,1493351.44,1952.43,0,0, ,200.760982348,1952.43414599,303.74609375,79.19295973183
6967,,New,095-10-09-03.21-100,372269.85,1493233.11,2321.06,0,0, ,201.554675905,2321.07057699,361.09765625,79.5107442254823
6968,,New,095-10-09-03.21-100,372224.66,1493111.72,1973.39,0,0, ,182.815943164,1973.38771654,307,72.1055853226971
6969,,New,095-10-09-03.21-100,372081.01,1493593.27,2110.21,0,0, ,205.470836491,1980.93138397,308.1796875,81.0517350907605
6970,,New,095-10-09-03.21-100,372157.51,1493620.13,2163.29,0,0, ,194.386267765,2012.54082131,313.1015625,76.6627265479019
6971,,New,095-10-09-03.21-100,372216.91,1493375.75,2164.96,0,0, ,202.630057092,2055.26589118,319.7421875,79.9140623905971
6972,,New,095-10-09-03.21-100,372282.13,1493399.48,2000.81,0,0, ,193.218891301,1882.16287886,292.81640625,76.2126678539316
6973,,New,095-10-09-03.21-100,372345.86,1493423.55,2063.95,0,0, ,197.556119274,1959.50364772,304.84375,77.9219087793847
6974,,New,095-10-09-03.21-100,372285.49,1493136.3,2146.03,0,0, ,203.054609026,2051.56690626,319.1640625,80.0819859909353
6975,,New,095-10-09-03.21-100,372350.27,1493161.23,2046.85,0,0, ,199.932123079,1953.92285287,303.96875,78.849658689276
6976,,New,095-10-09-03.21-100,372274.41,1492968.48,2554.49,0,0, ,219.968181025,2409.69960048,374.86328125,86.7581713899945
6977,,New,095-10-09-03.21-100,371872.33,1493741.13,2500.58,0,0, ,235.69562168,2500.58461713,389.03125,93.003633999442
6978,,New,095-10-09-03.21-100,371745.18,1493994.4,219.34,0,0, ,62.9334366533,219.338417004,34.12109375,24.8261872964948
6979,,New,095-10-09-03.21-100,371805.45,1493986.88,3449.22,0,0, ,253.342179596,3449.21930893,536.62890625,99.9545406455051
6980,,New,095-11-09-34.34-110,372107.89,1494433.87,2925.04,0,0, ,221.51848382,2925.0316116,455.08984375,87.3910424252776
6981,,New,095-11-09-34.34-109,372186.96,1494434.24,2825.45,0,0, ,218.068853112,2825.44306272,439.6015625,86.0284724006236
6982,,New,095-11-09-34.34-107,372349.04,1494436.2,2727.32,0,0, ,215.806161564,2727.33277645,424.328125,85.138261150156
6983,,New,095-10-09-03.21-100,371937.81,1494059.95,3023.18,0,0, ,237.176399324,3023.17138992,470.34765625,93.589857690006
6984,,New,095-10-09-03.21-100,372083.03,1493864.6,2298.02,0,0, ,208.776961478,2298.01114234,357.52734375,82.3751230871549
6985,,New,095-10-09-03.21-100,372259.61,1493767.57,2121.47,0,0, ,198.565802091,2049.29029726,318.8203125,78.3088853156528
6986,,New,095-10-09-03.21-100,372226.54,1493646.88,2049.65,0,0, ,203.75394041,2049.64320241,318.87890625,80.3366801636283
6987,,New,095-11-09-34.34-108,372267.58,1494434.78,2814.84,0,0, ,217.427321908,2814.84975598,437.9453125,85.7742221226762
6988,,New,095-10-09-03.21-100,372001.42,1493840.97,3339.85,0,0, ,266.616797073,3339.86258127,519.6171875,105.191935571959
6989,,New,095-10-09-03.21-100,372303.07,1493940.2,2239.99,0,0, ,203.642975172,2051.05946352,319.109375,80.3147701108267
6990,,New,095-10-09-03.21-100,372370.32,1493963,2164.53,0,0, ,202.996350158,2064.42386353,321.18359375,80.0581791506883
6991,,New,095-10-09-03.21-100,372392.14,1493814.93,2063.45,0,0, ,199.36453911,1971.10525843,306.6640625,78.6390306627298
6992,,New,095-10-09-03.21-100,372321.8,1493790.29,2100.56,0,0, ,196.780134326,2006.02281453,312.08984375,77.619293085456
6993,,New,095-10-09-03.21-100,372192.33,1493740.38,2095.2,0,0, ,203.069290477,2005.16302634,311.95703125,80.1031128729463
6994,,New,095-10-09-03.21-100,372130.66,1493719.78,2085.04,0,0, ,198.102786184,1995.14869019,310.40234375,78.1259467210164
6995,,New,095-10-09-03.21-100,372049.22,1493687.53,1872.07,0,0, ,213.148825963,1872.08105147,291.25,84.0768143698498
6996,,New,095-10-09-03.21-100,372298.01,1493674.03,2112.99,0,0, ,201.120335897,2013.40313288,313.234375,79.3182216509321
6997,,New,095-10-09-03.21-100,372374.57,1493701.72,2025.82,0,0, ,195.577938528,1923.02622001,299.171875,77.1434013448364
6998,,Existing,095-11-09-34.34-114,371714.94,1494446.84,1657.61,0,0, ,154.488022703,1400.44385065,217.88671875,60.9672320634319
6999,,New,095-11-09-34.34-178,372251.43,1495154.98,2244.37,0,0, ,198.883796495,2244.38417793,349.21484375,78.4680594441737
7000,,New,095-11-09-34.34-146,371941.5,1494827.6,1533.99,0,0, ,190.527140663,1678.73820759,261.1953125,75.1679578250221
7001,,New,095-11-09-34.34-118,371895.03,1494583.92,539.88,0,0, ,92.9463737607,539.869895868,83.99609375,36.6617123909479
7002,,New,095-11-09-34.34-118,371859.46,1494579.13,1582.65,0,0, ,169.96676144,1582.64585283,246.24609375,67.0757085870022
7003,,New,095-11-09-34.34-124,372348.86,1494590.3,2096.27,0,0, ,196.241500532,1985.5592212,308.92578125,77.4081752309436
7004,,Existing,095-11-09-34.34-115,371715.13,1494507.8,1260.2,0,0, ,144.525284748,1260.20147881,196.0703125,57.0286676832156
7005,,Existing,095-11-09-34.34-145,371831.65,1494904.73,1604.88,0,0, ,170.890036038,1604.87678455,249.703125,67.4436926110882
7006,,Existing,095-11-09-34.34-174,371877.53,1495065.98,2084.69,0,0, ,213.184645128,2084.69714704,324.35546875,84.1423405663574
7007,,Existing,095-11-09-34.34-177,372173.2,1495133.96,1944.91,0,0, ,207.594856858,1944.90731025,302.625,81.9002259917483
7008,,Existing,095-11-09-34.34-175,372013.54,1495094.16,2203.22,0,0, ,219.311871152,2203.22073487,342.8046875,86.4936516541395
7009,,Existing,095-11-09-34.34-149,372194.53,1494836.34,1813.33,0,0, ,187.85779936,1813.32399305,282.13671875,74.111053071001
7010,,New,095-11-09-34.31-200,372209.68,1496012.39,24211.27,0,0, ,1008.80207938,24211.2640636,3767.3828125,397.949859835078
7011,,New,095-11-09-34.31-200,372031.78,1496149.62,170.24,0,0, ,52.7176001443,170.24183748,26.48828125,20.7960536425382
7012,,Changed,090-11-09-34.00-1404,371931.15,1496537.98,2970.86,2319.35,28.09, ,234.205618273,2970.85652637,462.296875,92.3860164283514
7013,,Existing,095-10-09-10.23-100,370857.15,1486745.24,281.38,0,0, ,67.692663404,281.38120057,43.75,26.6928066277578
7014,,Existing,095-10-09-10.23-100,371134.24,1487142.14,1377.8,0,0, ,156.833628448,1377.78559833,214.2421875,61.8309251254796
7015,,Existing,095-10-09-10.23-100,371289.3,1487101.88,1912.66,0,0, ,185.56105163,1912.67713304,297.4140625,73.1236451782856
7016,,Existing,095-10-09-10.23-100,371345.48,1487102.45,1856.35,0,0, ,183.695087175,1856.33551361,288.65234375,72.4869099189848
7017,,Existing,095-10-09-10.22-100,370990.69,1487630.77,710.27,0,0, ,106.638606981,710.273014272,110.4453125,42.0502056367138
7018,,Existing,095-10-09-10.23-100,370863.52,1487238.79,8816.93,0,0, ,495.310965373,8816.93372195,1371.01953125,195.39679912261
7019,,Existing,090-11-09-34.00-1403,371518.29,1496565.52,3641.21,0,0, ,321.513455702,3641.19759368,566.60546875,126.8262080304
7020,,New,095-11-09-34.00-1017,370865.9,1497341.95,10052.3,0,0, ,493.358557883,10052.3079031,1564.34375,194.644315178543
7021,,New,095-11-09-34.00-1017,370969.22,1497228.64,14363,0,0, ,486.244779459,14363.0022892,2235.1640625,191.824510662935
7022,,New,095-11-09-34.00-1017,370982.27,1497518.61,7102.68,0,0, ,376.603990367,7102.68490118,1105.34765625,148.560800432385
7023,,Existing,090-11-09-34.00-1400,372077.16,1496494.76,838.96,0,0, ,121.004588336,838.95697748,130.54296875,47.7327994148412
7024,,Existing,090-11-09-34.00-1400,372163,1496498.93,2507.21,0,0, ,225.084952777,2507.20747343,390.15234375,88.7961727984443
7025,,New,090-11-09-34.00-901,371849.18,1497288.13,12562.39,0,0, ,482.592903846,12562.3906331,1954.9609375,190.36564089892
7026,,New,090-11-09-34.00-900,371659.14,1497502.53,334.07,0,0, ,96.4042891138,334.062513626,51.99609375,38.0297508274342
7027,,Changed,090-11-09-34.00-1002,372357.75,1497053.58,4325.3,2310.4,87.21, ,321.482008938,4325.28998896,673.0859375,126.963190344898
7028,,Existing,090-11-09-34.00-901,371782.34,1497242.6,8038.13,0,0, ,378.735976571,8038.15566992,1250.89453125,149.404181607107
7029,,Existing,090-11-09-34.00-900,371623.44,1497551.26,4667.58,0,0, ,275.056471149,4667.57951484,726.390625,108.508173676731
7030,,Existing,090-11-09-34.00-900,371742.77,1497481.7,15000.45,0,0, ,719.002740203,15000.4614279,2334.40234375,283.643500352146
7031,,Existing,090-11-09-34.00-911,371963.57,1497402.66,2815.45,0,0, ,228.875788007,2815.43917397,438.14453125,90.2922366855659
7032,,New,090-11-09-34.00-1002,372391.34,1497964.83,694.79,0,0, ,105.440387703,694.784486782,108.12890625,41.5966344856126
7033,,Existing,095-10-09-10.15-2000,372990.3,1486887.03,3516.16,0,0, ,242.704227304,3202.38468843,497.953125,95.7593925846563
7034,,Existing,095-10-09-10.15-1300,373139.27,1486788.41,2111.19,0,0, ,206.834413669,2111.18643324,328.28125,81.5813788302548
7035,,Existing,095-10-09-10.15-1600,373115.89,1486571.83,3875.77,0,0, ,304.991378835,3875.7674562,602.6484375,120.26151940674
7036,,Existing,095-10-09-10.15-3100,372812.16,1486788.44,3552.64,0,0, ,267.170718761,3249.29828831,505.23828125,105.2800643836
7037,,Changed,095-10-09-10.15-3200,372689.13,1486751.7,3212.08,3055.1,5.14, ,282.389765802,3212.10100156,499.4609375,111.348124145012
7038,,Changed,095-10-09-10.15-1900,372999.7,1486783.1,5089.01,4415.6,15.25, ,314.714909904,4916.72125047,764.515625,124.07855847291
7039,,PossiblyChanged,095-10-09-10.15-1700,373013.65,1486587.59,3613.38,0,0, ,321.261815035,3613.37884802,561.84375,126.728387841139
7040,,Existing,095-10-09-10.15-1200,373134.49,1486890.12,3312.96,0,0, ,283.790661495,3312.95674618,515.140625,111.94456170673
7041,,Changed,095-10-09-10.15-1100,373113.05,1487011.28,3763.7,2128.78,76.8, ,337.189824371,3763.68493395,585.2421875,133.018489964325
7042,,Existing,095-10-09-10.15-300,373161.49,1486408.02,2881.77,0,0, ,242.762361113,2736.21701821,425.4375,95.7334030553794
7043,,Existing,095-10-09-10.15-3400,372494.73,1486626.32,3680.16,0,0, ,269.205914795,3680.1534186,572.234375,106.137385059192
7044,,Existing,095-10-09-10.15-3300,372622.9,1486686.29,3319.69,0,0, ,277.4575164,3178.88348661,494.28125,109.413929968382
7045,,Existing,095-10-09-10.15-3000,372825.52,1486901.73,3054.04,0,0, ,246.009825077,2822.58133249,438.8984375,96.9957657308884
7046,,Existing,095-10-09-10.15-2100,372991.49,1486990.66,3314.78,0,0, ,268.997453501,3492.84755475,543.11328125,106.123399058001
7047,,Existing,095-10-09-10.15-1800,372988.14,1486690.33,3003.83,0,0, ,267.192805097,3003.83170708,467.07421875,105.378865627546
7048,,Existing,095-10-09-10.15-1400,373151.93,1486685.46,3999.77,0,0, ,296.835962975,3999.75379915,621.9296875,117.079479659757
7049,,Existing,095-10-09-10.15-100,372971.01,1486414.21,2676.8,0,0, ,235.739753794,2771.12846851,430.875,92.9609366596696
7050,,Existing,095-10-09-10.15-3700,372807.54,1486637.83,2799.77,0,0, ,269.255204706,2799.76999332,435.33203125,106.121285055054
7051,,Existing,095-10-09-10.15-1500,373227.33,1486567.88,3348.1,0,0, ,277.873603372,3348.08942853,520.58203125,109.581285053441
7052,,Existing,095-10-09-10.15-200,373059.68,1486423.62,2212.87,0,0, ,205.484248369,2127.25328976,330.765625,80.9754660881531
7053,,New,095-10-09-10.15-2300,372876.39,1487158.36,2569.14,0,0, ,241.593664313,2569.14079051,399.484375,95.2459427172223
7054,,Existing,095-10-09-10.15-900,373202.84,1487173.63,2692.42,0,0, ,245.78709458,2692.41747431,418.6640625,96.9310381652255
7055,,PossiblyChanged,095-10-09-10.15-2600,372488.86,1487153.77,3873.03,0,0, ,296.319897031,3626.06482736,563.8515625,116.838501047186
7056,,Existing,095-10-09-10.15-2500,372628.43,1487177.22,1926.3,0,0, ,203.976278924,2048.150629,318.484375,80.4121752519034
7057,,Existing,095-10-09-10.15-2400,372740.35,1487153.13,3965.08,0,0, ,313.607798631,3965.07042593,616.55859375,123.623829730558
7058,,PossiblyChanged,095-10-09-10.15-2200,372957.06,1487083.26,2419.57,0,0, ,241.501667296,2419.57096554,376.23828125,95.2326788092627
7059,,Existing,095-10-09-10.15-1000,373095.43,1487141.28,2116.88,0,0, ,212.372465214,2116.87312911,329.171875,83.7413723947443
7060,,New,095-10-09-03.24-101,372427.83,1492760.19,2248.45,0,0, ,213.815653655,2248.44416725,349.78515625,84.326866986302
7061,,New,095-10-09-03.24-101,372496.43,1492792.63,1916.28,0,0, ,194.786324665,1996.01781223,310.5078125,76.8125433329607
7062,,New,095-10-09-03.24-101,372575.58,1492811.51,2142.86,0,0, ,217.519008399,2142.8478874,333.359375,85.8124720324134
7063,,New,095-10-09-03.21-100,372426.37,1492921.67,1953.37,0,0, ,201.389308981,1953.37190308,303.8828125,79.4243108229946
7064,,New,095-10-09-03.21-100,372492.48,1492945.66,1997.07,0,0, ,200.564752616,1997.07468664,310.6796875,79.0981238915486
7065,,New,095-10-09-03.21-100,372622.55,1492992.71,1911.25,0,0, ,202.123200848,1911.25042043,297.328125,79.7324256046283
7066,,New,095-10-09-03.21-1104,372686.59,1493114.86,1852.1,0,0, ,191.062198019,1852.10352132,288.13671875,75.3464735227045
7067,,New,095-10-09-03.00-111,372978.86,1493399.67,13074.19,0,0, ,500.607104035,13074.2199926,2034,197.292250430876
7068,,New,095-10-09-03.21-100,372474.17,1493471.96,2139.41,0,0, ,202.399446249,2025.37211373,315.09375,79.8228900404452
7069,,New,095-10-09-03.21-100,372412.24,1493448.59,2164.54,0,0, ,202.712278967,2058.20321257,320.19921875,79.945987717593
7070,,New,095-10-09-03.21-100,372415.55,1493185.94,2182.27,0,0, ,205.722533663,2096.26038186,326.11328125,81.1334240367586
7071,,New,095-10-09-03.21-100,372558.46,1492969.14,2095.12,0,0, ,199.726895299,2005.07649705,311.921875,78.7666028281422
7072,,New,095-10-09-03.21-100,372482.37,1493209.56,2026.81,0,0, ,201.718077942,2026.82470732,315.3125,79.5538556250542
7073,,New,095-10-09-03.21-100,372616.26,1493258.33,1990.3,0,0, ,194.985088504,1902.09633774,295.90625,76.9085202294725
7074,,New,095-10-09-03.21-187,372690.08,1493293.01,2232.38,0,0, ,188.935873703,1971.74749637,306.74609375,74.5344032038052
7075,,New,095-10-09-03.21-186,372683.95,1493386.6,1928.88,0,0, ,188.796552327,1816.90034384,282.6640625,74.4539521712017
7076,,New,095-10-09-03.21-100,372600.76,1493354.26,1977.77,0,0, ,195.913369263,1890.63639745,294.12890625,77.2792909567438
7077,,New,095-10-09-03.21-168,372687.01,1493555.61,1838.11,0,0, ,189.825077132,1838.10379768,285.9609375,74.858411403645
7078,,New,095-10-09-03.21-100,372610.71,1493513.78,1864.61,0,0, ,169.514545711,1757.76515281,273.46484375,66.8467233598308
7079,,New,095-10-09-03.21-100,372544.29,1493497.7,2112,0,0, ,200.440285025,2006.30535458,312.12890625,79.0500531461561
7080,,Existing,095-10-09-03.24-1118,372684.88,1492853.09,2075.19,0,0, ,199.53444083,1982.19768794,308.37109375,78.6424452368421
7081,,New,095-10-09-03.21-100,372546.42,1493233.18,1976.04,0,0, ,196.609595843,1886.52618594,293.48828125,77.5539265727551
7082,,New,095-10-09-03.21-1105,372691.85,1493030.61,1897.06,0,0, ,187.434054711,1777.15073841,276.46484375,73.9154699003344
7083,,New,095-10-09-03.21-100,372607.45,1493092.07,2047.1,0,0, ,197.241162941,1889.87814919,294.01171875,77.803311099298
7084,,New,095-11-09-34.34-106,372430.22,1494439.38,2840.15,0,0, ,216.999476404,2840.16148949,441.88671875,85.6069180539131
7085,,New,095-11-09-34.34-105,372509.51,1494441.42,2785.38,0,0, ,217.165145431,2785.38262417,433.36328125,85.6724354453258
7086,,New,095-10-09-03.21-100,372449.57,1494036.88,195.25,0,0, ,56.0245126417,195.25226994,30.37890625,22.0959245382145
7087,,New,095-10-09-03.21-100,372446.79,1493987.8,2170.1,0,0, ,201.428508152,2067.32150918,321.6328125,79.4485238929212
7088,,New,095-10-09-03.21-122,372664.81,1494097.72,2525.86,0,0, ,236.69641498,2525.85984278,392.9765625,93.3022465263793
7089,,New,095-10-09-03.21-100,372583.36,1493885.39,2187.56,0,0, ,203.30253821,2072.70422795,322.46875,80.1804406594805
7090,,New,095-10-09-03.21-146,372675.96,1493911.2,3308.36,0,0, ,224.750876958,2979.80673336,463.58984375,88.6324812061684
7091,,New,095-10-09-03.21-147,372675.38,1493822.09,2904.97,0,0, ,224.782637928,2943.44506807,457.9375,88.6451623513843
7092,,New,095-10-09-03.21-100,372451.48,1493835.55,2174.99,0,0, ,203.292753034,2076.24110729,323.02734375,80.1761904887126
7093,,New,095-10-09-03.21-100,372593.32,1493628.89,1842.83,0,0, ,168.503451318,1752.14383026,272.59375,66.4520024285315
7094,,New,095-10-09-03.21-167,372687.94,1493642.86,1874.09,0,0, ,185.722129882,1874.10353809,291.55859375,73.2657590541537
7095,,Existing,095-10-09-10.14-1700,375077.7,1486498.39,850.71,0,0, ,117.486849264,850.70500017,132.2734375,46.3166616711773
7096,,Existing,095-10-09-10.14-9200,375264.92,1486441.29,2007.59,0,0, ,193.297623438,2007.58253718,312.15234375,76.1807919055023
7097,,Existing,095-10-09-10.14-9300,375346.23,1486447.89,2167.39,0,0, ,222.828123215,2167.40123522,337.0078125,87.8601348708337
7098,,Existing,095-10-09-10.14-9200,375247.25,1486500.62,507.93,0,0, ,90.9804979355,507.929537602,78.98046875,35.8853506274833
7099,,Existing,095-10-09-10.14-1400,375217.72,1486539.41,224.23,0,0, ,60.1898650002,224.233865971,34.8671875,23.7295383594402
7100,,Existing,095-10-09-10.14-1500,375182.15,1486509.49,266.33,0,0, ,68.1449244379,266.333200476,41.4140625,26.8556189757471
7101,,Existing,095-10-09-10.14-1600,375105.2,1486608.84,2624.62,0,0, ,234.500740477,2624.62258996,408.11328125,92.4373499051398
7102,,Existing,095-10-09-10.14-1400,375192.75,1486609.22,2460.91,0,0, ,225.491280776,2460.89847195,382.64453125,88.8854638897365
7103,,Existing,095-10-09-10.14-2200,375128.69,1486744.26,2450.48,0,0, ,222.371759615,2450.46294968,381.03125,87.7296268105328
7104,,Existing,095-10-09-10.14-2300,375128.8,1486826.1,2070.63,0,0, ,198.231625579,2070.62721914,321.96875,78.2209603903666
7105,,Existing,095-10-09-10.14-2400,375122.11,1486909.09,2512.87,0,0, ,214.808186097,2512.87945152,390.734375,84.7531063984601
7106,,Existing,095-10-09-10.14-4500,374914.6,1486821.91,2829.69,0,0, ,245.364518027,2829.6859258,440,96.7805350882416
7107,,Existing,095-10-09-10.14-4400,374909.55,1486903.76,2338.92,0,0, ,208.092298498,2338.91662679,363.6875,82.077239754715
7108,,Existing,095-10-09-10.14-4300,374908.57,1486982.01,2617.18,0,0, ,248.766069388,2617.17015533,406.9609375,98.1061291932271
7109,,Existing,095-10-09-10.14-4200,374911.15,1487065.43,2699.39,0,0, ,239.472418747,2699.3892435,419.74609375,94.459257612693
7110,,Existing,095-10-09-10.14-1000,375273.28,1486942.4,2484.73,0,0, ,214.092454742,2484.73063461,386.3671875,84.47057394383
7111,,Existing,095-10-09-10.14-900,375274.69,1487021.09,2707.2,0,0, ,235.876938587,2707.1926412,420.96484375,93.0437230163077
7112,,Existing,095-10-09-10.14-1100,375279.86,1486859.81,2875.62,0,0, ,246.118845708,2875.63326106,447.13671875,97.0734244523337
7113,,Existing,095-10-09-10.14-1200,375274.65,1486783.02,2289.53,0,0, ,218.664582775,2289.53453544,355.99609375,86.2568567300816
7114,,Existing,095-10-09-10.14-1300,375286.35,1486690.57,2624.34,0,0, ,229.239789237,2624.328394,408.0625,90.4218515942957
7115,,Existing,095-10-09-10.14-2100,374959.81,1486532.13,179.14,0,0, ,55.8076909272,179.142350212,27.8515625,22.0187201093263
7116,,Existing,095-10-09-10.14-1800,374994.25,1486532.84,196.2,0,0, ,57.1553408565,196.205910299,30.5078125,22.5465858625859
7117,,Existing,095-10-09-10.14-1900,374990.02,1486496.14,725.82,0,0, ,122.807639224,725.818972931,112.859375,48.412016971397
7118,,Existing,095-10-09-10.14-1900,375015.73,1486443.96,2079.55,0,0, ,221.295030295,2079.54172616,323.33984375,87.2604891472712
7119,,Existing,095-10-09-10.14-4300,374994.67,1487012.59,253.02,0,0, ,65.730182606,253.021703895,39.33984375,25.9062947419671
7120,,Existing,095-10-09-10.14-4600,374918.6,1486739.75,2596.56,0,0, ,220.994183829,2596.55414659,403.73828125,87.1865377126095
7121,,Changed,095-10-09-10.14-3400,374979.6,1487684.76,4101.07,2698.45,51.98, ,324.62822179,4101.06794006,637.73046875,128.017210611684
7122,,Existing,095-10-09-02.32-9000,376007.5,1490883.02,649.67,0,0, ,102.065411295,649.661118453,101.05078125,40.2572901335422
7123,,Existing,095-10-09-02.32-8900,376009.48,1490925.49,400.4,0,0, ,80.5312850153,400.401958869,62.28125,31.7536922149578
7124,,Existing,095-10-09-02.32-3700,376366.44,1490703.45,1486.26,0,0, ,168.788435993,1486.25189975,231.16796875,66.6066536552752
7125,,Existing,095-10-09-02.32-3800,376407.57,1490714.13,2334.65,0,0, ,232.926699497,2334.65406538,363.13671875,91.9286430524843
7126,,Existing,095-10-09-02.32-8500,376157.32,1490951.97,960.34,0,0, ,135.564761832,960.346543779,149.38671875,53.4729349940224
7127,,Existing,095-10-09-02.32-4500,376459.31,1490864.08,519.49,0,0, ,91.1743583456,519.484733392,80.80078125,35.9573667877252
7128,,Existing,095-10-09-02.32-4600,376418.9,1490871.31,420.56,0,0, ,83.0612426706,420.558067452,65.41015625,32.7687991571598
7129,,Existing,095-10-09-02.32-9100,375945.25,1490843.86,2111.07,0,0, ,208.460478933,2111.07207133,328.359375,82.1421560784202
7130,,Existing,095-10-09-02.32-8330,375898.56,1491071.77,1956.49,0,0, ,197.210457749,1956.49651868,304.31640625,77.8265726823652
7131,,Existing,095-10-09-02.32-5030,376356.54,1491157.92,734.03,0,0, ,145.481288225,734.02444348,114.171875,57.4527181507244
7132,,Existing,095-10-09-02.32-5020,376390.21,1491152.85,955.14,0,0, ,169.099594467,955.136339121,148.5703125,66.7675712946012
7133,,Existing,095-10-09-02.32-5010,376478,1491075.41,924.86,0,0, ,161.013020461,924.869440785,143.85546875,63.4539482262057
7134,,Existing,095-10-09-02.32-10200,375783.51,1490540.98,1650.47,0,0, ,168.762580372,1650.47672499,256.71484375,66.5211591813937
7135,,Existing,095-10-09-02.32-10100,375912.53,1490539.71,1721.98,0,0, ,180.918932912,1721.98408049,267.83984375,71.3213662519062
7136,,Existing,095-10-09-02.32-9900,376100.52,1490543.04,1986.95,0,0, ,209.884691847,1986.95988983,309.0546875,82.7730652304862
7137,,Existing,095-10-09-02.32-9800,376195.98,1490460.42,1409.36,0,0, ,151.125205467,1409.35448671,219.203125,59.5876932918965
7138,,Existing,095-10-09-02.32-9700,376201.19,1490701.2,1900.7,0,0, ,241.256279048,1900.70526878,295.63671875,95.1844538551995
7139,,Existing,095-10-09-02.32-8700,376077.59,1490846.87,365.52,0,0, ,77.6666784533,365.52267952,56.8515625,30.6416131457063
7140,,Existing,095-10-09-02.32-8600,376126.76,1490860.27,371.4,0,0, ,78.4123628719,371.408244905,57.765625,30.9363523145924
7141,,Existing,095-10-09-02.32-8400,376200.56,1490849.64,385.95,0,0, ,83.3882848323,385.953350708,60.03515625,32.8708433710561
7142,,Existing,095-10-09-02.32-4700,376306.13,1490861.79,1632.11,0,0, ,177.735474514,1632.10618298,253.8671875,70.0799780892266
7143,,Existing,095-10-09-02.32-4800,376304.41,1490955.62,2011.43,0,0, ,193.382770834,2011.42737825,312.859375,76.2398237493064
7144,,Existing,095-10-09-02.32-4600,376411.29,1490962.88,1375.45,0,0, ,178.874692649,1375.44434034,213.93359375,70.5899593372009
7145,,Existing,095-10-09-02.32-8400,376198.59,1490943.88,1467.45,0,0, ,207.303672216,1467.45596513,228.25,81.7749358967878
7146,,Existing,095-10-09-02.32-8600,376117.61,1490951.34,1204.55,0,0, ,152.634878365,1204.53784799,187.34765625,60.208502971546
7147,,Existing,095-10-09-02.32-8700,376076.33,1490950.23,1017.29,0,0, ,140.210471974,1017.28855821,158.2265625,55.3061280769359
7148,,Existing,095-10-09-02.32-8900,375933.31,1490922.09,1374.06,0,0, ,156.902050931,1374.07067648,213.73046875,61.850019198956
7149,,Existing,095-11-09-35.32-2800,376406.46,1496357.89,4172.29,0,0, ,329.86481635,4172.29824802,649.25,129.976020689823
7150,,Existing,095-11-09-35.32-2800,376402.19,1496166.23,4101.39,0,0, ,327.06658322,4101.3882901,638.203125,129.160612488752
7151,,Existing,095-11-09-35.32-2500,376287.73,1496860.57,1696.59,0,0, ,177.112888492,1696.58846062,264.0234375,69.8939108461508
7152,,Existing,095-11-09-35.32-4800,376288.48,1496518.59,1793.39,0,0, ,177.301324893,1793.37638138,279.0703125,69.9715522344645
7153,,Existing,095-11-09-35.32-4700,376286.97,1496449.41,1618.61,0,0, ,176.263864761,1618.59748297,251.87890625,69.5699479241266
7154,,Existing,095-11-09-35.32-2200,376423.18,1496822.42,1802.29,0,0, ,178.543459497,1802.29099439,280.45703125,70.4080963463365
7155,,Existing,095-11-09-35.32-2100,376491.95,1496824.13,1947,0,0, ,198.359839499,1947.00563251,302.98046875,78.2390702208686
7156,,Existing,095-11-09-35.32-100,375689.77,1496890.71,1019.37,0,0, ,164.264042102,1019.37260514,158.62890625,64.7173496021464
7157,,Existing,095-11-09-35.32-100,375919.3,1496268.28,848.16,0,0, ,180.598400781,848.157212857,131.984375,71.3129384867055
7158,,New,095-11-09-35.32-100,376000.98,1496582.48,1126.89,0,0, ,176.871263136,1126.89585231,175.35546875,69.8311261643688
7159,,Existing,095-11-09-35.32-100,375871.52,1496661.64,1823.87,0,0, ,227.113651718,1823.87200662,283.8203125,89.6823652195635
7160,,Existing,095-11-09-35.32-100,375868.17,1496864.2,1153.12,0,0, ,183.805697332,1153.12796531,179.44140625,72.5758674482071
7161,,Existing,095-11-09-35.32-100,376161.55,1496473.93,858.36,0,0, ,149.009968312,858.361993638,133.5703125,58.745848313467
7162,,Changed,095-11-09-35.32-2700,376289.8,1496723.61,1562.04,1740.73,-10.27, ,188.144049191,1738.17909456,270.48828125,74.2267316643727
7163,,Existing,095-11-09-35.32-100,375984.69,1496975.74,1112.12,0,0, ,183.944893743,1112.10894516,173.05859375,72.6366370133601
7164,,Existing,095-11-09-35.32-100,376065.77,1496977.55,757.55,0,0, ,149.694141094,757.555196552,117.8828125,59.1322054515075
7165,,Existing,095-11-09-35.32-700,376423.1,1496984.68,2202.63,0,0, ,226.160243015,2202.61988006,342.7578125,89.1893072014788
7166,,Existing,095-11-09-35.32-100,375865.78,1496979.09,1164.65,0,0, ,184.444656945,1164.65465939,181.23828125,72.83042472721
7167,,Changed,095-11-09-35.32-100,376171.91,1496947.42,1231.09,1414.26,-12.95, ,178.740982892,1231.07926833,191.5703125,70.5091525910604
7168,,Existing,095-10-09-11.21-1300,377933.98,1489004.16,2677.14,0,0, ,232.119023308,2677.15132323,416.34765625,91.5961032527759
7169,,Existing,095-10-09-11.21-1300,377938.57,1488949.73,593.01,0,0, ,102.65481422,593.013549015,92.22265625,40.4806989713897
7170,,Existing,095-10-09-11.21-1200,377899.7,1488907.83,353.84,0,0, ,76.1415800005,353.83935239,55.02734375,30.0178485260948
7171,,Existing,095-10-09-11.21-1200,377908.62,1488873.44,4031.74,0,0, ,296.26028455,4031.75983261,627.01171875,116.728283732543
7172,,Existing,095-10-09-11.21-900,378016.62,1489012.3,2182.35,0,0, ,190.640500607,2182.34601901,339.39453125,75.2110303564403
7173,,Existing,095-10-09-11.21-800,378058.89,1489009.12,2171.56,0,0, ,195.027358919,2171.56156921,337.73046875,76.9525048090942
7174,,Existing,095-10-09-11.21-700,378098.45,1489011.9,1437.25,0,0, ,156.747072306,1437.2605993,223.515625,61.8300503202023
7175,,Existing,095-10-09-11.21-900,378028.31,1488954.05,388.88,0,0, ,85.4736901255,388.882231238,60.48828125,33.7120442031525
7176,,Existing,095-10-09-11.21-800,378059.81,1488901.31,531.72,0,0, ,92.6403711838,531.722174048,82.6953125,36.5266821290783
7177,,Existing,095-10-09-11.21-1100,378122.21,1488848.21,8192.83,0,0, ,560.687786507,8192.8110215,1274.12109375,220.814886681332
7178,,Existing,095-10-09-02.34-13700,377310.44,1489295.3,602.63,0,0, ,98.2088669654,602.634420742,93.72265625,38.7287881971268
7179,,Existing,095-10-09-11.21-1600,377807.1,1489008.14,1731.87,0,0, ,172.337281441,1731.86274283,269.33203125,67.9940794315437
7180,,Existing,095-10-09-11.21-1700,377768.8,1488995.97,2208.54,0,0, ,227.565099518,2208.53588992,343.46484375,89.7994497356418
7181,,Existing,095-10-09-02.34-12800,377442.38,1489144.25,2106.93,0,0, ,204.358088331,2106.92782098,327.67578125,80.6431433154114
7182,,Existing,095-10-09-02.34-12700,377482.91,1489151.63,1651.35,0,0, ,167.629814533,1651.36178468,256.8203125,66.1273718073183
7183,,Existing,095-10-09-02.34-8200,377624.18,1489129.74,1356.24,0,0, ,158.349223223,1356.24317529,210.92578125,62.4845999659765
7184,,Existing,095-10-09-02.34-8100,377656.85,1489138.68,1589.95,0,0, ,172.475266089,1589.95603923,247.27734375,68.0462666615594
7185,,Existing,095-10-09-02.34-2900,378027.99,1489412.03,1884.04,0,0, ,225.727669073,1884.03889439,293.01171875,89.0709994245643
7186,,Existing,095-10-09-02.34-8400,377627.48,1489401.75,1883.63,0,0, ,196.336796311,1883.63943426,292.953125,77.4872734046843
7187,,Existing,095-10-09-02.34-8400,377624.91,1489301.93,1524.23,0,0, ,157.884395924,1524.23053453,237.0546875,62.2823956951492
7188,,Existing,095-10-09-02.34-12800,377438.35,1489244.95,577.5,0,0, ,96.19574304,577.494109928,89.80859375,37.9390463756622
7189,,Existing,095-10-09-02.34-12500,377439.86,1489398.69,1665.45,0,0, ,190.532131231,1665.46953025,259.0234375,75.1906647307711
7190,,Existing,095-10-09-02.34-12400,377402.07,1489399.95,1599.39,0,0, ,164.811732666,1599.39439649,248.75,65.0117608606566
7191,,New,095-10-09-02.34-12100,377406.16,1489579.78,418.28,0,0, ,81.8077044211,418.274139514,65.05078125,32.262706225925
7192,,Existing,095-10-09-02.34-8800,377662.05,1489548.22,1630.75,0,0, ,167.496180145,1630.74756484,253.62109375,66.0903781845803
7193,,Changed,095-10-09-02.34-8700,377704.26,1489541.94,1861.62,3548.57,-47.54, ,200.416893661,1861.62020847,289.5234375,79.0519995169611
7194,,Existing,095-10-09-02.21-500,378122.92,1493810.57,311.24,0,0, ,70.7254510608,311.237328572,48.421875,27.8927885034237
7195,,Existing,095-10-09-02.21-5400,377475.22,1493879.82,1523.05,0,0, ,184.716139781,1523.04435478,236.94921875,72.8141411735406
7196,,Existing,095-10-09-02.21-5400,377408.05,1493867.35,241.62,0,0, ,62.5501724483,241.622111766,37.5859375,24.666575695797
7197,,Existing,095-10-09-02.21-5400,377369.66,1493876.32,512.9,0,0, ,94.4974424961,512.89888734,79.80078125,37.2738875024043
7198,,Existing,095-10-09-02.21-3200,377873.54,1493876.48,822.2,0,0, ,118.423443689,822.206037637,127.91796875,46.6869934025677
7199,,Existing,095-11-09-35.34-3400,377353.91,1495091.5,1090.93,0,0, ,135.180880238,1090.92699867,169.7421875,53.3453253894295
7200,,Existing,095-11-09-35.34-5200,377381.94,1494863.85,1940.13,0,0, ,192.693218551,1940.131151,301.859375,75.9961872938432
7201,,Existing,095-11-09-35.34-3402,377452.14,1495210.98,2534.2,0,0, ,232.565811145,2534.19804327,394.3125,91.6617475130273
7202,,Existing,095-11-09-35.34-3400,377448.61,1495075.43,2728.43,0,0, ,233.52084103,2728.42713658,424.52734375,92.1577958104575
7203,,Existing,095-11-09-35.34-5300,377451.94,1494865.71,1773.2,0,0, ,177.631840344,1773.21233181,275.89453125,70.0406314728745
7204,,Existing,095-11-09-35.34-5800,378010.81,1494563.5,834.28,0,0, ,116.159510375,834.280680303,129.8046875,45.8090927805431
7205,,Existing,095-11-09-35.34-5700,378060.96,1494636.24,1745.09,0,0, ,191.467343412,1745.09204496,271.51953125,75.4752655169855
7206,,Existing,095-11-09-35.34-1600,377394.31,1495443.85,177.96,0,0, ,53.9250249741,177.961704671,27.6875,21.2773962306005
7207,,Changed,095-11-09-35.34-1500,377356.35,1495518.36,1634.69,1838.05,-11.06, ,169.052000614,1634.68792879,254.35546875,66.6670659788456
7208,,New,095-11-09-35.34-100,377441.82,1495742.3,175.41,0,0, ,60.5300217811,175.408316236,27.296875,23.8536905136117
7209,,Unknown,095-11-09-35.34-103,377405.66,1495742.3,177.49,0,0, ,55.374170197,177.487050401,27.61328125,21.8311787133555
7210,,Existing,095-11-09-35.34-1700,377478.31,1495512.42,1613.41,0,0, ,181.621157427,1613.41359424,251.0390625,71.6609192925747
7211,,Changed,095-11-09-35.34-7603,377709.67,1495605.16,1903.95,1898.45,0.29, ,205.768086061,1903.95291222,296.25390625,81.1394179651078
7212,,Existing,095-10-09-02.13-2500,378605.19,1492865.69,2060.5,0,0, ,207.092833321,2060.50500124,320.54296875,81.7461954556933
7213,,Existing,095-10-09-02.13-2400,378526.09,1492829.58,197.25,0,0, ,56.974818704,197.249440908,30.6796875,22.4794747116903
7214,,Existing,095-10-09-02.13-2300,378485.63,1492886.54,1038.36,0,0, ,135.43831403,1038.35521564,161.5390625,53.4409844081012
7215,,Existing,095-10-09-02.13-2200,378408.16,1492868.76,1535.99,0,0, ,167.301105071,1536.00297307,238.953125,66.0235349663177
7216,,Existing,095-10-09-02.13-1700,378606.18,1493029.36,1420.34,0,0, ,191.693285795,1420.32947548,220.95703125,75.6755070310913
7217,,Existing,095-10-09-02.13-1600,378661.64,1493031.94,1550.56,0,0, ,162.212893433,1550.56163163,241.21484375,64.0111166191897
7218,,Existing,095-10-09-02.13-1500,378705.68,1493036.97,1691.08,0,0, ,175.424297039,1691.08159195,263.0859375,69.2395800991347
7219,,Existing,095-10-09-02.13-1400,378745.88,1493036.95,1593.19,0,0, ,169.218586946,1593.18724166,247.84765625,66.7880346184552
7220,,Existing,095-10-09-02.13-1300,378806.97,1493100.63,604.46,0,0, ,101.256973083,604.451132869,94.0234375,39.9384650097467
7221,,Existing,095-10-09-02.13-1300,378793.2,1493029.92,1792.63,0,0, ,193.127235461,1792.63054363,278.87109375,76.2039646269356
7222,,Existing,095-10-09-02.13-1200,378871.19,1493019.49,2055.81,0,0, ,208.019818744,2055.80670437,319.82421875,82.0003373422494
7223,,Existing,095-10-09-02.13-1200,378896.44,1493061.45,831.94,0,0, ,129.717127104,831.94826175,129.43359375,51.1585326604808
7224,,Existing,095-10-09-02.12-2600,378663.62,1493216.55,657.6,0,0, ,102.580857984,657.605917602,102.30078125,40.4612989847946
7225,,Existing,095-10-09-02.12-3100,378914.04,1493273.57,1092.51,0,0, ,133.399748399,1092.51555669,169.96484375,52.6021843477622
7226,,Existing,095-10-09-02.12-3100,378910.67,1493237.94,632.55,0,0, ,100.688833033,632.54781581,98.40625,39.7109172041802
7227,,Existing,095-10-09-02.21-1090,378303.92,1493450.3,12744.14,0,0, ,475.56691213,12744.1768225,1982.65625,187.695362309603
7228,,Existing,095-10-09-02.12-1600,378737.73,1493526.43,342.01,0,0, ,74.1094674691,342.007760618,53.203125,29.2274229246092
7229,,Existing,095-10-09-02.12-1900,378605.06,1493427.12,1589.63,0,0, ,175.205503507,1589.63478564,247.30078125,69.1264999160308
7230,,Existing,095-10-09-02.12-1400,378856.73,1493437.31,1820.85,0,0, ,191.933119337,1820.84158231,283.27734375,75.7367939670288
7231,,Existing,095-11-09-34.34-102,372852.48,1494524.36,695.45,0,0, ,105.491104102,695.454416504,108.203125,41.6113237534472
7232,,Existing,095-11-09-34.34-101,372851.4,1494454.74,613.56,0,0, ,104.739953199,685.333842187,106.6328125,41.3149568075768
7233,,Existing,095-11-09-34.34-165,372504.72,1495074.94,1962.92,0,0, ,199.157124864,1962.91620531,305.41015625,78.5305388188751
7234,,Existing,095-11-09-34.34-127,372599.93,1494576.65,1478.76,0,0, ,165.374378464,1478.76240824,230.078125,65.2121971103068
7235,,Existing,095-11-09-34.34-126,372512.73,1494575.14,1903.79,0,0, ,199.888492921,1903.79291707,296.20703125,78.8072542259096
7236,,Existing,095-11-09-34.34-163,372676.24,1495065.24,1836.41,0,0, ,188.840765831,1836.39169603,285.7265625,74.48096312918
7237,,Existing,095-11-09-34.34-162,372685.61,1494996.25,1830.8,0,0, ,184.313216939,1750.33218243,272.3359375,72.7380218233011
7238,,Existing,095-11-09-34.34-155,372674.69,1494833.04,1834.53,0,0, ,189.793670293,1834.53097122,285.4375,74.8538197608349
7239,,New,095-11-09-34.31-102,372892.6,1495813.39,192.58,0,0, ,56.5302345047,192.574207897,29.9609375,22.3076886128267
7240,,New,095-11-09-34.31-101,372846.65,1495786.02,1903.44,0,0, ,188.446620369,1903.44800573,296.17578125,74.2793014938701
7241,,New,095-11-09-34.31-101,372853.38,1495754.71,568.2,0,0, ,95.3471965101,568.191865427,88.4140625,37.6109701746887
7242,,New,095-11-09-34.34-192,372832.75,1495695.27,1727.68,0,0, ,176.935126294,1727.67752452,268.828125,69.7515989415417
7243,,New,095-11-09-34.34-192,372833.81,1495661.16,550.77,0,0, ,93.8738495593,550.764002322,85.6953125,37.0295406296403
7244,,New,095-11-09-34.34-187,372861.35,1495375.25,181.35,0,0, ,55.4002487895,181.348348316,28.21875,21.8633717997766
7245,,Changed,095-11-09-34.34-190,372687.52,1495646.51,2203.25,1764.87,24.84, ,223.747822135,2203.25936709,342.828125,88.2828760881825
7246,,New,095-11-09-34.34-188,372823.73,1495453.6,2042.44,0,0, ,215.061748194,2042.45309924,317.80078125,84.8175346624264
7247,,New,095-11-09-34.34-186,372823.96,1495321.32,2013.25,0,0, ,215.306759393,2013.25026669,313.25390625,84.9131746301617
7248,,Existing,095-11-09-34.34-189,372674.84,1495494.8,2023.89,0,0, ,199.948578171,2023.89719149,314.91796875,78.875133827147
7249,,Existing,095-11-09-34.34-183,372693.01,1495318.05,1728.43,0,0, ,180.413237011,1728.43170236,268.9296875,71.2162326948325
7250,,Existing,095-11-09-34.34-191,372823.15,1495602.74,2109.46,0,0, ,203.563623041,2109.46363794,328.234375,80.3156093714105
7251,,Existing,095-11-09-34.34-187,372821.42,1495391.14,1873.18,0,0, ,182.708708918,1873.17627887,291.4609375,72.0914677079585
7252,,New,090-11-09-34.00-1200,372806.28,1496344.55,708.63,0,0, ,94.979761535,708.631280073,110.265625,37.4670374759578
7253,,New,090-11-09-34.00-1200,372714.01,1496475.43,1449.07,0,0, ,154.466414756,1449.06738968,225.48828125,60.9351173225465
7254,,Existing,090-11-09-34.00-1200,372881.79,1496113.71,4023.58,0,0, ,256.387087677,4023.58782329,626.08984375,101.166204043904
7255,,Existing,090-11-09-34.00-1200,372855.82,1496282.75,1921.69,0,0, ,156.409267906,1921.68940684,299.02734375,61.6992232875169
7256,,Existing,090-11-09-34.00-1200,372835.16,1496322.92,519.39,0,0, ,81.3150713458,519.397998479,80.82421875,32.076640766187
7257,,Existing,090-11-09-34.00-1200,372815.79,1496300.74,512.55,0,0, ,80.7770541518,512.547618181,79.76171875,31.8643897692734
7258,,Existing,090-11-09-34.00-1200,372771.84,1496333.85,1075.22,0,0, ,116.995769507,1075.22293327,167.32421875,46.1517600421653
7259,,Existing,090-11-09-34.00-1200,372762.6,1496276.69,501.32,0,0, ,79.8875628406,501.321727486,78.00390625,31.5134792534223
7260,,Existing,090-11-09-34.00-1200,372742.18,1496293.4,486.2,0,0, ,78.6741513172,486.20820226,75.65234375,31.034837827268
7261,,Existing,090-11-09-34.00-1200,372722.72,1496310.83,504.98,0,0, ,80.1790277859,504.986512743,78.58203125,31.6284930719077
7262,,Existing,090-11-09-34.00-1200,372806.96,1496265.21,1200.53,0,0, ,173.416884351,1200.53683139,186.81640625,68.3928052708381
7263,,Changed,090-11-09-34.00-1200,372768.46,1496218.58,403.35,753.93,-46.5, ,91.9481575739,403.346382487,62.76171875,36.2740866098299
7264,,New,095-10-09-10.16-2300,373590.11,1486858.78,3553.08,0,0, ,279.23992458,3553.07166083,552.484375,110.084994711157
7265,,New,095-10-09-10.16-2600,373414.89,1486877.99,2188.74,0,0, ,234.573410225,2188.74020146,340.33203125,92.519574186446
7266,,Existing,095-10-09-10.15-600,373290.77,1486827.89,2650.37,0,0, ,226.163388435,2650.37810003,412.12109375,89.1978075062988
7267,,Existing,095-10-09-10.15-400,373260.34,1486420.85,3492.94,0,0, ,235.670925691,3064.27401888,476.4609375,92.876180309657
7268,,New,095-10-09-10.16-3800,373909.32,1486577.79,2501.83,0,0, ,229.999632665,2501.83823622,389.01171875,90.7136157661139
7269,,New,095-10-09-10.16-3700,374002.17,1486577.45,2778.38,0,0, ,253.111625368,2778.38312558,432.00390625,99.8413578675557
7270,,Existing,095-10-09-10.15-700,373288.69,1486946.54,3517.16,0,0, ,278.851251582,3517.14734563,546.89453125,109.986319550831
7271,,Existing,095-10-09-10.15-800,373282.4,1487074.62,2942.09,0,0, ,254.581480003,2942.08627004,457.484375,100.444928249287
7272,,Changed,095-10-09-10.15-500,373301.47,1486705.1,3511.96,3361.34,4.48, ,284.764122283,3511.96370176,546.0703125,112.293310068565
7273,,New,095-10-09-10.16-1000,373888.36,1487166.52,2145.14,0,0, ,188.799978435,2145.1365396,333.5703125,74.4623619989187
7274,,New,095-10-09-10.16-1000,373861.68,1487225.48,288.86,0,0, ,67.9842603949,288.860409814,44.91796875,26.8082138038869
7275,,New,095-10-09-03.00-122,373474.21,1491914.9,1800.82,0,0, ,197.959798821,1800.82482983,280.125,78.0148843689669
7276,,New,095-10-09-03.00-122,373477.5,1491875.75,471.57,0,0, ,108.592058591,471.577862226,73.3515625,42.8728580360073
7277,,New,095-10-09-03.00-122,373491.34,1491880.08,491.17,0,0, ,109.442653037,491.178152143,76.40625,43.2067212329318
7278,,New,095-10-09-03.00-107,373446.43,1492682.96,3730.42,0,0, ,300.141094623,3730.41092774,580.3203125,118.519041776047
7279,,New,095-10-09-03.00-107,373506.97,1492668.93,4750.35,0,0, ,364.952312462,4750.36716623,738.98828125,144.132898694064
7280,,New,095-10-09-03.00-107,373566.4,1492719.97,1566.86,0,0, ,162.794031923,1566.85589338,243.74609375,64.23882444715
7281,,New,095-10-09-03.00-107,373504.57,1492793.33,3125.45,0,0, ,341.45355533,3125.46105313,486.21484375,134.471114990591
7282,,New,095-10-09-03.00-121,373517.52,1492288.28,7974.84,0,0, ,432.921919116,7974.82910772,1240.5546875,170.756686139938
7283,,New,095-10-09-03.00-122,373369.67,1492123.32,404.31,0,0, ,92.697529519,404.30851406,62.890625,36.5825708378827
7284,,New,095-10-09-03.00-122,373402.33,1492153.21,482.07,0,0, ,108.030959643,482.079351366,74.9921875,42.6512344458602
7285,,New,095-10-09-03.00-122,373420.57,1492156.76,693.45,0,0, ,144.093091354,693.443182265,107.87109375,56.8875561171582
7286,,New,095-10-09-03.00-116,373924.62,1493106.25,1976.27,0,0, ,206.990996234,1976.25979301,307.44921875,81.6462120119217
7287,,New,095-10-09-03.00-116,373978.44,1493214.11,6306.14,0,0, ,392.975480736,6306.12838034,981.0390625,155.057187910934
7288,,New,095-10-09-03.00-117,373945.24,1492915.96,6076,0,0, ,382.686067619,6076.00336416,945.23046875,150.882693257785
7289,,New,095-10-09-03.00-106,373446.03,1492911.91,17029.71,0,0, ,580.587408644,17029.7037308,2649.2578125,228.80535048181
7290,,New,095-10-09-03.00-104,373499.35,1493450.26,9981.22,0,0, ,423.785676579,9981.22042782,1552.8125,167.221805050419
7291,,New,095-10-09-03.00-104,373383.59,1493542.07,297.5,0,0, ,70.7383691072,297.49553345,46.27734375,27.8889707841488
7292,,New,095-10-09-03.00-104,373384.2,1493525.78,295.52,0,0, ,71.2006450072,295.521913883,45.9765625,28.0690272231651
7293,,New,095-10-09-03.00-116,373803.38,1493096.78,229.24,0,0, ,60.960687727,229.241651394,35.66015625,24.0388664573979
7294,,New,095-10-09-03.00-115,373860.5,1493439.84,4846.58,0,0, ,352.693718072,4846.57995437,754.00390625,139.023278216471
7295,,New,095-10-09-03.00-117,373808.78,1492898.02,4828.42,0,0, ,352.427895549,4828.42368029,751.1328125,138.920191660112
7296,,New,095-10-09-03.00-116,373765.17,1493193.14,3224.11,0,0, ,284.346953369,3224.09985214,501.5625,112.200359248361
7297,,New,095-10-09-03.00-115,373759.27,1493336.23,5011.42,0,0, ,364.175768151,5011.42357715,779.640625,143.723732513423
7298,,New,095-10-09-03.00-115,374016.59,1493445.95,6659.11,0,0, ,490.401563613,6659.10825363,1035.99609375,193.300007712683
7299,,New,095-10-09-03.00-103,373258.38,1493707.24,4951.29,0,0, ,369.23331366,4951.28255266,770.30078125,145.827331023616
7300,,New,095-10-09-03.00-103,373418.27,1493666.67,17212.76,0,0, ,583.281596075,17212.8039389,2677.90234375,229.873536261197
7301,,New,095-10-09-03.00-102,373479.06,1494043.21,9536.69,0,0, ,431.737738081,9536.68559105,1483.72265625,170.217303714568
7302,,New,095-10-09-03.00-126,373541.01,1493923.22,3948.3,0,0, ,309.288232077,3948.29295666,614.26953125,121.85154408648
7303,,New,095-10-09-03.00-200,373917.31,1493893.27,21544.07,0,0, ,649.911913612,21544.0451817,3351.79296875,256.408532546655
7304,,New,095-10-09-03.00-200,373815.77,1493828.71,1776.36,0,0, ,190.111824498,1776.37434324,276.36328125,75.0429057235956
7305,,New,095-10-09-03.00-200,373887.03,1493775.86,155.42,0,0, ,52.2553910574,155.417274264,24.1796875,20.6087930431429
7306,,New,095-10-09-03.00-101,373552.48,1494206.12,3085.65,0,0, ,252.434897181,3085.65985646,480.0703125,99.5724746510208
7307,,New,095-11-09-34.43-700,373784.27,1495388.13,12702.66,0,0, ,534.402920441,12702.6402087,1976.5,210.801716673684
7308,,Existing,095-10-09-10.14-7600,374552.58,1486428.01,2374.7,0,0, ,229.705944495,2374.70107523,369.25,90.5612187242539
7309,,Existing,095-10-09-10.14-8200,374393.36,1486976.55,2732.07,0,0, ,245.850208036,2732.06496791,424.83203125,96.9709515853721
7310,,Existing,095-10-09-10.14-4700,374773.46,1486733.02,2664.57,0,0, ,237.089619752,2664.56657657,414.31640625,93.5159627547806
7311,,Existing,095-10-09-10.14-4900,374665.29,1486924.2,152.5,0,0, ,49.5464888364,152.495173813,23.7109375,19.534531375139
7312,,Existing,095-10-09-10.14-8300,374387.99,1487059.94,3065.72,0,0, ,242.815813258,3065.71798934,476.71875,95.7757550163312
7313,,Existing,095-10-09-10.14-5000,374760.84,1486977.89,2503.7,0,0, ,213.328368459,2503.69733267,389.31640625,84.1352073439222
7314,,New,095-10-09-10.16-3600,374081.32,1486581.89,2792.17,0,0, ,234.561814653,2792.17924979,434.16796875,92.5107660402123
7315,,Existing,095-10-09-10.14-4900,374765.53,1486901.02,2266.55,0,0, ,207.924326852,2266.53850871,352.42578125,82.0093690841576
7316,,Existing,095-10-09-10.14-7800,374414.06,1486626.81,2828.83,0,0, ,221.721109004,2828.8367601,439.85546875,87.4307893728822
7317,,Existing,095-10-09-10.14-9000,374328.98,1486421.22,3057.34,0,0, ,280.222982609,3057.35783739,475.3828125,110.50118367671
7318,,Existing,095-10-09-10.14-7500,374620.6,1486585.99,2192.65,0,0, ,213.784393231,2192.6542811,340.9375,84.3232153041719
7319,,Existing,095-10-09-10.14-7400,374705.19,1486598.48,2037.46,0,0, ,199.813993237,2037.45904865,316.8125,78.773280048297
7320,,Existing,095-10-09-10.14-7100,374791.89,1486602.73,2287.66,0,0, ,205.516306232,2287.67139006,355.7109375,80.9962457272296
7321,,Existing,095-10-09-10.14-7300,374712.04,1486435.34,2223.28,0,0, ,223.438867566,2223.27791636,345.69921875,88.0903587158432
7322,,Existing,095-10-09-10.14-7200,374795.46,1486441.61,2526.37,0,0, ,219.796566845,2526.35523307,392.8203125,86.6521948990361
7323,,Existing,095-10-09-10.14-8000,374395.24,1486811.57,2938.74,0,0, ,247.363528285,2938.75230601,456.9609375,97.6135972324852
7324,,Existing,095-10-09-10.14-8000,374363.06,1486796.41,573.33,0,0, ,95.8149961888,573.336412849,89.1484375,37.7802879034094
7325,,Existing,095-10-09-10.14-7000,374545.94,1486734.36,2238.35,0,0, ,222.875196469,2238.35194257,348.046875,87.918549542101
7326,,Existing,095-10-09-10.14-4700,374697.24,1486709.1,243.26,0,0, ,62.6389779188,243.254287493,37.8203125,24.7045862662533
7327,,Existing,095-10-09-10.14-6700,374539.84,1486973.14,2745.85,0,0, ,232.08949629,2745.85595155,426.9609375,91.5592480914025
7328,,Existing,095-10-09-10.14-6600,374549.49,1487058.05,2533.17,0,0, ,228.547676054,2533.18136226,393.90234375,90.1287041262063
7329,,Existing,095-10-09-10.14-9100,374470.56,1486417.83,2147.33,0,0, ,208.532245405,2147.33941446,333.88671875,82.1815265555787
7330,,Existing,095-10-09-10.14-8100,374393.68,1486898.94,2699.06,0,0, ,233.309226291,2699.04560761,419.6875,92.033671948079
7331,,Existing,095-10-09-10.14-6800,374541.25,1486892.79,2620.38,0,0, ,256.679499965,2620.37223043,407.44921875,101.227547501197
7332,,Existing,095-10-09-10.14-4800,374775.91,1486814.68,2345.51,0,0, ,219.169051821,2345.5167865,364.71484375,86.4624887658769
7333,,Existing,095-10-09-10.14-5100,374755.96,1487054.84,2589.71,0,0, ,230.410482784,2589.70140623,402.6875,90.872183539275
7334,,Existing,095-10-09-10.14-8700,374385.24,1487379.94,3193.83,0,0, ,242.681330533,3193.83382492,496.640625,95.7223918202771
7335,,Existing,095-10-09-10.14-8500,374388.89,1487219.63,2898.66,0,0, ,243.090373122,2898.65699803,450.7421875,95.8838323662196
7336,,Existing,095-10-09-10.14-8400,374387.65,1487139.05,3145.84,0,0, ,240.678798815,3145.84537492,489.16796875,94.933246857798
7337,,New,095-10-09-10.14-5800,374623,1487688.58,282.36,0,0, ,67.7587204381,282.352590625,43.90234375,26.7137453974191
7338,,Existing,095-10-09-10.14-5700,374720.28,1487641.01,160.65,0,0, ,51.5686944473,160.650542792,24.984375,20.3426473241445
7339,,Existing,095-10-09-10.14-5600,374743.9,1487479.23,3029.53,0,0, ,244.683396704,3029.54345984,471.09375,96.5131610554276
7340,,Changed,095-10-09-10.14-5400,374749.14,1487302.33,2956.01,2579.94,14.58, ,238.941443725,2956.0073374,459.65234375,94.2502024067546
7341,,New,095-10-09-10.14-5300,374665.42,1487229.13,155.38,0,0, ,50.0351304089,155.379044192,24.1640625,19.727206772388
7342,,Changed,095-10-09-10.14-5200,374753.16,1487138.23,2618.05,2509.38,4.33, ,228.361242223,2618.04605961,407.09765625,90.0745882105245
7343,,Existing,095-10-09-10.14-5500,374745.87,1487382.82,3129.81,0,0, ,247.320425474,3129.79935387,486.6875,97.5483418786549
7344,,Existing,095-10-09-10.14-6100,374554.09,1487448.01,3216.01,0,0, ,256.324315613,3216.00558884,500.08984375,101.025177851671
7345,,New,095-10-09-10.14-8600,374292.67,1487271.03,169.68,0,0, ,52.6076599025,169.686850863,26.3828125,20.7507385016392
7346,,Changed,095-10-09-10.14-5900,374580.53,1487602.54,2915.62,2797.18,4.23, ,246.498027587,2915.61986136,453.37890625,97.1816806199961
7347,,Existing,095-10-09-10.14-6500,374536.68,1487135.23,2540.65,0,0, ,214.830246257,2540.64974803,395.05859375,84.7595605303932
7348,,Existing,095-10-09-10.14-6400,374534.81,1487214.93,2642.02,0,0, ,218.316181505,2642.01690527,410.8359375,86.1331044035116
7349,,Existing,095-10-09-10.14-6200,374534.43,1487376.13,2854.17,0,0, ,238.919063151,2854.18063381,443.82421875,94.2437846380011
7350,,Existing,095-10-09-10.14-8600,374390.23,1487298.49,2624.24,0,0, ,218.162332877,2624.24554832,408.0625,86.0740156057072
7351,,Existing,095-10-09-10.14-6000,374502.12,1487590.29,2495.74,0,0, ,214.697113762,2495.73658187,388.09375,84.6175769678436
7352,,Existing,095-10-09-10.14-5600,374675.12,1487468.09,448.48,0,0, ,86.6428440719,448.483104387,69.74609375,34.1809120011798
7353,,Existing,095-10-09-10.14-5100,374681.38,1487083.65,227.13,0,0, ,60.7850993725,227.131392579,35.31640625,23.9632687432897
7354,,Existing,095-10-09-10.14-5300,374759.75,1487218.41,2270.74,0,0, ,205.11417147,2270.74420343,353.08984375,80.9433645905407
7355,,Existing,095-10-09-10.14-6500,374637.22,1487140.25,291.5,0,0, ,68.5954713272,291.497579321,45.32421875,27.0442989433078
7356,,Existing,095-10-09-10.14-6300,374535.01,1487296.47,2810.63,0,0, ,238.570941201,2810.61675462,437.046875,94.1094330441258
7357,,Existing,095-10-09-10.14-8900,374356.93,1487537.32,1618.42,0,0, ,190.319784379,1618.41436483,251.66796875,75.0512238834387
7358,,Existing,095-10-09-10.14-8800,374415.48,1487563.38,1603.04,0,0, ,171.337062902,1603.02883301,249.26953125,67.5650686566968
7359,,Existing,095-10-09-10.14-5900,374594.49,1487689.04,223.67,0,0, ,60.2898158437,223.666592425,34.7890625,23.7804473517966
7360,,Existing,095-10-09-10.14-5800,374658.88,1487616.24,2822.69,0,0, ,239.330633565,2822.70809057,438.9375,94.3497215623919
7361,,Changed,095-10-09-10.14-5700,374776.41,1487638.89,3545.13,3190.47,11.12, ,293.076504596,3545.1455312,551.27734375,115.563627684491
7362,,Existing,095-10-09-03.44-3200,374562.21,1489137.03,11862.59,0,0, ,546.205680346,11862.587874,1844.88671875,215.505439849646
7363,,Existing,095-10-09-03.44-3400,374434.37,1489084.18,1781.79,0,0, ,170.503914875,1781.78940177,277.109375,67.2521581111008
7364,,Existing,095-10-09-03.44-3000,374715.5,1489142.28,520.16,0,0, ,98.1975500601,520.157426555,80.89453125,38.7542606909024
7365,,New,095-11-09-34.44-5400,374831.45,1495653.78,3011.73,0,0, ,256.850447575,3011.7399827,468.6171875,101.24961875632
7366,,New,095-11-09-34.44-5600,374687.65,1495645.47,2487.85,0,0, ,205.79997163,2487.85566798,387.11328125,81.1960494532743
7367,,New,095-11-09-34.44-5700,374625.86,1495645.75,2594.65,0,0, ,210.23154287,2594.66613683,403.73046875,82.9424586705591
7368,,New,095-11-09-34.44-5900,374501.92,1495646.82,2609.62,0,0, ,211.285493405,2609.60720893,406.05078125,83.3581508268319
7369,,New,095-11-09-34.44-5800,374563.37,1495646.08,2593.64,0,0, ,210.158578043,2593.63163721,403.56640625,82.9137198093359
7370,,Existing,095-11-09-34.44-6200,374236.43,1495487.05,2489.17,0,0, ,205.098948641,2489.17626996,387.3125,80.9050713908971
7371,,Existing,095-11-09-34.44-6400,374315.19,1495413.42,2514.74,0,0, ,206.318053648,2514.73617317,391.28515625,81.3847367482398
7372,,Existing,095-10-09-10.14-1800,375014.6,1486607.11,2590.46,0,0, ,261.119459206,2590.45096577,402.796875,102.954442391769
7373,,Existing,095-10-09-10.14-1500,375183.06,1486443.88,2873.17,0,0, ,242.917592854,2873.17542652,446.75390625,95.7651850716503
7374,,New,095-10-09-10.14-2600,375027.38,1487031.71,152.78,0,0, ,50.2264615438,152.775475086,23.75390625,19.7987918133223
7375,,PossiblyChanged,095-10-09-10.14-2600,375115.51,1487069.18,2830.33,0,0, ,236.616498416,2830.3351182,440.109375,93.3351145925174
7376,,Changed,095-10-09-10.14-1000,375336.63,1486932.25,254.8,116.43,118.84, ,71.5262143378,254.790779424,39.625,28.2303962442898
7377,,Existing,095-10-09-10.14-1700,375096.9,1486442.49,2573.85,0,0, ,221.377303547,2573.85266049,400.2109375,87.2775570834931
7378,,Existing,095-10-09-10.14-2400,375043.42,1486935.33,179.11,0,0, ,53.6609271418,179.108167366,27.84765625,21.1571039079662
7379,,Existing,095-10-09-10.14-2500,375117.47,1486988.3,2677.34,0,0, ,241.002118094,2677.34910406,416.30859375,95.0530411137216
7380,,Existing,095-10-09-10.14-2000,374928.92,1486446.05,2252.71,0,0, ,213.088614269,2252.72120311,350.26953125,83.9787465143337
7381,,Existing,095-10-09-10.14-2100,374924.59,1486605.52,2147.61,0,0, ,202.209331555,2147.59552178,333.92578125,79.716806471098
7382,,Existing,095-10-09-10.14-1800,374988.4,1486557.69,565.3,0,0, ,95.1142943017,565.29439712,87.8984375,37.5046218835234
7383,,Existing,095-10-09-10.14-4100,374917.8,1487137.95,3214.86,0,0, ,271.555105129,3214.85239352,499.89453125,107.092907239662
7384,,Existing,095-10-09-10.14-3600,375005.42,1487497.68,3383.13,0,0, ,260.255616367,3383.143306,526.078125,102.604637261488
7385,,Existing,095-10-09-10.14-2800,375113.75,1487227.51,2519.91,0,0, ,235.438941632,2519.91461337,391.84765625,92.8626896917227
7386,,Existing,095-10-09-10.14-3200,375128.24,1487709.71,3431.06,0,0, ,258.774390936,3431.05326623,533.54296875,102.034376209889
7387,,Changed,095-10-09-10.14-700,375276.23,1487185.79,2948.96,2429.93,21.36, ,255.780454999,2948.95439201,458.5546875,100.871659593967
7388,,Existing,095-10-09-10.14-3500,374898.53,1487662.43,3263.5,0,0, ,277.40452812,3263.49836774,507.48828125,109.394479601396
7389,,Existing,095-10-09-10.14-3400,374985.34,1487749.72,629.67,0,0, ,100.378958816,629.661492424,97.91796875,39.5844492138193
7390,,Existing,095-10-09-10.14-3200,375094.76,1487785.76,239.83,0,0, ,62.6843081856,239.832570322,37.30078125,24.7116112577626
7391,,Existing,095-10-09-10.14-100,375243.31,1487686.12,2858.48,0,0, ,240.711409538,2858.47274187,444.5,94.9320771636627
7392,,Existing,095-10-09-10.14-300,375266.02,1487500.96,2572.39,0,0, ,217.887201932,2572.38109314,400.01171875,85.9662472573803
7393,,Existing,095-10-09-10.14-500,375267.18,1487344.09,2644.23,0,0, ,223.245223638,2644.23999491,411.17578125,88.0748979756482
7394,,Existing,095-10-09-10.14-600,375269.83,1487265.31,2492.95,0,0, ,215.874868568,2492.94943657,387.64453125,85.1728045400753
7395,,Existing,095-10-09-10.14-600,375350.41,1487287.81,551.88,0,0, ,94.3365602772,551.870450885,85.8125,37.1935155050277
7396,,Existing,095-10-09-10.14-3700,374904.96,1487482.04,3049.15,0,0, ,253.902061135,3049.14575409,474.140625,100.178129244577
7397,,Existing,095-10-09-10.14-3900,374905.44,1487304.34,2725.88,0,0, ,235.754565338,2725.87477205,423.87890625,92.9989116457208
7398,,Existing,095-10-09-10.14-4000,374905.73,1487223.82,2554.55,0,0, ,218.099061048,2554.54972958,397.23046875,86.0484416865894
7399,,Existing,095-10-09-10.14-3000,375111.69,1487387.3,2557.32,0,0, ,231.362357515,2557.32445094,397.66796875,91.2694906214876
7400,,Existing,095-10-09-10.14-2700,375115.31,1487150.49,2611.48,0,0, ,225.308604509,2611.48004042,406.08203125,88.8657189069073
7401,,Existing,095-10-09-10.14-800,375277.17,1487107,2589.1,0,0, ,240.505014692,2589.0926578,402.59765625,94.8540962003654
7402,,Existing,095-10-09-10.14-3300,375019.73,1487757.41,393.1,0,0, ,86.2573041771,393.100979399,61.13671875,34.0289680321232
7403,,Existing,095-10-09-10.14-200,375275.71,1487583.63,3522.38,0,0, ,289.994170336,3522.39129487,547.734375,114.335018844205
7404,,Existing,095-10-09-10.14-2900,375113.04,1487309.65,2632.87,0,0, ,228.614918333,2632.8766306,409.4140625,90.1887223321227
7405,,Existing,095-10-09-10.14-3100,375112.73,1487515.21,3244.33,0,0, ,261.289363974,3244.33129853,504.49609375,103.095785013234
7406,,Existing,095-10-09-10.14-3800,374904.38,1487384.59,2482.24,0,0, ,222.028145566,2482.22989638,385.98046875,87.5862582128753
7407,,Changed,095-10-09-10.14-3300,375056.98,1487689.18,2765.75,2663.55,3.84, ,324.996911107,2765.74828565,430.078125,128.164856422687
7408,,Existing,095-10-09-10.14-400,375267.88,1487422.15,2618.38,0,0, ,220.658288035,2618.3772702,407.1640625,87.0593671714729
7409,,Existing,095-10-09-03.44-2600,375096.75,1489170.77,10115.21,0,0, ,463.307698879,10115.209781,1573.125,182.692878633132
7410,,Existing,095-10-09-03.44-2600,375046.6,1489317.68,228.39,0,0, ,62.3234112429,228.387974519,35.52734375,24.5902202275263
7411,,Existing,095-10-09-03.44-2500,375262.91,1489253.49,407.87,0,0, ,82.2641933804,407.864973322,63.43359375,32.4501708693274
7412,,New,095-10-09-03.44-2200,375621.47,1489362.12,5122.36,0,0, ,303.872385082,5122.36395551,796.64453125,119.797939066711
7413,,Existing,095-10-09-03.44-2500,375258,1489194.98,958.37,0,0, ,127.809631745,958.374112571,149.046875,50.4205185348239
7414,,New,095-10-09-03.44-2000,375358.3,1489601.29,814.85,0,0, ,122.683662493,814.853860363,126.73046875,48.387280922661
7415,,New,095-10-09-03.44-3500,375137.61,1489970.58,3897.94,0,0, ,249.753190911,3897.93845367,606.25,98.4969990047105
7416,,Existing,095-10-09-03.44-1400,375355.76,1490033.67,229.61,0,0, ,68.9644289985,229.615225554,35.70703125,27.1859751814793
7417,,Existing,095-10-09-03.44-1300,375356.26,1490151.86,980.95,0,0, ,144.126144134,980.941291349,152.56640625,56.8687067280457
7418,,Existing,095-10-09-03.44-300,375586.25,1490143.66,2522.32,0,0, ,214.323721245,2522.31064988,392.3046875,84.5309109090764
7419,,Changed,095-10-09-03.44-3500,375141.39,1489818.08,16274.7,12957.58,25.6, ,510.291094086,16274.7289161,2531.1953125,201.24606448428
7420,,New,095-10-09-03.44-1800,375363.75,1489763.65,215.62,0,0, ,61.9734800709,215.620943298,33.53125,24.4248881253274
7421,,Existing,095-10-09-03.44-2000,375438.61,1489587.01,2197.64,0,0, ,207.755100291,2197.65116529,341.79296875,81.9455319154067
7422,,PossiblyChanged,095-10-09-03.44-1600,375345.71,1489868.92,192.12,0,0, ,55.5532716099,192.123056082,29.8828125,21.9059844420296
7423,,Existing,095-10-09-03.44-1700,375373.93,1489851.53,151.41,0,0, ,51.1650136099,151.413050921,23.546875,20.167040832692
7424,,Changed,095-10-09-03.44-200,375578.51,1490228.14,2448.54,2158.8,13.42, ,241.161740608,2448.53769991,380.83203125,95.1428007120131
7425,,Unknown,095-10-09-03.44-1900,375405.94,1489680.08,191.99,0,0, ,55.4271493152,191.986587947,29.8515625,21.8590829650397
7426,,Existing,095-10-09-03.44-900,375635.53,1489645.42,628.11,0,0, ,100.272517639,628.108293821,97.69140625,39.5427592268552
7427,,Existing,095-10-09-03.44-1700,375440.22,1489819.14,1933.4,0,0, ,199.832766618,1933.39727716,300.69140625,78.8287551242122
7428,,Existing,095-10-09-03.44-1600,375432.68,1489900.36,2628.03,0,0, ,236.916919654,2628.02776458,408.7421875,93.4203877677087
7429,,Existing,095-10-09-03.44-1400,375354.01,1490066.7,238.49,0,0, ,62.0958590542,238.481997847,37.09375,24.4941951446394
7430,,Existing,095-10-09-03.44-1300,375438.55,1490145.03,2020.51,0,0, ,204.291586176,2020.51322711,314.25,80.5870685622674
7431,,Existing,095-10-09-03.44-700,375578.29,1489826.44,1790.47,0,0, ,182.230332604,1790.46511281,278.46875,71.8957459563107
7432,,Existing,095-10-09-03.44-600,375577.55,1489906.11,1870.87,0,0, ,187.030071722,1870.85932898,290.98046875,73.7925795398135
7433,,Existing,095-10-09-03.44-500,375586.18,1489986.14,2916.84,0,0, ,225.24866155,2916.85046435,453.66796875,88.8358628724627
7434,,Existing,095-10-09-03.44-100,375577.45,1490307.14,1711.3,0,0, ,172.405131557,1711.29664934,266.1640625,68.031619605005
7435,,Existing,095-10-09-03.44-1900,375438.65,1489657.76,2235.13,0,0, ,211.21160526,2235.12084638,347.61328125,83.3101163018625
7436,,Existing,095-10-09-03.44-1800,375436.98,1489739.52,2373.66,0,0, ,222.747171072,2373.67056682,369.171875,87.8487719471077
7437,,Existing,095-10-09-03.44-1500,375432,1489973.89,2716.49,0,0, ,243.386810417,2716.47867159,422.49609375,95.9784019909429
7438,,Existing,095-10-09-03.44-1400,375437.79,1490057.47,2005.29,0,0, ,201.574399993,2005.27669504,311.87890625,79.508161338721
7439,,Existing,095-10-09-03.44-1200,375432.97,1490228.64,2221.69,0,0, ,217.405872304,2221.69448045,345.54296875,85.741820128934
7440,,Existing,095-10-09-03.44-1100,375431.49,1490309.73,2853.43,0,0, ,236.008040473,2853.4181663,443.80078125,93.0738273085052
7441,,Existing,095-10-09-03.44-400,375577.5,1490065.09,1908.44,0,0, ,188.307366177,1908.44593147,296.828125,74.2955250370929
7442,,Existing,095-10-09-03.44-500,375660.04,1490018.01,152.78,0,0, ,51.8604880161,152.78129355,23.76171875,20.4401169641132
7443,,Existing,095-10-09-03.44-600,375649.61,1489926.7,830.06,0,0, ,115.276066249,830.056938208,129.1015625,45.4598542941042
7444,,Existing,095-10-09-03.44-700,375636.93,1489804.2,615.11,0,0, ,99.3781863954,615.107506976,95.66796875,39.1874050323225
7445,,Existing,095-10-09-03.44-800,375578.61,1489749.07,1927.55,0,0, ,190.962433538,1927.55651789,299.79296875,75.3406620889397
7446,,Existing,095-10-09-03.44-900,375581.1,1489669.23,2144.62,0,0, ,210.577584536,2144.61583307,333.55078125,83.0604447246827
7447,,Existing,095-10-09-03.44-1000,375579.24,1489589.54,1896.65,0,0, ,189.160447844,1896.64708081,294.98046875,74.6294277715716
7448,,Changed,095-10-09-03.41-300,375580,1490385.64,2322.38,2015.19,15.24, ,217.318785401,2322.38155302,361.21484375,85.7142101987569
7449,,New,095-10-09-03.41-300,375640.66,1490409.86,695.4,0,0, ,105.503174444,695.40395056,108.15625,41.610209651162
7450,,Existing,095-10-09-03.41-400,375429.34,1490384.86,2431,0,0, ,222.802047826,2431.00720809,378.109375,87.9056356870864
7451,,Existing,095-10-09-03.41-200,375590.65,1490464.03,2402.27,0,0, ,223.254892223,2402.27345441,373.640625,88.0521605280991
7452,,Existing,095-10-09-03.41-200,375660.57,1490488.17,747,0,0, ,113.065068889,747.005303108,116.19140625,44.5890136579619
7453,,Existing,095-10-09-03.41-500,375441.51,1490467.1,1989.13,0,0, ,194.411948372,1989.135072,309.38671875,76.7071786765411
7454,,Existing,095-10-09-03.41-600,375435.77,1490546.87,1991.55,0,0, ,188.671463527,1991.55311602,309.76953125,74.4326948692306
7455,,Existing,095-10-09-03.41-100,375577.53,1490549.93,2295.5,0,0, ,209.981189245,2295.50078672,357.04296875,82.8595916622471
7456,,Existing,095-10-09-03.14-105,375489.26,1492701.01,11914.54,0,0, ,500.6449259,11914.5664699,1853.48046875,197.426496369602
7457,,Existing,095-10-09-03.00-401,375527.71,1493374.87,2016.94,0,0, ,193.178318459,2016.94008426,313.7734375,76.1869385463034
7458,,Existing,095-10-09-03.00-401,375460.37,1493414.14,619.41,0,0, ,99.5591115618,619.40271521,96.36328125,39.2691125694981
7459,,Existing,095-10-09-03.00-401,375425.28,1493374.67,1549.7,0,0, ,174.27568345,1549.69349577,241.0859375,68.7445309576323
7460,,New,095-10-09-03.11-301,375039.81,1494190.67,8899.49,0,0, ,402.042232329,8899.50096319,1384.60546875,158.577511722847
7461,,New,095-10-09-03.11-200,375391.54,1494262.31,8639.41,0,0, ,416.830961455,8639.40946401,1344.140625,164.288559614187
7462,,Existing,095-10-09-02.22-3401,375679.75,1493810.56,17750.01,0,0, ,692.717357644,17750.0212707,2761.51171875,273.542522811349
7463,,Existing,095-10-09-02.22-1500,375642.39,1494302.85,2629.63,0,0, ,233.028536285,2629.6425451,409.1328125,91.9681361589721
7464,,Existing,095-10-09-02.22-1600,375638.79,1494120.67,2762.04,0,0, ,224.743677125,2762.03263701,429.7265625,88.70288294398
7465,,Existing,095-11-09-35.33-9500,375636.64,1494504.08,257.19,0,0, ,69.5214555339,257.193471567,40.01953125,27.4011348303572
7466,,Existing,095-11-09-35.33-9500,375647.95,1494469.23,2636.43,0,0, ,236.733132561,2636.43474553,410.18359375,93.383787454012
7467,,New,095-11-09-34.44-4800,374969.77,1495231.34,2202.66,0,0, ,195.208657246,2202.65556754,342.72265625,77.0197055760661
7468,,New,095-11-09-34.44-4700,374955.15,1495143.53,2324.25,0,0, ,207.939490262,2324.2447823,361.6328125,82.0115092513061
7469,,New,095-11-09-34.44-4600,374912.17,1495059.74,3743.25,0,0, ,261.123464979,3743.23036666,582.42578125,102.999841642337
7470,,New,095-11-09-34.44-4500,374965,1495005.65,2317.87,0,0, ,203.690206142,2317.86117052,360.6484375,80.3474048004091
7471,,New,095-11-09-34.44-4400,375041.96,1494969.11,3252.16,0,0, ,266.343869313,3252.16973417,506.00390625,105.064040954261
7472,,New,095-11-09-34.44-4000,375083.65,1495240.98,2219.31,0,0, ,196.253220525,2219.29759553,345.31640625,77.3972927739885
7473,,New,095-11-09-34.44-4100,375088.49,1495171.63,2234.46,0,0, ,197.477562023,2234.45864695,347.671875,77.9155070032404
7474,,New,095-11-09-34.44-4200,375090.74,1495082.4,2691.53,0,0, ,239.502390798,2691.5239513,418.78125,94.5272806491497
7475,,New,095-11-09-34.44-3000,375217.16,1495179.69,1863.53,0,0, ,179.528058671,1863.53503599,289.95703125,70.8133325413093
7476,,New,095-11-09-34.44-2800,375222.99,1495059.98,2309.86,0,0, ,207.350696297,2309.85177595,359.3984375,81.7788702635345
7477,,New,095-11-09-34.44-2700,375222.69,1494988.27,2763.87,0,0, ,230.692676565,2763.86163506,430.03125,90.982846986073
7478,,New,095-11-09-34.44-2500,375133.48,1494869.1,4457.46,0,0, ,271.896399435,4457.46121253,693.546875,107.254333206385
7479,,New,095-11-09-34.44-1600,375330.08,1495236.08,2311.21,0,0, ,214.752263851,2311.21859009,359.62109375,84.6935695720511
7480,,New,095-11-09-34.44-1700,375329.5,1495178.36,2619.3,0,0, ,230.377953846,2619.31152462,407.54296875,90.844147592595
7481,,New,095-11-09-34.44-1800,375336.66,1495117.21,1794.13,0,0, ,175.760730216,1794.12969351,279.16015625,69.3294388749222
7482,,New,095-11-09-34.44-1900,375336.55,1495058.05,2297.6,0,0, ,208.592220103,2297.59260588,357.4921875,82.2673252434794
7483,,New,095-11-09-34.44-2000,375339.09,1494987.43,2151.55,0,0, ,203.774163084,2151.55245152,334.765625,80.3934103880009
7484,,Changed,095-11-09-34.44-2300,375261.45,1494736.77,2687.37,2271.49,18.31, ,228.277083407,2687.36761998,418.125,90.0436359930267
7485,,Existing,095-10-09-02.32-10700,375788.42,1490916.84,1487.05,0,0, ,162.907303139,1487.05345063,231.296875,64.2127302279259
7486,,Existing,095-10-09-02.32-10600,375753.58,1490868.01,165.02,0,0, ,51.4807281978,165.02038386,25.671875,20.3009709194392
7487,,Existing,095-10-09-02.32-10600,375803.82,1490869.38,1637.93,0,0, ,172.01813922,1637.92911753,254.76953125,67.8423021591859
7488,,Existing,095-10-09-02.32-10700,375709.7,1490923.49,326.95,0,0, ,75.1574904095,326.950367237,50.859375,29.6366425569118
7489,,Existing,095-10-09-02.32-8310,375966.9,1491119.45,1056.69,0,0, ,178.700330599,1056.69142604,164.359375,70.4101118132671
7490,,New,095-10-09-02.32-5600,376462.88,1491270.86,651.86,0,0, ,102.167884605,651.874589943,101.3984375,40.2922455473321
7491,,New,095-10-09-02.32-8312,376166.78,1491174.53,378.66,0,0, ,78.052906896,378.662808908,58.89453125,30.7881823844223
7492,,New,095-10-09-02.23-901,375746.99,1491952.91,6592.1,0,0, ,327.569525702,6592.08835724,1025.43359375,129.229232212306
7493,,Changed,095-10-09-02.32-11300,375747.75,1491428.51,719.1,2144.02,-66.46, ,107.272067422,719.107852859,111.85546875,42.3068642954942
7494,,Changed,095-10-09-02.32-11300,375793.37,1491429.91,1742.63,2144.02,-18.72, ,192.324381149,1742.63305487,271.0546875,75.8046519725769
7495,,New,095-10-09-02.32-7300,375929.8,1491520.7,747.24,0,0, ,110.570615063,747.238613546,116.234375,43.5959248980406
7496,,Existing,095-10-09-02.32-7400,375979.75,1491465.04,1156.18,0,0, ,157.759215089,1156.18926294,179.84765625,62.2465253766992
7497,,New,095-10-09-02.32-7900,376194.93,1491309.86,380.15,0,0, ,78.1691349894,380.148364595,59.12890625,30.8253826399017
7498,,New,095-10-09-02.23-1200,376159.54,1491762.76,182.09,0,0, ,55.2403278176,182.090195705,28.32421875,21.7962581033895
7499,,Existing,095-10-09-02.32-5900,376289.46,1491309.91,1736.77,0,0, ,194.786855639,1736.76719196,270.1484375,76.8913853959624
7500,,Existing,095-10-09-02.32-6100,376461.02,1491479.59,2515.26,0,0, ,230.587716146,2515.26772845,391.25,91.0014328286808
7501,,Changed,095-10-09-02.32-7200,375930.84,1491708.92,2125.96,1573.14,35.14, ,258.07878031,2125.95112934,330.6953125,101.698028760326
7502,,PossiblyChanged,095-10-09-02.32-8100,376065.13,1491263.91,152.88,0,0, ,49.4855589875,152.875613006,23.7734375,19.5181950817081
7503,,New,095-10-09-02.32-8301,376081.07,1491186.38,185.92,0,0, ,59.0737768065,185.923548488,28.92578125,23.2803445163944
7504,,Existing,095-10-09-02.32-11100,375769.21,1491254.57,1346.12,0,0, ,157.770677024,1346.12747732,209.3828125,62.1975707808074
7505,,Existing,095-10-09-02.32-5700,376373.45,1491249.24,836.77,0,0, ,116.209684261,836.76948251,130.1640625,45.8410662283435
7506,,Existing,095-10-09-02.32-8322,376198.51,1491161.85,180.68,0,0, ,53.7683686097,180.680062286,28.10546875,21.2059707407902
7507,,Existing,095-10-09-02.32-8320,375952.46,1491174.96,230.24,0,0, ,60.924359462,230.243902044,35.8203125,24.0240024796779
7508,,Existing,095-10-09-02.32-8200,375900.39,1491231.35,1410.98,0,0, ,159.619967642,1410.97708972,219.48046875,62.95104312946
7509,,Existing,095-10-09-02.32-8200,375997.75,1491278.58,549.45,0,0, ,93.9271353375,549.459593313,85.46875,37.0400378839399
7510,,Existing,095-11-09-35.34-7000,378143.08,1495351.43,1509.32,0,0, ,165.274361646,1509.3219647,234.83984375,65.2286725010435
7511,,Existing,095-11-09-35.34-7100,378138.91,1495286.87,1871.84,0,0, ,183.224248422,1871.84516787,291.25,72.2952078004543
7512,,Existing,095-11-09-35.42-304,378501.84,1496206.97,184.86,0,0, ,54.8501395229,184.865695044,28.765625,21.6424343737207
7513,,Existing,095-11-09-35.42-302,378878.86,1496235.78,151.71,0,0, ,49.4883272201,151.707868473,23.609375,19.525427846459
7514,,Existing,095-11-09-35.42-304,378669.81,1496254.7,552.99,0,0, ,94.0645259367,552.987613181,86.0546875,37.1058333527104
7515,,Existing,095-11-09-35.42-304,378679.78,1496210.62,19734.1,0,0, ,847.41276237,19734.0887493,3070.765625,334.064219951793
7516,,Existing,095-11-09-35.42-302,378922.76,1496274.42,1842.27,0,0, ,172.535867133,1842.28054793,286.67578125,68.0740976100045
7517,,New,095-11-09-35.32-3500,376699.97,1496671.09,2247.32,0,0, ,201.594747646,2247.32155759,349.70703125,79.5362615885558
7518,,New,095-11-09-35.32-3600,376766.41,1496676.81,2057.49,0,0, ,198.9553616,2057.48357537,320.18359375,78.472054712275
7519,,New,095-11-09-35.32-3700,376840.37,1496682.69,1789.35,0,0, ,187.353699828,1789.35036245,278.44140625,73.8804869491875
7520,,Existing,095-11-09-35.31-2000,377095.98,1496682.96,2088.8,0,0, ,204.01934834,2088.80751601,325.046875,80.4672118775829
7521,,Changed,095-11-09-35.31-2300,377303.54,1496682.43,2432.97,2002.33,21.51, ,233.881412429,2432.94925413,378.59765625,92.2827055451697
7522,,New,095-11-09-35.31-3400,377026.39,1496529.64,2536.3,0,0, ,234.423415661,2536.30317022,394.6796875,92.5303466797737
7523,,New,095-11-09-35.31-3300,377098.48,1496531.49,2407.24,0,0, ,211.231341517,2407.23815173,374.58984375,83.3469632021555
7524,,New,095-11-09-35.31-3000,377311.48,1496531.39,1782.11,0,0, ,186.940319576,1782.11887668,277.31640625,73.7471758119667
7525,,New,095-11-09-35.32-5400,376732.65,1496360.99,3238.36,0,0, ,233.689940422,3238.35100648,503.91796875,92.181550331597
7526,,New,095-11-09-35.32-5300,376802.59,1496362.47,3168.11,0,0, ,233.086516792,3168.09604381,492.98046875,91.9460432117891
7527,,New,095-11-09-35.32-5200,376871.87,1496363.47,3095.77,0,0, ,231.416593581,3095.76955415,481.7265625,91.2911314330472
7528,,Existing,095-11-09-35.31-3900,377225.71,1496359,1919.03,0,0, ,200.134954278,1919.02854603,298.625,78.9366822369472
7529,,New,095-11-09-35.32-6200,376992.64,1496232.22,2858.16,0,0, ,278.972246197,2858.15650134,444.75,109.980465090666
7530,,New,095-11-09-35.32-5100,376941.33,1496363.98,3209.95,0,0, ,266.734996697,3209.94402428,499.5,105.245362720476
7531,,New,095-11-09-35.31-4200,377011.61,1496364.42,3209.61,0,0, ,267.094774109,3209.60070063,499.4453125,105.386645946881
7532,,New,095-11-09-35.31-4100,377081.62,1496365.01,3145.83,0,0, ,265.014691794,3145.8165143,489.515625,104.56711081159
7533,,New,095-11-09-35.31-4900,377083.3,1496225.47,3196.62,0,0, ,265.342836644,3196.61891777,497.41796875,104.695070471122
7534,,New,095-11-09-35.31-4800,377153.37,1496226.14,3176.08,0,0, ,265.343391732,3176.08541154,494.21484375,104.695836981
7535,,New,095-11-09-35.32-3800,376921.96,1496677.42,2085.39,0,0, ,206.459088654,2085.39100535,324.5078125,81.4511077698501
7536,,New,095-11-09-35.32-3300,376560.1,1496669.18,2062.59,0,0, ,199.620590912,2062.58538545,320.96875,78.7548993291848
7537,,Existing,095-11-09-35.32-2800,376540.5,1496120.21,4044.88,0,0, ,323.334079572,4044.88631224,629.40625,127.404925794833
7538,,Existing,095-11-09-35.32-2800,376691.83,1496121.66,4338.24,0,0, ,333.262917052,4338.21647798,675.05859375,131.315706220972
7539,,Existing,095-11-09-35.32-2800,376849.21,1496125.35,2220.84,0,0, ,200.224353637,2220.82549311,345.5703125,78.9696265639244
7540,,Existing,095-11-09-35.32-2800,376993.11,1496124.79,4139.51,0,0, ,323.857641198,4139.52409415,644.14453125,127.610325741016
7541,,Existing,095-11-09-35.32-2800,377148.78,1496126.19,4077.84,0,0, ,342.807309413,4077.8269786,634.53515625,135.115492711434
7542,,Existing,095-11-09-35.32-2800,377300.18,1496127.62,4114.72,0,0, ,342.382129681,4114.73719363,640.26953125,134.948382941423
7543,,Existing,095-11-09-35.32-2800,376540.58,1496221.31,4133.79,0,0, ,327.957138692,4133.78208177,643.24609375,129.226682386673
7544,,Existing,095-11-09-35.32-2800,376551.31,1496359.8,4067.04,0,0, ,325.153999703,4067.04606933,632.87109375,128.12002438636
7545,,Existing,095-10-09-02.34-9900,377600.89,1490262.95,1405.3,0,0, ,156.242801137,1405.29228997,218.57421875,61.6048190430426
7546,,Existing,095-10-09-02.34-9900,377662.64,1490252.84,176.8,0,0, ,55.0532843586,176.803797806,27.49609375,21.7006123957467
7547,,Existing,095-10-09-02.34-9700,377691.68,1490198.44,239.86,0,0, ,62.6615470347,239.862729005,37.30859375,24.7049089370758
7548,,Existing,095-10-09-02.34-9700,377602.63,1490184.87,1701.32,0,0, ,186.186539029,1701.34450191,264.6171875,73.3900133508256
7549,,Existing,095-10-09-02.34-9600,377597.96,1490145.63,1515.51,0,0, ,175.151454572,1515.50523088,235.7109375,69.0540587252067
7550,,Existing,095-10-09-02.34-9500,377604.42,1490104.61,1922.01,0,0, ,190.210905664,1922.02532181,298.93359375,74.9680329364323
7551,,Existing,095-10-09-02.34-9400,377586.16,1490041.21,1146.66,0,0, ,138.813586934,1146.66388518,178.34375,54.7688802126718
7552,,Existing,095-10-09-02.34-6000,377870.77,1490112.47,1899.69,0,0, ,203.15408674,1899.68455347,295.453125,80.0782644388037
7553,,Existing,095-10-09-02.34-6000,377811,1490094.64,389.29,0,0, ,84.8751583323,389.291796358,60.546875,33.4480433131533
7554,,Existing,095-10-09-02.34-5900,377763.88,1490140.4,396.2,0,0, ,80.2696507325,396.194050945,61.62109375,31.6484717748202
7555,,Existing,095-10-09-02.34-5700,377783.01,1490220.96,570.64,0,0, ,98.2872050107,570.639324118,88.75,38.7441448560444
7556,,Existing,095-10-09-02.34-4200,378065.82,1489950.43,961.81,0,0, ,142.879902966,961.805094652,149.58984375,56.3762001042622
7557,,Existing,095-10-09-02.34-4100,378108.65,1489949.86,1878.22,0,0, ,199.948419005,1878.22491323,292.125,78.9009228180873
7558,,Existing,095-10-09-02.34-4300,378043.57,1490040.35,248.92,0,0, ,63.5187398279,248.914066724,38.71484375,25.0560003729549
7559,,Existing,095-10-09-02.34-4900,378005.61,1490274.88,1444.08,0,0, ,173.019136529,1444.08495853,224.60546875,68.1968135616029
7560,,Existing,095-10-09-02.34-4900,378117.15,1490263.31,285.56,0,0, ,77.0707145,285.56348894,44.41796875,30.3841655445283
7561,,Existing,095-10-09-02.34-4800,378101.85,1490233.46,654.89,0,0, ,102.40086689,654.901795363,101.859375,40.386941104383
7562,,Existing,095-10-09-02.34-4600,378103.73,1490160.08,588.75,0,0, ,97.2822631345,588.752926788,91.57421875,38.3712391276662
7563,,Existing,095-10-09-02.34-6500,377763.12,1489815.78,1968.45,0,0, ,213.576344505,1968.45718728,306.15625,84.2748985260271
7564,,Existing,095-10-09-02.34-6800,377889.84,1489807.6,2081.86,0,0, ,231.959146443,2081.85747801,323.78125,91.5295921776301
7565,,Existing,095-10-09-02.34-3700,377989.25,1489825.62,900.67,0,0, ,124.457949447,900.672096375,140.0859375,49.0813454065806
7566,,Existing,095-10-09-02.34-3800,378029.76,1489818.68,1342.29,0,0, ,156.663738944,1342.28772807,208.7578125,61.8127441991335
7567,,Existing,095-10-09-02.34-3900,378069.38,1489816.38,1185.7,0,0, ,175.981514915,1185.69801241,184.41015625,69.4448166288102
7568,,Existing,095-10-09-02.34-3200,378118.34,1489670.73,544.89,0,0, ,98.1733323113,544.883633649,84.7421875,38.6926105413422
7569,,Existing,095-10-09-02.34-3500,377982.11,1489667.06,350.21,0,0, ,79.2234381278,350.206153228,54.4765625,31.2307345879278
7570,,Existing,095-10-09-02.34-6500,377757.88,1489721.42,630.87,0,0, ,100.498154302,630.879925924,98.1171875,39.63550143736
7571,,Existing,095-10-09-02.34-9100,377717.62,1489711.5,539.28,0,0, ,93.1777909654,539.27935612,83.875,36.7408513812499
7572,,Changed,095-10-09-11.42-1100,378616.82,1485890.86,294.6,148.3,98.65, ,72.0180722325,294.600429895,45.80078125,28.3803728937883
7573,,New,095-10-09-11.42-1100,378610.76,1485918.52,716.42,0,0, ,107.064343742,716.421308342,111.390625,42.2167052502992
7574,,New,095-10-09-11.42-1000,378529.17,1485897.78,1006.94,0,0, ,145.218402,1006.93479261,156.55859375,57.2600927714943
7575,,Changed,095-10-09-11.42-900,378438.47,1485952.49,1905.05,1471.07,29.5, ,203.107237667,1905.04315043,296.1953125,80.0750101790855
7576,,Changed,095-10-09-11.42-1100,378583.36,1485956.68,1522.06,1335.57,13.96, ,172.881234351,1522.06696655,236.65234375,68.1615160073024
7577,,Changed,095-10-09-11.42-1800,378645,1486217.71,2394.6,1727.19,38.64, ,223.153082855,2394.60162862,372.32421875,87.984378626266
7578,,Existing,095-10-09-11.42-1700,378715.23,1486222.66,1730.12,0,0, ,189.273226429,1730.12215006,269.0078125,74.6101852884722
7579,,Changed,095-10-09-11.42-1200,378680.19,1485956.64,2575.72,2012.24,28, ,284.18529299,2575.71068113,400.484375,112.035729141882
7580,,Existing,095-10-09-11.42-800,378812.21,1486209.71,1542.82,0,0, ,179.126485082,1542.81261062,239.8828125,70.5733684640226
7581,,Existing,095-10-09-11.42-1300,378731.09,1485935.46,645.74,0,0, ,101.699484377,645.740999801,100.3984375,40.0990565899449
7582,,Existing,095-10-09-11.31-1000,378181.04,1485976.97,1072.15,0,0, ,138.936345485,1072.15077973,166.69921875,54.8212135447515
7583,,Existing,095-10-09-11.31-1000,378231.04,1485929.99,2220.3,0,0, ,212.149351131,2220.29314032,345.22265625,83.6967260093239
7584,,Existing,095-10-09-11.31-800,378137.66,1486149.04,1942.56,0,0, ,196.976673427,1942.54498633,302.03515625,77.6976494321242
7585,,Existing,095-10-09-11.31-400,378270.88,1486154.03,1983.97,0,0, ,205.155739869,1983.97618447,308.4765625,80.8853054593292
7586,,Existing,095-10-09-11.31-900,378145.11,1486031.79,451.11,0,0, ,85.213017595,451.112852842,70.140625,33.6059665295059
7587,,Existing,095-10-09-11.31-900,378195.61,1486052.24,2425.05,0,0, ,241.481954175,2425.04226794,377.05078125,95.2344414924363
7588,,Existing,095-10-09-11.42-700,378443.07,1486092.15,1615.8,0,0, ,178.733645207,1615.80267218,251.2265625,70.4795697843385
7589,,Existing,095-10-09-11.42-700,378508.88,1486137.67,642.67,0,0, ,101.410558335,642.670112601,99.9296875,39.9868975954919
7590,,Existing,095-10-09-11.42-2000,378557.96,1486132.43,204.91,0,0, ,58.043671666,204.908064437,31.8671875,22.8950968693145
7591,,Existing,095-10-09-02.13-11100,378782.41,1492015.66,1665.1,0,0, ,180.888151288,1665.11779506,259.0234375,71.3832426304159
7592,,Changed,095-10-09-02.13-2800,378857.93,1492853.68,797.78,484.85,64.54, ,125.660405903,797.775638814,124.109375,49.5858877093919
7593,,Existing,095-10-09-02.13-3000,378945.66,1492892.29,1414.27,0,0, ,169.099325876,1414.26309715,220.00390625,66.7428762512232
7594,,New,095-10-09-02.21-1200,378129.82,1493291.32,172.41,0,0, ,53.8656017735,172.412991842,26.82421875,21.2369540383474
7595,,Changed,095-10-09-02.13-1900,378534.94,1493038.06,2013.77,1772.45,13.62, ,245.951674264,2013.76421334,313.28125,97.0375673386228
7596,,New,095-10-09-02.13-1800,378576.92,1493030.65,212.95,0,0, ,68.4452849886,212.954844766,33.1328125,27.0246866003097
7597,,Existing,095-10-09-02.12-3000,378835.64,1493231.59,498.3,0,0, ,89.39614667,498.300139896,77.5234375,35.263538612065
7598,,Changed,095-10-09-02.12-3000,378861.68,1493258.32,2198.87,2327.78,-5.54, ,230.594511105,2198.85759155,342.07421875,91.0299927617155
7599,,Existing, ,378603.44,1493539.12,158.78,0,0, ,50.5589455641,158.783277659,24.6953125,19.9450606224714
7600,,New,095-10-09-02.12-1500,378788.56,1493535.42,198.68,0,0, ,56.9720923147,198.682662172,30.90625,22.4650143945574
7601,,New,095-10-09-02.12-1300,378907.67,1493517,223.01,0,0, ,59.7362894757,223.01648275,34.6953125,23.5614420119262
7602,,Changed,095-10-09-02.12-1800,378670.88,1493433.89,2239.52,1773.86,26.25, ,250.343952959,2239.51557209,348.41015625,98.7435413750684
7603,,New,095-10-09-02.12-1500,378788.92,1493435.03,3405.68,0,0, ,285.462087196,3405.6687043,529.828125,112.625993612953
7604,,Existing,095-10-09-02.12-1200,378939.02,1493420.86,1500.2,0,0, ,178.39085155,1500.19256799,233.39453125,70.4186245013638
7605,,Existing,095-10-09-02.13-2800,378861.95,1492899.16,1053.79,0,0, ,134.684145061,1053.79350862,163.9296875,53.1162085253025
7606,,Existing,095-10-09-02.13-2900,378908.73,1492840.04,523.56,0,0, ,91.8014865267,523.564089918,81.4453125,36.2138974234021
7607,,Existing,095-10-09-02.13-2700,378740.9,1492889.19,1027.73,0,0, ,137.026803634,1027.73650702,159.87890625,54.0732137639589
7608,,Existing,095-10-09-02.13-2600,378683.1,1492876.36,2776.28,0,0, ,261.428087128,2776.29304382,431.89453125,103.118208618607
7609,,Existing,095-10-09-02.32-4910,376318.01,1491125.48,927.27,0,0, ,172.142382272,927.276189471,144.234375,67.9405862124892
7610,,Existing,095-10-09-02.32-5030,376377.57,1491074.54,1196.72,0,0, ,184.017169208,1196.71332382,186.14453125,72.5091258521494
7611,,Existing,095-10-09-02.32-11000,375704.76,1491150.65,1390.23,0,0, ,167.560305113,1390.22474044,216.23828125,66.0878322809752
7612,,Existing,095-10-09-02.32-8312,376161.41,1491106.58,1520.85,0,0, ,202.937568832,1520.85251281,236.56640625,80.0964641144094
7613,,New,095-10-09-02.32-8500,376147.56,1490863.19,511.64,0,0, ,91.1262507468,511.638116779,79.5859375,35.9477423742839
7614,,Existing,095-10-09-02.32-10300,375695.15,1490486.66,518.49,0,0, ,94.531491828,518.491650257,80.6484375,37.3017102094908
7615,,Existing,095-10-09-02.32-10300,375718.29,1490538.78,1768.58,0,0, ,192.081777051,1768.56534425,275.078125,75.7456719117845
7616,,Existing,095-10-09-02.32-10500,375770.01,1490678.48,1590.49,0,0, ,174.121877345,1590.48527314,247.37890625,68.705189028638
7617,,Existing,095-10-09-02.32-10400,375711.57,1490689.45,1787.58,0,0, ,187.261430745,1787.58101857,278.0390625,73.8327646003686
7618,,Existing,095-10-09-02.32-10500,375767.23,1490763.22,1053.5,0,0, ,130.062643562,1053.5096716,163.8671875,51.2890593220617
7619,,Existing,095-10-09-02.33-300,376469.37,1490341.97,3230.92,0,0, ,256.815048894,3230.90524652,502.5234375,101.188235811941
7620,,Existing,095-10-09-02.32-3410,376393.31,1490576.18,2079.37,0,0, ,217.547474031,2079.37331679,323.42578125,85.7654339979208
7621,,Existing,095-10-09-02.32-3500,376277.42,1490498.96,494.91,0,0, ,90.0558798426,494.903940689,76.9765625,35.5055631738915
7622,,Existing,095-10-09-02.32-9800,376182.64,1490542.06,2185.24,0,0, ,225.087610886,2185.23650762,339.89453125,88.7797082126377
7623,,Existing,095-10-09-02.32-10000,376002.11,1490545.05,1699.09,0,0, ,171.387160706,1699.09535745,264.26953125,67.555269820527
7624,,Existing,095-10-09-02.32-10100,375934.11,1490473.51,785.37,0,0, ,119.486171285,785.366255466,122.15625,47.1104640306244
7625,,Existing,095-10-09-02.32-9200,375904.06,1490771.96,1328.52,0,0, ,147.487252487,1328.52105706,206.64453125,58.1848152036801
7626,,Existing,095-10-09-02.32-9200,375950.29,1490778.63,202.31,0,0, ,58.2873949349,202.313440631,31.46875,22.9978740195036
7627,,Existing,095-10-09-02.32-9300,376010.93,1490773.84,173.3,0,0, ,54.3970911556,173.29769404,26.95703125,21.4643664533705
7628,,Existing,095-10-09-02.32-9500,376125.69,1490780.95,370.93,0,0, ,78.4644000573,370.924386895,57.6953125,30.9572132345682
7629,,Existing,095-10-09-02.32-9400,376078.49,1490695.8,2060.33,0,0, ,210.826350003,2060.31709914,320.4609375,83.1978568794466
7630,,Existing,095-10-09-02.32-3600,376291.47,1490696.48,1454.17,0,0, ,181.745735769,1454.16814682,226.1796875,71.682631811925
7631,,Existing,095-10-09-02.32-3600,376317.23,1490738.36,407.7,0,0, ,81.5111058431,407.698397158,63.41796875,32.1556452252419
7632,,Existing,095-10-09-02.32-3700,376361.28,1490780.6,677.5,0,0, ,104.1157542,677.504337599,105.375,41.0618601293387
7633,,Existing,095-10-09-02.32-8800,375933.35,1490961.33,1484.55,0,0, ,162.589899501,1484.54519175,230.91015625,64.1094433019598
7634,,Existing,095-10-09-02.32-9000,375938.51,1490882.09,1669.64,0,0, ,180.480105583,1669.63812046,259.703125,71.1293779788034
7635,,New,095-11-09-34.44-600,375473.53,1495179.64,2177.15,0,0, ,216.840007973,2177.15065959,338.75390625,85.5149394081717
7636,,New,095-11-09-34.44-7400,374883.4,1494891.82,3007.24,0,0, ,241.142110821,3007.24746646,467.91015625,95.1230500434965
7637,,New,095-11-09-34.44-7500,374926.47,1494847.55,2753.69,0,0, ,241.100768625,2753.68924804,428.44140625,95.1013930875472
7638,,New,095-11-09-34.44-7700,374994.65,1494791.54,4031.5,0,0, ,287.116725671,4031.50799035,627.26171875,113.247223114151
7639,,New,095-11-09-34.44-7800,375057.98,1494726.94,2669.27,0,0, ,238.997749119,2669.27078677,415.29296875,94.2829641634106
7640,,Existing,095-11-09-35.33-6700,375638.4,1494857.02,1815.83,0,0, ,177.760073593,1815.83186134,282.53125,70.1551664403818
7641,,New,095-11-09-34.44-3100,375223.22,1495238.44,2520.91,0,0, ,211.531255597,2520.90599463,392.2421875,83.4240148570574
7642,,New,095-11-09-34.44-2900,375226.6,1495117.73,2557.62,0,0, ,230.103366104,2557.62135041,397.9453125,90.7355729935774
7643,,Changed,095-11-09-34.44-2600,375197.53,1494916.3,2586.75,2496.71,3.61, ,229.292631347,2586.75206627,402.484375,90.4419778737466
7644,,New,095-11-09-34.44-2200,375329.82,1494814.12,2196.86,0,0, ,221.280275214,2196.86268801,341.80078125,87.2901637047706
7645,,New,095-11-09-34.44-2100,375324.36,1494914.47,3196.48,0,0, ,270.744839672,3196.49316099,497.35546875,106.783114161058
7646,,New,095-11-09-34.44-500,375470.56,1495117.18,2423.85,0,0, ,210.298880212,2423.86065103,377.13671875,82.9343323942851
7647,,Existing,095-11-09-34.44-300,375467.54,1495000.2,1827.76,0,0, ,216.990495865,1827.76796787,284.37109375,85.5856951609593
7648,,Existing,095-11-09-35.33-6800,375641.2,1494781.08,2276.53,0,0, ,214.146766549,2276.54014553,354.20703125,84.4886079650945
7649,,Existing,095-11-09-34.44-2400,375191.35,1494796.81,2151.2,0,0, ,203.467933544,2151.1986202,334.703125,80.2596915923043
7650,,Existing,095-11-09-34.44-200,375473.2,1494934.05,2686.64,0,0, ,235.626584172,2686.6560002,418.01953125,92.9452566529576
7651,,Existing,095-11-09-35.33-4000,375670.7,1495170.54,3267.5,0,0, ,269.173800449,3267.50491474,508.39453125,106.159439199686
7652,,Existing,095-11-09-35.33-6600,375642.93,1495016.13,2537.51,0,0, ,234.576418799,2869.00736035,446.3984375,92.5547991753125
7653,,Existing,095-11-09-35.33-9300,375647.81,1494702.65,2801.92,0,0, ,241.125861661,2801.91952393,435.94921875,95.1040483839875
7654,,Existing,095-11-09-35.33-9400,375646.61,1494624.79,2401.66,0,0, ,229.852410278,2401.6650257,373.671875,90.6555531851844
7655,,Changed,095-11-09-34.44-8000,375140.52,1494647.32,2910.3,2651.68,9.75, ,247.857536562,2910.30561042,452.80859375,97.7747504930737
7656,,New,095-11-09-34.41-1000,375230.7,1495752.41,2617.22,0,0, ,218.595619824,2617.2099945,407.2421875,86.2481247240472
7657,,New,095-11-09-34.41-900,375234.28,1495638.46,2483.18,0,0, ,207.160705276,2483.18009968,386.37890625,81.7285280436983
7658,,New,095-11-09-34.44-5200,374978.91,1495493.59,3500.2,0,0, ,294.065017746,3500.20881173,544.6328125,115.98926060774
7659,,New,095-11-09-34.44-5000,374981.76,1495361.05,2222.28,0,0, ,214.178204132,2222.27045024,345.78125,84.4609107053909
7660,,New,095-11-09-34.44-4900,374976.87,1495302.78,2297.71,0,0, ,204.442536559,2297.72690204,357.52734375,80.6328395112334
7661,,New,095-11-09-34.44-3700,375087.61,1495422.07,1915.17,0,0, ,181.780012676,1915.1692598,297.99609375,71.7031104801026
7662,,New,095-11-09-34.44-3800,375087,1495360.49,2182.02,0,0, ,209.673283169,2182.01828206,339.50390625,82.695374032966
7663,,New,095-11-09-34.44-3900,375080.65,1495298.99,2287.28,0,0, ,208.853753601,2287.26577576,355.8828125,82.3711713125521
7664,,New,095-11-09-34.44-3500,375225.08,1495498.29,2211.29,0,0, ,201.861186141,2211.281187,344.06640625,79.6075007183592
7665,,New,095-11-09-34.44-3400,375225.05,1495417.91,2351.55,0,0, ,207.845355375,2351.54468879,365.8984375,81.9771797513722
7666,,New,095-11-09-34.44-3300,375228.53,1495356.93,2747.11,0,0, ,229.637197919,2747.10172012,427.4375,90.5560453437667
7667,,New,095-11-09-34.44-3200,375224.23,1495298.49,2353.05,0,0, ,202.605539025,2353.05452079,366.12890625,79.9039127466287
7668,,New,095-11-09-34.44-1200,375330.75,1495499.78,2405.31,0,0, ,209.244070347,2405.31168044,374.265625,82.5690656790694
7669,,Changed,095-11-09-34.44-1300,375334.14,1495417.92,2326.56,2098.21,10.88, ,224.174916705,2326.55714727,362,88.4042552469405
7670,,New,095-11-09-34.44-1400,375334.81,1495359.32,2377.59,0,0, ,202.456431399,2377.61307374,369.94921875,79.8531935774167
7671,,New,095-11-09-34.44-1500,375331.62,1495299.84,2419.88,0,0, ,208.575969702,2419.87736984,376.5234375,82.2606978009546
7672,,New,095-11-09-34.44-1100,375470.24,1495486.67,2636.22,0,0, ,237.925686638,2636.21941588,410.1875,93.8863865003695
7673,,New,095-11-09-34.44-1000,375475.8,1495416.61,2497.42,0,0, ,212.528129448,2497.40844246,388.58984375,83.8136589018319
7674,,New,095-11-09-34.44-800,375475.7,1495295.38,2415.5,0,0, ,211.063540715,2415.49161632,375.83984375,83.2441251692014
7675,,Existing,095-11-09-35.32-300,375647.33,1495927.13,2478.08,0,0, ,231.651863139,2478.07916373,385.59375,91.3865095771609
7676,,New,095-11-09-35.33-1400,375639.3,1495422.48,170.66,0,0, ,53.813332807,170.664307393,26.55859375,21.2373554281224
7677,,Changed,095-11-09-34.44-5100,374977.05,1495421.82,2315.71,2120.78,9.19, ,212.224437066,2315.71481187,360.328125,83.6990409219056
7678,,New,095-11-09-34.44-3600,375083.28,1495495.67,3601.27,0,0, ,257.640915674,3601.25986354,560.34765625,101.665838762937
7679,,Changed,095-11-09-34.44-900,375468.31,1495356.51,1852.94,1747.14,6.06, ,192.554776788,1852.95042456,288.31640625,75.9471304052439
7680,,Existing,095-11-09-35.32-400,375643.34,1495852.37,2356.96,0,0, ,212.855431944,2356.96670588,366.7578125,83.9841664459137
7681,,Existing,095-11-09-35.33-1400,375662.56,1495495.57,3400.65,0,0, ,271.284359178,3400.6489557,529.12109375,106.969905104669
7682,,Existing,095-11-09-35.33-3900,375664.82,1495325.9,2577.74,0,0, ,222.268651972,2577.75934022,401.08984375,87.6277777302018
7683,,Existing,095-11-09-35.33-1300,375656.86,1495645.56,2702.96,0,0, ,230.94544512,2702.97198243,420.59765625,91.0582215420839
7684,,New,095-11-09-34.41-101,375473.02,1496481.49,1164.39,0,0, ,141.367124068,1164.39317142,181.19140625,55.7367842447338
7685,,New,095-11-09-34.41-101,375432.32,1496534.46,1406.94,0,0, ,153.99084218,1406.93976901,218.93359375,60.7182974968766
7686,,Changed,095-11-09-35.32-100,375688.56,1496729.03,1197.94,1184.85,1.1, ,215.215800798,1197.93328946,186.40625,84.824669964301
7687,,Changed,095-11-09-35.32-100,375692.14,1496487.87,1277.41,1063.47,20.12, ,199.985012202,1277.41981053,198.77734375,78.8343028936899
7688,,Existing,095-11-09-35.32-200,375665.85,1496172.01,3416.65,0,0, ,306.402536555,3416.66282549,531.65234375,120.836959107254
7689,,Existing,095-11-09-35.32-100,375686.73,1496808.38,1208.68,0,0, ,186.730923644,1208.68117127,188.0859375,73.5629168231504
7690,,Existing,095-11-09-35.32-100,375690.56,1496649.97,1045.5,0,0, ,179.353399993,1045.50016431,162.68359375,70.6796740269273
7691,,Existing,095-11-09-35.32-100,375689.16,1496570.47,956.42,0,0, ,161.31712042,956.420571633,148.828125,63.5540760310555
7692,,Existing,095-11-09-35.32-100,375679.05,1496369.54,1260.05,0,0, ,194.593955145,1260.04609524,196.07421875,76.6715758005995
7693,,Existing,095-10-09-11.32-1300,376163.89,1486227.5,673.8,0,0, ,103.831019069,673.801051013,104.76953125,40.9426182209748
7694,,Existing,095-10-09-11.32-1500,376043.76,1486220.33,826.53,0,0, ,115.342653884,826.521896893,128.51171875,45.4745797462815
7695,,Existing,095-10-09-11.32-1200,376228.88,1486284.47,2696.94,0,0, ,265.067395236,2696.93641126,419.34765625,104.568678130609
7696,,Changed,095-10-09-11.32-900,376415.83,1486305.84,1647.7,1115.76,47.68, ,175.777752685,1647.70198942,256.19140625,69.3400302648198
7697,,Existing,095-10-09-11.32-1400,376099.88,1486234.53,679.3,0,0, ,104.268481704,679.299131717,105.6171875,41.1135265280431
7698,,Existing,095-10-09-11.32-2000,375739.46,1486237.76,464.73,0,0, ,87.5550646821,464.728426012,72.25390625,34.5365396830673
7699,,Existing,095-10-09-11.32-2000,375763.07,1486272.95,1773.03,0,0, ,193.779139996,1773.03040476,275.6875,76.4467389966315
7700,,Existing,095-10-09-11.32-1900,375821.21,1486286.34,1847.29,0,0, ,191.179975403,1847.29114483,287.2421875,75.3748995029448
7701,,Existing,095-10-09-11.32-1800,375879.83,1486285.45,1584.78,0,0, ,181.89831591,1584.77828306,246.41796875,71.7208922607025
7702,,Existing,095-10-09-11.32-1700,375935,1486288.02,1515.23,0,0, ,157.33743666,1515.22742147,235.59375,62.023162793949
7703,,Existing,095-10-09-11.32-1500,376057.08,1486291.84,1454.75,0,0, ,171.842649184,1454.75108293,226.19921875,67.7752392364345
7704,,Existing,095-10-09-11.32-1100,376274.83,1486263.97,372.08,0,0, ,78.9357102452,372.076976512,57.85546875,31.1389856366667
7705,,Existing,095-10-09-11.32-1100,376295.04,1486304.27,1060.64,0,0, ,130.659557426,1060.65367344,164.91796875,51.5135694029032
7706,,Existing,095-10-09-11.32-1000,376333.61,1486246.51,617.06,0,0, ,100.296609023,617.06252018,95.9453125,39.5595856804077
7707,,Existing,095-10-09-11.32-900,376391.44,1486273.43,349.22,0,0, ,77.7377911459,349.220082807,54.30078125,30.6703834591346
7708,,Existing,095-10-09-11.32-1600,375994.53,1486292.16,1461.14,0,0, ,158.874057521,1461.13964764,227.18359375,62.6326673916737
7709,,Existing,095-10-09-11.32-1400,376116.91,1486296.77,1342.26,0,0, ,153.60900446,1342.2628355,208.70703125,60.5680233207597
7710,,Existing,095-10-09-11.32-1300,376176.5,1486298.75,1258.33,0,0, ,151.328747088,1258.32048178,195.6484375,59.6698138568501
7711,,Existing,095-10-09-11.32-1000,376353.87,1486305.73,1118.5,0,0, ,147.017953031,1118.49696145,173.9140625,57.9716049264852
7712,,Existing,095-10-09-11.32-800,376467.8,1486309.44,1288.15,0,0, ,163.951548083,1288.15423433,200.29296875,64.6322384500363
7713,,New,095-10-09-02.33-1800,375777.39,1489145.48,553.01,0,0, ,141.13350558,553.015927744,86.0078125,55.59257647774
7714,,New,095-10-09-02.33-900,375946.17,1489176.05,5354.64,0,0, ,302.803111622,5354.63056529,832.7578125,119.352848870491
7715,,Changed,095-10-09-02.33-800,376296.3,1489158.67,4190.08,3344.35,25.29, ,287.421813829,4190.09913364,651.6484375,113.399538515431
7716,,Existing,095-10-09-02.33-900,375808.55,1489236.26,512.12,0,0, ,138.589774954,512.130470553,79.64453125,54.5746947951327
7717,,Existing,095-10-09-11.22-1100,375946.54,1488937.82,2949.78,0,0, ,290.153932309,2949.80285698,458.74609375,114.351660325414
7718,,Existing,095-10-09-11.22-1100,376150.96,1488883.74,7076.8,0,0, ,606.304795351,7076.81533787,1100.58203125,238.808107689902
7719,,Existing,095-10-09-02.33-300,376468.28,1489916.04,3269.52,0,0, ,257.812475148,3269.53862145,508.51171875,101.580263811681
7720,,Existing,095-10-09-02.33-300,376475.01,1490029.71,3617.36,0,0, ,286.430529498,3617.35481237,562.61328125,113.003445786893
7721,,Existing,095-10-09-02.33-300,376383.75,1490276.76,4784.08,0,0, ,348.681835653,4784.06844498,744.09375,137.681478198803
7722,,Existing,095-10-09-02.33-300,376468.89,1490211.68,3222.25,0,0, ,256.096268003,3222.24844854,501.16796875,100.905018746063
7723,,Existing,095-10-09-02.33-500,376438.54,1489578.57,3726,0,0, ,277.730053037,3726.0115891,579.49609375,109.520665651843
7724,,Existing,095-10-09-02.32-10400,375691.13,1490740.98,184.58,0,0, ,54.3876785258,184.578703335,28.70703125,21.4480710626692
7725,,Changed,095-10-09-02.32-3500,376301.4,1490558.49,2445.87,2288.52,6.88, ,254.314262851,2445.87027369,380.42578125,100.282685907698
7726,,New,095-10-09-02.32-3500,376282.98,1490477.04,152.6,0,0, ,49.4428246823,152.602322267,23.73828125,19.5007759393092
7727,,Existing,095-10-09-02.32-9200,375916.44,1490682.79,2206.39,0,0, ,204.7015885,2206.39157909,343.1796875,80.7313132032635
7728,,Existing,095-10-09-02.32-9300,375990.16,1490682.76,1915.94,0,0, ,212.413794729,1915.93948829,298.01171875,83.7620525388042
7729,,Changed,095-10-09-02.32-9600,376157.51,1490730.91,3391.43,2229.16,52.14, ,338.300871214,3391.43548792,527.49609375,133.575839585411
7730,,Existing,095-10-09-02.32-3900,376465.14,1490753.75,1374.66,0,0, ,175.870227622,1374.67521254,213.8046875,69.3841514522608
7731,,Changed,095-10-09-02.32-4500,376464.31,1490941.58,1570.27,1411.85,11.22, ,194.04069887,1570.27747174,244.24609375,76.5675114762527
7732,,Existing,095-10-09-02.32-9100,376005.16,1490856.14,249.56,0,0, ,75.9431520872,249.560593051,38.8125,29.9177213878331
7733,,PossiblyChanged,095-10-09-02.32-11000,375781.17,1491065.59,3890.16,0,0, ,438.597346416,3890.16268527,605.09765625,172.96836869722
7734,,Existing,095-10-09-02.32-5030,376377.05,1491095,152.5,0,0, ,49.4355966598,152.496961629,23.71875,19.4954588190598
7735,,Existing,095-10-09-02.32-5000,376494.63,1491153.51,1661.32,0,0, ,249.968762302,1661.326402,258.42578125,98.6485794928951
7736,,Changed,095-10-09-02.32-9800,376194.02,1490433.52,247.13,129.86,90.3, ,71.4121314868,247.126883764,38.4296875,28.1575562494225
7737,,Existing,095-10-09-02.32-3500,376264.42,1490450.95,201.51,0,0, ,65.0136495009,201.517413365,31.34375,25.6581406136443
7738,,New,095-10-09-02.32-3101,376294.42,1490394.69,187.73,0,0, ,55.4635373018,187.731443829,29.1953125,21.8671460068235
7739,,Existing,095-10-09-02.32-3410,376410.7,1490459.65,210.34,0,0, ,64.5810868408,210.342813614,32.71484375,25.4471650203027
7740,,Existing,095-10-09-02.32-9500,376118.83,1490693.5,1852.3,0,0, ,193.783153808,1852.28915824,288.1015625,76.4777070384032
7741,,Existing,095-10-09-02.32-10800,375771.38,1490960.41,2688.69,0,0, ,234.666438668,2688.70119503,418.20703125,92.4814898987441
7742,,Existing,095-10-09-02.32-8300,376021.68,1491108.9,1300.32,0,0, ,189.768446082,1300.32551708,202.2578125,74.9185133729536
7743,,Existing,095-10-09-02.32-8301,376080.31,1491112.48,1413.99,0,0, ,223.019394334,1413.98797176,219.9375,88.030241340144
7744,,Existing,095-10-09-02.32-8322,376199.49,1491110.31,1347.77,0,0, ,212.827776344,1347.77088992,209.6328125,84.0022059188857
7745,,New,095-10-09-02.32-4900,376278.18,1491106.83,2222.27,0,0, ,205.126652286,2222.27695712,345.66796875,80.9642518580094
7746,,Existing,095-10-09-02.32-11890,375715.96,1491667.68,237.36,0,0, ,62.1469725837,237.356218826,36.921875,24.5171972722708
7747,,Existing,095-10-09-02.32-8100,376075.49,1491335.25,1761.18,0,0, ,202.859140534,1761.18335979,273.94921875,80.0210137980235
7748,,Existing,095-10-09-02.32-11400,375791.37,1491471.3,1668.74,0,0, ,172.909275247,1668.73520199,259.57421875,68.1502942698803
7749,,Existing,095-10-09-02.32-11600,375799.88,1491551.4,1256.59,0,0, ,145.367819503,1256.59875753,195.46484375,57.3075978119753
7750,,Existing,095-10-09-02.32-7300,375914.88,1491548.22,1038.09,0,0, ,133.627861175,1038.09183499,161.47265625,52.6953196524156
7751,,Existing,095-10-09-02.32-7301,375918.21,1491463.57,1216.03,0,0, ,147.694984069,1216.02020359,189.1484375,58.2318023944947
7752,,Existing,095-10-09-02.32-7401,376019.58,1491465.84,1096.35,0,0, ,145.068073273,1096.33982036,170.53515625,57.230857764861
7753,,Existing,095-10-09-02.32-7500,376077.79,1491486.29,1717.94,0,0, ,179.381962334,1717.9380001,267.2265625,70.795299356338
7754,,Existing,095-10-09-02.32-7600,376114.43,1491483.08,1656.62,0,0, ,175.004674328,1656.59943985,257.68359375,69.0724978999681
7755,,Existing,095-10-09-02.32-7700,376151.18,1491527,481.06,0,0, ,88.036010364,481.06504832,74.83203125,34.7271230738416
7756,,Existing,095-10-09-02.32-7600,376109.46,1491549.31,445.2,0,0, ,85.2560931001,445.188884223,69.25,33.634531698712
7757,,Existing,095-10-09-02.32-7700,376154.8,1491480.93,1397.52,0,0, ,157.702394443,1397.51237591,217.38671875,62.2373048049808
7758,,Existing,095-10-09-02.32-7800,376193.58,1491483.36,1589.37,0,0, ,176.459247968,1589.36955379,247.2265625,69.6302504739611
7759,,Existing,095-10-09-02.32-7900,376192.81,1491345.61,1028.11,0,0, ,128.263621601,1028.11837674,159.92578125,50.5877346911036
7760,,Existing,095-10-09-02.23-1200,375951.89,1491856.88,3677.66,0,0, ,343.818742538,3677.67488585,572.07421875,135.57493201533
7761,,Existing,095-10-09-02.23-1200,376180.06,1491761.11,477.4,0,0, ,87.4383876495,477.40709879,74.265625,34.4880354310113
7762,,Existing,095-10-09-02.32-7000,376155.24,1491663.62,1833.58,0,0, ,182.059518447,1833.56585901,285.20703125,71.7678744538781
7763,,Existing,095-10-09-02.32-7000,376080.65,1491659.37,829.98,0,0, ,130.709549947,829.988982729,129.10546875,51.5261668299558
7764,,Existing,095-10-09-02.32-7100,376153.65,1491622.26,2109.18,0,0, ,205.142114347,2109.17580409,328.078125,80.8421915857873
7765,,Existing,095-10-09-02.32-7200,376019.46,1491641.8,342.99,0,0, ,81.482120499,342.988139446,53.34765625,32.1435295373602
7766,,Existing,095-10-09-02.32-6900,376069.64,1491714.56,587.85,0,0, ,97.1717129778,587.838646737,91.44140625,38.3199063120232
7767,,Existing,095-10-09-02.32-6000,376403.49,1491489.66,1993.64,0,0, ,203.11075042,1993.64270292,310.11328125,80.1363654397064
7768,,Existing,095-10-09-02.32-5700,376386.91,1491325.81,2080.84,0,0, ,196.916309376,2080.8290098,323.6640625,77.6320239973184
7769,,Existing,095-10-09-02.32-5600,376462.11,1491323.78,1486.96,0,0, ,162.779858921,1486.95076538,231.28515625,64.2409873547466
7770,,Existing,095-10-09-02.23-1200,376312.16,1491861.14,39719.59,0,0, ,1516.07636887,39719.5968272,6178.5390625,597.960586995014
7771,,Existing,095-10-09-02.32-6800,376403.25,1491721.24,754.28,0,0, ,109.976801423,754.286949143,117.328125,43.3791561594792
7772,,Existing,095-10-09-02.32-11700,375792.28,1491613.32,1629.27,0,0, ,169.812529702,1629.26821072,253.43359375,66.9324860239032
7773,,Existing,095-10-09-02.32-11890,375790.71,1491656.22,1599.62,0,0, ,169.153498467,1599.62420298,248.8203125,66.6708262254054
7774,,Existing,095-10-09-02.32-11900,375788.77,1491700.36,1683.4,0,0, ,174.821730333,1683.41339733,261.859375,68.9022484686843
7775,,Existing,095-10-09-02.32-7200,376014.29,1491712.06,1145.76,0,0, ,138.465620262,1145.77522688,178.23046875,54.5989945590475
7776,,Existing,095-10-09-02.23-1200,375946.43,1491768.4,5597.56,0,0, ,345.839982112,5597.54979919,870.71875,136.312948790776
7777,,Existing,095-10-09-02.23-1200,376074.72,1491771.53,5609.01,0,0, ,345.202369745,5608.99565983,872.4921875,136.057896973328
7778,,Existing,095-10-09-02.23-1200,375982.72,1491954.47,5584.04,0,0, ,343.777474992,5584.03632364,868.625,135.659363932532
7779,,Existing,095-10-09-02.32-6700,376319.61,1491668.81,1166.01,0,0, ,144.107664112,1166.02049791,181.37109375,56.8060818701706
7780,,Existing,095-10-09-02.32-6600,376319.74,1491627.85,1165.56,0,0, ,153.768123899,1165.55930152,181.3046875,60.6071156074327
7781,,Existing,095-10-09-02.32-6001,376322.89,1491496.46,2299.91,0,0, ,211.784678437,2299.90151074,357.75,83.5873397287059
7782,,Existing,095-10-09-02.32-6900,376154.7,1491705.92,1955.76,0,0, ,190.734506565,1955.76640121,304.21875,75.1921338175901
7783,,Existing,095-10-09-02.32-5800,376327.09,1491315.22,1574.39,0,0, ,185.126277996,1574.39789788,244.890625,73.0727543430695
7784,,Existing,095-10-09-02.32-5800,376329.74,1491244.93,693.58,0,0, ,105.344954826,693.574915913,107.88671875,41.5475137760141
7785,,Existing,095-10-09-02.32-7900,376193.06,1491235.57,960.13,0,0, ,140.302105013,960.13849649,149.3515625,55.3275706315999
7786,,Existing,095-10-09-02.32-11100,375696.99,1491200.77,409.02,0,0, ,82.6693410984,409.017296889,63.62890625,32.5908059839527
7787,,Changed,095-10-09-02.32-6800,376324.98,1491712.31,1884.13,1330.05,41.66, ,226.368056313,1884.11739494,293.0859375,89.2050909217953
7788,,Changed,095-10-09-02.23-800,376232.64,1492599.56,23339.32,18724.76,24.64, ,728.106583741,23339.3425508,3630.75390625,287.199072453294
7789,,New,095-10-09-02.23-800,376169.22,1492474.95,408.64,0,0, ,80.8799279341,408.63507693,63.5703125,31.900080229524
7790,,New,095-10-09-02.23-904,375991.41,1492304.98,625.41,0,0, ,100.151904087,625.406300943,97.2890625,39.5049062887029
7791,,New,095-10-09-02.23-904,376009.2,1492307.96,272.31,0,0, ,82.1800699256,272.318219721,42.36328125,32.4515634489351
7792,,Existing,095-10-09-02.23-701,376363.65,1492464.28,32884.81,0,0, ,970.808340397,32884.805075,5115.59765625,382.924888874315
7793,,New,095-10-09-02.23-905,375721.89,1492220.12,6262.03,0,0, ,356.947532943,6262.00476579,974.11328125,140.741587642949
7794,,New,095-10-09-02.23-700,376450.95,1492187.31,2755.61,0,0, ,229.342336922,2755.61283664,428.65625,90.41706734076
7795,,New,095-10-09-02.23-700,376477.51,1492223.95,2423.12,0,0, ,209.363572344,2423.13452544,376.94140625,82.5458805930471
7796,,Existing,095-10-09-02.23-902,375685.26,1492818.97,4686.93,0,0, ,283.44513822,4686.92162385,729.125,111.807840173407
7797,,Existing,095-10-09-02.23-900,376076.47,1492625.16,17160.47,0,0, ,677.091450536,17160.4096625,2669.52734375,267.066500840982
7798,,Existing,095-10-09-02.23-904,375915.09,1492289.18,2226.49,0,0, ,199.708200163,2226.47787012,346.33984375,78.8140482553655
7799,,Existing,095-10-09-02.23-1000,376154.58,1492240.62,9428.36,0,0, ,421.864569097,9428.36682706,1466.66796875,166.387264244961
7800,,New,095-10-09-02.22-3401,375683.9,1493587.21,436.36,0,0, ,84.3419504845,436.360837527,67.8828125,33.268169570422
7801,,Existing,095-10-09-02.22-3200,376494.64,1493164.57,56872.26,0,0, ,1181.55509362,56872.3130858,8847.62890625,465.915799739943
7802,,Changed,095-10-09-02.22-3402,375843.29,1493586.13,6401.64,6231.22,2.73, ,360.062083252,6401.63057524,995.94140625,142.020693672906
7803,,Existing,095-10-09-02.23-903,375872.45,1492958.72,12306.16,0,0, ,721.791016292,12306.1795485,1914.4375,284.713229786812
7804,,Existing,095-10-09-02.22-3401,375732.74,1493749.65,885.99,0,0, ,121.033694452,885.99144057,137.83984375,47.7224750143042
7805,,Changed,095-10-09-02.22-1200,375891.86,1494293.41,2625.2,2566.46,2.29, ,234.871762329,2625.19331392,408.4453125,92.6195304045781
7806,,New,095-10-09-02.22-1100,375946.59,1494371.32,175.05,0,0, ,57.1039376302,175.049605976,27.23828125,22.5330168060468
7807,,Existing,095-10-09-02.22-1000,376079.75,1494363.05,230.33,0,0, ,61.7075746493,230.330249772,35.83203125,24.3488883600795
7808,,Existing,095-11-09-35.33-10200,376327.99,1494415.1,222.94,0,0, ,60.3310228644,222.943330495,34.68359375,23.8039352131118
7809,,Existing,095-11-09-35.33-9500,375730.39,1494410.15,209.4,0,0, ,57.9237750029,209.395711714,32.578125,22.8494025375216
7810,,Existing,095-10-09-02.22-1300,375802.86,1494289.83,2599.98,0,0, ,229.9715366,2599.99569564,404.51171875,90.6712459838936
7811,,Existing,095-10-09-02.22-1100,375974.03,1494293.11,2103.53,0,0, ,194.594400203,2103.53379194,327.2734375,76.7237881773666
7812,,Existing,095-10-09-02.22-1000,376056.36,1494292.47,2260.43,0,0, ,202.253737528,2260.44025836,351.6796875,79.7366697277231
7813,,Existing,095-11-09-35.33-10100,376279.71,1494416.16,468.18,0,0, ,87.2319763991,468.176393102,72.83984375,34.3994603836792
7814,,Existing,095-11-09-35.33-10300,376411.63,1494413.81,276.48,0,0, ,67.1593970136,276.480514027,43.01953125,26.4979765946119
7815,,Existing,095-10-09-02.22-800,376295.46,1494307.62,3087.91,0,0, ,264.483972105,3087.9292103,480.4296875,104.298612230576
7816,,Existing,095-10-09-02.22-700,376378.82,1494301.72,2272.71,0,0, ,209.952850479,2272.69609129,353.59375,82.794686875097
7817,,Existing,095-10-09-02.22-600,376469.92,1494302.24,2565.67,0,0, ,229.991592622,2565.6654736,399.16796875,90.6940438465394
7818,,Existing,095-10-09-02.22-1800,375793.69,1494049.46,636.43,0,0, ,101.199541879,636.433498648,99.015625,39.9108840992255
7819,,Existing,095-10-09-02.22-1900,375869.81,1494079.78,866.26,0,0, ,118.201414205,866.264478783,134.7734375,46.614824185939
7820,,Existing,095-10-09-02.22-2000,376009.26,1494043.73,193.53,0,0, ,56.3413994411,193.519763603,30.109375,22.2301361064783
7821,,Existing,095-10-09-02.22-1800,375805.84,1494134.64,2396.26,0,0, ,213.920239843,2396.26375111,372.8203125,84.3640497715827
7822,,Existing,095-10-09-02.22-2000,375974.76,1494129.17,3011.84,0,0, ,251.63586044,3011.83861374,468.5859375,99.2356802930524
7823,,Existing,095-10-09-02.22-2300,376269.59,1494064.03,497.73,0,0, ,90.1907645017,497.730092983,77.4375,35.5643186720482
7824,,Existing,095-10-09-02.22-2300,376291.26,1494141.15,2663.89,0,0, ,228.456347317,2663.89483617,414.44921875,90.0739674235125
7825,,Existing,095-11-09-35.32-100,375904.69,1496975.99,1136.97,0,0, ,183.476721498,1136.97152095,176.92578125,72.4473332797689
7826,,Existing,095-11-09-35.32-100,376023.95,1496975.29,1030.35,0,0, ,179.449116178,1030.34909429,160.33984375,70.8613429237439
7827,,Existing,095-11-09-35.32-2300,376280.55,1496994.01,1840.11,0,0, ,186.364813792,1840.12885629,286.36328125,73.4851984379518
7828,,Existing,095-11-09-35.32-800,376491.99,1496986.19,1930.21,0,0, ,202.34313342,1930.22302692,300.36328125,79.8159135180751
7829,,Existing,095-11-09-35.32-100,375947.02,1496978.74,976,0,0, ,165.549501381,975.995859306,151.875,65.3925646324132
7830,,Existing,095-11-09-35.32-2400,376288.66,1496930.07,1743.17,0,0, ,182.106903181,1743.17746508,271.2734375,71.868504010704
7831,,Existing,095-10-09-02.22-2400,376376.55,1494144.17,2325.07,0,0, ,226.659303264,2325.06600775,361.73828125,89.3953586466137
7832,,Existing,095-10-09-02.22-2500,376487.4,1494064.25,1069.61,0,0, ,136.798868884,1069.60871547,166.4140625,53.9269709427842
7833,,Existing,095-10-09-02.22-1400,375719.97,1494298.6,2258.87,0,0, ,213.881354381,2258.87016055,351.453125,84.3623900511813
7834,,Existing,095-10-09-02.22-900,376141.15,1494293.74,2141.95,0,0, ,197.194819053,2141.96063723,333.25,77.7485445348582
7835,,Existing,095-10-09-02.22-1900,375890.37,1494137.82,1975.39,0,0, ,186.436526306,1975.39330976,307.3359375,73.5143923327113
7836,,Existing,095-10-09-02.22-2100,376057.5,1494140.09,2100.79,0,0, ,193.178155194,2100.79207399,326.84765625,76.1666394849144
7837,,Existing,095-10-09-02.22-2200,376145.07,1494143.68,2026.64,0,0, ,191.026190188,2026.65470296,315.30859375,75.319498392844
7838,,Existing,095-10-09-02.22-2500,376471.3,1494146.38,2249.4,0,0, ,210.497873446,2249.40166009,349.9609375,83.0083632152499
7839,,Existing,095-11-09-35.33-10100,376273.61,1494487.78,2509.94,0,0, ,230.726650315,2509.95556895,390.515625,91.0037889335909
7840,,Existing,095-11-09-35.33-6100,376149.61,1495080.91,182.16,0,0, ,54.957880726,182.159419163,28.34765625,21.6865022581641
7841,,Existing,095-11-09-35.33-4400,376042.72,1495179.01,3078.46,0,0, ,262.102407219,3078.44432993,478.98046875,103.371009758897
7842,,Changed,095-11-09-35.33-6400,375865.91,1495000.18,2379.3,2202.45,8.03, ,226.149334416,2379.29051228,370.19921875,89.1837346420674
7843,,Changed,095-11-09-35.33-6900,375781.4,1494839.84,4065.09,3115.95,30.46, ,302.913465266,4065.08607535,632.484375,119.498783472644
7844,,New,095-11-09-35.33-6900,375757.55,1494753.63,367.04,0,0, ,83.4777406071,367.0423768,57.10546875,32.9014397487387
7845,,Changed,095-11-09-35.33-7300,376126.72,1494789.95,2554.52,1892.91,34.95, ,216.488656236,2554.52377549,397.4609375,85.3988591922623
7846,,Existing,095-11-09-35.33-8500,376435.65,1494651.41,2194.17,0,0, ,221.466052852,2194.17191589,341.390625,87.3602123317762
7847,,Changed,095-11-09-35.33-7600,376429.49,1494813.87,691.78,1021.67,-32.29, ,105.24473051,691.788524481,107.6328125,41.5159727121053
7848,,Existing,095-11-09-35.33-10200,376359.45,1494491.49,2231.48,0,0, ,217.618032101,2231.49374763,347.18359375,85.8294265012068
7849,,Existing,095-11-09-35.33-9600,375784.09,1494482.32,2211.45,0,0, ,212.760680858,2211.45542398,344.078125,83.9038741041309
7850,,Existing,095-11-09-35.33-10300,376441.27,1494490.9,2623.47,0,0, ,228.717724026,2623.47266869,408.17578125,90.2014775348176
7851,,Existing,095-11-09-35.33-9400,375713.71,1494637.7,808.1,0,0, ,122.679575415,808.095774379,125.7265625,48.381958041744
7852,,Existing,095-11-09-35.33-9200,375783.85,1494645.49,2616.56,0,0, ,235.837845527,2616.55112785,407.10546875,93.0074785684299
7853,,Existing,095-11-09-35.33-4100,375773.13,1495180.98,2679.19,0,0, ,222.961741595,2679.19261317,416.8671875,87.9021913871928
7854,,Existing,095-11-09-35.33-4100,375797.4,1495114.92,468.2,0,0, ,97.5834402785,468.19927488,72.8515625,38.4816025378031
7855,,Existing,095-11-09-35.33-4200,375860.66,1495179.89,2352.47,0,0, ,222.933162104,2352.46787661,366.0234375,87.9071707887058
7856,,Existing,095-11-09-35.33-4500,376126.09,1495174.62,2504.03,0,0, ,221.375848436,2504.03708877,389.61328125,87.2861287139813
7857,,Existing,095-10-09-11.13-11100,378569.52,1486709.74,704.98,0,0, ,110.144940949,704.975213056,109.6171875,43.4174426560711
7858,,Existing,095-10-09-11.13-11200,378552.48,1486762.61,947.89,0,0, ,100.542152921,593.477034712,92.28515625,39.626754090966
7859,,Existing,095-10-09-11.13-11200,378556.23,1486821.9,1779.45,0,0, ,182.037343768,1779.45363214,276.70703125,71.8072562765692
7860,,Existing,095-10-09-11.13-11202,378605.97,1486825.51,1439.33,0,0, ,168.341325936,1439.33142208,223.8046875,66.4201114635365
7861,,Existing,095-10-09-11.13-10500,378673.34,1486714.81,389.64,0,0, ,45.8368270218,129.39263338,20.1171875,18.0789809499405
7862,,Existing,095-10-09-11.13-14000,378419.51,1486713.18,1488.59,0,0, ,166.195158412,1488.58127859,231.4609375,65.5409377804482
7863,,Existing,095-10-09-11.13-13800,378417.81,1486835.45,1225.77,0,0, ,149.126068463,1225.76774448,190.6015625,58.8073890155728
7864,,Existing,095-10-09-11.24-300,378274.59,1486849.49,2140.19,0,0, ,216.480891795,2140.19048168,332.7890625,85.3116891315756
7865,,Existing,095-10-09-11.24-400,378283.74,1486799.94,1687.89,0,0, ,228.789995056,1687.8873626,262.4609375,90.1964990058216
7866,,Existing,095-10-09-11.24-300,378174.23,1486864.29,372.47,0,0, ,77.2740008332,372.468291516,57.9140625,30.4685352803522
7867,,Existing,095-10-09-11.13-13700,378438.02,1486935.34,2273.02,0,0, ,214.511774057,2273.02687773,353.44140625,84.5101778385433
7868,,Existing,095-10-09-11.13-13600,378415.49,1486983.07,1455.92,0,0, ,160.315735457,1455.91862596,226.3828125,63.1880522315089
7869,,Existing,095-10-09-11.13-13600,378505.44,1486981.58,700.25,0,0, ,108.18629402,700.254503694,108.8828125,42.6432693088034
7870,,Existing,095-10-09-11.13-11300,378553.28,1486944,1989.67,0,0, ,239.047422171,1989.65306224,309.37109375,94.2936317466764
7871,,Existing,095-10-09-11.13-10200,378765.27,1486935.66,2094.5,0,0, ,193.247644991,2094.49298575,325.6875,76.1539285108927
7872,,Existing,095-10-09-11.13-10600,378788.73,1486645.08,1713.27,0,0, ,206.160308762,1713.26127604,266.38671875,81.2818604874785
7873,,Existing,095-10-09-11.13-3300,378933.84,1486768.85,2110.45,0,0, ,203.778596951,2110.44252244,328.1640625,80.3242610139788
7874,,Existing,095-10-09-11.13-3700,378907.05,1487049.37,1442.97,0,0, ,173.680804833,1442.96549953,224.3828125,68.4935617889911
7875,,Existing,095-10-09-11.13-10000,378794.48,1487039.9,1161.52,0,0, ,152.359252576,1161.52811751,180.6171875,60.06251260443
7876,,Existing,095-10-09-11.31-100,378286.77,1486370.53,1654.9,0,0, ,178.807249851,1654.89919601,257.30859375,70.4732901465837
7877,,Existing,095-10-09-11.42-100,378849.32,1486328.93,548.55,0,0, ,93.8213480749,548.547457151,85.29296875,36.9989846891532
7878,,Existing,095-10-09-11.42-100,378801.47,1486391.64,1385.69,0,0, ,150.330056861,1385.68679842,215.453125,59.2945817671407
7879,,Existing,095-10-09-11.24-1000,378291.78,1486482.59,1471.4,0,0, ,160.256057983,1471.40442297,228.80078125,63.1744500499731
7880,,Existing,095-10-09-11.13-14100,378483.23,1486504.42,1332.38,0,0, ,162.195040923,1332.3823129,207.16796875,63.9500732536245
7881,,Existing,095-10-09-11.13-10900,378558.41,1486476.2,1233.99,0,0, ,155.499972061,1233.98694093,191.87890625,61.3236916703936
7882,,Existing,095-10-09-11.13-10500,378793.44,1486708.5,1330.63,0,0, ,159.233085085,1330.61994449,206.90234375,62.7982068503869
7883,,Existing,095-11-09-35.32-1800,376701.23,1496820.1,1591.4,0,0, ,169.439404111,1591.39549229,247.64453125,66.8105056369974
7884,,Existing,095-11-09-35.31-1000,377034.11,1496824.89,1967.55,0,0, ,196.02699973,1967.55563788,306.171875,77.319367627974
7885,,Existing,095-11-09-35.31-1100,377101.08,1496823.81,1721.31,0,0, ,179.998330903,1721.31962555,267.859375,70.9815242128773
7886,,Existing,095-11-09-35.31-1200,377171.43,1496825.19,1745.91,0,0, ,188.523092852,1745.91141105,271.6953125,74.3538771600132
7887,,Existing,095-11-09-35.31-1300,377242.37,1496825.89,1890.42,0,0, ,184.09138813,1890.41323628,294.17578125,72.5981430473113
7888,,Existing,095-11-09-35.31-1900,377029.68,1496678.69,2445.02,0,0, ,222.804604645,2445.01064654,380.4765625,87.9065192745352
7889,,Existing,095-11-09-35.31-2200,377236.86,1496689.25,2086.13,0,0, ,205.744587971,2086.13128299,324.62890625,81.1499988505174
7890,,Existing,095-11-09-35.31-1900,377044.35,1496615.58,161.47,0,0, ,51.3347758501,161.462980137,25.1328125,20.2561178641809
7891,,Existing,095-11-09-35.31-4000,377152.79,1496361.87,2588.16,0,0, ,228.496691542,2588.15989736,402.74609375,90.1405700648482
7892,,Existing,095-11-09-35.31-3800,377291.5,1496359.86,2237.07,0,0, ,202.128176822,2237.07833581,348.109375,79.7182259374338
7893,,Existing,095-11-09-35.32-6600,376679.6,1496229.54,2833.7,0,0, ,284.245343983,2833.6848393,440.94140625,112.063585654936
7894,,Existing,095-11-09-35.32-6400,376784.92,1496230.12,2890.89,0,0, ,280.384679797,2890.88616172,449.84375,110.537286095663
7895,,Existing,095-11-09-35.32-6300,376889.05,1496231.1,2831.5,0,0, ,277.25986127,2831.49729657,440.6015625,109.307416227501
7896,,Existing,095-11-09-35.31-4700,377220.4,1496237.34,1943.66,0,0, ,193.331677451,1943.65363833,302.44140625,76.2476936884619
7897,,Existing,095-11-09-35.31-4600,377296.74,1496228.2,2284.68,0,0, ,225.505542769,2284.67339634,355.51171875,88.9644034337026
7898,,Existing,095-11-09-35.31-2100,377167.41,1496689.56,1910.13,0,0, ,183.978785317,1910.13245074,297.23828125,72.5481670476582
7899,,Existing,095-11-09-35.32-1600,376841.69,1496823.43,1742.28,0,0, ,179.705318874,1742.27977779,271.125,70.8652343873598
7900,,Existing,095-11-09-35.32-1700,376770.87,1496826.69,1870.18,0,0, ,205.137653955,1870.17444614,291.0234375,80.9213522324734
7901,,Existing,095-11-09-35.32-2000,376561.14,1496821.27,1603.86,0,0, ,170.1111907,1603.85305623,249.58203125,67.076195917896
7902,,Existing,095-11-09-35.31-1400,377313.34,1496826.72,1684.11,0,0, ,174.16246167,1684.11054589,262.06640625,68.6839073502815
7903,,PossiblyChanged,095-11-09-35.32-1900,376632.54,1496824.11,1980.89,0,0, ,202.551209611,1980.89663886,308.25390625,79.8978144745215
7904,,Existing,095-11-09-35.31-600,377172.06,1496991.82,1983.12,0,0, ,203.623818069,1983.12243012,308.60546875,80.3196841223489
7905,,Existing,095-11-09-35.31-700,377087.46,1496924,165.83,0,0, ,52.743149381,165.829625997,25.80859375,20.8152204913766
7906,,Existing,095-11-09-35.31-700,377101.84,1496923.1,161.37,0,0, ,51.4242975312,161.371232125,25.11328125,20.2922351889451
7907,,Existing,095-11-09-35.32-900,376561.39,1496988.08,1754.67,0,0, ,179.776017148,1754.65606292,273.0625,70.8968414734357
7908,,Existing,095-11-09-35.32-1000,376631.57,1496988.95,1809.64,0,0, ,183.15465389,1809.64026221,281.60546875,72.2289727904221
7909,,Existing,095-11-09-35.32-1100,376701.48,1496989.55,1771.74,0,0, ,180.586140245,1771.7385964,275.70703125,71.2175491609345
7910,,Existing,095-10-09-02.44-12000,379749.13,1490167.17,1873.59,0,0, ,201.772747801,1873.58781542,291.41015625,79.5547351761727
7911,,Existing,095-10-09-02.44-11900,379748.91,1490215.26,1874.74,0,0, ,192.191979192,1874.74285469,291.5859375,75.7554934156796
7912,,Existing,095-10-09-02.44-13100,379810.75,1489761.74,7676.96,0,0, ,402.7251756,7676.94178187,1193.98046875,158.746038872835
7913,,Existing,095-10-09-02.43-4500,379323.66,1490172.48,1770.3,0,0, ,203.57829065,1770.2941549,275.3203125,80.2472292246816
7914,,Existing,095-10-09-02.43-7200,379212.26,1489674.69,1473.39,0,0, ,164.187410104,1473.40040508,229.1484375,64.7355617651723
7915,,Existing,095-10-09-02.43-7100,379165.96,1489728.33,417.68,0,0, ,81.7976207147,417.683251094,64.9609375,32.2608545060493
7916,,Existing,095-10-09-02.43-4000,379328.19,1490071.8,1828.57,0,0, ,176.375214674,1828.58289803,284.3984375,69.5353699852292
7917,,Existing,095-10-09-02.43-4400,379447.37,1490133.25,1249.97,0,0, ,152.880738982,1249.96294578,194.41796875,60.3191037804339
7918,,Existing,095-10-09-02.43-4600,379324.88,1490210.61,1640.98,0,0, ,178.483660523,1640.98757988,255.22265625,70.3407283454553
7919,,Existing,095-10-09-02.43-4700,379326.8,1490253.34,1968.52,0,0, ,205.13094839,1968.51639878,306.16796875,80.8726556885075
7920,,Existing,095-10-09-02.43-4800,379379.8,1490249.46,635.57,0,0, ,118.933352575,635.571720453,98.85546875,46.9315251400181
7921,,Existing,095-10-09-02.43-6410,379044.31,1490030.78,1247.89,0,0, ,143.928427091,1247.88857026,194.08203125,56.7836067526866
7922,,Existing,095-10-09-02.43-10000,378987.72,1490051.8,797.15,0,0, ,113.232386572,797.155455945,123.98046875,44.662659120771
7923,,Existing,095-10-09-02.43-7000,379203.57,1489800.32,1081.29,0,0, ,144.788014777,1081.28949682,168.16796875,57.0596546284647
7924,,Existing,095-10-09-02.43-7100,379208.73,1489752.18,1895.47,0,0, ,201.43734833,1895.47240766,294.796875,79.4313164879732
7925,,Existing,095-10-09-02.43-6100,379038.57,1490190.58,1968.69,0,0, ,249.559075128,1968.69154404,306.19140625,98.4535464719023
7926,,Existing,095-10-09-02.43-4500,379442.08,1490192.56,1078.01,0,0, ,143.260272597,1077.99383327,167.66015625,56.5382845271254
7927,,Existing,095-10-09-02.43-4900,379429.21,1490251.07,1096.21,0,0, ,139.509151714,1096.22413241,170.50390625,55.0449090014375
7928,,Existing,095-10-09-02.43-1200,379565.71,1489766.1,10503.77,0,0, ,524.289371715,10503.7776602,1633.62109375,206.693008841507
7929,,Existing,095-10-09-02.43-9200,378990.34,1489583.03,1701.43,0,0, ,221.573815903,1701.43144202,264.6171875,87.4365598079516
7930,,Existing,095-10-09-02.43-9900,378993.82,1489812.03,2372.85,0,0, ,223.952384483,2372.84134903,369.0546875,88.3877093247406
7931,,Existing,095-10-09-02.43-3800,379330.09,1489976.5,1535.96,0,0, ,179.014790204,1535.9497948,238.89453125,70.6338697367112
7932,,Existing,095-10-09-02.42-3600,379392.73,1491138.81,2240.69,0,0, ,242.732555452,2240.68360666,348.53125,95.7922912637706
7933,,Existing,095-10-09-02.42-1400,379452.8,1491119.72,1083.66,0,0, ,158.087017048,1083.6575423,168.55859375,62.353279912936
7934,,Existing,095-10-09-02.42-1300,379532.83,1491130.94,3314.35,0,0, ,337.133496856,3314.3457517,515.5390625,132.887273324001
7935,,Existing,095-10-09-02.41-14400,379748.66,1491034.45,2783.57,0,0, ,290.596531667,2783.55908046,432.96875,114.548133551261
7936,,Existing,095-10-09-02.42-8100,379054.58,1490940.58,461.52,0,0, ,85.9320392327,461.519186495,71.78515625,33.8906620273095
7937,,Existing,095-10-09-02.13-3100,378984.34,1492902.99,867.32,0,0, ,119.749724099,867.312002785,134.92578125,47.2433460155777
7938,,Existing,095-10-09-02.13-3300,379031.04,1492897.17,1289.3,0,0, ,155.442413724,1289.29258144,200.56640625,61.3004233365848
7939,,Existing,095-10-09-02.13-3600,379302.1,1492883.7,2101.15,0,0, ,199.861652917,2101.1566202,326.87109375,78.877787064052
7940,,Existing,095-10-09-02.13-3810,379489.76,1492875.97,721.59,0,0, ,107.463535196,721.592315523,112.2578125,42.3870921020478
7941,,Existing,095-10-09-02.13-3810,379586.68,1492877,1640.09,0,0, ,173.761312585,1640.10131182,255.1484375,68.4921278620072
7942,,Existing,095-10-09-02.13-3820,379600.65,1492915.92,536.89,0,0, ,93.035190692,536.878986836,83.515625,36.7013835017424
7943,,Existing,095-10-09-02.13-3820,379542.35,1492926.92,750.73,0,0, ,110.410570917,750.723857171,116.7890625,43.5376509730022
7944,,Existing,095-10-09-02.13-3910,379515.23,1492804.75,538.03,0,0, ,92.7933411979,538.03205528,83.703125,36.5985008480055
7945,,Existing,095-10-09-02.13-1000,378981.64,1493079.95,586.35,0,0, ,96.9237584215,586.338828173,91.21484375,38.2317821700303
7946,,Existing,095-10-09-02.13-900,379020.31,1493092.8,724.76,0,0, ,109.208616401,724.757700827,112.75,43.0887980394186
7947,,Existing,095-10-09-02.12-3200,378971.54,1493188.03,664.69,0,0, ,103.316090127,664.699241133,103.41015625,40.7454658901824
7948,,Existing,095-10-09-02.12-1100,379002.85,1493459.42,578.96,0,0, ,96.7347340822,578.955929244,90.0703125,38.1626572601753
7949,,Existing,095-10-09-02.12-1000,379063.11,1493471.25,504.16,0,0, ,89.816925133,504.155662667,78.42578125,35.4257789931112
7950,,Existing,095-10-09-02.12-1100,378983.83,1493409.36,1113.73,0,0, ,141.790078345,1113.73707919,173.265625,55.922496143661
7951,,Existing,095-10-09-02.12-1000,379052.43,1493410.89,1247.5,0,0, ,146.252988338,1247.49819194,194.078125,57.6562696501294
7952,,Existing,095-10-09-02.12-900,379154.54,1493508.28,1672.05,0,0, ,169.203916073,1672.05801545,260.1328125,66.7390807007761
7953,,Existing,095-10-09-02.12-3200,378984.78,1493277.96,1346.22,0,0, ,153.494297541,1346.21921607,209.42578125,60.5065294276488
7954,,Existing,095-10-09-02.13-700,379149.13,1493094.97,830.93,0,0, ,115.812073111,830.930228068,129.265625,45.6875485835149
7955,,Existing,095-10-09-02.13-600,379227.31,1493106.1,480.85,0,0, ,87.7500417418,480.849731325,74.80078125,34.6126694779192
7956,,Existing,095-10-09-02.12-600,379401.63,1493536.74,666.43,0,0, ,103.260369307,666.418988565,103.67578125,40.7289745859982
7957,,Existing,095-10-09-02.12-700,379332.33,1493425.4,1310.17,0,0, ,154.583091681,1310.16938869,203.828125,60.9845923383264
7958,,Existing,095-10-09-02.12-600,379399.86,1493428.62,1796.26,0,0, ,197.245956696,1796.2550374,279.4453125,77.7948824745091
7959,,Existing,095-10-09-02.12-500,379579.63,1493416.03,1877.78,0,0, ,191.119501911,1877.78068183,292.12890625,75.3307469247447
7960,,Existing,095-10-09-02.12-3500,379222.69,1493299.43,1192.41,0,0, ,178.680586376,1192.40506593,185.50390625,70.4751579270728
7961,,Existing,095-10-09-02.12-3600,379282.42,1493300.3,1652.6,0,0, ,185.974225828,1652.59139345,257.1015625,73.3663473957173
7962,,Existing,095-10-09-02.12-3700,379332.48,1493299.58,1343.55,0,0, ,159.14162615,1343.55029523,209.02734375,62.788008332325
7963,,Existing,095-10-09-02.12-3800,379406.24,1493307.7,862.11,0,0, ,117.657758829,862.118087048,134.12109375,46.4017542170342
7964,,Existing,095-10-09-02.44-8500,380403.88,1489577.98,1934,0,0, ,189.962570634,1933.99259358,300.76953125,74.9337888407111
7965,,Existing,095-10-09-02.44-8400,380437.95,1489651.76,330.8,0,0, ,74.3705861643,330.799069332,51.4453125,29.3172887302232
7966,,Existing,095-10-09-02.44-8300,380438.79,1489634.21,408.76,0,0, ,81.089076668,408.756054726,63.57421875,31.9743661289953
7967,,Existing,095-10-09-02.44-11800,379842.51,1490266.76,265.35,0,0, ,67.3701002949,265.34720386,41.265625,26.582956982334
7968,,New,095-10-09-02.44-12200,379920.09,1490259.37,1107.08,0,0, ,134.77669347,1107.07415977,172.18359375,53.1362995214951
7969,,Existing,095-10-09-02.44-12800,379912.12,1490090.4,677.25,0,0, ,120.130038275,677.254450199,105.3359375,47.3671531033544
7970,,Existing,095-10-09-02.44-12800,379916.46,1489977.26,1769.78,0,0, ,195.491454095,1769.76947344,275.25390625,77.1075941908319
7971,,Existing,095-10-09-02.44-13400,380006.02,1489816.21,6616.18,0,0, ,388.368142504,6616.169684,1029.00390625,153.164645995008
7972,,Existing,095-10-09-02.44-14301,379908.38,1489693.2,393.01,0,0, ,79.4019402321,393.001598292,61.12109375,31.3106649364548
7973,,Existing,095-10-09-02.44-14301,379907.61,1489676.63,270.72,0,0, ,68.4464931613,270.71551047,42.1015625,26.9783923051074
7974,,Existing,095-10-09-02.44-14200,379929.51,1489589.25,6602.99,0,0, ,419.063348345,6602.99037804,1026.9375,165.387303696724
7975,,Existing,095-10-09-02.44-9900,380228.26,1490083.8,284.55,0,0, ,68.319250638,284.549787144,44.25390625,26.952003728258
7976,,Existing,095-10-09-02.44-10600,380421.89,1490240.89,2052.79,0,0, ,204.120583754,2052.79757975,319.26953125,80.5371329220341
7977,,Existing,095-10-09-02.44-12200,380011.33,1490258.13,2233.57,0,0, ,210.051336709,2233.56481703,347.39453125,82.7953902627889
7978,,Existing,095-10-09-02.44-12300,379988.82,1490217.42,3558.06,0,0, ,366.46099952,3558.05533039,553.3984375,144.455679576244
7979,,Existing,095-10-09-02.44-12500,380009.51,1490137.79,2133.86,0,0, ,234.660700172,2133.85691031,331.875,92.4728989588279
7980,,Existing,095-10-09-02.44-3100,380516.37,1489988.86,2026.14,0,0, ,214.512101213,2026.14317362,315.14453125,84.6487868894855
7981,,PossiblyChanged,095-10-09-02.44-1200,380535.58,1490238.22,2650.68,0,0, ,231.586273407,2650.68770969,412.265625,91.3429203717272
7982,,Existing,095-10-09-02.44-8600,380340.01,1489587.57,3376.77,0,0, ,295.33737187,3376.76701628,525.171875,116.484856713545
7983,,Existing,095-10-09-02.44-9400,380411.6,1489812.24,10660.58,0,0, ,487.313256458,10660.5951566,1658.03515625,192.273868783218
7984,,Changed,095-10-09-02.44-9100,380212.03,1489753.35,4315.82,2672.21,61.51, ,374.031689799,4315.8342046,671.25,147.429345706565
7985,,Changed,095-10-09-02.44-9700,380361.99,1489985.82,1648.69,1291.69,27.64, ,189.74158873,1648.69450252,256.421875,74.8907305688448
7986,,Existing,095-10-09-02.44-11800,379862.67,1490249.59,580.14,0,0, ,96.5198829156,580.138913207,90.23046875,38.0608784556359
7987,,Existing,095-10-09-02.44-12900,379831.76,1490015.94,10305.55,0,0, ,463.801042456,10305.5539471,1602.84375,182.956210327605
7988,,Existing,095-10-09-01.33-6000,381733.49,1489663.03,478.53,0,0, ,87.5867279147,478.537746695,74.42578125,34.5446443904455
7989,,Existing,095-10-09-01.33-6100,381622.68,1489700.14,814.49,0,0, ,121.522494971,814.486197936,126.66796875,47.9319081482825
7990,,Existing,095-10-09-01.33-6400,381675.67,1489765.71,1256.29,0,0, ,152.384810922,1256.29724825,195.38671875,60.0587640172633
7991,,Existing,095-10-09-01.33-6600,381825.66,1489766.24,698.45,0,0, ,105.748301697,698.439389095,108.62890625,41.7019411947166
7992,,Existing,095-10-09-01.33-6500,381782.4,1489757.53,723.91,0,0, ,107.663826667,723.904255313,112.59375,42.4619376105386
7993,,Existing,095-10-09-01.33-5700,381887.07,1489691.48,987.11,0,0, ,129.771194717,987.112722347,153.5234375,51.1522729312563
7994,,Existing,095-10-09-01.33-6700,381881.95,1489801.3,465.43,0,0, ,86.2996961698,465.431800107,72.390625,34.0335276716393
7995,,Existing,095-10-09-01.33-6700,381896.46,1489855.61,1668.21,0,0, ,186.466241941,1668.21581634,259.4609375,73.5629254777083
7996,,Existing,095-10-09-01.33-2400,382053.73,1489817.82,512.27,0,0, ,90.5580912029,512.264600197,79.671875,35.7119307124672
7997,,Existing,095-10-09-01.33-2600,382171.74,1489798.13,803.75,0,0, ,114.39880565,803.750133671,125.00390625,45.1276568919852
7998,,Existing,095-10-09-01.33-3200,382112.66,1489678.13,225.13,0,0, ,60.190168336,225.128718514,35.015625,23.7408346350587
7999,,Existing,095-10-09-01.33-2100,382082.96,1490013.18,1945.52,0,0, ,218.458540926,1945.53700468,302.59765625,86.1997696103154
8000,,Existing,095-10-09-01.33-2000,382126.45,1490000.18,1714.31,0,0, ,188.517106509,1714.30570998,266.625,74.3743593839907
8001,,Existing,095-10-09-01.33-1900,382176.46,1490010.92,2385.54,0,0, ,236.533155519,2385.53193524,371.0234375,93.3418540681011
8002,,Existing,095-10-09-01.33-1800,382223.2,1489997.7,1120.78,0,0, ,142.906639029,1120.77281011,174.3125,56.3758374449653
8003,,Existing,095-10-09-01.33-900,382006.79,1490160.31,980.18,0,0, ,129.829256008,980.178130412,152.44921875,51.1990950667436
8004,,Existing,095-10-09-01.33-800,382008.13,1490248.69,1550.58,0,0, ,166.706279615,1550.58371524,241.171875,65.7739557479524
8005,,Existing,095-10-09-01.33-1100,382048.57,1490254.73,1540.69,0,0, ,173.597497915,1540.69022998,239.640625,68.487644522422
8006,,Existing,095-10-09-01.33-1300,382127.07,1490260.27,1102.26,0,0, ,139.510860655,1102.25462908,171.4375,55.0283825154565
8007,,Existing,095-10-09-01.33-1300,382120.98,1490227.73,283.02,0,0, ,68.8322001674,283.018842285,44.01953125,27.1344741340178
8008,,Existing,095-10-09-01.33-1400,382181.75,1490259.9,1388.75,0,0, ,162.115968056,1388.76538942,216,63.9736152933013
8009,,Existing,095-10-09-01.33-2400,382024.18,1489854.33,2016.61,0,0, ,200.42302464,2016.61759729,313.63671875,79.0588568721953
8010,,Existing,095-10-09-01.33-2500,382121.65,1489854.93,1905.56,0,0, ,221.684039937,1905.56216483,296.37890625,87.4596570768005
8011,,Existing,095-10-09-01.33-2600,382183.18,1489863.81,1958.26,0,0, ,186.99688436,1958.25958424,304.57421875,73.7731741927547
8012,,Existing,095-10-09-01.33-2700,382223.54,1489844.35,2849.69,0,0, ,297.48038742,2849.6887073,443.21484375,117.378912635111
8013,,Existing,095-10-09-01.33-2500,382125.36,1489750.11,478.28,0,0, ,87.9192684386,478.276494236,74.38671875,34.6658716608632
8014,,Existing,095-10-09-01.33-3100,382180.83,1489601.53,1700.13,0,0, ,171.869100874,1700.13040806,264.41796875,67.8116814673392
8015,,Existing,095-11-09-35.33-600,376368.18,1495659.23,2833.3,0,0, ,243.94698852,2833.30174122,440.859375,96.2028278551001
8016,,Existing,095-11-09-35.33-500,376464.18,1495660.64,2595.36,0,0, ,223.291247497,2595.36710142,403.8359375,88.045073171474
8017,,Existing,095-11-09-35.33-3700,375887.94,1495398.21,181.39,0,0, ,55.4035602457,181.388629401,28.22265625,21.8646564307445
8018,,Existing,095-11-09-35.33-3400,376138.57,1495404.07,933.3,0,0, ,133.461627603,933.299058105,145.21875,52.6162780946951
8019,,Existing,095-11-09-35.33-1600,375859.13,1495501.87,2472.9,0,0, ,231.800443076,2472.90128652,384.77734375,91.415143264863
8020,,Existing,095-11-09-35.33-1700,375943.46,1495495.31,3031.79,0,0, ,250.039678273,3031.80245874,471.7421875,98.6214614056877
8021,,Existing,095-11-09-35.33-1800,376037.41,1495501.22,2835.16,0,0, ,256.145391455,2835.1616037,441.15234375,101.017145681609
8022,,Existing,095-11-09-35.33-1900,376126.6,1495505.88,2528.12,0,0, ,218.000655736,2528.12880686,393.375,85.9598307527187
8023,,Existing,095-11-09-35.33-2000,376272,1495502.87,2680.47,0,0, ,239.528388628,2680.4666451,417.0703125,94.4429352847608
8024,,Existing,095-11-09-35.33-2100,376361.06,1495506.59,2408.92,0,0, ,227.490138785,2408.91183779,374.82421875,89.710133014427
8025,,Existing,095-11-09-35.33-2200,376450.04,1495508.66,2534.47,0,0, ,224.740909261,2534.47320462,394.36328125,88.6199811037639
8026,,Existing,095-11-09-35.33-3600,375951.68,1495332.68,2634.06,0,0, ,235.243092388,2634.0747856,409.8515625,92.7672623790929
8027,,Existing,095-11-09-35.33-3500,376039.98,1495332.7,2492.17,0,0, ,221.591391325,2492.16853745,387.76953125,87.3575730142712
8028,,Existing,095-11-09-35.33-3200,376361.47,1495336,2339.7,0,0, ,214.906300337,2339.69631513,364.05078125,84.7188946098488
8029,,Existing,095-11-09-35.33-3100,376450.78,1495338,2465.52,0,0, ,225.797106181,2465.51768049,383.63671875,89.0349061192831
8030,,Existing,095-11-09-35.32-2900,376094.23,1496063.78,1838.64,0,0, ,181.374110468,1838.63676943,286.10546875,71.529794744778
8031,,Existing,095-11-09-35.32-1001,376444.28,1495804.37,3341.38,0,0, ,296.735388704,3341.36830409,519.921875,117.070150683381
8032,,Existing,095-11-09-35.33-800,376125.6,1495654.37,2610.09,0,0, ,228.444894664,2610.08889486,406.13671875,90.0871299981299
8033,,Existing,095-11-09-35.33-3800,375768.8,1495325.78,2336.8,0,0, ,210.205421276,2336.80850923,363.60546875,82.8679977115417
8034,,Existing,095-11-09-35.33-1500,375768.4,1495500.7,2450.41,0,0, ,218.649168998,2450.43009555,381.28125,86.2188587248609
8035,,Changed,095-11-09-35.33-3700,375863.06,1495330.47,2729.84,2702.55,1.01, ,248.59333111,2729.83059221,424.73828125,98.0378689492064
8036,,Changed,095-11-09-35.32-100,375700.79,1496767.52,945.71,777.82,21.58, ,154.309842233,945.723717532,147.16796875,60.8277565197316
8037,,Existing,095-11-09-35.32-100,375671.35,1496471.04,164.24,0,0, ,51.2773628337,164.239765646,25.5546875,20.2266849287045
8038,,Changed,095-11-09-35.32-100,375878.35,1496271.98,774.08,1107.4,-30.1, ,151.605128871,774.082447056,120.45703125,59.8856023851452
8039,,Changed,095-11-09-35.32-100,375958.81,1496272.21,954.28,1195.57,-20.18, ,173.259843305,954.284632423,148.5,68.4031172614083
8040,,Changed,095-11-09-35.32-100,376037.77,1496262.88,954.55,1161.09,-17.79, ,164.759969177,954.546657083,148.53515625,65.0794627619954
8041,,Changed,095-11-09-35.32-100,376080.35,1496262.98,1131.17,1318.86,-14.23, ,183.42999583,1131.17350191,176.02734375,72.4268891462756
8042,,Changed,095-11-09-35.32-100,376161.02,1496294.34,1216.24,1070.93,13.57, ,186.53322931,1216.24358639,189.25390625,73.5896288256555
8043,,Changed,095-11-09-35.32-100,375837.97,1496446.72,181.92,108.15,68.21, ,68.2866088301,181.916850963,28.296875,26.9451303048599
8044,,New,095-11-09-35.32-100,375861.43,1496469.74,937.19,0,0, ,162.967502236,937.19207118,145.83203125,64.3715218998338
8045,,New,095-11-09-35.32-100,376034.16,1496469.42,1438.75,0,0, ,207.893883309,1438.74534716,223.87890625,82.0914742652642
8046,,Changed,095-11-09-35.32-100,376075.53,1496475.47,1339.24,1391.81,-3.78, ,197.935689002,1339.23954079,208.3984375,78.1613432270217
8047,,Existing,095-11-09-35.32-100,375798.41,1496636.72,202.28,0,0, ,57.7266707491,202.279136767,31.48046875,22.7641220484883
8048,,New,095-11-09-35.32-100,375899.12,1496608.44,181.81,0,0, ,55.738775313,181.811498794,28.29296875,21.9988378700755
8049,,New,095-11-09-35.32-100,376044.22,1496587.53,908.63,0,0, ,161.215770661,908.641498179,141.3984375,63.6807888800974
8050,,Existing,095-11-09-35.32-100,375880.28,1496781.82,1146.34,0,0, ,186.709934455,1146.33611244,178.3828125,73.7276033873429
8051,,New,095-11-09-35.32-100,375962.81,1496778.79,956.46,0,0, ,169.513889797,956.463593247,148.83984375,66.9328923518051
8052,,Existing,095-11-09-35.32-100,375996.63,1496864.62,1242.72,0,0, ,196.236663155,1242.74203545,193.3828125,77.4718374353413
8053,,PossiblyChanged,095-11-09-35.32-100,376013.07,1496847.08,248.01,0,0, ,63.0282688749,248.006928375,38.59765625,24.8651276782426
8054,,Changed,095-11-09-35.32-100,376172.23,1496886.51,1012.45,1016.55,-0.4, ,171.687541018,1012.4479823,157.5546875,67.6774089054207
8055,,Existing,095-11-09-35.32-100,376170.77,1496508.89,1022.9,0,0, ,166.011873524,1022.89470674,159.16796875,65.403996792291
8056,,New,095-11-09-35.32-5000,376295.41,1496655.85,1817.96,0,0, ,188.195787547,1817.94834291,282.90234375,74.2435747526554
8057,,New,095-11-09-35.32-4900,376293.43,1496588.54,1789.36,0,0, ,185.738410448,1789.35455089,278.44140625,73.2774753277698
8058,,PossiblyChanged,095-11-09-35.32-100,376173.13,1496747.01,949.2,0,0, ,162.328044275,949.198753761,147.7109375,63.951321128118
8059,,Changed,095-11-09-35.32-100,375913.1,1496869.86,901.42,665.51,35.45, ,142.730735251,901.417654491,140.2734375,56.3487160551186
8060,,Changed,095-11-09-35.32-100,376075.69,1496858.43,947.45,869.15,9.01, ,163.502319647,947.448909172,147.4375,64.5838976541017
8061,,Changed,095-11-09-35.32-100,375915.67,1496581.96,1278.32,903.94,41.42, ,185.806247622,1278.31781036,198.921875,73.3450543702772
8062,,Existing,095-11-09-35.32-2600,376285.88,1496789.73,2025.16,0,0, ,200.392976016,2025.1516402,315.140625,79.0619335693691
8063,,Existing,095-11-09-35.32-100,375696.07,1496609.73,1120.81,0,0, ,182.667790756,1120.81684929,174.41015625,71.9891255388569
8064,,Existing,095-11-09-35.32-100,375694.87,1496529.46,832.07,0,0, ,153.439854884,832.062016624,129.48046875,60.4623145663758
8065,,Existing,095-11-09-35.32-100,375710.17,1496268.47,2091.16,0,0, ,206.617085882,2091.1566839,325.40625,81.4575146217296
8066,,Existing,095-11-09-35.32-100,375770.19,1496267.92,562.66,0,0, ,118.189101571,562.664025955,87.55859375,46.6780765631488
8067,,Existing,095-11-09-35.32-100,375836.79,1496268.93,999.99,0,0, ,165.560924888,999.984508003,155.60546875,65.393796984299
8068,,Existing,095-11-09-35.32-100,376151.07,1496263.58,982.21,0,0, ,171.042711925,982.208275341,152.83984375,67.4520282150607
8069,,Existing,095-11-09-35.32-100,375835.32,1496384.74,775.4,0,0, ,154.137247758,775.414875992,120.66015625,60.887200852583
8070,,Existing,095-11-09-35.32-100,375876.7,1496389.52,935.56,0,0, ,162.094966247,935.561340505,145.578125,64.0265371230472
8071,,Existing,095-11-09-35.32-100,375960.19,1496389.35,721.65,0,0, ,140.249743828,721.637718016,112.296875,55.3963575200841
8072,,Existing,095-11-09-35.32-100,376001.62,1496375.7,747.7,0,0, ,142.452824083,747.703548725,116.33984375,56.2374976545191
8073,,Existing,095-11-09-35.32-100,376038.12,1496384.62,1299.88,0,0, ,167.896976392,1299.88472814,202.26953125,66.2802430043126
8074,,Existing,095-11-09-35.32-100,376073.14,1496384.44,728.13,0,0, ,142.624309837,728.126495294,113.30859375,56.3384416367901
8075,,Existing,095-11-09-35.33-4600,376279.12,1495178.85,3155.61,0,0, ,251.642668325,3155.61746247,490.99609375,99.2225583112245
8076,,Existing,095-11-09-35.33-4700,376404.59,1495114.48,250.28,0,0, ,64.0521191498,250.277752993,38.9453125,25.257774719031
8077,,Existing,095-11-09-35.33-4700,376373.03,1495188.31,1767.52,0,0, ,176.490419275,1767.53314051,275.01953125,69.5920990609156
8078,,Existing,095-11-09-35.33-4800,376473.82,1495182.03,3111.72,0,0, ,271.110393389,3111.72844069,484.17578125,106.940287637829
8079,,Existing,095-11-09-35.33-6500,375778.81,1494995.98,1898.49,0,0, ,184.133641727,1898.50059299,295.390625,72.6038534720498
8080,,Existing,095-11-09-35.33-6300,375958.74,1494997.72,2059.65,0,0, ,188.367894713,2059.65570931,320.46875,74.2700020057146
8081,,Existing,095-11-09-35.33-6200,376050.07,1495000.42,2368.41,0,0, ,213.33395295,2368.39742674,368.5078125,84.1167929290671
8082,,Existing,095-11-09-35.33-6100,376131.7,1494997.71,1807.79,0,0, ,182.842365897,1807.80559175,281.28515625,72.0924356973843
8083,,Existing,095-11-09-35.33-6000,376267.42,1495002.53,2234.36,0,0, ,201.850203873,2234.36599728,347.65625,79.5808936444741
8084,,Existing,095-11-09-35.33-5900,376345.04,1495017.38,3176.35,0,0, ,268.919102603,3176.35626746,494.22265625,106.090964675416
8085,,Existing,095-11-09-35.33-5800,376436.2,1495007.88,1849.82,0,0, ,194.070052093,1849.81675509,287.81640625,76.5384331038494
8086,,Existing,095-11-09-35.33-7000,375878.79,1494849.48,2507.31,0,0, ,230.193237229,2507.32336409,390.10546875,90.7799531002376
8087,,Existing,095-11-09-35.33-7100,375973.05,1494853,2204.82,0,0, ,203.147661981,2204.83007253,343.046875,80.0882095986571
8088,,Existing,095-11-09-35.33-7200,376077.47,1494852.03,787.18,0,0, ,112.619074883,787.175806969,122.47265625,44.4151973003968
8089,,Existing,095-11-09-35.33-7200,376131.27,1494865.49,2057.02,0,0, ,201.008499552,2057.0313279,320.05078125,79.3101163454113
8090,,Existing,095-11-09-35.33-8900,376134.34,1494707.44,1759.37,0,0, ,180.571033483,1759.36381796,273.734375,71.2532596773158
8091,,Existing,095-11-09-35.33-8800,376135.99,1494631.02,1841.94,0,0, ,186.985487128,1841.939342,286.58984375,73.7867419029973
8092,,Existing,095-11-09-35.33-9000,375974.62,1494646.08,2537.26,0,0, ,227.072248186,2537.26342764,394.7734375,89.5410239357241
8093,,Existing,095-11-09-35.33-9100,375881.31,1494645.26,2346.65,0,0, ,234.559464786,2346.64934327,365.109375,92.5049490283092
8094,,Existing,095-11-09-35.33-7100,376001.55,1494756.78,163.79,0,0, ,51.4375611693,163.789509305,25.48828125,20.2934681383774
8095,,Existing,095-11-09-35.33-9000,375937.06,1494732.87,203.81,0,0, ,57.1831352878,203.811804881,31.7109375,22.5581659758929
8096,,Existing,095-11-09-35.33-7500,376284.36,1494790.89,1824.03,0,0, ,184.083262654,1824.03120684,283.796875,72.6423702029485
8097,,Existing,095-11-09-35.33-8600,376295.61,1494712,2668.53,0,0, ,237.254294342,2668.5265933,415.19921875,93.6055885034334
8098,,Existing,095-11-09-35.33-7600,376425.5,1494853.32,1885.59,0,0, ,188.726134778,1885.60090963,293.3828125,74.4116941429441
8099,,Existing,095-11-09-35.33-4600,376307.28,1495129.68,292.72,0,0, ,69.9455519074,292.723946624,45.54296875,27.5788844746476
8100,,Existing,095-11-09-35.33-4300,375952.82,1495183.57,2597.46,0,0, ,224.183368887,2597.47298967,404.15625,88.3824427919972
8101,,Existing,095-11-09-35.33-8700,376289.81,1494634.54,1945.57,0,0, ,191.266735508,1945.57136705,302.70703125,75.4719574905326
8102,,Existing,095-11-09-35.33-7400,376283.64,1494867.87,2043.45,0,0, ,193.765152109,2043.46063819,317.94140625,76.4644975500689
8103,,Existing,095-11-09-35.33-9700,375872.04,1494482.02,2182.1,0,0, ,210.348848977,2182.0950893,339.50390625,82.9635797638987
8104,,Existing,095-11-09-35.33-9800,375966.97,1494484.84,2455.94,0,0, ,228.870233553,2455.94204507,382.109375,90.2537050958758
8105,,Existing,095-11-09-35.33-9900,376056.63,1494488.65,1805.25,0,0, ,179.607527271,1805.23483886,280.86328125,70.815816662453
8106,,Existing,095-11-09-35.32-400,375733.02,1495825.04,338.51,0,0, ,81.0660997124,407.741417923,63.44921875,31.9832591892532
8107,,Existing,095-11-09-35.32-500,375729.45,1495790.29,552.12,0,0, ,97.8578585722,509.77377804,79.32421875,38.625380095658
8108,,New,095-11-09-35.33-700,376306.34,1495727.53,249.24,0,0, ,63.8224525041,249.235416705,38.78125,25.1829801698356
8109,,Changed,095-11-09-35.33-700,376276.63,1495658.46,2765.01,2624.62,5.35, ,235.373408065,2765.01081576,430.23828125,92.8507636862843
8110,,New,095-11-09-35.33-1500,375793.32,1495434.28,701.89,0,0, ,106.028645453,701.891941997,109.2109375,41.826707874071
8111,,Existing,095-11-09-35.33-1600,375874.47,1495424.66,151.01,0,0, ,49.3133156077,151.009136867,23.49609375,19.4489502836646
8112,,Existing,095-11-09-35.33-1900,376093.37,1495428.87,163.82,0,0, ,53.0942237603,163.823886922,25.48828125,20.932349166004
8113,,New,095-11-09-35.33-2200,376416.06,1495431.03,198.33,0,0, ,62.7398106206,198.333802649,30.859375,24.73021164913
8114,,PossiblyChanged,095-11-09-35.33-3400,376124.9,1495335.08,2483.8,0,0, ,243.960141361,2483.80296418,386.46875,96.2035729808235
8115,,Changed,095-11-09-35.33-3300,376268.73,1495349.3,5022.14,4670.34,7.53, ,372.787913626,5022.15574476,781.421875,147.057718015068
8116,,New,095-11-09-35.32-2800,376321.47,1496009.35,190.57,0,0, ,58.2321503877,190.572135001,29.65625,22.9852558997881
8117,,Existing,095-11-09-35.32-3000,375873.89,1495914.62,192.16,0,0, ,56.6888299027,192.156770062,29.90625,22.352742709392
8118,,Existing,095-11-09-35.33-900,376038.21,1495655.57,3066.51,0,0, ,251.905337397,3066.51218513,477.14453125,99.3559142546935
8119,,Existing,095-11-09-35.32-2900,376148.99,1496067.26,438.34,0,0, ,88.1142955707,438.340673337,68.20703125,34.7800866804265
8120,,Existing,095-11-09-35.32-2800,376387.24,1495964.39,4162.65,0,0, ,356.195045486,4162.65793291,647.7265625,140.38784572965
8121,,Existing,095-11-09-35.32-2800,376538.96,1495965.37,4117.26,0,0, ,352.581240295,4117.27595633,640.67578125,138.964035956329
8122,,Existing,095-11-09-35.32-1001,376353.04,1495803.57,3326.71,0,0, ,295.144527704,3326.71845482,517.64453125,116.444742097452
8123,,Existing,095-11-09-35.33-1200,375760.72,1495649.37,2354.88,0,0, ,214.501450201,2354.87225325,366.421875,84.5791217340322
8124,,Existing,095-11-09-35.33-1100,375852.61,1495652.06,2649.87,0,0, ,243.316089539,2649.87121442,412.31640625,95.9650097844495
8125,,Existing,095-11-09-35.33-1000,375944.31,1495648.98,2004.53,0,0, ,190.936197592,2004.52422163,311.90625,75.2873585598011
8126,,Existing,095-11-09-35.33-800,376155.99,1495720.99,640.98,0,0, ,101.289302651,640.981950589,99.7421875,39.9534025951166
8127,,Existing,095-11-09-35.32-100,376168.56,1496393.94,698.82,0,0, ,138.534115046,698.814602999,108.73828125,54.5773113581208
8128,,Existing,095-11-09-35.32-100,375791.06,1496471.85,1104.6,0,0, ,183.633983569,1104.61531466,171.88671875,72.5103317870481
8129,,Existing,095-11-09-35.32-100,375820.85,1496472.81,983.13,0,0, ,165.781233648,983.133332386,152.984375,65.4825787717241
8130,,Existing,095-11-09-35.32-100,375988.44,1496476.73,746.37,0,0, ,135.504158122,746.365357208,116.14453125,53.5165749913634
8131,,Existing,095-11-09-35.32-100,375794.33,1496588.66,1037.49,0,0, ,176.38172647,1037.50245638,161.44921875,69.6740508516094
8132,,Existing,095-11-09-35.32-100,375962.28,1496583.31,685.25,0,0, ,138.711105562,685.248032881,106.62890625,54.7904522922446
8133,,Existing,095-11-09-35.32-100,375796.9,1496677.63,1091.77,0,0, ,167.902720058,1091.78220797,169.890625,66.3161237917103
8134,,Existing,095-11-09-35.32-100,375826.15,1496676.4,928.76,0,0, ,165.00233599,928.7721888,144.53125,65.177975550953
8135,,Existing,095-11-09-35.32-100,375953.18,1496666.83,1032.85,0,0, ,177.676434841,1032.84980165,160.71875,70.1689354172016
8136,,Existing,095-11-09-35.32-100,376038.01,1496671.51,1084.61,0,0, ,184.200760062,1084.60977533,168.78515625,72.7369981522298
8137,,Existing,095-11-09-35.32-100,375797.04,1496794.64,853.98,0,0, ,164.551380094,854.00093098,132.90234375,64.9871754802751
8138,,Existing,095-11-09-35.32-100,375922.01,1496780.37,735.26,0,0, ,136.227413096,735.257223305,114.41796875,53.8043335068133
8139,,Existing,095-11-09-35.32-100,376005.66,1496782.64,1048.67,0,0, ,184.623182706,1048.68216261,163.19140625,72.9036842425322
8140,,Existing,095-11-09-35.32-100,376047.89,1496784.13,1005.13,0,0, ,170.043375005,1005.128818,156.41015625,67.1685295300819
8141,,Existing,095-11-09-35.32-100,375795.56,1496869.24,580.25,0,0, ,120.303590186,580.264016913,90.29296875,47.514605908491
8142,,Existing,095-11-09-35.32-100,375825.54,1496864.53,995.26,0,0, ,167.574627428,995.258342943,154.875,66.1923588545737
8143,,Existing,095-11-09-35.32-100,375953.43,1496861.26,1073.1,0,0, ,182.229901668,1073.09233352,166.98828125,71.9604244081792
8144,,Existing,095-11-09-35.32-100,375967.56,1496836.53,203.2,0,0, ,60.3103519636,203.208481034,31.625,23.8042201031773
8145,,Existing,095-11-09-35.32-100,376035.21,1496866.03,681.28,0,0, ,139.537871369,681.289016757,106.015625,55.118500173502
8146,,Existing,095-11-09-35.32-100,376174.08,1496786.29,1080.04,0,0, ,169.055156195,1080.04496816,168.0703125,66.6046005486679
8147,,Existing,095-11-09-35.32-2800,376296.46,1496297.61,4206.6,0,0, ,356.130028408,4206.60424221,654.58203125,140.588669740774
8148,,New,095-10-09-11.31-2813,377457.05,1485769.14,3124.63,0,0, ,222.291873306,2466.81061473,383.54296875,87.7149926235013
8149,,New,095-10-09-11.31-2812,377476.29,1485736.2,159.53,0,0, ,50.5818129024,159.526064193,24.80859375,19.9429866121809
8150,,New,095-10-09-11.31-2812,377452.57,1485672.71,2649.37,0,0, ,281.192459826,2907.72300705,452.08984375,110.889623715834
8151,,New,095-10-09-11.31-2811,377356.28,1485466.19,2173.77,0,0, ,201.816447909,2173.77698032,337.96875,79.5166291684533
8152,,Existing,095-10-09-11.31-1500,377763.43,1485889.05,181.34,0,0, ,55.2038050588,181.339492386,28.1953125,21.7771351329916
8153,,New,095-10-09-11.31-1200,377999.03,1485893.88,682.5,0,0, ,105.435197905,682.496755567,106.11328125,41.5632949716713
8154,,Changed,095-10-09-11.31-1900,377796.12,1486083.74,1684.79,1581.06,6.56, ,181.73219999,1684.80029466,261.96484375,71.6379296674065
8155,,PossiblyChanged,095-10-09-11.31-2700,377738.81,1486212.44,319.76,0,0, ,76.6422867756,319.750935283,49.71484375,30.243122820505
8156,,Existing,095-10-09-11.31-2814,377455.33,1485867.08,1362.88,0,0, ,153.537750661,1362.89404668,211.90234375,60.5341538438541
8157,,Existing,095-10-09-11.31-1700,377647.77,1485956.39,1925.65,0,0, ,188.523187205,1925.66008482,299.40625,74.3039861364493
8158,,Existing,095-10-09-11.31-1600,377726.13,1485959.63,1496.33,0,0, ,166.096759952,1496.33225022,232.65234375,65.4882709346061
8159,,Existing,095-10-09-11.31-1500,377786.2,1485933.5,1873.32,0,0, ,195.280812405,1873.33318688,291.265625,77.0002688765219
8160,,Existing,095-10-09-11.31-1500,377815.18,1485893.34,613.5,0,0, ,99.0855205266,613.500841449,95.38671875,39.0695614124866
8161,,Existing,095-10-09-11.31-1400,377865.47,1485955.63,2167.01,0,0, ,203.969740881,2167.01432178,336.92578125,80.4136756186389
8162,,Existing,095-10-09-11.31-1300,377937.26,1485957.43,1820.49,0,0, ,179.002849972,1820.48945309,283.05859375,70.5404101253054
8163,,Existing,095-10-09-11.31-1100,378075.8,1485931.27,656.04,0,0, ,102.463405436,656.035606683,102,40.4038342726475
8164,,Existing,095-10-09-11.31-1800,377688,1486083.82,1760.85,0,0, ,185.595358268,1760.83017149,273.78125,73.1203389758515
8165,,Existing,095-10-09-11.31-1900,377775.62,1486122.27,369.88,0,0, ,77.9430694909,369.883272916,57.5078125,30.7441450386581
8166,,Existing,095-10-09-11.31-2000,377866.28,1486084.06,1876.76,0,0, ,184.775099187,1876.76225721,291.80859375,72.8305047077496
8167,,Existing,095-10-09-11.31-2100,377953.02,1486095.54,2302.23,0,0, ,248.617500965,2302.22479385,357.953125,98.0204327291691
8168,,Existing,095-10-09-11.31-2101,378018.69,1486093.6,1390.83,0,0, ,153.695236253,1390.81945168,216.25390625,60.6337869640558
8169,,Existing,095-10-09-02.24-800,378014.86,1492594.33,833.18,0,0, ,124.331772981,833.178089552,129.609375,49.0244193639578
8170,,Existing,095-10-09-02.24-1200,378064.45,1492866.27,2259.32,0,0, ,196.404376751,2259.30739302,351.46875,77.4266772890411
8171,,Existing,095-10-09-02.24-1300,378044.19,1492905.73,3844.6,0,0, ,280.497052101,3844.60925874,598.08984375,110.529818125907
8172,,New,095-10-09-02.24-5701,377614.32,1492885.02,1984.35,0,0, ,193.096343915,1984.33803415,308.69140625,76.1728507471322
8173,,Unknown,095-10-09-02.21-2200,377599.72,1493616.13,988.17,0,0, ,127.969319597,988.17594818,153.73828125,50.4730167698615
8174,,Existing,095-10-09-02.21-2000,377602.13,1493484.47,1200.58,0,0, ,150.57191499,1200.59172921,186.77734375,59.3646186060992
8175,,Changed,095-10-09-02.21-1700,377636.51,1493197.92,2495.08,1931.09,29.21, ,218.8690024,2495.07114178,388.15234375,86.3221599916047
8176,,New,095-10-09-02.21-1700,377722.31,1493207.45,264.48,0,0, ,65.6678351593,264.483656477,41.1484375,25.9081478883739
8177,,Unknown,095-10-09-02.24-5800,377620.79,1493007.26,2340.04,0,0, ,240.799470913,2340.02498274,364.03125,94.8917069188527
8178,,New,095-10-09-02.21-1500,377807.21,1493218.63,176.52,0,0, ,53.1476664454,176.52511908,27.46484375,20.9631866079563
8179,,Existing,095-10-09-02.21-1300,377771.67,1493301.81,676.38,0,0, ,104.043734179,676.386611625,105.2265625,41.0362375261024
8180,,Existing,095-10-09-02.21-1300,377795.67,1493290.57,198.46,0,0, ,56.4292796998,198.458119336,30.875,22.2595560061652
8181,,Changed,095-10-09-02.21-2400,377854.9,1493392.21,746.28,641.67,16.3, ,140.30498393,746.283329586,116.1015625,55.3034505880032
8182,,Existing,095-10-09-02.21-2100,377690.97,1493518.3,918.58,0,0, ,181.565615121,918.588233261,142.89453125,71.5690335249586
8183,,New,095-10-09-02.21-2500,377794.06,1493489.02,288.06,0,0, ,68.8293266605,288.061203495,44.8125,27.15729031212
8184,,Existing,095-10-09-02.21-800,378003.52,1493438.51,1494.93,0,0, ,167.777127122,1494.9354957,232.57421875,66.1703495258593
8185,,Existing,095-10-09-02.24-1700,378014.67,1493079.76,1921.48,0,0, ,184.002584492,1921.47462229,298.921875,72.5767981927144
8186,,Changed,095-10-09-02.21-2100,377603.06,1493514.67,1363.43,2358.74,-42.2, ,165.302048315,1363.43307247,212.12109375,65.1657711442648
8187,,PossiblyChanged,095-10-09-02.24-2401,377860.46,1492811.68,1552.73,0,0, ,183.744149973,1552.7220157,241.55078125,72.4712620976868
8188,,Existing,095-10-09-02.24-2400,377878.07,1492867.38,1269.39,0,0, ,156.490602994,1269.38649786,197.48046875,61.7095369381755
8189,,Existing,095-10-09-02.24-2300,377755.64,1492910.57,229.65,0,0, ,61.1065982994,229.647937858,35.7265625,24.1078108905529
8190,,Existing,095-10-09-02.24-5700,377708.81,1492899.63,922.9,0,0, ,123.691704105,922.891980108,143.5703125,48.7682026376084
8191,,Existing,095-10-09-02.24-6200,377363.93,1492898.33,928.75,0,0, ,141.909164995,928.757026118,144.484375,55.9763063934532
8192,,Existing,095-10-09-02.24-6300,377470.66,1492827.22,1648.27,0,0, ,183.016039954,1648.262563,256.421875,72.1616188015404
8193,,Existing,095-10-09-02.24-6300,377430.94,1492798.38,960.44,0,0, ,126.17185024,960.438805802,149.41015625,49.745905282953
8194,,Existing,095-10-09-02.24-6300,377362.33,1492824.58,993.2,0,0, ,130.536370406,993.199750151,154.5078125,51.5129053543147
8195,,Existing,095-10-09-02.21-5200,377453.42,1493972.73,1879.55,0,0, ,194.053504363,1879.558593,292.42578125,76.4846037156996
8196,,Existing,095-10-09-02.21-5300,377478.17,1493917.76,1206.4,0,0, ,164.233478488,1206.39476204,187.6875,64.7440270183833
8197,,Existing,095-10-09-02.21-5500,377465.44,1493840.57,954.67,0,0, ,132.386907729,954.669104236,148.51953125,52.1995234463458
8198,,Existing,095-10-09-02.21-5600,377448.36,1493797.59,2183.75,0,0, ,215.516595872,2183.75108977,339.7421875,84.9254071015576
8199,,Existing,095-10-09-02.21-3800,377602.93,1494071.55,2768.91,0,0, ,221.371167089,2768.89371161,430.79296875,87.3249451727694
8200,,Existing,095-10-09-02.21-3700,377599.65,1494016.38,1389.52,0,0, ,160.159011625,1389.51527828,216.1796875,63.1571868032888
8201,,Existing,095-10-09-02.21-3600,377599.91,1493972.35,983.88,0,0, ,136.390869664,983.884846645,153.0703125,53.800222926032
8202,,Existing,095-10-09-02.21-3500,377600.7,1493916.3,1095.35,0,0, ,132.503739649,1095.35315042,170.4140625,52.2686772951425
8203,,Existing,095-10-09-02.21-3500,377640.64,1493917.95,711.25,0,0, ,106.789897045,711.250195124,110.66015625,42.12478386191
8204,,Existing,095-10-09-02.21-3400,377604.38,1493838.97,1188.56,0,0, ,138.81959322,1188.55692615,184.9140625,54.7426368940277
8205,,Existing,095-10-09-02.21-3400,377657.41,1493842.21,465.58,0,0, ,86.3322256719,465.577994971,72.43359375,34.0508359438446
8206,,Existing,095-10-09-02.21-3001,377650.3,1493795.52,1752.41,0,0, ,180.909303443,1752.401764,272.6328125,71.3306357318146
8207,,Existing,095-10-09-02.21-3001,377716.25,1493798.16,844.55,0,0, ,120.252914861,844.541944444,131.39453125,47.4203352059088
8208,,Existing,095-10-09-02.21-3100,377773.01,1493840.97,526.51,0,0, ,91.946028548,526.510242292,81.9140625,36.2623614566434
8209,,Existing,095-10-09-02.21-3000,377763.03,1493796.42,855.94,0,0, ,123.636235684,855.95242467,133.171875,48.7846916827278
8210,,Existing,095-10-09-02.21-2300,377717.61,1493684.41,966.46,0,0, ,126.384955122,966.457626047,150.359375,49.8681929965433
8211,,Existing,095-10-09-02.21-2300,377625.75,1493673.29,3190.18,0,0, ,293.223854286,3190.180711,496.3125,115.657165706924
8212,,Existing,095-10-09-02.21-2900,377876.16,1493659.43,1308.68,0,0, ,155.69405016,1308.6791819,203.58984375,61.3954494768623
8213,,Existing,095-10-09-02.21-600,378035.28,1493682.78,1383.77,0,0, ,158.304698272,1383.77766956,215.28125,62.4383336825249
8214,,Existing,095-10-09-02.21-3000,377871.45,1493797.45,1187.54,0,0, ,140.688775962,1187.53524839,184.75,55.4700990432196
8215,,Existing,095-10-09-02.21-3100,377878.46,1493835.7,1243.99,0,0, ,145.321645342,1243.98704514,193.53515625,57.3032649955705
8216,,Existing,095-10-09-02.21-3200,377789.45,1493893.39,209.89,0,0, ,58.3191877457,209.892520212,32.65234375,22.9979640161609
8217,,Existing,095-10-09-02.21-3300,377819.96,1493984.99,17449.18,0,0, ,530.344633041,17449.1247036,2714.73046875,209.223615325168
8218,,Existing,095-10-09-02.21-3800,377709.78,1494109.55,325.06,0,0, ,74.9130864512,325.058972302,50.5703125,29.5462300726021
8219,,Existing,095-10-09-02.21-3900,377837.83,1494196.88,1145.21,0,0, ,139.974779311,1145.21502057,178.171875,55.1834065202816
8220,,Existing,095-10-09-02.21-400,378097.81,1494012.58,2327.27,0,0, ,207.212031251,2327.26767386,362.078125,81.6722837563549
8221,,Existing,095-10-09-02.21-500,378019.66,1493802.08,1316,0,0, ,145.889341134,1316.00279818,204.73828125,57.5317531695422
8222,,PossiblyChanged,095-10-09-02.42-1200,379521.72,1491241.92,2853.56,0,0, ,265.256157696,2853.55800624,443.859375,104.551820654432
8223,,PossiblyChanged,095-10-09-02.42-1100,379566.93,1491296.52,2263.7,0,0, ,222.109768091,2263.68997859,352.109375,87.5444073540748
8224,,Existing,095-10-09-02.41-15300,379748.4,1491502.87,2588.79,0,0, ,251.134043669,2588.8048822,402.6875,98.990324283942
8225,,PossiblyChanged,095-10-09-02.41-15800,379732.09,1491764.17,2040.09,0,0, ,196.408507721,2040.08833497,317.33984375,77.4325573011776
8226,,Existing,095-10-09-02.42-900,379564.87,1491341.52,2897.01,0,0, ,270.666967553,2897.00393111,450.625,106.668964116079
8227,,Existing,095-10-09-02.42-1000,379467.05,1491341.21,887.28,0,0, ,132.228783833,887.278361688,138.0078125,52.1382161885948
8228,,Existing,095-10-09-02.42-1100,379448.52,1491307.33,575,0,0, ,96.7216999253,574.994683508,89.44140625,38.1564873093345
8229,,Existing,095-10-09-02.42-3700,379389.99,1491235.23,855.4,0,0, ,119.654084906,855.404831915,133.0546875,47.2108289073993
8230,,Existing,095-10-09-02.42-3700,379398.26,1491328.73,1901.66,0,0, ,191.579053846,1901.66293606,295.80078125,75.5982716599174
8231,,Existing,095-10-09-02.42-3800,379351.54,1491333.69,1564.51,0,0, ,165.712611736,1564.5153016,243.359375,65.3797241703178
8232,,Existing,095-10-09-02.42-3900,379311.44,1491333.39,1329.03,0,0, ,165.05914918,1329.03619921,206.73828125,65.1322733211497
8233,,Existing,095-10-09-02.42-5600,379143.57,1491272.42,961.68,0,0, ,130.024618594,961.678567565,149.58203125,51.2927677770989
8234,,Existing,095-10-09-02.42-3900,379314.32,1491233.78,280.67,0,0, ,67.8333886036,280.672647486,43.65625,26.7447942444806
8235,,Existing,095-10-09-02.42-9100,379028.18,1491442.6,1493.38,0,0, ,170.641770731,1493.38320403,232.2890625,67.3218836913576
8236,,Existing,095-10-09-02.42-9200,379070.07,1491442.01,1548.49,0,0, ,184.283639615,1548.49074752,240.8671875,72.7287590839598
8237,,Existing,095-10-09-02.42-9500,378996.9,1491605.54,601.67,0,0, ,110.797589554,601.66958385,93.5859375,43.7223385333283
8238,,Existing,095-10-09-02.42-9400,379021.25,1491601.69,278.87,0,0, ,68.0349961404,278.86995268,43.375,26.8432581028312
8239,,Existing,095-10-09-02.42-9300,379060.88,1491638.53,820.45,0,0, ,120.24981525,820.452947651,127.62109375,47.4497230628327
8240,,PossiblyChanged,095-10-09-02.42-9300,379062.03,1491715.16,1385.21,0,0, ,172.274553412,1385.20565349,215.46484375,67.9706957229527
8241,,Existing,095-10-09-02.42-4200,379420.5,1491465.3,2313.55,0,0, ,221.450344503,2313.53991685,359.8671875,87.398052276167
8242,,Existing,095-10-09-02.42-601,379474.68,1491561.15,390.68,0,0, ,79.1986604929,390.669840461,60.76953125,31.2322140900308
8243,,Existing,095-10-09-02.42-4200,379426.64,1491546.78,1191.68,0,0, ,146.767931809,1191.69041124,185.37109375,57.8863719476571
8244,,Existing,095-10-09-02.42-4100,379388.53,1491558.84,379.31,0,0, ,78.0449748588,379.307436552,59.00390625,30.7772579567187
8245,,Existing,095-10-09-02.42-4600,379315.85,1491594.41,575.59,0,0, ,96.3836081216,575.58175104,89.53125,38.0065801510638
8246,,Existing,095-10-09-02.42-300,379586.59,1491699.25,1543.88,0,0, ,166.916332826,1543.88995194,240.15234375,65.7982758782039
8247,,Existing,095-10-09-02.42-4400,379391.13,1491732.25,1143.39,0,0, ,137.880008405,1143.39383673,177.86328125,54.3922482219597
8248,,Existing,095-10-09-02.14-5100,380581.65,1492731.36,1618.3,0,0, ,183.779236408,1618.30953012,251.75390625,72.5187489186659
8249,,Existing,095-10-09-02.14-4300,380592.76,1492248.17,2023.45,0,0, ,204.270260258,2023.45296612,314.765625,80.5442143477636
8250,,Existing,095-10-09-02.14-7700,380242.44,1492750.66,1874.34,0,0, ,186.201639999,1874.34842948,291.58203125,73.468465697595
8251,,Existing,095-10-09-02.14-4600,380567.91,1492406.84,1695.75,0,0, ,184.502205277,1695.73853015,263.78515625,72.7499600338752
8252,,Existing,095-10-09-02.14-6100,380394.47,1492613.02,1936.81,0,0, ,194.134797391,1936.78618604,301.2890625,76.6183215813847
8253,,Changed,095-10-09-02.14-12700,379781.95,1492901.3,1055.14,820.34,28.62, ,142.808769487,1055.14863316,164.15234375,56.3114138133646
8254,,Changed,095-10-09-02.14-8600,379940.64,1492875.73,2516.82,2091.78,20.32, ,259.862899577,2516.83560478,391.5390625,102.518404092591
8255,,Existing,095-10-09-02.14-8700,380009.92,1492878.49,2309.25,0,0, ,216.090756956,2309.25441943,359.23046875,85.227413733708
8256,,New,095-10-09-02.14-8000,380301.73,1492864.68,363.01,0,0, ,76.3587711751,363.017884083,56.47265625,30.1136320644976
8257,,Existing,095-10-09-02.14-5800,380420.91,1492913.08,2185.93,0,0, ,224.795041678,2185.92469348,340.06640625,88.6516045450685
8258,,New,095-10-09-02.14-5900,380466.81,1492866.16,158.55,0,0, ,55.2498487318,158.553400128,24.65625,21.780633742399
8259,,Existing,095-10-09-02.14-5400,380579.89,1492923.23,2021.29,0,0, ,213.54360957,2021.27873982,314.44140625,84.2391899127822
8260,,Existing,095-10-09-02.11-1600,380570.35,1493523.89,4470.29,0,0, ,308.548710958,4470.27227784,695.4609375,121.708403926319
8261,,Changed,095-10-09-02.11-1800,380492.35,1493361.38,2091.64,1978.79,5.7, ,196.668732552,2091.63529704,325.40234375,77.5558842949146
8262,,Existing,095-10-09-02.14-5600,380517.66,1493114.69,166.98,0,0, ,51.6902125042,166.974939133,25.98046875,20.3874038371785
8263,,PossiblyChanged,095-10-09-02.11-5800,380240.94,1493256.04,210.17,0,0, ,58.9618558709,210.167072017,32.69921875,23.247602661788
8264,,Existing,095-10-09-02.14-12800,379862.45,1493039.73,2641.74,0,0, ,255.970916175,2641.74179418,410.9765625,100.933079703453
8265,,New,095-10-09-02.11-9000,379910.37,1493178.55,266.92,0,0, ,66.6343811601,266.928204951,41.5234375,26.2718985973665
8266,,New,095-10-09-02.11-8900,379915.7,1493261.32,216.71,0,0, ,59.9937344627,216.71184783,33.71484375,23.6539545917681
8267,,New,095-10-09-02.11-9100,379805.56,1493205.9,150.5,0,0, ,49.4148597449,150.494462579,23.41015625,19.4950616349274
8268,,Existing,095-10-09-02.14-7800,380151.75,1492889.12,1611.64,0,0, ,170.294635865,1611.62376714,250.71484375,67.1429375825737
8269,,Existing,095-10-09-02.14-8000,380280.59,1492885.27,1920.93,0,0, ,224.932607761,1920.91242718,298.83203125,88.7299241171193
8270,,Existing,095-10-09-02.14-8000,380277.3,1492831.14,641.25,0,0, ,101.299015899,641.255902881,99.76171875,39.9551866982425
8271,,Unknown,095-10-09-02.34-15700,377055.91,1489960.25,446.71,0,0, ,84.5470749959,446.712486391,69.4765625,33.3425445996324
8272,,New,095-10-09-02.34-15400,377206.82,1490040.54,215.58,0,0, ,67.3564010944,215.579778547,33.53125,26.589671183941
8273,,PossiblyChanged,095-10-09-02.34-15800,377062.44,1490192.27,1974.23,0,0, ,197.695106058,1974.23735582,307.07421875,78.0060411686021
8274,,Existing,095-10-09-02.34-16800,377060.2,1490327.2,2545.32,0,0, ,265.500633345,2545.31101331,395.89453125,104.7476621013
8275,,Existing,095-10-09-02.34-15200,377268.54,1489922.42,1350.79,0,0, ,158.306885526,1350.79541718,210.09765625,62.4417126737872
8276,,Existing,095-10-09-02.33-2100,376860.62,1489564.03,3768.64,0,0, ,257.208732115,3768.63046665,586.12109375,101.495868304517
8277,,Existing,095-10-09-02.34-14200,377084.73,1489538.77,2540.66,0,0, ,236.645823106,2540.65251214,395.14453125,93.3109982920691
8278,,Existing,095-10-09-02.34-14100,377148.9,1489541.21,1724.94,0,0, ,181.227984011,1724.95758585,268.28125,71.517744261099
8279,,Existing,095-10-09-02.34-13900,377226.4,1489535,1651.73,0,0, ,172.092769774,1651.73635396,256.88671875,67.8908890502976
8280,,Existing,095-10-09-02.34-13900,377224.17,1489626.61,943.97,0,0, ,123.21881533,943.97079148,146.81640625,48.5867278688195
8281,,Existing,095-10-09-02.33-300,376664.88,1490121.63,4771.69,0,0, ,346.145199415,4771.7075625,742.16015625,136.346502363575
8282,,Existing,095-10-09-02.33-300,376665.16,1489991.27,4712.48,0,0, ,345.866887121,4712.46852984,732.94140625,136.234621628276
8283,,Existing,095-10-09-02.33-300,376664.07,1489901.38,4748.26,0,0, ,347.433527783,4748.24365426,738.49609375,136.851027035678
8284,,Existing,095-10-09-02.33-2100,376948.47,1489731.71,4151.81,0,0, ,273.321008515,4151.81320787,645.72265625,107.862198320074
8285,,Existing,095-10-09-02.34-14600,377137.86,1489698.49,229.47,0,0, ,62.2436769129,229.468864825,35.69140625,24.5583968623236
8286,,Existing,095-10-09-02.34-14500,377111.28,1489697.99,706.6,0,0, ,106.328383992,706.607404422,109.8984375,41.9328993725635
8287,,Existing,095-10-09-02.34-14400,377065.91,1489788.79,2302.12,0,0, ,219.115983983,2302.11243536,358.04296875,86.4778800653451
8288,,Existing,095-10-09-02.34-14500,377107.68,1489806.57,1290.32,0,0, ,150.296442253,1290.31851487,200.67578125,59.2748916293105
8289,,Existing,095-10-09-02.34-14600,377146.14,1489806.6,749.94,0,0, ,109.589986171,749.94023619,116.6328125,43.2217935444913
8290,,Existing,095-10-09-02.34-14800,377230.73,1489716.27,1110.17,0,0, ,135.174142479,1110.16747073,172.66015625,53.3267065158868
8291,,Existing,095-10-09-02.34-14900,377266.03,1489819.23,827.47,0,0, ,128.377047455,827.47452929,128.6953125,50.6320211136328
8292,,Existing,095-10-09-02.34-15700,377060.21,1489918.19,1811.75,0,0, ,177.448183708,1811.75919292,281.78515625,70.0095770289952
8293,,Existing,095-10-09-02.34-15500,377144.87,1489924.16,1585.02,0,0, ,166.866053329,1585.03376835,246.51953125,65.8346149480412
8294,,Existing,095-10-09-02.34-15300,377234.65,1489935.71,950.04,0,0, ,154.49120901,950.037667239,147.7578125,60.9915440469438
8295,,New,095-10-09-11.31-2835,377225.04,1486178.55,2358.2,0,0, ,212.896438249,2358.19556014,366.66796875,84.0070956188755
8296,,New,095-10-09-11.31-2823,377318.24,1485930.23,2217.63,0,0, ,199.442461493,2116.60408465,329.1015625,78.7038768756327
8297,,New,095-10-09-11.31-2828,377230.78,1485604.02,2592.03,0,0, ,233.33125043,2592.03462084,403.00390625,92.0247194517927
8298,,Existing,095-10-09-11.31-2900,377064.86,1486196.21,208.5,0,0, ,76.2203199938,208.497994376,32.4140625,30.0554127108604
8299,,New,095-10-09-11.31-2801,377089.65,1486074.5,2688.29,0,0, ,240.574532628,2688.28372025,417.98046875,94.9010532356885
8300,,New,095-10-09-11.31-2801,377058.87,1486012.38,174.22,0,0, ,54.2079378956,174.22490703,27.09375,21.3847175817778
8301,,New,095-10-09-11.31-2803,377093.54,1485924.9,2315.65,0,0, ,207.264021173,2315.65451661,360.05078125,81.7732112079773
8302,,New,095-10-09-11.31-2804,377101.18,1485845.79,2427.26,0,0, ,230.509109734,2427.26745644,377.3984375,90.925092212137
8303,,New,095-10-09-11.31-2805,377094.51,1485768.72,2238.24,0,0, ,217.906897936,2238.23083442,348,85.9605176214143
8304,,New,095-10-09-11.31-2806,377089.69,1485690.8,2449.64,0,0, ,231.825384602,2310.98680855,359.31640625,91.4279785312438
8305,,Existing,095-10-09-11.31-2808,377110.9,1485534.55,2470.29,0,0, ,222.425763122,2321.22085117,360.8984375,87.7346068331694
8306,,Existing,095-10-09-11.32-400,376703.73,1486307.58,2085.94,0,0, ,224.06188783,2085.94344963,324.33984375,88.3761075629814
8307,,Existing,095-10-09-11.32-300,376806.74,1486271.15,350.06,0,0, ,76.536639422,350.06727454,54.43359375,30.1925195499373
8308,,Existing,095-10-09-11.32-300,376828.52,1486308.62,1210.43,0,0, ,158.526167199,1210.43885628,188.2109375,62.5377515039139
8309,,Existing,095-10-09-11.23-800,376683.93,1486521.57,700.02,0,0, ,117.297923158,700.019750236,108.84765625,46.2770374929746
8310,,Unknown,095-10-09-11.23-600,376782.73,1486510.31,257.29,0,0, ,67.2188129461,257.285962768,40.00390625,26.4899847113085
8311,,PossiblyChanged,095-10-09-11.23-300,377061.71,1486490.19,1474.3,0,0, ,181.402557416,1474.30711218,229.2421875,71.5126461321113
8312,,New,095-10-09-11.23-200,377174.15,1486554.87,228.69,0,0, ,67.6383161545,228.693052505,35.5546875,26.6473147589941
8313,,New,095-10-09-11.24-1600,377305.52,1486647.55,227.35,0,0, ,60.5280754153,227.350036282,35.34765625,23.8653961399249
8314,,Existing,095-10-09-11.32-100,376940.14,1486317.55,1492.56,0,0, ,168.188245721,1492.56656836,232.078125,66.3160905104068
8315,,Existing,095-10-09-11.32-100,376971.1,1486284.3,613.75,0,0, ,99.456494011,613.767403494,95.4296875,39.2242460362426
8316,,Existing,095-10-09-11.31-2900,377073.49,1486289.7,2211.65,0,0, ,254.121539019,2211.65309912,343.88671875,100.247661486146
8317,,PossiblyChanged,095-10-09-11.23-300,377080.19,1486559.52,205.53,0,0, ,62.3546138454,205.533528497,31.9609375,24.5968301547114
8318,,New,095-10-09-11.24-1601,377257.73,1486551.22,889.04,0,0, ,119.292612662,889.042365839,138.23828125,47.037845886836
8319,,Existing,095-10-09-11.24-1600,377280.51,1486664.82,1047.14,0,0, ,166.63777234,1047.13957825,162.82421875,65.6572791234303
8320,,New,095-10-09-11.24-1600,377277.02,1486703.84,944.59,0,0, ,161.627709897,944.594059113,146.875,63.6783068230617
8321,,Existing,095-10-09-11.24-1600,377274.91,1486802.81,1090.47,0,0, ,183.503991855,1090.47882286,169.5625,72.3085287124427
8322,,Existing,095-10-09-11.32-500,376628.46,1486236.11,452.03,0,0, ,85.5116471516,452.030710431,70.28125,33.7258288005067
8323,,Existing,095-10-09-11.32-500,376648.84,1486306.85,1313.75,0,0, ,171.427974287,1313.73369515,204.2734375,67.6135743459199
8324,,Existing,095-10-09-11.32-200,376885.84,1486318.04,1192.33,0,0, ,138.248411156,1192.33546711,185.39453125,54.5092814536419
8325,,Existing,095-10-09-11.23-800,376661.63,1486468.38,1640.98,0,0, ,176.517849874,1640.99128446,255.15625,69.6575701133067
8326,,Existing,095-10-09-11.23-700,376736.45,1486497.93,2653.09,0,0, ,292.711363589,2653.07845875,412.5234375,115.449936656627
8327,,Existing,095-10-09-11.23-500,376934.02,1486503.81,918.01,0,0, ,156.582780755,918.010068914,142.74609375,61.7947639077897
8328,,Existing,095-10-09-11.23-200,377169.98,1486502.83,3366.6,0,0, ,289.986559789,3366.61070125,523.4765625,114.337649216075
8329,,Existing,095-10-09-11.24-1600,377272.62,1486764.84,874.35,0,0, ,144.232269014,874.341815281,135.953125,56.8258589952747
8330,,Existing,095-10-09-11.24-1600,377325.38,1486587.14,1061.55,0,0, ,179.364662027,1061.54615048,165.05859375,70.6308327147835
8331,,Existing,095-10-09-11.32-700,376524.82,1486313.19,1671.78,0,0, ,198.477941318,1671.77469053,259.9296875,78.2665731246169
8332,,Existing,095-10-09-11.32-600,376583.32,1486304.47,1625.69,0,0, ,217.171593205,1625.69136459,252.77734375,85.6495882667375
8333,,Existing,095-10-09-11.32-200,376859.06,1486256.56,390.32,0,0, ,80.5575816631,390.314083928,60.6875,31.7777257632813
8334,,Existing,095-10-09-11.23-600,376836.81,1486481.06,2226.38,0,0, ,227.708310928,2226.37914522,346.171875,89.7169790659516
8335,,Existing,095-10-09-11.23-400,376997.06,1486494.02,1576.98,0,0, ,187.890001488,1576.97994047,245.1953125,74.0810827167466
8336,,Existing,095-10-09-11.24-1601,377283.57,1486491.9,1657.38,0,0, ,170.172410377,1657.3840295,257.703125,67.1314599049981
8337,,Existing,095-10-09-11.24-1600,377272.83,1486733.49,701.3,0,0, ,138.664791617,701.306682112,109.046875,54.6287836822314
8338,,Existing,095-10-09-11.24-1600,377319.66,1486618.21,1159.81,0,0, ,181.031622326,1159.80649587,180.33984375,71.2904991336992
8339,,New,095-10-09-11.22-1200,376912.84,1488192.75,152.29,0,0, ,50.9891531758,152.285997896,23.68359375,20.097329268395
8340,,Existing,095-10-09-11.21-2900,377229.57,1488189,83346.73,0,0, ,1575.57195276,83346.7492416,12961.1875,621.043107238216
8341,,Existing,095-10-09-11.22-1200,376932.36,1488380.33,918.35,0,0, ,127.629326331,918.342548559,142.8125,50.3623966249104
8342,,Existing,095-10-09-02.34-13701,377229.73,1489392.59,1282.85,0,0, ,172.645928746,1282.84687047,199.50390625,68.1358850390574
8343,,Changed,095-10-09-02.34-13600,377187.46,1489283.97,684.75,523.11,30.9, ,114.364641954,684.750294849,106.4921875,45.0762457611045
8344,,New,095-10-09-11.22-801,376515.91,1488960.57,2539.29,0,0, ,227.574092957,2539.28737978,394.90625,89.6938255004535
8345,,Existing,095-10-09-11.21-2500,377220.1,1488833.82,155.17,0,0, ,49.9905125595,155.164608536,24.12890625,19.7109313045897
8346,,PossiblyChanged,095-10-09-11.22-200,376929.03,1488895.81,163.1,0,0, ,57.0722417474,163.10309914,25.37109375,22.4935135712208
8347,,Existing,095-10-09-11.21-2500,377218.73,1488853.62,251.44,0,0, ,68.8089778525,251.436767393,39.1015625,27.1564954820644
8348,,Existing,095-10-09-11.22-100,376965.23,1488988.98,3487.13,0,0, ,322.523640502,3487.14306845,542.30859375,127.292463303404
8349,,Changed,095-10-09-11.22-500,376845.87,1489008.74,1856.35,1166.34,59.16, ,209.300583314,1856.35848789,288.6953125,82.5779591963044
8350,,Existing,095-10-09-02.34-13600,377184.33,1489398.08,1434.63,0,0, ,176.79090173,1434.63400254,223.125,69.7648873001536
8351,,Existing,095-10-09-02.34-13500,377147.4,1489401.63,1336.67,0,0, ,159.897530087,1336.66777415,207.88671875,63.0908181900431
8352,,Existing,095-10-09-02.34-13100,377262.17,1489230.33,682.41,0,0, ,105.834072798,682.41108256,106.1328125,41.7504509063228
8353,,Existing,095-10-09-02.34-13100,377262.17,1489146.15,1456.01,0,0, ,168.040279917,1456.00846459,226.4375,66.3017789799283
8354,,Existing,095-10-09-02.34-13000,377305.53,1489148.27,1729.8,0,0, ,179.716567916,1729.788855,269.015625,70.9274157469333
8355,,Existing,095-10-09-02.33-1400,376940.55,1489172.13,740.92,0,0, ,108.882922473,740.918802753,115.2265625,42.9386865197514
8356,,Existing,095-10-09-02.33-1400,376966.26,1489129.8,1752.2,0,0, ,188.739033432,1752.19286925,272.5,74.4451898772889
8357,,Existing,095-10-09-02.33-1300,376904.91,1489147.01,2530.13,0,0, ,225.226629955,2530.13669251,393.4921875,88.9012544857584
8358,,Existing,095-10-09-11.22-1100,376606.13,1488742.92,999.63,0,0, ,143.553668999,999.627482183,155.453125,56.5638799002291
8359,,Existing,095-10-09-11.22-1100,376600.07,1488708.91,993.3,0,0, ,153.635147388,993.315548324,154.4765625,60.51865974122
8360,,Existing,095-10-09-11.22-400,376886.12,1489004.25,1692.55,0,0, ,173.019500949,1692.54405068,263.22265625,68.2609660318509
8361,,Existing,095-10-09-11.22-200,376927.56,1489011.94,1519.61,0,0, ,158.254371038,1519.60138551,236.33203125,62.4280679311336
8362,,Existing,095-10-09-11.21-2800,377061.14,1489011.46,1680.76,0,0, ,171.435003811,1680.75046225,261.390625,67.6170918539292
8363,,Existing,095-10-09-11.22-400,376869.53,1488945.13,247.35,0,0, ,66.0638761163,247.347647974,38.46484375,26.0689172240696
8364,,Existing,095-10-09-11.22-800,376676.57,1488859.65,724.72,0,0, ,108.375720911,724.721242039,112.70703125,42.7291437598779
8365,,Existing,095-10-09-11.21-2600,377188.67,1489004.17,1816.13,0,0, ,179.287628667,1816.12067764,282.44140625,70.7420058559451
8366,,Existing,095-10-09-11.21-2500,377221.98,1489007.95,937.01,0,0, ,139.239764669,937.012885028,145.72265625,54.9407421787818
8367,,Existing,095-10-09-11.21-2400,377274.75,1488844.18,739.3,0,0, ,108.78587167,739.293281171,114.9765625,42.8986779011431
8368,,Existing,095-10-09-11.21-2700,377148.39,1488908.77,571.31,0,0, ,96.058679015,571.310835984,88.85546875,37.8742377168252
8369,,Existing,095-10-09-11.21-2700,377136.29,1489007.33,1885.74,0,0, ,198.789810191,1885.7463213,293.26953125,78.4490014636812
8370,,Existing,095-10-09-11.22-800,376649.59,1488998.24,1759.61,0,0, ,178.730903207,1759.60910966,273.65234375,70.4541076794545
8371,,Existing,095-10-09-11.22-700,376770.11,1488967.91,3456.46,0,0, ,289.229462828,3456.45563682,537.5390625,114.167078315341
8372,,Existing,095-10-09-02.34-13300,377074.04,1489148.41,3165.96,0,0, ,242.344119003,3165.95896117,492.375,95.6135368977634
8373,,Existing,095-10-09-02.34-13500,377139.09,1489307.88,637.86,0,0, ,109.820607571,637.862665425,99.19921875,43.3266050310078
8374,,Existing,095-10-09-02.34-13400,377088.92,1489401.62,1087.42,0,0, ,148.486595964,1087.41148841,169.125,58.571896093737
8375,,Existing,095-10-09-02.34-13490,377056.04,1489386.48,662.65,0,0, ,112.006208108,662.643114249,103.0546875,44.2064164037669
8376,,Existing,095-10-09-02.34-13200,377216.26,1489244.54,347.26,0,0, ,74.5612589507,347.26076729,54.01171875,29.4028589899441
8377,,Existing,095-10-09-02.34-13700,377295.56,1489386.31,2747.17,0,0, ,246.896626091,2747.16582001,427.2578125,97.3901967058996
8378,,PossiblyChanged,095-10-09-02.33-1100,376611.67,1489293.15,39268.86,0,0, ,961.370288159,39268.8843262,6107.22265625,379.365731101294
8379,,Existing,095-10-09-02.34-14700,377174.89,1489687.15,162.66,0,0, ,51.2996849382,162.655888986,25.30078125,20.2353847910375
8380,,Existing,095-10-09-02.34-15400,377191.54,1489924.57,1948.21,0,0, ,222.652406354,1948.20448911,303.01953125,87.8348440407787
8381,,Changed,095-10-09-02.34-15400,377213.68,1490003.48,496.51,200.97,147.06, ,99.9196755655,496.506104586,77.2265625,39.4312792367508
8382,,Existing,095-10-09-02.34-15200,377280.39,1489967.89,162.38,0,0, ,53.1999139762,162.386968767,25.2578125,20.9928077692669
8383,,Existing,095-10-09-02.34-16500,377226.02,1490335.62,2165.32,0,0, ,205.741058342,2165.31037473,336.796875,81.1940374291968
8384,,Existing,095-10-09-02.33-300,376555.45,1490336.13,1693.12,0,0, ,181.525639989,1693.11567912,263.34375,71.5928832686045
8385,,Changed,095-10-09-02.34-14100,377146.04,1489619.1,1369.64,819.19,67.19, ,174.624011558,1369.65043964,213.01953125,68.8990357385332
8386,,Existing,095-10-09-02.32-2800,376839.25,1490482.18,454.07,0,0, ,85.246786729,454.068039843,70.62890625,33.6209925540651
8387,,Existing,095-10-09-02.32-2800,376837.23,1490532.47,224.57,0,0, ,60.1311133206,224.573884081,34.9296875,23.7109723581384
8388,,New,095-10-09-02.32-2900,376736.93,1490477.66,715.11,0,0, ,106.997664084,715.11550698,111.23046875,42.1960173853256
8389,,New,095-10-09-02.32-3200,376595.98,1490492.55,705.75,0,0, ,106.275526402,705.747871516,109.765625,41.9145495935229
8390,,New,095-10-09-02.32-4000,376521.19,1490810.32,224.08,0,0, ,60.9482877228,224.07452145,34.85546875,24.0282604372077
8391,,Existing,095-10-09-02.32-2000,376688.36,1490952.13,1779.22,0,0, ,191.667522414,1779.20839105,276.734375,75.5721870298028
8392,,Existing,095-10-09-02.32-1900,376774.74,1490955.9,1895.96,0,0, ,193.420363173,1895.95374953,294.91015625,76.2667162165627
8393,,Existing,095-10-09-02.32-2000,376715.84,1490847.89,319.34,0,0, ,95.9090688447,319.3400424,49.66796875,37.81181082072
8394,,New,095-10-09-02.32-2400,376890.35,1490798.84,382.27,0,0, ,78.3277806378,382.265681975,59.45703125,30.8949883281449
8395,,New,095-10-09-02.32-2500,376930.09,1490784.37,1097.75,0,0, ,133.494732279,1097.74127003,170.7421875,52.6614008051562
8396,,Existing,095-10-09-02.32-2600,376972.57,1490797.63,1394.12,0,0, ,173.037221625,1394.11059824,216.84375,68.2758110129367
8397,,Changed,095-10-09-02.32-4000,376548.27,1490758.39,1335.32,546.17,144.49, ,169.99270068,1335.32001724,207.6953125,67.0928339618969
8398,,New,095-10-09-02.32-4400,376505.24,1490869.95,960.53,0,0, ,124.89040391,960.545784003,149.40625,49.2674118311816
8399,,New,095-10-09-02.32-5000,376496.31,1491092.69,154.08,0,0, ,49.8424200043,154.080240475,23.96484375,19.6540203977009
8400,,Existing,095-10-09-02.32-5200,376583.3,1491104.33,2182.47,0,0, ,212.942182056,2182.47665975,339.46875,84.0253433160817
8401,,Changed,095-10-09-02.31-10700,377062.85,1490971.44,1672.59,1504.73,11.16, ,173.320751299,1672.5817667,260.14453125,68.3680306952823
8402,,Existing,095-10-09-02.31-10600,377125.81,1490968.48,1994.68,0,0, ,199.596807407,1994.69531189,310.265625,78.7423111772069
8403,,New,095-10-09-02.31-10500,377208.14,1490953.83,3870.21,0,0, ,250.540376905,3870.19342738,601.98046875,98.8112820769051
8404,,New,095-10-09-02.31-10500,377288.04,1490958.96,2973.82,0,0, ,244.331888394,2973.81539351,462.55859375,96.3712147898811
8405,,Existing,095-10-09-02.31-9400,377062.4,1490582.07,1859.22,0,0, ,187.199093987,1859.22638529,289.1796875,73.8492406061836
8406,,Changed,095-10-09-02.32-2900,376734.75,1490576.4,1554.15,1143.08,35.96, ,172.992870361,1554.16144731,241.73828125,68.2571807291085
8407,,Changed,095-10-09-02.32-2700,376967.54,1490476.79,1348.93,1189.05,13.45, ,161.044996283,1348.93559304,209.80859375,63.5088858450878
8408,,New,095-10-09-02.32-2800,376878.67,1490469.81,154.45,0,0, ,50.4143075054,154.449279626,24.0234375,19.8883440941744
8409,,Changed,095-10-09-02.31-11000,377230.16,1491102.54,2219.6,1658.63,33.82, ,251.609329519,2219.60997837,345.2578125,99.2702382711463
8410,,Existing,095-10-09-02.32-1400,376757.9,1491103.68,2257.5,0,0, ,198.556469841,2257.51017446,351.14453125,78.3487845894077
8411,,Existing,095-10-09-02.31-10900,377127.05,1491100.67,2467.85,0,0, ,231.307946377,2467.85057288,383.8515625,91.2855611355626
8412,,Existing,095-10-09-02.32-2000,376703.93,1490873.56,695.8,0,0, ,106.023687488,695.801428401,108.22265625,41.8063446233978
8413,,Existing,095-10-09-02.33-300,376664.82,1490342.22,4758.24,0,0, ,344.919411506,4758.22957071,740.07421875,135.865454061156
8414,,Existing,095-10-09-02.34-16800,377077.92,1490431.75,1113.39,0,0, ,137.071270079,1113.39276178,173.171875,54.0432453352175
8415,,Existing,095-10-09-02.34-16600,377173.17,1490420.1,906.88,0,0, ,128.933663276,906.865735414,141.046875,50.8414198642084
8416,,Existing,095-10-09-02.32-3101,376961.8,1490432.52,368.95,0,0, ,77.1271953603,368.954750571,57.38671875,30.4122616718793
8417,,Existing,095-10-09-02.32-3000,376670.22,1490582.95,430.84,0,0, ,83.0876701868,430.849869285,67.01953125,32.7710057070615
8418,,Existing,095-10-09-02.32-2900,376708.6,1490469.79,449.81,0,0, ,84.8458829788,449.805537566,69.96484375,33.4606631251916
8419,,Existing,095-10-09-02.32-3000,376670.39,1490467.05,363.87,0,0, ,76.743515373,363.864494418,56.59765625,30.272820194343
8420,,Existing,095-10-09-02.32-3200,376599.82,1490550.22,316.38,0,0, ,71.6804577738,316.378345912,49.2109375,28.2627433483484
8421,,Existing,095-10-09-02.31-9300,377146.92,1490482.26,625.25,0,0, ,101.160223779,625.250463945,97.25,39.8838684625166
8422,,Existing,095-10-09-02.31-9400,377105.06,1490498.52,572.84,0,0, ,95.8134566769,572.839587768,89.09765625,37.7902801431653
8423,,Existing,095-10-09-02.31-9000,377272.62,1490490.21,547.53,0,0, ,94.0483636149,547.528640422,85.1640625,37.0983887917943
8424,,Existing,095-10-09-02.31-9200,377184.3,1490594.69,877.49,0,0, ,135.075914369,877.481674676,136.484375,53.2860911888356
8425,,Existing,095-10-09-02.32-3900,376487.5,1490809.36,197.34,0,0, ,57.4867164708,197.342994534,30.6953125,22.6624574663647
8426,,Existing,095-10-09-02.32-4400,376504.34,1490937.72,2059.75,0,0, ,196.43181318,2059.75330316,320.390625,77.526471691714
8427,,Existing,095-10-09-02.32-4300,376543.58,1490944.98,1475.97,0,0, ,172.271410892,1475.96408608,229.57421875,67.9854244761885
8428,,Existing,095-10-09-02.32-4200,376582.49,1490946.17,1441.11,0,0, ,163.150638279,1441.09959119,224.15625,64.3830792949397
8429,,Existing,095-10-09-02.32-2100,376664.73,1490804.33,824.56,0,0, ,118.813925797,824.578251373,128.25390625,46.8828996257225
8430,,Existing,095-10-09-02.32-2300,376847.26,1490818.99,349.25,0,0, ,77.2596854854,349.247895559,54.3203125,30.4548303455254
8431,,Existing,095-10-09-02.32-2500,376932.67,1490708.97,1798.55,0,0, ,182.37884941,1798.53762634,279.74609375,71.9549312831466
8432,,Existing,095-10-09-02.32-2400,376891.5,1490709.67,1589.96,0,0, ,193.516221081,1589.96569486,247.30078125,76.358749115791
8433,,Existing,095-10-09-02.32-2300,376850.29,1490707.43,1745.91,0,0, ,171.204945969,1745.90543207,271.5625,67.5503627581578
8434,,Existing,095-10-09-02.32-2200,376776.95,1490703.12,2356.37,0,0, ,235.826007339,2356.36633039,366.5078125,93.0198892876978
8435,,Existing,095-10-09-02.32-2200,376745.65,1490742.97,257.99,0,0, ,64.4757206205,257.993005682,40.12890625,25.4241043387205
8436,,Existing,095-10-09-02.32-2100,376675.53,1490705.23,1787.68,0,0, ,183.52521043,1787.68691178,278.05859375,72.4192139975592
8437,,Existing,095-10-09-02.32-4000,376524.59,1490705.18,1398.89,0,0, ,152.978400757,1398.90405625,217.5859375,60.3579466099445
8438,,Existing,095-11-09-35.34-2500,377036,1495420.87,255.36,0,0, ,64.0024562201,255.36307102,39.734375,25.2488704849515
8439,,Existing,095-11-09-35.34-900,376996.59,1495511.65,2075.91,0,0, ,202.360180632,2075.91786356,323.0078125,79.8298726030289
8440,,Existing,095-11-09-35.34-1000,377057.47,1495514.89,1949.54,0,0, ,193.783817622,1949.54293019,303.3515625,76.4321245330789
8441,,Existing,095-11-09-35.34-1200,377176.99,1495516.76,1779.69,0,0, ,176.894185332,1779.68931866,276.91796875,69.7560059126747
8442,,Existing,095-11-09-35.34-1300,377237.33,1495516.86,1694.93,0,0, ,172.675227929,1694.91999332,263.72265625,68.0927306836549
8443,,Existing,095-11-09-35.34-1400,377296.65,1495517.67,1708.69,0,0, ,173.072605459,1708.69547148,265.8671875,68.2494686604151
8444,,Existing,095-11-09-35.33-2900,376623.88,1495344.08,2623.3,0,0, ,227.789239263,2623.30367822,408.16796875,89.8147203615969
8445,,Existing,095-11-09-35.33-2800,376774.24,1495345.05,2797.56,0,0, ,251.100766782,2797.57671422,435.2890625,99.0353197326648
8446,,Existing,095-11-09-35.33-2700,376866,1495350.41,3112.05,0,0, ,260.373070197,3112.0495742,484.21875,102.684305584067
8447,,Existing,095-11-09-35.34-2700,376937.33,1495343.98,1629.52,0,0, ,176.812322514,1629.52981625,253.5546875,69.7372907735699
8448,,Existing,095-11-09-35.34-2600,376996.58,1495352.1,1794.11,0,0, ,180.479510293,1794.11144972,279.1484375,71.2086533565603
8449,,Existing,095-11-09-35.34-2500,377054.88,1495351.92,2228.3,0,0, ,206.123064076,2228.30575381,346.7109375,81.3197143281538
8450,,Existing,095-11-09-35.34-2400,377114.27,1495350.39,1560.24,0,0, ,175.638218462,1560.23754056,242.765625,69.2997501293876
8451,,Existing,095-11-09-35.34-2200,377234.27,1495349.95,1626.41,0,0, ,179.954980619,1626.40623401,253.05859375,70.9998461831949
8452,,Existing,095-11-09-35.32-2800,376843.8,1495968.69,4234.78,0,0, ,326.146589399,4234.7867628,658.94921875,128.514159059417
8453,,Existing,095-11-09-35.32-2800,376690.44,1495967.35,4216.88,0,0, ,327.728130589,4216.87609052,656.15625,129.136830955676
8454,,Existing,095-11-09-35.33-3000,376538.22,1495338.05,1780.53,0,0, ,178.494543409,1780.53321598,277.046875,70.3872743206923
8455,,Existing,095-11-09-35.34-2300,377176.15,1495343.73,1672.72,0,0, ,170.856194343,1672.72614218,260.2734375,67.3749898747115
8456,,Existing,095-11-09-35.34-2100,377296.31,1495343.16,1650.17,0,0, ,169.512038588,1650.17234055,256.76171875,66.8462920789688
8457,,Existing,095-11-09-35.34-700,376941.15,1495662.11,1712,0,0, ,172.897221929,1712.00257987,266.37890625,68.1821050751791
8458,,Existing,095-11-09-35.33-400,376560.53,1495659.35,2455.67,0,0, ,215.298730755,2455.67011978,382.1015625,84.8858202104016
8459,,Existing,095-11-09-35.34-400,377101.11,1495737.19,170.78,0,0, ,53.8623260522,170.782237493,26.56640625,21.2570385762221
8460,,Existing,095-11-09-35.34-500,377058.32,1495662.72,2040.99,0,0, ,208.01197985,2040.9888603,317.57421875,82.0625097069249
8461,,New,095-11-09-35.32-5500,376662.94,1496360.39,3212.41,0,0, ,232.560028268,3212.40610719,499.88671875,91.7363280246901
8462,,Existing,095-11-09-35.32-1500,376909.12,1496825.76,1947.18,0,0, ,204.189063286,1947.19303801,303.0078125,80.5461801020165
8463,,New,095-11-09-35.31-1300,377256.55,1496885.5,718.15,0,0, ,107.354395303,719.831638115,112.015625,42.3511442676756
8464,,New,095-11-09-35.32-3400,376626,1496675.84,2011.8,0,0, ,195.407089494,2011.79846303,313.0546875,77.0719250445686
8465,,Existing,095-10-09-02.32-4100,376581.07,1490778.83,628.8,0,0, ,100.663199224,628.797618736,97.80078125,39.7070709622544
8466,,Existing,095-10-09-02.32-4300,376538.97,1490867.57,504.06,0,0, ,90.8834517763,504.05984759,78.3984375,35.854494712067
8467,,Existing,095-10-09-02.32-4200,376583.19,1490876.46,426.38,0,0, ,84.5553608315,426.380127044,66.32421875,33.3333623569338
8468,,Existing,095-10-09-02.32-1200,376674.46,1491108.5,1724.68,0,0, ,181.764187236,1724.68444303,268.26953125,71.7395168278201
8469,,Existing,095-10-09-02.32-1300,376712.65,1491105.03,1601.34,0,0, ,170.829290349,1601.33327091,249.078125,67.4211531426653
8470,,Existing,095-10-09-02.32-1500,376802.85,1491100.48,1717.34,0,0, ,180.42680449,1717.35022227,267.12890625,71.1770430696583
8471,,Existing,095-10-09-02.32-1600,376869.67,1491127.18,3105.95,0,0, ,229.667521945,3105.95578897,483.11328125,90.5354400654856
8472,,Existing,095-10-09-02.31-11200,377309.88,1491105.91,1650.86,0,0, ,212.151806667,1650.86526036,256.7890625,83.7140096274526
8473,,Existing,095-10-09-02.31-9700,377187.91,1490733.26,12999.31,0,0, ,620.78464968,12999.3080165,2021.91015625,244.72048402866
8474,,Existing,095-10-09-02.31-10600,377150.73,1490878.71,875.34,0,0, ,124.734593269,875.335456943,136.1484375,49.1967707093932
8475,,Existing,095-10-09-02.31-10700,377057.86,1490919.67,816.76,0,0, ,114.710117252,816.758459435,127.04296875,45.2329648109662
8476,,Existing,095-10-09-02.32-1800,376961.76,1490964.42,2262.84,0,0, ,213.829454675,2262.84110829,351.97265625,84.3724783276805
8477,,Existing,095-10-09-02.32-3101,376793.21,1490422.27,1107.59,0,0, ,136.704563265,1107.57775056,172.26953125,53.8891662489059
8478,,Existing,095-10-09-02.32-3101,376746.39,1490418.67,283.76,0,0, ,67.6429125547,283.757216626,44.1328125,26.6818733700167
8479,,Existing,095-10-09-02.31-9000,377255.53,1490591.67,1999.41,0,0, ,201.490616969,1999.41193361,310.984375,79.4204768802995
8480,,Existing,095-10-09-02.31-8900,377309.28,1490565.58,3167.72,0,0, ,266.6495566,3167.73133874,492.7109375,105.261677392329
8481,,Existing,095-10-09-02.32-3300,376507.07,1490560.29,1985.62,0,0, ,214.906639873,1985.62404817,308.83203125,84.808871874642
8482,,Existing,095-10-09-02.32-3200,376575.07,1490571.8,1747.51,0,0, ,223.341683385,1747.51037633,271.8125,88.0991446092613
8483,,Existing,095-10-09-02.32-2700,376972.36,1490563.45,2618.13,0,0, ,233.552435149,2618.13576027,407.21484375,92.1944223612156
8484,,Existing,095-10-09-02.34-16700,377117.75,1490404.01,814.1,0,0, ,114.663862614,814.104882602,126.6171875,45.2301125058838
8485,,Existing,095-10-09-02.31-9300,377141.02,1490588.76,1336.26,0,0, ,151.7469606,1336.27071328,207.83984375,59.8574951410001
8486,,Existing,095-10-09-02.32-2800,376850.88,1490571.99,1540.75,0,0, ,177.018409687,1540.74763672,239.65625,69.8592938339472
8487,,Existing,095-10-09-02.32-1700,376968.05,1491089.42,1799.67,0,0, ,177.504520092,1799.6601545,279.92578125,70.0430067383568
8488,,Existing,095-10-09-02.32-5100,376539.83,1491089.16,943.87,0,0, ,130.342754599,943.865965542,146.80859375,51.4278778519689
8489,,Existing,095-10-09-02.32-4100,376586.2,1490695.12,934.27,0,0, ,125.027994692,934.270657543,145.31640625,49.2983703191486
8490,,Existing,095-10-09-02.31-10800,377072.11,1491096.25,1969.92,0,0, ,191.644563319,1969.91995642,306.41015625,75.6139711143191
8491,,New,095-10-09-02.32-5200,376583.01,1491184.02,1012.86,0,0, ,127.362538597,1012.8540208,157.54296875,50.2341364991586
8492,,Existing,095-10-09-02.32-1701,376966.3,1491178.27,1655.15,0,0, ,176.237615503,1655.14566451,257.45703125,69.5422765419283
8493,,New,095-10-09-02.31-11900,377308.5,1491269.41,1150.76,0,0, ,136.476383966,1150.74017505,178.98828125,53.8372269999059
8494,,New,095-10-09-02.32-6501,376567.87,1491720.1,1220.66,0,0, ,142.026374236,1220.65069286,189.87109375,55.9954324787011
8495,,Existing,095-10-09-02.32-600,376905.77,1491481.25,4448.07,0,0, ,300.653843313,4448.05542708,691.8984375,118.502530287533
8496,,Changed,095-10-09-02.24-8600,377073.93,1492009.16,5503.77,1016.64,441.37, ,335.964601649,5503.78794994,856.14453125,132.605769731854
8497,,New,095-10-09-02.32-702,376930.51,1491279.42,596.02,0,0, ,97.8133665693,596.01239709,92.703125,38.5727123904429
8498,,Existing,095-10-09-02.31-12000,377265.09,1491319.36,150.91,0,0, ,49.220384003,150.908619018,23.47265625,19.4145278363683
8499,,Changed,095-10-09-02.31-12200,377145.77,1491352.79,1749.32,1599.92,9.34, ,204.276934356,1749.3193068,272.1015625,80.6232471863814
8500,,Changed,095-10-09-02.32-400,376711.75,1491494.63,1953.35,1630.94,19.77, ,202.856628426,1953.34564363,303.83984375,80.0754721385025
8501,,Changed,095-10-09-02.32-120,376954.1,1491723.34,989.67,886.28,11.67, ,145.770951666,989.669372821,153.9453125,57.4766682092968
8502,,Changed,095-10-09-02.31-12500,377082.28,1491465.64,1420.01,1360.51,4.37, ,181.943203842,1420.00150705,220.87890625,71.7098657100741
8503,,Existing,095-10-09-02.31-13100,377315.24,1491509.93,2353.25,0,0, ,258.314975641,2353.25644562,366.046875,101.912692398478
8504,,PossiblyChanged,095-10-09-02.31-14200,377078.5,1491639.78,1677.83,0,0, ,191.737584628,1677.82693758,260.98828125,75.5880787707316
8505,,Changed,095-10-09-02.23-501,376809.06,1491875.36,10706.44,10190.36,5.06, ,535.847989682,10706.4189159,1665.42578125,211.462875930768
8506,,Existing,095-10-09-02.32-1300,376717.87,1491179.62,392.38,0,0, ,80.4755429737,392.375595941,61.03125,31.7502140438158
8507,,Existing,095-10-09-02.32-1400,376763.77,1491181.8,683.97,0,0, ,104.627149829,683.979900077,106.390625,41.2657151904538
8508,,Existing,095-10-09-02.32-1600,376863.13,1491199.36,158.79,0,0, ,50.6278539297,158.786149416,24.69921875,19.9635565021257
8509,,Existing,095-10-09-02.31-10800,377050.04,1491208.26,349.38,0,0, ,75.3678950594,349.379586722,54.34375,29.7171330220489
8510,,Existing,095-10-09-02.31-12400,377048.73,1491238.15,281.3,0,0, ,68.5269238576,281.305922918,43.76171875,27.0155851117019
8511,,Existing,095-10-09-02.31-12300,377104.44,1491257.89,481.66,0,0, ,88.1004304128,481.660263814,74.921875,34.7522573698491
8512,,Existing,095-10-09-02.31-12100,377192.06,1491254.46,712.32,0,0, ,106.791068822,712.322864625,110.80078125,42.1157340486005
8513,,Existing,095-10-09-02.31-11000,377228.35,1491181.57,1178.66,0,0, ,137.348746488,1178.6531129,183.3359375,54.1682028386248
8514,,Existing,095-10-09-02.32-702,376922.34,1491254.6,182.16,0,0, ,54.4934898476,182.168162705,28.328125,21.4860856772764
8515,,Existing,095-10-09-02.32-1100,376675.46,1491255.21,719.45,0,0, ,107.32933117,719.451907511,111.91015625,42.3324429365322
8516,,Existing,095-10-09-02.24-8300,377166.82,1491831.92,1006.55,0,0, ,128.875977071,1006.55322806,156.5703125,50.8291751149002
8517,,Existing,095-10-09-02.24-8200,377247.31,1491790.71,309.72,0,0, ,70.7842691621,309.719302007,48.171875,27.9174942887662
8518,,Existing,095-10-09-02.31-14100,377220.88,1491760.78,639.4,0,0, ,102.832196677,639.410620376,99.45703125,40.5428443856768
8519,,Existing,095-10-09-02.31-14400,377172.4,1491760.03,951.39,0,0, ,120.829190775,951.390316205,147.99609375,47.6531926595563
8520,,Existing,095-10-09-02.31-14300,377168.2,1491694.92,260.71,0,0, ,66.3242765788,260.720809803,40.56640625,26.1636333157554
8521,,Existing,095-10-09-02.31-14200,377171,1491642.53,909.74,0,0, ,120.653044278,909.736559,141.51171875,47.5865984204893
8522,,Existing,095-10-09-02.31-13000,377265.62,1491500.57,1106.06,0,0, ,146.850756168,1106.0608919,172.05078125,57.9388384041236
8523,,Existing,095-10-09-02.31-12900,377226.08,1491499.42,1202.02,0,0, ,142.939076316,1202.01735933,186.9765625,56.3964660916501
8524,,Existing,095-10-09-02.31-12500,377177.32,1491462.69,338.05,0,0, ,73.7678343223,338.045110027,52.58203125,29.0984490201592
8525,,Existing,095-10-09-02.31-12700,377162.35,1491542.66,373.8,0,0, ,78.0584047625,373.805275893,58.14453125,30.7778016373759
8526,,Existing,095-10-09-02.31-12900,377222.19,1491565.53,502.56,0,0, ,89.7898466736,502.562416133,78.171875,35.4167439077433
8527,,Existing,095-10-09-02.31-13000,377259.26,1491579.93,355.99,0,0, ,76.0831100427,355.99426735,55.37109375,30.0148115591211
8528,,Existing,095-10-09-02.31-12100,377186.85,1491353.94,1489.73,0,0, ,165.739535142,1489.72150367,231.7109375,65.4021473170674
8529,,Existing,095-10-09-02.31-11900,377308.95,1491361.14,1567.84,0,0, ,160.054464882,1567.83605856,243.87109375,63.1426340894088
8530,,Existing,095-10-09-02.23-1200,376550.15,1491993.67,7207.35,0,0, ,612.432661292,7207.36372572,1121.14453125,241.53179569786
8531,,Existing,095-10-09-02.24-8500,377067.45,1491834.97,1249.64,0,0, ,149.396570625,1249.6310091,194.39453125,58.9452861794449
8532,,Existing,095-10-09-02.24-8500,377119.08,1491822.98,677.82,0,0, ,104.179691758,677.81782355,105.4453125,41.0874255321453
8533,,Existing,095-10-09-02.31-14300,377076.84,1491682.56,1517.02,0,0, ,160.517615224,1517.0242697,235.97265625,63.2897048447191
8534,,Existing,095-10-09-02.31-12800,377081.89,1491586.84,1678.12,0,0, ,176.72894015,1678.12926669,261.02734375,69.6783335664573
8535,,Existing,095-10-09-02.31-12700,377086.85,1491546.67,1695.98,0,0, ,178.714922029,1695.96562522,263.80859375,70.4498414013725
8536,,Existing,095-10-09-02.31-12600,377081.56,1491509.35,1233.41,0,0, ,149.915251082,1233.40352573,191.859375,59.102739518394
8537,,Existing,095-10-09-02.31-12300,377100.08,1491366.32,1245.91,0,0, ,147.907184504,1245.91265569,193.79296875,58.342317907944
8538,,Existing,095-10-09-02.32-701,376969.52,1491340.67,1979.79,0,0, ,203.380401755,1979.79263645,307.9609375,80.2633388451153
8539,,Existing,095-10-09-02.32-702,376865.59,1491290.4,2945.5,0,0, ,226.941803329,2945.49192805,458.1640625,89.5572974862277
8540,,Existing,095-10-09-02.32-1100,376674.74,1491312.97,2016.65,0,0, ,212.721863753,2016.64696379,313.68359375,83.9769940492878
8541,,Existing,095-10-09-02.32-5500,376501.81,1491322.89,1441.37,0,0, ,167.699880086,1441.36943017,224.19921875,66.1784612532924
8542,,Existing,095-10-09-02.32-6200,376500.19,1491481.58,1441.13,0,0, ,163.397122744,1441.11672831,224.16796875,64.4856484440257
8543,,Existing,095-10-09-02.32-6400,376583.31,1491494.47,1448.46,0,0, ,163.793108363,1448.46155276,225.3046875,64.6284546017715
8544,,Existing,095-10-09-02.32-6400,376582.14,1491545.67,895.82,0,0, ,120.404924666,895.825313728,139.3515625,47.4977999844465
8545,,Existing,095-10-09-02.32-6300,376541.59,1491560.37,695.24,0,0, ,105.481964227,695.245263072,108.1484375,41.6007940596089
8546,,Existing,095-10-09-02.32-6200,376494.43,1491553.13,461.51,0,0, ,86.6253820427,461.508606213,71.79296875,34.1736941894802
8547,,Existing,095-10-09-02.32-6500,376553.57,1491633.78,2775.41,0,0, ,246.035308444,2775.41310639,431.7265625,96.9357909600817
8548,,Existing,095-10-09-02.32-6500,376552.15,1491673.16,445.77,0,0, ,84.6367536132,445.773082909,69.3359375,33.3764437303424
8549,,Existing,095-10-09-02.32-200,376687.97,1491637.5,1439.86,0,0, ,160.160846922,1439.85626181,223.96875,63.1500241316219
8550,,Existing,095-10-09-02.32-300,376671.06,1491493.4,1737.54,0,0, ,182.529139043,1737.53906937,270.27734375,72.0426984234143
8551,,Existing,095-10-09-02.32-500,376791.9,1491484.6,1501.66,0,0, ,174.75165325,1501.66965006,233.59375,68.9549758774549
8552,,Existing,095-10-09-02.32-600,376893.8,1491579.74,330.69,0,0, ,72.7478118656,330.691866078,51.44140625,28.6908791834659
8553,,Existing,095-10-09-02.32-5300,376583.62,1491236.59,672.89,0,0, ,103.763640657,672.894878247,104.671875,40.9235949696027
8554,,Existing,095-10-09-02.32-5500,376508.21,1491251.53,369.86,0,0, ,78.1264156738,369.854966552,57.53125,30.8234809754096
8555,,Existing,095-10-09-02.32-5400,376542.36,1491323.9,1385.78,0,0, ,167.501801826,1385.77104729,215.55859375,66.1072170858465
8556,,Existing,095-10-09-02.32-5300,376581.41,1491314.14,1804.03,0,0, ,190.214215963,1804.02983081,280.61328125,75.0782002341573
8557,,Existing,095-10-09-02.32-1000,376712.83,1491326.23,1396.23,0,0, ,162.035260393,1396.22191266,217.17578125,63.9451914665493
8558,,Existing,095-10-09-02.32-900,376752.5,1491326.58,1393.6,0,0, ,164.936740085,1393.59279449,216.765625,65.086491419409
8559,,Existing,095-10-09-02.32-800,376792.59,1491329.14,1014.04,0,0, ,135.449250308,1014.02391649,157.73046875,53.4432809738712
8560,,Existing,095-10-09-02.32-1000,376710.51,1491254.38,680.12,0,0, ,104.33404485,680.124085288,105.79296875,41.1473161773365
8561,,Existing,095-10-09-02.32-900,376753.38,1491258.65,707.4,0,0, ,106.406312893,707.399075697,110.03125,41.9647367601728
8562,,Existing,095-10-09-02.31-12200,377138.28,1491260.79,596.76,0,0, ,98.0143724859,596.755637793,92.82421875,38.6623994034176
8563,,Existing,095-10-09-02.31-12000,377258.14,1491358.04,2248.73,0,0, ,265.86016228,2248.73699401,349.77734375,104.870482544498
8564,,Existing,095-10-09-02.31-12400,377061.88,1491345.97,2479.82,0,0, ,234.72556088,2479.8239102,385.734375,92.6567773667208
8565,,Existing,095-10-09-02.32-500,376781.13,1491535.07,577.83,0,0, ,96.3502205167,577.821938033,89.8828125,38.0053567621292
8566,,Existing,095-10-09-02.32-6300,376542.2,1491484.1,1576.02,0,0, ,172.835622558,1576.01400116,245.14453125,68.2185650956318
8567,,Existing,095-10-09-02.32-6500,376527.68,1491676.55,156.17,0,0, ,51.117452414,156.166091271,24.2890625,20.1601400036165
8568,,Existing,095-10-09-02.32-200,376680.79,1491673.36,654.65,0,0, ,102.448942722,654.649285039,101.83203125,40.4023382049299
8569,,Existing,095-10-09-02.32-100,376952.07,1491639.97,1024.89,0,0, ,135.519161147,1024.89034295,159.41796875,53.4279485500842
8570,,Existing,095-10-09-02.32-110,376953.28,1491681.46,781.22,0,0, ,112.577862318,781.223110597,121.5234375,44.4113485029714
8571,,Existing,095-10-09-02.31-12600,377158.77,1491506.85,809.52,0,0, ,126.414311315,809.517387898,125.92578125,49.8773504966642
8572,,Existing,095-10-09-02.31-14400,377086.58,1491764.34,2619.12,0,0, ,220.88395339,2619.11933291,407.4140625,87.0514525891827
8573,,Existing,095-10-09-02.31-14000,377282.19,1491682.41,422.8,0,0, ,82.2576322159,422.801244066,65.76953125,32.442728014775
8574,,Existing,095-10-09-02.24-8400,377196.28,1491945.46,1855.25,0,0, ,199.528159119,1855.25152955,288.6015625,78.70065614739
8575,,Existing,095-10-09-02.24-8300,377243.14,1491900.95,2284.06,0,0, ,202.858749532,2284.06167204,355.296875,80.0113625216037
8576,,Existing,095-10-09-02.24-8200,377292.99,1491868.06,1591.53,0,0, ,173.711494492,1591.53281761,247.5703125,68.5160872060098
8577,,Existing,095-10-09-02.24-9000,377203.55,1492638.07,2014.03,0,0, ,237.363552322,2014.02206118,313.31640625,93.61748337
8578,,Existing,095-10-09-02.23-300,376925.14,1492600.3,6789.48,0,0, ,411.243779136,6789.46070167,1056.1875,162.007282965173
8579,,Existing,095-10-09-02.23-200,376996.36,1492642.06,724.18,0,0, ,118.478767239,724.1714398,112.65625,46.7692171860844
8580,,New,095-10-09-02.23-700,376602.77,1492208.72,4688.36,0,0, ,311.896332875,4688.38554182,729.30859375,122.953467743939
8581,,New,095-10-09-02.23-700,376575.75,1492168.65,4847.44,0,0, ,344.09721643,4847.45928332,754.05859375,135.634010488753
8582,,New,095-10-09-02.23-700,376556.05,1492129.75,4566.21,0,0, ,345.05294256,4566.22545053,710.3125,136.004614266188
8583,,Existing,095-10-09-02.23-700,376549.81,1492300.88,4488.36,0,0, ,280.548858569,4488.38189938,698.2109375,110.656615360136
8584,,Changed,095-10-09-02.23-300,376931.33,1492458.07,10639.23,10493.26,1.39, ,460.625134986,10639.2251212,1655.05859375,181.678087392942
8585,,Existing,095-10-09-02.24-9800,377018.89,1492735.93,153.09,0,0, ,49.5996383429,153.093064706,23.81640625,19.5655629826686
8586,,Existing,095-10-09-02.24-9100,377198.84,1492711.49,1443.03,0,0, ,163.705792327,1443.03388033,224.47265625,64.5998642607956
8587,,Existing,095-10-09-02.24-9101,377301.94,1492609.46,1675.66,0,0, ,176.791458707,1675.66136004,260.67578125,69.7055716470128
8588,,Existing,095-10-09-02.24-8900,377286.24,1492474.14,497.42,0,0, ,89.2624635693,497.411318307,77.37890625,35.2039294235552
8589,,Existing,095-10-09-02.24-7800,377296.67,1492038.98,1893.96,0,0, ,189.089274937,1893.94491261,294.61328125,74.5751910854309
8590,,Existing,095-10-09-02.23-200,376838.65,1492744.62,18321.2,0,0, ,605.341132893,18321.1627907,2850.12109375,238.762077099418
8591,,Existing,095-10-09-02.23-500,376809.35,1492262.59,3887.46,0,0, ,264.352978617,3887.46041983,604.73046875,104.263432853017
8592,,Existing,095-10-09-02.23-600,376660.74,1492314.1,4611.77,0,0, ,369.652255512,4611.77199319,717.3984375,145.796368924759
8593,,Existing,095-10-09-02.24-9700,377081.33,1492785.59,1104.55,0,0, ,138.820339416,1104.54443726,171.83203125,54.7378059085239
8594,,Existing,095-10-09-02.23-600,376672.85,1492225.47,408.94,0,0, ,81.0125750316,408.942071014,63.61328125,31.9505247964049
8595,,Existing,095-10-09-02.23-400,376943.85,1492112.11,539.75,0,0, ,93.5044012008,539.751915266,83.9609375,36.870708500859
8596,,Existing,095-10-09-02.23-400,376948.11,1492173.98,1138.21,0,0, ,153.921802393,1138.2128116,177.05078125,60.7140154866384
8597,,Existing,095-10-09-02.24-8600,377126.96,1492008.07,1980.26,0,0, ,224.829467917,1980.26473951,308.03125,88.6871307652371
8598,,Existing,095-10-09-02.24-7900,377242.5,1492101.96,1814.58,0,0, ,207.313582659,1814.57520044,282.2734375,81.7610936992056
8599,,Existing,095-10-09-02.24-8800,377238.29,1492244.13,7911.32,0,0, ,408.29181466,7911.31553261,1230.67578125,160.948970497465
8600,,Existing,095-10-09-02.24-8900,377201.64,1492470.56,1350.3,0,0, ,156.470289155,1350.29834008,210.0546875,61.6846419761605
8601,,Existing,095-10-09-02.24-9800,377062.6,1492709.61,1949.4,0,0, ,246.985749263,1949.40134001,303.2578125,97.4449184893524
8602,,New,095-10-09-02.24-9200,377245.95,1492862.98,286,0,0, ,72.6065166764,286.00187588,44.4921875,28.6168077937196
8603,,New,095-10-09-02.24-9500,377022.02,1493015.32,322.1,0,0, ,71.79053884,322.095258785,50.109375,28.3152945843675
8604,,Changed,095-10-09-02.24-9500,377025.29,1493051.45,370.95,276.32,34.25, ,95.5181816593,370.951124348,57.69921875,37.6618211087258
8605,,Existing,095-10-09-02.24-9300,377259.32,1492909.3,220.66,0,0, ,59.5041773832,220.663187126,34.32421875,23.4721802540941
8606,,Existing,095-10-09-02.24-9300,377199.56,1492901.2,874.3,0,0, ,134.684769996,874.296359897,136.0078125,53.0745357510866
8607,,Existing,095-10-09-02.24-9600,377060.23,1492891.6,1008.26,0,0, ,129.927594698,1008.25636666,156.84765625,51.2677481633089
8608,,Existing,095-10-09-02.24-9700,377043.68,1492834.76,623.67,0,0, ,100.450694093,623.672743461,97.0234375,39.6113637510045
8609,,Existing,095-10-09-02.21-6000,377064.95,1493419.94,1359.51,0,0, ,167.224731162,1359.50892327,211.5078125,65.9136781918895
8610,,Existing,095-10-09-02.21-6000,377049.5,1493388.04,548.6,0,0, ,93.9731070279,548.597374572,85.3515625,37.0598067075788
8611,,Existing,095-10-09-02.21-5900,377026.88,1493277.87,427.86,0,0, ,83.461061926,427.86247093,66.55859375,32.9279034656378
8612,,Existing,095-10-09-02.21-5900,377066.82,1493277.43,1367.74,0,0, ,159.506110262,1367.73683318,212.78515625,62.9156689944118
8613,,Existing,095-10-09-02.21-5800,377068.08,1493201.28,1575.12,0,0, ,168.557071649,1575.11568527,245.0390625,66.4979408500861
8614,,Existing,095-10-09-02.21-5800,377023.69,1493178.45,661.12,0,0, ,102.855132379,661.126309914,102.85546875,40.567733805414
8615,,Existing,095-10-09-02.24-9400,377056.97,1493112.25,2466.95,0,0, ,217.487346493,2466.93652052,383.7734375,85.7661522600207
8616,,Existing,095-10-09-02.21-5700,377178.89,1493347.06,957.21,0,0, ,134.527395569,957.209373829,148.91796875,53.1027339715604
8617,,Existing,095-10-09-02.21-6200,377048.06,1493595.13,226.45,0,0, ,60.1983704101,226.446657212,35.234375,23.7447563608151
8618,,Existing,095-10-09-02.22-3200,376809.26,1493341.84,7272.58,0,0, ,415.074392671,7272.58946887,1131.4140625,163.904090248086
8619,,Existing,095-10-09-02.22-3200,376736.04,1493338.15,3068.71,0,0, ,245.943866863,3068.71787862,477.40625,97.09150171168
8620,,Existing,095-10-09-02.22-3200,376817.57,1493130.3,9313.19,0,0, ,469.386142902,9313.20562001,1448.8515625,185.348872165862
8621,,Existing,095-10-09-02.22-3100,376931.62,1493134.23,3107.45,0,0, ,278.707166171,3107.44077142,483.41796875,109.914662396993
8622,,Existing,095-10-09-02.24-9500,377068.99,1493026.56,1832.24,0,0, ,191.981009077,1832.24447667,285.04296875,75.7260218761635
8623,,Existing,095-10-09-02.24-9200,377200.8,1492825.3,1752.65,0,0, ,171.380068189,1752.65176551,272.65234375,67.5684072070559
8624,,Existing,095-11-09-35.33-10600,376681.59,1494420.45,178.4,0,0, ,53.9830426663,178.394977275,27.75390625,21.2871314107442
8625,,Changed,095-10-09-02.22-400,376640.28,1494371.17,976.48,794.78,22.86, ,167.384518594,976.479677988,151.9296875,65.9949094284926
8626,,Existing,095-10-09-02.22-300,376724.33,1494348.92,1314.03,0,0, ,146.909131779,1314.03289154,204.4375,57.9659277494032
8627,,Existing,095-10-09-02.22-300,376755.04,1494376.11,189.68,0,0, ,55.1123620735,189.682128933,29.515625,21.7399262245162
8628,,Existing,095-10-09-02.22-300,376735.45,1494303.09,1748.81,0,0, ,176.943861494,1748.80575608,272.08203125,69.7701993280989
8629,,Existing,095-10-09-02.21-6600,377017.94,1494022.82,1195.48,0,0, ,157.749637214,1195.47105767,185.984375,62.2084887606065
8630,,PossiblyChanged,095-10-09-02.21-6200,377009.8,1493620.28,152.39,0,0, ,50.3675602469,152.387428528,23.70703125,19.8744225958781
8631,,Existing,095-11-09-35.34-4000,377032.85,1494467.8,5783.88,0,0, ,373.994692543,5783.88107356,899.90234375,147.583621919257
8632,,Existing,095-10-09-02.22-400,376645.14,1494301.89,1813.42,0,0, ,178.777010503,1813.42395335,282.140625,70.4908725096995
8633,,Existing,095-10-09-02.22-200,376813.24,1494331.9,1596.81,0,0, ,172.99435577,1596.82060154,248.4375,68.2142660095565
8634,,Existing,095-10-09-02.22-2600,376561.56,1494149.73,1796.53,0,0, ,177.507569065,1796.53542914,279.50390625,69.9909716369945
8635,,Existing,095-10-09-02.21-6700,377054.1,1494058.05,678.23,0,0, ,104.174366205,678.229237351,105.51953125,41.0909618517955
8636,,Existing,095-10-09-02.21-6600,377056.61,1493987.92,2060.26,0,0, ,220.289250156,2060.26043901,320.53125,86.8999987590716
8637,,Existing,090-10-09-02.00-301,376909.64,1493919.37,2034.53,0,0, ,185.291094413,2034.53219866,316.53125,73.0585121132686
8638,,Existing,095-10-09-02.21-6500,377059.77,1493903.06,3574.78,0,0, ,245.439169221,3574.7761647,556.16015625,96.8244513909944
8639,,Existing,095-10-09-02.21-6400,377027.32,1493805.6,790.59,0,0, ,112.999326364,790.588039018,122.99609375,44.5794613559633
8640,,Existing,095-10-09-02.21-6400,377066.98,1493815.73,1706.95,0,0, ,186.86686003,1706.96579926,265.55859375,73.7304389664874
8641,,Existing,095-10-09-02.21-4400,377221.36,1494056.17,2636.57,0,0, ,278.852770531,2636.56271989,410.1953125,110.047791477881
8642,,Existing,095-10-09-02.21-4600,377201.99,1493916.91,856.94,0,0, ,124.999275358,856.940139251,133.3203125,49.310757643916
8643,,Existing,095-10-09-02.21-4700,377205.72,1493859.92,1013.79,0,0, ,133.552285136,1013.78409694,157.72265625,52.6920002805201
8644,,Existing,095-10-09-02.21-4800,377204.23,1493813.14,918.15,0,0, ,121.242685944,918.141177192,142.83984375,47.8247174494656
8645,,Existing,095-10-09-02.21-4800,377235.62,1493821.17,163.2,0,0, ,53.8509421647,163.198506239,25.38671875,21.2470277268731
8646,,Existing,095-10-09-02.21-4500,377310.31,1494096.2,1035.39,0,0, ,136.094575992,1035.39012143,161.09375,53.6892591007555
8647,,Existing,095-10-09-02.21-4500,377302.7,1494043.95,266.4,0,0, ,66.5815844196,266.401863787,41.4453125,26.2519318729936
8648,,Existing,095-10-09-02.22-600,376496.12,1494378.53,439.62,0,0, ,84.7578867024,439.624522834,68.39453125,33.4224435414547
8649,,Existing,095-10-09-02.21-6200,377069.99,1493624.07,1215.29,0,0, ,162.564650359,1215.29152496,189.06640625,64.080971537677
8650,,Existing,095-10-09-02.21-6300,377067.28,1493690.34,2056.62,0,0, ,245.046805595,2056.62683354,319.9765625,96.6841916062694
8651,,Existing,095-10-09-02.21-4900,377275.8,1493810.5,1376.22,0,0, ,149.522266873,1376.22455963,214.11328125,58.9621352064019
8652,,Existing,095-10-09-02.22-2700,376649.56,1494150.99,1794.61,0,0, ,177.619749726,1794.61071194,279.2109375,70.0357329171258
8653,,Existing,095-10-09-02.22-500,376558.02,1494302.93,2336.12,0,0, ,208.441063329,2336.11985902,363.46484375,82.1772440488097
8654,,Existing,095-11-09-35.33-10800,376836.87,1494424.83,1002.9,0,0, ,126.986215431,1002.8953767,156.03515625,50.0818545836899
8655,,Existing,095-10-09-02.21-4900,377312.26,1493868.63,789.92,0,0, ,114.508717586,789.924226887,122.8984375,45.1489998963062
8656,,Existing,095-11-09-35.33-4900,376589.24,1495114.06,151.78,0,0, ,49.4522555193,151.779144102,23.6171875,19.5099311625372
8657,,New,095-11-09-35.33-5500,376692.82,1495093.79,220.71,0,0, ,59.9976395737,220.706949227,34.33984375,23.6728676282705
8658,,Existing,095-11-09-35.33-5300,376887.08,1495088.01,150.03,0,0, ,49.1403216571,150.033499878,23.34375,19.3865833500389
8659,,New,095-11-09-35.34-2800,376952.39,1495126.09,402.98,0,0, ,80.4658995305,402.976073136,62.69921875,31.7442657560299
8660,,Existing,095-11-09-35.34-3900,376973.59,1495097.62,179.14,0,0, ,53.5372944921,179.139657049,27.87890625,21.1179331970221
8661,,Existing,095-11-09-35.34-3500,377208.01,1495102.86,161.75,0,0, ,51.099593923,161.753812213,25.1640625,20.1602542462508
8662,,Changed,095-11-09-35.33-4900,376553.17,1495182.26,3737.61,3230.13,15.71, ,283.032479927,3737.60036859,581.54296875,111.636279377861
8663,,PossiblyChanged,095-11-09-35.34-3100,377116.2,1495194.92,1901.95,0,0, ,190.836747404,1901.95465123,295.9375,75.273318289674
8664,,Existing,095-11-09-35.34-3402,377295.96,1495175.9,3765.45,0,0, ,292.639322387,3765.44957903,585.8828125,115.46207861152
8665,,Changed,095-11-09-35.33-5700,376520.18,1495007.42,2245.37,2188.65,2.59, ,209.97061415,2245.37427015,349.359375,82.795584990735
8666,,New,095-11-09-35.33-7900,376678.5,1494776.12,856.02,0,0, ,117.117491496,856.022490667,133.19140625,46.2004482499862
8667,,Existing,095-11-09-35.33-8000,376857.99,1494782.98,156.44,0,0, ,50.0410931242,156.444803786,24.33984375,19.7378782908248
8668,,Existing,095-11-09-35.33-8100,376842.21,1494746.43,185.62,0,0, ,55.5707549974,185.618350288,28.8828125,21.9284324225717
8669,,Changed,095-11-09-35.34-4500,376921.17,1494740.63,368.85,619.47,-40.46, ,79.1435366136,368.85718138,57.38671875,31.2331332756378
8670,,Existing,095-11-09-35.34-4500,376950.22,1494662.11,1707.56,0,0, ,180.803921542,1707.57409708,265.6875,71.300900462372
8671,,PossiblyChanged,095-11-09-35.34-4600,376974.4,1494772.27,151.78,0,0, ,49.9763609225,151.782126786,23.609375,19.7065340454773
8672,,PossiblyChanged,095-11-09-35.34-4300,377128.81,1494753.07,174.04,0,0, ,53.2210221738,174.035279478,27.078125,20.9874737096397
8673,,Changed,095-11-09-35.33-10400,376534.55,1494496.86,2188.44,1925.65,13.65, ,208.73135735,2188.45356877,340.5,82.2843718475585
8674,,Existing,095-11-09-35.33-10500,376613.57,1494494.68,1931.4,0,0, ,198.591954327,1931.39321285,300.4921875,78.3200709004584
8675,,Existing,095-11-09-35.33-10600,376695.54,1494496.08,2077.48,0,0, ,207.27567706,2077.46902614,323.22265625,81.7330533268065
8676,,Existing,095-11-09-35.33-10700,376774.36,1494497.07,2309.26,0,0, ,220.92926067,2309.27662702,359.28125,87.1125560954974
8677,,Existing,095-11-09-35.33-10800,376857.2,1494497.2,2092.16,0,0, ,197.018563701,2092.16824098,325.51171875,77.6956105596903
8678,,Existing,095-11-09-35.34-4000,376966.93,1494447.81,1825.79,0,0, ,180.038011351,1825.79640361,284.07421875,70.9897813915968
8679,,Existing,095-11-09-35.33-5600,376581.07,1495086.04,911.27,0,0, ,120.797252694,911.263806543,141.78125,47.6516639105191
8680,,Existing,095-11-09-35.33-5000,376660.58,1495190.16,2593.93,0,0, ,233.91053248,2593.93947846,403.61328125,92.2237969212217
8681,,Existing,095-11-09-35.33-5100,376759.09,1495191.99,2625.81,0,0, ,229.12745846,2625.82365418,408.56640625,90.3237677662867
8682,,Existing,095-11-09-35.34-3000,377055.83,1495197.03,1687.21,0,0, ,170.9014547,1687.21094111,262.5234375,67.3944311278868
8683,,Existing,095-11-09-35.34-3200,377176.13,1495197.36,1561.14,0,0, ,167.60848534,1561.14475114,242.91015625,66.0979941570895
8684,,Existing,095-11-09-35.33-5600,376607.76,1495009.35,1781.73,0,0, ,179.937365631,1781.72995411,277.2265625,70.9378160630251
8685,,Existing,095-11-09-35.33-5400,376772.78,1495013.82,2251.87,0,0, ,225.001949721,2251.87054675,350.3671875,88.7381657224738
8686,,Existing,095-11-09-35.33-5300,376863.44,1495015.75,2480.29,0,0, ,223.546835487,2480.28566415,385.91015625,88.1476703410024
8687,,Existing,095-11-09-35.34-3800,377013.43,1495018.93,1794.51,0,0, ,178.122939546,1794.51267465,279.21484375,70.2374054123301
8688,,Existing,095-11-09-35.34-3700,377083.34,1495019.45,1677.11,0,0, ,172.519504629,1677.11717527,260.9453125,68.0266003349843
8689,,Existing,095-11-09-35.34-3600,377153.24,1495019.74,1815.77,0,0, ,179.137340348,1815.76781169,282.515625,70.6361985307363
8690,,Existing,095-11-09-35.34-3500,377223.64,1495020.22,1840.39,0,0, ,180.853208,1840.38194658,286.34375,71.3130643320871
8691,,Existing,095-11-09-35.34-3401,377293.52,1495019.82,1681.2,0,0, ,171.173878826,1681.20501694,261.58203125,67.5010413193342
8692,,Existing,095-11-09-35.33-7700,376505.43,1494848.38,2272.09,0,0, ,218.955802049,2272.10423969,353.51171875,86.3721602513881
8693,,Existing,095-11-09-35.33-7900,376667.72,1494858.07,2369.1,0,0, ,200.587102645,2369.11331289,368.609375,79.0833791896077
8694,,Existing,095-11-09-35.33-8200,376642.99,1494737.99,316.88,0,0, ,73.2131707666,316.878738789,49.30078125,28.8923146366773
8695,,Existing,095-11-09-35.33-8400,376511.07,1494650.8,2326.35,0,0, ,216.223710369,2326.33965422,361.94921875,85.2828241188433
8696,,Existing,095-11-09-35.33-8300,376586.54,1494653.76,2610.1,0,0, ,246.751950392,2610.10506756,406.09765625,97.3294228151552
8697,,Existing,095-11-09-35.33-8200,376673.17,1494650.08,2580.34,0,0, ,222.074653252,2580.34247532,401.47265625,87.5490250200988
8698,,Existing,095-11-09-35.33-8000,376817.16,1494840.7,3213.3,0,0, ,273.857191701,3213.29543562,499.953125,108.061155123487
8699,,Existing,095-11-09-35.34-4600,376944.16,1494865.95,1774.4,0,0, ,195.232225884,1774.39498105,276.08203125,76.9836752132874
8700,,Existing,095-11-09-35.34-4700,377024.5,1494865.55,2046.19,0,0, ,204.309574359,2046.1914552,318.375,80.564761281339
8701,,Existing,095-11-09-35.34-4800,377099.15,1494864.18,1670.2,0,0, ,173.760426043,1670.20579719,259.8671875,68.5126305189793
8702,,Existing,095-11-09-35.34-4900,377171.71,1494863.71,1802.62,0,0, ,178.953521739,1802.62653755,280.4765625,70.5641655612352
8703,,Existing,095-11-09-35.34-5000,377241.55,1494865.26,1679.85,0,0, ,172.350907261,1679.85966996,261.3671875,67.9570059589752
8704,,Existing,095-11-09-35.34-5100,377311.79,1494865.07,1814.97,0,0, ,179.955312311,1814.97612981,282.390625,70.9582471544135
8705,,Existing,095-11-09-35.33-8100,376815.07,1494691.54,2010.35,0,0, ,193.662536606,2010.35148488,312.7890625,76.4147266063876
8706,,Existing,095-11-09-35.34-4400,377027.69,1494669.84,2765.39,0,0, ,247.905065189,2765.39629041,430.26171875,97.7806879447153
8707,,Existing,095-11-09-35.34-4300,377102.93,1494665.26,2059.27,0,0, ,194.396943731,2059.26724442,320.3984375,76.6462083676314
8708,,Existing,095-11-09-35.34-4200,377175.09,1494665.18,1838.33,0,0, ,180.674263468,1838.3375055,286.01953125,71.2409426486496
8709,,Existing,095-11-09-35.34-5500,377224.84,1494705.56,452.08,0,0, ,85.3513845087,452.075610295,70.3359375,33.6722349613251
8710,,Existing,095-11-09-35.34-5500,377253.6,1494668.62,1046.38,0,0, ,133.440611498,1046.38737984,162.8125,52.6259551918359
8711,,Existing,095-11-09-35.34-5600,377295.58,1494752.53,229.91,0,0, ,61.3947667672,229.907335246,35.7734375,24.2095785830602
8712,,Existing,095-11-09-35.34-5400,377188.32,1494538.53,1052.55,0,0, ,132.014356695,1052.55556819,163.76171875,52.0916552309253
8713,,Existing,095-11-09-35.34-5600,377332.87,1494671.29,3048.15,0,0, ,261.429011148,3048.15953801,474.2578125,103.042153076303
8714,,Existing,095-11-09-35.33-7800,376585.62,1494856.66,2287.22,0,0, ,200.530289883,2287.219049,355.87109375,79.0583736523981
8715,,Existing,095-11-09-35.33-5500,376688.16,1495011.29,1730.57,0,0, ,176.670575961,1730.57339671,269.26953125,69.6757239571361
8716,,Existing,095-11-09-35.34-3900,376940.55,1495018.37,1802.21,0,0, ,178.975120911,1802.19743371,280.40625,70.5722814932927
8717,,Existing,095-11-09-35.33-5200,376849.31,1495193.55,2078.89,0,0, ,198.264249054,2078.89812058,323.46875,78.1729106874173
8718,,Existing,095-11-09-35.34-2800,376935.94,1495193.47,1813.07,0,0, ,191.154324586,1813.07877802,282.09765625,75.40135467223
8719,,Existing,095-11-09-35.34-2900,376995.83,1495196.46,1688.83,0,0, ,171.210614974,1688.83737825,262.77734375,67.5161516608206
8720,,Existing,095-11-09-35.32-1001,376924.8,1495843.8,178.89,0,0, ,54.2012397332,178.896081049,27.83984375,21.3874063705518
8721,,New,095-11-09-35.34-400,377138.66,1495736.04,191.03,0,0, ,56.573092388,191.024825605,29.7265625,22.3255597942786
8722,,New,095-11-09-35.34-200,377239.1,1495667.35,2371.75,0,0, ,210.912057735,2371.74037507,369.046875,83.2387976023495
8723,,Unknown,095-11-09-35.33-2900,376592.42,1495416.07,180.94,0,0, ,54.0646722905,180.939771337,28.15625,21.3304840687999
8724,,Existing,095-11-09-35.33-2500,376752.46,1495442.16,197.26,0,0, ,57.4834414512,197.258638639,30.69140625,22.684516923454
8725,,Existing,095-11-09-35.33-2800,376768.11,1495419.26,166.23,0,0, ,51.6862483323,166.230709197,25.8671875,20.3908270425591
8726,,New,095-11-09-35.33-2600,376858.08,1495440.46,188.15,0,0, ,55.8202857528,188.1447376,29.2734375,22.0106814711392
8727,,Existing,095-11-09-35.33-2700,376868.55,1495417.47,201.84,0,0, ,57.8180684717,201.840577966,31.40625,22.815277244925
8728,,Existing,095-11-09-35.34-900,376997.58,1495444.41,240.61,0,0, ,69.1309504813,240.611948034,37.43359375,27.2881974154054
8729,,Existing,095-11-09-35.34-2400,377097.55,1495421.32,195.8,0,0, ,56.0017534825,195.79815953,30.46484375,22.0889280878545
8730,,New,095-11-09-35.34-1200,377164.84,1495456.49,348.97,0,0, ,74.7737411084,348.963101932,54.30078125,29.497415561418
8731,,Changed,095-11-09-35.34-1100,377118.08,1495512.96,2042.32,1721.7,18.62, ,196.603939251,2042.31078938,317.78515625,77.5508212391008
8732,,Existing,095-11-09-35.33-2300,376539.82,1495502.85,3016.62,0,0, ,257.634020836,3016.61737768,469.375,101.603822856938
8733,,Changed,095-10-09-02.34-3500,377992.78,1489556.71,2230.01,1828.69,21.95, ,211.514063205,2230.02363376,346.82421875,83.4728361962214
8734,,New,095-10-09-02.34-11500,377353.18,1489741.97,161.79,0,0, ,51.0320364413,161.789758193,25.16015625,20.1287258995597
8735,,Existing,095-10-09-02.34-11700,377445.2,1489802.83,1678.41,0,0, ,188.72077144,1678.42094213,261.0390625,74.4660677218572
8736,,New,095-10-09-02.34-9500,377663.09,1490103.78,1480.68,0,0, ,154.4615325,1480.67625412,230.296875,60.9058467681172
8737,,Existing,095-10-09-02.34-5900,377873.31,1490152.06,1661.02,0,0, ,179.861845002,1661.0154065,258.3515625,70.9090120716051
8738,,Changed,095-10-09-02.34-5700,377759.8,1490236.08,278.81,81.22,243.28, ,82.4801500067,278.803872119,43.359375,32.5383100535622
8739,,Existing,095-10-09-02.34-5700,377778.51,1490238.73,173.22,0,0, ,54.5811782736,173.218101595,26.94140625,21.5142560338759
8740,,New,095-10-09-02.34-4500,378026.17,1490113.66,2882.26,0,0, ,252.264587335,2882.26627685,448.28515625,99.3971380498296
8741,,Existing,095-10-09-02.34-6600,377806.07,1489813.6,1786.2,0,0, ,190.265406992,1786.20158968,277.80859375,75.0826364441324
8742,,PossiblyChanged,095-10-09-02.34-6700,377848.35,1489809.82,2373.78,0,0, ,210.078743014,2373.7782016,369.1953125,82.8899812937359
8743,,New,095-10-09-02.34-3900,378080.71,1489714.34,420.69,0,0, ,82.0667650029,420.684292688,65.4296875,32.3663567219704
8744,,New,095-10-09-02.34-3300,378075.84,1489656.16,936.9,0,0, ,123.393061597,936.897820946,145.70703125,48.674731283345
8745,,Changed,095-10-09-02.34-3600,377985.93,1489731.25,428.08,1323.31,-67.65, ,84.6227709562,428.079367216,66.578125,33.3833683129554
8746,,Existing,095-10-09-02.34-3600,378002.05,1489763.21,196.2,0,0, ,59.0418766662,196.196700234,30.51953125,23.2868447072165
8747,,Changed,095-10-09-02.34-10000,377603.07,1490307.77,1784.24,1637.22,8.98, ,196.740528382,1784.2374707,277.50390625,77.5483998245922
8748,,New,095-10-09-02.34-11100,377482.97,1490048.87,750.07,0,0, ,110.215302011,750.074432087,116.6640625,43.4759010537587
8749,,Existing,095-10-09-02.34-11200,377440.72,1489935.57,2084.64,0,0, ,196.048169637,2084.62302019,324.22265625,77.3669900200169
8750,,Existing,095-10-09-02.34-11500,377364.41,1489803.97,2210.84,0,0, ,230.726924058,2210.8344251,343.8515625,91.0455985575732
8751,,Changed,095-10-09-02.34-9000,377597.83,1489699.11,1181.23,1049.73,12.53, ,145.182007785,1181.22202344,183.7109375,57.2263514777372
8752,,Existing,095-10-09-02.34-9400,377586.06,1489933.21,1380.14,0,0, ,156.818858062,1380.13348676,214.66015625,61.858072855056
8753,,Existing,095-10-09-02.34-5700,377867.47,1490231.65,1981.67,0,0, ,225.341303762,1981.67248489,308.21875,88.8028466054998
8754,,Existing,095-10-09-02.34-5600,377847.72,1490269.12,1803.03,0,0, ,194.607457049,1803.03404884,280.43359375,76.6893367578195
8755,,Existing,095-10-09-02.34-4300,378032.77,1489946.35,1537.13,0,0, ,184.164545076,1537.12428019,239.0625,72.6718517468294
8756,,Existing,095-10-09-02.34-3200,378091.55,1489552.8,3972.55,0,0, ,335.948650662,3972.55509779,617.828125,132.497843463551
8757,,Existing,095-10-09-02.34-12200,377355.33,1489649.42,606.11,0,0, ,98.9206147584,606.110701687,94.265625,39.0187651247343
8758,,Existing,095-10-09-02.34-12000,377442.79,1489536.05,1230.44,0,0, ,145.217240124,1230.45248683,191.36328125,57.2766770179147
8759,,Existing,095-10-09-02.34-8900,377592.25,1489645.75,547.83,0,0, ,117.892728246,547.836048718,85.203125,46.4760114670203
8760,,Existing,095-10-09-02.34-8900,377592.11,1489599.7,494.74,0,0, ,117.07410538,494.732899439,76.94921875,46.2265777723189
8761,,Existing,095-10-09-02.34-8900,377588.15,1489538.57,516.99,0,0, ,124.878011613,517.000971909,80.40625,49.3120759990998
8762,,Existing,095-10-09-02.34-8800,377652.18,1489613.99,884.6,0,0, ,119.01179346,884.602084787,137.58203125,46.9322865815401
8763,,Existing,095-10-09-02.34-8700,377711.38,1489620.84,617.17,0,0, ,99.4695552906,617.164558364,95.98046875,39.2242799682984
8764,,Existing,095-10-09-02.34-6900,377890.57,1489611.87,536.51,0,0, ,92.7346107866,536.502961982,83.44140625,36.5687054923006
8765,,Existing,095-10-09-02.34-6900,377883.52,1489553.44,1911.25,0,0, ,209.75602455,1911.25754078,297.25390625,82.7729061288245
8766,,Existing,095-10-09-02.34-3400,378031.61,1489556.4,2181.49,0,0, ,207.713017117,2181.48964638,339.2734375,81.9673667477032
8767,,Existing,095-10-09-02.34-3400,378037.37,1489640.29,543.98,0,0, ,93.549681671,543.976320432,84.60546875,36.8986864517075
8768,,Existing,095-10-09-02.34-16200,377317.13,1490150.33,815.89,0,0, ,121.643403782,815.897319955,126.90234375,47.9896338725805
8769,,Existing,095-10-09-02.34-11500,377370.69,1489703.65,1082.18,0,0, ,135.481793344,1082.18062234,168.30859375,53.4556896460126
8770,,Existing,095-10-09-02.34-11600,377411.86,1489692.95,453.18,0,0, ,88.6021850035,453.177667777,70.484375,34.9451090423449
8771,,Existing,095-10-09-02.34-11700,377442.13,1489714.78,782.53,0,0, ,112.057610635,782.53106793,121.70703125,44.1970878373788
8772,,Existing,095-10-09-02.34-11600,377404.61,1489814.54,1421.6,0,0, ,156.551307409,1421.59593173,221.1015625,61.7545612174987
8773,,Existing,095-10-09-02.34-11200,377437.02,1490024.3,576.61,0,0, ,96.4842802973,576.604166938,89.68359375,38.0583366219049
8774,,Existing,095-10-09-02.34-11000,377414.23,1490088.02,294.74,0,0, ,70.3171481516,294.74587237,45.83984375,27.7194725075438
8775,,Existing,095-10-09-02.34-15100,377313.57,1490054.38,387.7,0,0, ,81.3011175747,387.702768094,60.296875,32.0472537481072
8776,,Existing,095-10-09-02.34-10600,377365.64,1490219.27,1314.81,0,0, ,173.078607408,1314.81235123,204.5,68.256539669283
8777,,Existing,095-10-09-02.34-11900,377489.5,1489645.58,1227.39,0,0, ,140.971502841,1227.40235188,190.890625,55.6071080468382
8778,,Existing,095-10-09-02.34-11800,377484.2,1489806.83,1594.23,0,0, ,182.612495668,1594.2332517,247.95703125,72.0496600165336
8779,,Existing,095-10-09-02.34-10900,377474.66,1490141.72,986.19,0,0, ,131.784545448,986.184291915,153.39453125,51.9816253827646
8780,,Existing,095-10-09-02.34-10900,377445.96,1490149.66,441.49,0,0, ,84.0805404931,441.481461026,68.6640625,33.161426574678
8781,,Existing,095-10-09-02.34-10800,377453.67,1490183.7,1738.12,0,0, ,183.334122144,1738.13736549,270.33984375,72.242607919039
8782,,Existing,095-10-09-02.34-10700,377466.77,1490223.96,1405.28,0,0, ,153.639897545,1405.26697915,218.5703125,60.5692754988916
8783,,Existing,095-11-09-35.32-1200,376771.67,1496989.75,1802.21,0,0, ,182.206498284,1802.20406018,280.45703125,71.8555951305637
8784,,Existing,095-11-09-35.32-1300,376841.93,1496990.09,1812.29,0,0, ,182.369609986,1812.2950405,282.02734375,71.9211230031698
8785,,Existing,095-11-09-35.32-1400,376910.54,1496990.99,1823.85,0,0, ,184.083662461,1823.85951408,283.8203125,72.5961013895751
8786,,Existing,095-11-09-35.31-800,377032.33,1496992.08,1798.03,0,0, ,181.62412449,1798.03480468,279.796875,71.6243545782735
8787,,Existing,095-11-09-35.31-700,377102.82,1496991.28,1977.55,0,0, ,195.810028003,1977.56184733,307.73046875,77.2303152263612
8788,,Existing,095-11-09-35.31-500,377241.98,1496993.46,1916.42,0,0, ,197.892282244,1916.41254941,298.22265625,78.0540208214337
8789,,Existing,095-11-09-35.31-400,377311.66,1496995.92,1788.21,0,0, ,180.685953294,1788.20958105,278.27734375,71.2563790030073
8790,,Existing,090-11-09-35.00-500,377286.21,1497745.24,2068.77,0,0, ,209.583517572,2068.7761344,321.9453125,82.675914835097
8791,,Existing,090-11-09-35.00-500,376941.99,1498018.87,479.84,0,0, ,90.5910261646,479.845301937,74.67578125,35.7563091066283
8792,,Existing,090-11-09-35.00-500,377299.83,1497814.51,795.51,0,0, ,113.947724876,795.508279704,123.80078125,44.9392123660713
8793,,Existing,095-10-09-11.31-2200,378000.07,1486199,2367.17,0,0, ,255.11594657,2367.16157829,368.0546875,100.591980230876
8794,,Existing,095-10-09-11.31-700,378150.53,1486207.57,2237.09,0,0, ,245.117841779,2237.08843176,347.828125,96.613367178254
8795,,Existing,095-10-09-11.31-1100,378114.06,1485958.72,1275.59,0,0, ,148.928782739,1275.59180154,198.328125,58.7177710696871
8796,,Existing,095-10-09-11.31-1200,378012.79,1485951.72,2148.53,0,0, ,211.91005565,2148.52939491,334.05859375,83.5353448703497
8797,,New,095-10-09-11.24-1600,377459.82,1486727.48,867.63,0,0, ,151.902918178,867.626302008,134.91015625,59.8233493850641
8798,,Changed,095-10-09-11.24-1600,377403.53,1486645.87,757.37,397.96,90.31, ,115.105357122,757.372716853,117.76953125,45.3621448812515
8799,,Existing,095-10-09-11.31-2500,377956.87,1486327.22,683.36,0,0, ,104.718113789,683.360885164,106.2578125,41.2968248786108
8800,,New,095-10-09-11.24-1600,377458.23,1486782.93,832.03,0,0, ,149.78424522,832.029434773,129.37109375,59.0149138453084
8801,,New,095-10-09-11.24-1600,377466.18,1486663,861.51,0,0, ,152.49404973,861.507000771,133.95703125,60.0549128959257
8802,,Changed,095-10-09-11.24-1600,377573.87,1486808.94,921.78,688.01,33.98, ,163.595440391,921.777546427,143.328125,64.4457792350249
8803,,Existing,095-10-09-11.31-2600,377858.55,1486363.62,1581.51,0,0, ,178.613161233,1581.49880019,245.8984375,70.4417376502651
8804,,Existing,095-10-09-11.31-2600,377833.87,1486320.17,220.18,0,0, ,60.5721828977,220.176492892,34.234375,23.8979784939071
8805,,Existing,095-10-09-11.24-1600,377390.79,1486801.61,762.6,0,0, ,151.438493113,762.603774522,118.58984375,59.6550452586648
8806,,Existing,095-10-09-11.24-1600,377392.2,1486769.39,594.46,0,0, ,121.463149989,594.463486343,92.43359375,47.838659552722
8807,,Existing,095-10-09-11.24-1600,377395.14,1486736.79,637.32,0,0, ,118.868699993,637.326599977,99.09765625,46.8232141635967
8808,,Existing,095-10-09-11.24-1600,377453.6,1486757.41,587.81,0,0, ,130.291605313,587.814538184,91.3984375,51.3209537256278
8809,,Existing,095-10-09-11.24-1600,377456.58,1486815.98,760.55,0,0, ,150.582156985,760.551102184,118.265625,59.3128107574312
8810,,Existing,095-10-09-11.24-1600,377465.04,1486697.64,876.55,0,0, ,170.762581082,876.555717415,136.29296875,67.2714748020002
8811,,Existing,095-10-09-11.24-1600,377461.63,1486556.28,673.8,0,0, ,128.16369119,673.801217585,104.765625,50.4787077533545
8812,,Existing,095-10-09-11.24-1600,377480.94,1486504,892.53,0,0, ,152.712097779,892.534132067,138.78125,60.2616513859093
8813,,Existing,095-10-09-11.31-2700,377643.54,1486352.94,1266.52,0,0, ,147.135983736,1266.5277255,196.9296875,58.0481218758886
8814,,Existing,095-10-09-11.24-1600,377581.3,1486840.02,712.29,0,0, ,138.540284621,712.286167436,110.7578125,54.5603564262031
8815,,Existing,095-10-09-11.31-2400,378017.68,1486358.55,2508.8,0,0, ,228.933969231,2508.7978229,390.08203125,90.3246177981157
8816,,Existing,095-10-09-11.31-2300,378007.72,1486273.65,2028.88,0,0, ,217.053665247,2028.87585101,315.44921875,85.5820743722233
8817,,Existing,095-10-09-11.24-1600,377395.92,1486677.05,717.72,0,0, ,144.923973268,717.720014499,111.6015625,57.0819698767408
8818,,Existing,095-10-09-11.24-1600,377392.4,1486705.15,737.19,0,0, ,139.779292442,737.188118696,114.62890625,55.0488491381972
8819,,Existing,095-10-09-11.31-2400,377986,1486363.78,179.38,0,0, ,53.9582916501,179.377912076,27.890625,21.2819201387925
8820,,Existing,095-10-09-11.31-2500,377933.64,1486372.38,1518.07,0,0, ,162.017241324,1518.06090765,236.04296875,63.8778303341123
8821,,Existing,095-10-09-11.31-2600,377805.92,1486328.63,636.99,0,0, ,114.011703823,636.985689816,99.04296875,44.9342533963429
8822,,New,095-10-09-11.21-3600,377930.98,1487831.49,1522.57,0,0, ,171.816589683,1522.56007122,236.7734375,67.7921863467695
8823,,Existing,095-10-09-11.24-100,378113.65,1487481.26,488.36,0,0, ,89.2718608052,488.362086071,75.94140625,35.1969933149158
8824,,Existing,095-10-09-11.21-2900,377692.51,1488253.84,8328.42,0,0, ,449.236015659,8328.41114547,1295.15625,177.186462544094
8825,,Existing,095-10-09-11.21-2900,377601.62,1488130.67,1344.69,0,0, ,170.426505414,1344.68633517,209.109375,67.27599403641
8826,,Existing,095-10-09-11.21-3202,378034.23,1488171.66,30436.86,0,0, ,803.164227303,30436.8494892,4733.21875,316.410613155554
8827,,New,095-10-09-02.34-12500,377444.2,1489312.71,1072.72,0,0, ,131.135564514,1072.72277508,166.8359375,51.7198431423153
8828,,New,095-10-09-11.21-2001,377346.03,1488923.86,6065.66,0,0, ,311.66014048,6065.64590101,943.3125,122.913186790343
8829,,New,095-10-09-11.21-2002,377445.94,1488936.89,3840.9,0,0, ,254.688954624,3840.90481066,597.32421875,100.442408999536
8830,,Existing,095-10-09-11.21-1900,377589.87,1489010.31,3309.51,0,0, ,314.922303565,3309.51626112,514.71875,124.21360089344
8831,,Changed,095-10-09-02.34-8300,377585.3,1489134.27,1924.62,1304.59,47.53, ,185.859864496,1924.62306368,299.32421875,73.340017654756
8832,,New,095-10-09-11.21-900,378024.27,1488898.16,187.43,0,0, ,59.2238217957,187.433867011,29.15234375,23.3733075721634
8833,,Existing,095-10-09-11.21-1101,378127.31,1488734.07,12845.74,0,0, ,773.324497808,12845.751052,1997.73046875,304.858091393665
8834,,Existing,095-10-09-11.21-1400,377891.36,1489011.97,1911.71,0,0, ,202.237795681,1911.71122904,297.3046875,79.7845277611153
8835,,Existing,095-10-09-02.34-8000,377713.42,1489154.83,2945.02,0,0, ,252.816690009,2945.01405544,458.015625,99.795272933154
8836,,Existing,095-10-09-02.34-7900,377754.68,1489214.01,1684.2,0,0, ,238.229153261,1684.21274891,261.92578125,94.0287148922188
8837,,Changed,095-10-09-02.34-2600,378028.27,1489147,2015.53,1562.51,28.99, ,210.726398167,2015.52196303,313.44921875,83.1498730243375
8838,,Existing,095-10-09-02.34-2700,377987.94,1489152,2078.48,0,0, ,228.420054694,2078.48018443,323.2578125,90.1272462716191
8839,,Existing,095-10-09-02.34-3100,378114.32,1489408.76,2251.66,0,0, ,216.579813674,2251.67543809,350.18359375,85.460478747227
8840,,Changed,095-10-09-02.34-8600,377707.07,1489362.98,1086.29,1020.68,6.43, ,144.223927588,1086.28385274,168.94140625,56.9064568802715
8841,,Changed,095-10-09-02.34-8500,377668.94,1489402.9,1963.77,1635.03,20.11, ,189.512914679,1963.76964947,305.4140625,74.7700652956105
8842,,Existing,095-10-09-02.34-12300,377361.87,1489396.75,2022.55,0,0, ,201.916773279,2022.54616475,314.55078125,79.6620459546866
8843,,Existing,095-10-09-02.34-12400,377403.63,1489317.8,807.63,0,0, ,113.923656665,807.628381933,125.61328125,44.921555844353
8844,,Existing,095-10-09-02.34-12900,377399.72,1489229.47,928.04,0,0, ,122.224165015,928.037286522,144.328125,48.1932544368099
8845,,Existing,095-10-09-02.34-13000,377311.28,1489234.7,760.18,0,0, ,112.938669739,760.186412093,118.23046875,44.5582368752128
8846,,Existing,095-10-09-02.34-12900,377350.84,1489192.42,384.08,0,0, ,78.7149077265,384.07821229,59.73046875,31.0479193742015
8847,,Existing,095-10-09-02.34-12900,377362.75,1489146,1606.85,0,0, ,177.628378258,1606.84400502,249.89453125,70.0834273763584
8848,,Existing,095-10-09-02.34-12600,377476.75,1489401.75,1294.38,0,0, ,170.334961154,1294.37884126,201.30859375,67.2276173245803
8849,,Existing,095-10-09-02.34-12600,377479.1,1489359.04,346.65,0,0, ,79.2128516161,346.649325152,53.9140625,31.2233938033633
8850,,Existing,095-10-09-02.34-12601,377486.17,1489302.03,1051.55,0,0, ,140.423239051,1051.54271673,163.54296875,55.4206761861213
8851,,Existing,095-10-09-02.34-12700,377483.73,1489243.13,863.05,0,0, ,117.894262369,863.046162242,134.22265625,46.4857210086531
8852,,Existing,095-10-09-02.34-8100,377664.14,1489234.95,494.34,0,0, ,89.3997115079,494.342149603,76.87890625,35.2632363363267
8853,,Existing,095-10-09-02.34-8200,377628.55,1489240.53,386.81,0,0, ,81.0869007162,386.812124252,60.15625,31.9933395020196
8854,,Existing,095-10-09-02.34-8500,377670.46,1489309.31,570.66,0,0, ,95.7253480173,570.664826257,88.75,37.746191137148
8855,,Existing,095-10-09-02.34-7200,377763.86,1489411.45,1608.27,0,0, ,180.424591412,1608.27372432,250.125,71.1865896731907
8856,,Existing,095-10-09-02.34-7300,377802.47,1489402.61,1676.37,0,0, ,178.370464804,1676.37496842,260.71484375,70.3910722521903
8857,,Existing,095-10-09-02.34-7400,377836.26,1489406.76,1399.05,0,0, ,171.679446653,1399.03822397,217.58984375,67.751595702993
8858,,Existing,095-10-09-02.34-7500,377879.53,1489408.29,1717.92,0,0, ,187.731232119,1717.91864949,267.17578125,74.0716043544436
8859,,Existing,095-10-09-02.34-7500,377870.75,1489341,555.08,0,0, ,94.9213639434,555.075245338,86.328125,37.4247042599581
8860,,Existing,095-10-09-02.34-7600,377883.22,1489297.79,1393.62,0,0, ,164.931496115,1393.61343939,216.75,64.9942617826962
8861,,Existing,095-10-09-02.34-7300,377801.72,1489303.1,687.86,0,0, ,105.015472061,687.856603851,106.9765625,41.4181831271648
8862,,Existing,095-10-09-02.34-7900,377762.34,1489136.12,1745.49,0,0, ,193.652920462,1745.48389712,271.453125,76.3946555312901
8863,,Existing,095-10-09-02.34-7800,377807.9,1489147.75,2384.54,0,0, ,238.858107309,2384.52370628,370.8515625,94.2741516807089
8864,,Existing,095-10-09-02.34-7700,377871.02,1489205.25,2579.2,0,0, ,213.343121597,2579.19270893,401.12109375,84.133668501126
8865,,Existing,095-10-09-02.34-2800,377991.41,1489418.49,1575.85,0,0, ,179.133952224,1575.85000587,245.078125,70.6766198284949
8866,,Existing,095-10-09-02.34-3000,378071.4,1489424.96,1181.5,0,0, ,150.221997625,1181.49406401,183.75,59.2605062727547
8867,,Existing,095-10-09-02.34-2800,377989.98,1489319.68,702.09,0,0, ,105.990601666,702.086079153,109.1953125,41.7996292715874
8868,,Existing,095-10-09-02.34-2900,378027.78,1489304.66,605.66,0,0, ,103.544088408,605.662880189,94.19140625,40.8236239134557
8869,,Existing,095-10-09-02.34-3000,378059.51,1489307.83,372.24,0,0, ,80.2909733408,372.243100604,57.89453125,31.6815180584903
8870,,Existing,095-10-09-02.34-2700,377983.23,1489254.61,887.51,0,0, ,134.993370664,887.497893959,138.01953125,53.2463125935107
8871,,Existing,095-10-09-02.34-2600,378024.32,1489256.45,519.67,0,0, ,91.3653028309,519.671065453,80.8203125,36.026653031462
8872,,Existing,095-10-09-02.34-2500,378062.62,1489187,375.01,0,0, ,78.3075861633,375.012850346,58.32421875,30.8725124010144
8873,,Existing,095-10-09-02.34-2500,378071.38,1489137.34,2085.86,0,0, ,190.754867837,2085.86239238,324.39453125,75.255474649136
8874,,Existing,095-10-09-02.34-2500,378121.1,1489193.05,3538.35,0,0, ,333.118678791,3538.34290987,550.2890625,131.554686793076
8875,,Existing,095-10-09-11.21-1800,377727.62,1489014.84,1716.33,0,0, ,172.946173629,1716.33448204,266.92578125,68.234127518296
8876,,Existing,095-10-09-11.21-1500,377853.24,1489011.45,1674.88,0,0, ,186.34859921,1674.87535484,260.48046875,73.5280942557644
8877,,Existing,095-10-09-02.34-10400,377458.89,1490308.22,1955.46,0,0, ,232.292198976,1955.45971555,304.1328125,91.5507126466445
8878,,Existing, ,377714.84,1490307.06,1029.59,0,0, ,129.1752431,1029.59340123,160.14453125,50.9557038425577
8879,,Existing,095-10-09-02.34-5000,378118.33,1490327.14,384.67,0,0, ,80.960001773,384.672012874,59.82421875,31.9236744738194
8880,,Existing,095-10-09-02.34-10500,377369.49,1490318.19,955.61,0,0, ,131.089700042,955.610252761,148.625,51.681856076611
8881,,Existing,095-10-09-02.34-10700,377410.33,1490216.26,279.71,0,0, ,69.1141311675,279.703895098,43.50390625,27.270935520238
8882,,Existing,095-10-09-02.34-11000,377472.5,1490100.94,1416.85,0,0, ,162.561265118,1416.85590894,220.375,64.0843696986754
8883,,Existing,095-10-09-02.34-11300,377399.72,1489932.5,1411.6,0,0, ,171.384162807,1411.60604408,219.546875,67.6337870924395
8884,,Existing,095-10-09-02.34-11400,377358.12,1489932.39,1358.98,0,0, ,189.057155193,1358.98602543,211.359375,74.5799629155341
8885,,Existing,095-10-09-02.34-11100,377482.76,1489930.81,1722.93,0,0, ,171.898712769,1722.92907418,267.9609375,67.8199817397132
8886,,Existing,095-10-09-02.34-11800,377489.11,1489697.18,673.77,0,0, ,103.833830289,673.766378612,104.78515625,40.9498054828436
8887,,Existing,095-10-09-02.34-12100,377404.47,1489536.36,1303.45,0,0, ,149.462478947,1303.45225694,202.71484375,58.9663340494367
8888,,Existing,095-10-09-02.34-12200,377362.3,1489532.35,1364.55,0,0, ,165.2042093,1364.55969381,212.23046875,65.1787696340454
8889,,Existing,095-10-09-02.34-11900,377484.06,1489536.07,1558.18,0,0, ,175.668472022,1558.17569927,242.3359375,69.2916919882213
8890,,Existing,095-10-09-02.34-7100,377766.92,1489540.73,2030.2,0,0, ,189.365248032,2030.19808874,315.75390625,74.7149664563187
8891,,Existing,095-10-09-02.34-7000,377809.22,1489554.36,2311.68,0,0, ,239.35886765,2311.69282243,359.53515625,94.4391773668313
8892,,Existing,095-10-09-02.34-7000,377800.15,1489653.13,909.58,0,0, ,128.987503734,909.577112796,141.46484375,50.8810008256795
8893,,Existing,095-10-09-02.34-7100,377751.42,1489660.28,226.17,0,0, ,60.299340739,226.166172373,35.171875,23.7835724661833
8894,,Existing,095-10-09-02.34-7000,377835.2,1489643.68,416.73,0,0, ,84.318462451,416.725073218,64.8046875,33.269361023769
8895,,Existing,095-10-09-02.34-6700,377840.38,1489701.43,446.69,0,0, ,84.9855184081,446.688084783,69.46875,33.5089315369403
8896,,Existing,095-10-09-02.34-6600,377818.88,1489728.17,236.2,0,0, ,61.9552566782,236.194469362,36.734375,24.4394949391961
8897,,Existing,095-10-09-02.34-6800,377892.77,1489717.26,1104.14,0,0, ,137.986809776,1104.13695383,171.7265625,54.4474346956955
8898,,Existing,095-10-09-02.34-8800,377659.55,1489658.8,257.33,0,0, ,64.4463942725,257.325463935,40.01953125,25.4109822181071
8899,,Existing,095-10-09-02.34-9100,377713.99,1489827.54,1170.48,0,0, ,144.615478507,1170.47262324,182.04296875,57.0587682305705
8900,,Existing,095-10-09-02.34-9000,377589.65,1489803.8,2096.01,0,0, ,200.91601653,2095.99904495,325.98828125,79.2863855262768
8901,,Existing,095-10-09-02.34-9300,377624.54,1489945.24,1726.91,0,0, ,210.117408001,1726.91596055,268.59375,82.9252250059391
8902,,Existing,095-10-09-02.34-9200,377712.6,1489937.77,2939.94,0,0, ,263.044043774,2939.92843163,457.24609375,103.824759209217
8903,,Existing,095-10-09-02.34-6400,377765.68,1489941.11,1499.97,0,0, ,220.73153577,1499.9607655,233.28515625,87.1089538164777
8904,,Existing,095-10-09-02.34-6300,377805.37,1489940.8,1245.17,0,0, ,155.738372605,1245.17026862,193.65625,61.4546578134997
8905,,Existing,095-10-09-02.34-6200,377846.32,1489948.9,2102.25,0,0, ,207.979695948,2102.25429095,326.96484375,82.0857622193699
8906,,Existing,095-10-09-02.34-6100,377884.67,1489941.1,1541.83,0,0, ,172.369784369,1541.8251619,239.79296875,68.0007067144637
8907,,Existing,095-10-09-02.34-6200,377848.99,1490043.56,669.36,0,0, ,103.490606666,669.3540519,104.1015625,40.8148756303529
8908,,Existing,095-10-09-02.34-6300,377798.16,1490043.65,414.85,0,0, ,81.9999033335,414.856491072,64.51953125,32.346180819879
8909,,Existing,095-10-09-02.34-5800,377870.59,1490193.52,1694.22,0,0, ,175.974628295,1694.21405326,263.515625,69.3589349205433
8910,,Existing,095-10-09-02.34-5600,377781.26,1490266.82,702.67,0,0, ,106.052100031,702.669601214,109.2890625,41.8261771453728
8911,,Existing,095-10-09-02.34-5500,377872.33,1490312.52,1763.31,0,0, ,187.396403782,1763.30284492,274.25390625,73.881692446956
8912,,Existing,095-10-09-02.34-4400,377992.4,1489953.68,2631.7,0,0, ,222.070006676,2631.71085504,409.3125,87.6371209535721
8913,,Existing,095-10-09-02.34-4600,378004.8,1490154.48,1632.72,0,0, ,201.923481415,1632.71179996,253.94921875,79.5800186272064
8914,,Existing,095-10-09-02.34-4700,378010.16,1490192.59,1973.84,0,0, ,206.323691015,1973.84265727,307.0078125,81.3304941984383
8915,,Existing,095-10-09-02.34-4800,378002.2,1490232.5,1301.67,0,0, ,160.595116637,1301.66740817,202.45703125,63.3206040785853
8916,,Existing,095-10-09-02.34-5000,378009.96,1490317.81,1706.57,0,0, ,208.16744139,1706.56894613,265.41796875,82.0391597671963
8917,,Existing,095-10-09-02.34-4000,378110.93,1489821.6,1732.07,0,0, ,173.658449302,1732.07220511,269.390625,68.5215160843043
8918,,Existing,095-10-09-02.34-4000,378107.07,1489777.81,329.31,0,0, ,72.7219614723,329.306141465,51.21875,28.6830180526409
8919,,Existing,095-10-09-02.31-8500,377406.28,1490495.01,305.31,0,0, ,70.6211045674,305.314659658,47.4921875,27.8598045942206
8920,,Existing,095-10-09-02.31-7500,377611.52,1490921.44,2071.21,0,0, ,221.894160582,2071.20980544,322.1484375,87.4780133626393
8921,,Changed,095-10-09-02.31-5200,377914.27,1491131.93,3512.51,3267.85,7.49, ,327.935756818,3512.51702693,546.35546875,129.433191561921
8922,,Existing,095-10-09-02.31-10200,377468.38,1490874.93,1651.29,0,0, ,171.907801363,1651.2979448,256.8515625,67.7742327125274
8923,,Changed,095-10-09-02.31-5100,377889.45,1490936.89,9134.87,8710.93,4.87, ,522.263129819,9134.84566182,1420.86328125,206.106650164347
8924,,New,095-10-09-02.31-2300,377988.68,1490914.28,154.45,0,0, ,49.7147235118,154.445734563,24.0234375,19.607486771807
8925,,Existing,095-10-09-02.31-2100,378067.79,1491071.01,2838.13,0,0, ,247.741114159,2838.1279152,441.453125,97.7067057902312
8926,,Existing,095-10-09-02.31-2600,378072.43,1490795.18,1043.7,0,0, ,133.951436448,1043.69124149,162.33984375,52.8304555911998
8927,,Existing,095-10-09-02.31-4900,377806.83,1490622.64,183.55,0,0, ,54.1928050071,183.544389904,28.55078125,21.3725321354505
8928,,Existing,095-10-09-02.31-3900,378009.57,1490446.4,1796.77,0,0, ,218.48834997,1796.76926321,279.45703125,86.1253704813456
8929,,Existing,095-10-09-02.31-2100,378096.18,1491021.39,2761.39,0,0, ,221.400761959,2761.37253632,429.51171875,87.3204795071592
8930,,Existing,095-10-09-02.31-8100,377602.36,1490608.23,2226.71,0,0, ,214.578699696,2226.72349768,346.33984375,84.5826883238774
8931,,Existing,095-10-09-02.21-2200,377614.01,1493569.65,538.89,0,0, ,93.3807986686,538.897014948,83.8359375,36.8243995288059
8932,,Existing,095-10-09-02.21-2000,377607.22,1493439.34,665.89,0,0, ,104.70251691,665.891317033,103.58984375,41.2837378583362
8933,,Existing,095-10-09-02.21-1900,377620.66,1493394.83,1651.44,0,0, ,177.564492668,1651.43837929,256.91796875,69.9874734450742
8934,,Existing,095-10-09-02.21-1900,377713.87,1493392.87,758.07,0,0, ,110.242561661,758.07119211,117.93359375,43.4866358596095
8935,,Existing,095-10-09-02.21-1801,377641.85,1493261.72,1995.36,0,0, ,191.135204922,1995.35583009,310.4140625,75.3348868260901
8936,,Existing,095-10-09-02.21-1800,377623.41,1493303.72,2796.22,0,0, ,288.581157879,2796.22248798,435.01171875,113.773526027839
8937,,Existing,095-10-09-02.21-1700,377715.84,1493175.09,726.21,0,0, ,107.798470901,726.20995635,112.9765625,42.5191999003211
8938,,Existing,095-10-09-02.21-1600,377768.55,1493171.17,629.28,0,0, ,101.095490791,629.287657318,97.89453125,39.8647949379469
8939,,Existing,095-10-09-02.24-6000,377703.38,1493121.68,940.02,0,0, ,122.641758704,940.022801453,146.23828125,48.3734360805169
8940,,Existing,095-10-09-02.24-5900,377609.52,1493087.01,1378.62,0,0, ,157.524562328,1378.61765016,214.47265625,62.1173410229578
8941,,Existing,095-10-09-02.24-2200,377796.36,1492985.61,300.79,0,0, ,69.6062421404,300.788740363,46.7890625,27.4586894806071
8942,,Existing,095-10-09-02.24-2200,377818.55,1492995.22,692.04,0,0, ,105.227162624,692.033129178,107.66015625,41.5042466644326
8943,,Existing,095-10-09-02.24-2200,377867.35,1493008.55,1834.84,0,0, ,210.305726571,1834.83923718,285.4453125,82.895236951455
8944,,Existing,095-10-09-02.24-2100,377873.52,1493054.43,910.89,0,0, ,143.186442872,910.900479895,141.70703125,56.4343605848699
8945,,Existing,095-10-09-02.24-2000,377872.06,1493093.18,1172.84,0,0, ,157.033463767,1172.83963107,182.44921875,61.9000204074455
8946,,Existing,095-10-09-02.24-1900,377862.34,1493126.1,1153.23,0,0, ,139.776781084,1153.22912416,179.41015625,55.1051295010028
8947,,Existing,095-10-09-02.21-1600,377875.93,1493178.56,1194,0,0, ,147.737439791,1194.00586116,185.75390625,58.2452926563109
8948,,Existing,095-10-09-02.21-1500,377871.85,1493221.9,1235.68,0,0, ,143.460189662,1235.67780719,192.234375,56.5674742406815
8949,,Existing,095-10-09-02.21-1400,377863.29,1493259.63,1518.84,0,0, ,165.952783869,1518.83178516,236.29296875,65.4109334634455
8950,,Existing,095-10-09-02.21-1300,377864.75,1493299.08,1677.88,0,0, ,179.956123348,1677.8740156,261.0234375,70.9268818524388
8951,,Existing,095-10-09-02.21-2600,377767.64,1493434.06,1098.59,0,0, ,133.127641837,1098.58164882,170.90625,52.4997569823958
8952,,Existing,095-10-09-02.21-2500,377824.66,1493460.02,1575.61,0,0, ,162.152451541,1575.60346127,245.12109375,63.9834837158245
8953,,Existing,095-10-09-02.21-2610,377771.41,1493489.97,424.37,0,0, ,86.767023236,424.370842414,66.0234375,34.2019132475888
8954,,Existing,095-10-09-02.21-2700,377829.55,1493517.86,1043.49,0,0, ,144.283702834,1043.49448723,162.34375,56.9005800761586
8955,,Existing,095-10-09-02.21-2800,377851.94,1493586.61,2777.44,0,0, ,247.156973185,2777.42393963,432.1015625,97.4449840991508
8956,,Existing,095-10-09-02.21-700,378000.12,1493486.04,988.54,0,0, ,135.084401252,988.542033601,153.79296875,53.2524820808919
8957,,Existing,095-10-09-02.21-1100,378022.07,1493226.6,1986.37,0,0, ,203.997342987,1986.36415809,309.0078125,80.4027852614888
8958,,Existing,095-10-09-02.21-1100,378045.88,1493168.27,420.79,0,0, ,84.4581758138,420.790298944,65.4609375,33.2965096499735
8959,,Existing,095-10-09-02.24-1600,378010.55,1493003,1610.84,0,0, ,167.304693752,1610.84835314,250.59375,65.9789289511717
8960,,Existing,095-10-09-02.21-5700,377471.17,1493185.05,320.51,0,0, ,72.4193833795,320.512084338,49.86328125,28.5579959712748
8961,,Existing,095-10-09-02.21-1600,377829.23,1493168.19,170.75,0,0, ,52.4764483834,170.749983514,26.56640625,20.701683386903
8962,,Existing,095-10-09-02.24-6200,377464.47,1492907.06,1825.67,0,0, ,176.344032829,1825.67064932,284.015625,69.5192256021474
8963,,Existing,095-10-09-02.24-1800,378016.66,1493125.81,2179.83,0,0, ,202.072784963,2179.83493381,339.1015625,79.6753958723165
8964,,PossiblyChanged,095-10-09-02.24-2300,377862.82,1492911.16,2108.46,0,0, ,229.612720159,2108.4467309,328.00390625,90.514280669577
8965,,PossiblyChanged,095-10-09-02.21-5100,377352.55,1494013.95,348.07,0,0, ,91.4093666266,348.067815653,54.15234375,36.0752572181235
8966,,Existing,095-10-09-02.21-5000,377462,1494093.97,2955.47,0,0, ,224.292932036,2955.47139849,459.8203125,88.4261993188755
8967,,New,095-10-09-02.21-3700,377701.5,1494014.53,705.07,0,0, ,106.51649578,705.071736072,109.6953125,42.0204572602387
8968,,New,095-10-09-02.21-3800,377689.6,1494108.7,181.43,0,0, ,54.0577322387,181.434953309,28.234375,21.3189854752743
8969,,New,095-10-09-02.21-500,378026.21,1493931.61,315.77,0,0, ,95.9494726892,315.765885055,49.1328125,37.7948196171199
8970,,Existing,090-10-09-02.00-100,378065.29,1494339.47,45747.07,0,0, ,1330.00735028,45747.103358,7117.54296875,524.920453376133
8971,,New,095-10-09-02.21-300,378012.33,1494057.76,6620.92,0,0, ,375.898295868,6620.90371279,1030.1015625,148.349152057299
8972,,New,095-10-09-02.21-3200,377830.29,1493892.83,195.72,0,0, ,56.9708409004,195.718603751,30.453125,22.4628544782055
8973,,Existing,095-10-09-02.21-4500,377320.67,1493975.61,1524.16,0,0, ,157.925294993,1524.15474729,237.12890625,62.273038057786
8974,,Existing,095-10-09-02.21-5000,377359.31,1494060.19,727.53,0,0, ,108.613818913,727.535604692,113.1875,42.8513360809906
8975,,Existing,095-10-09-02.21-5200,377393.8,1493967.42,539.87,0,0, ,94.7465649223,539.874306299,83.99609375,37.3569169519726
8976,,Existing,095-10-09-02.21-5300,377354.52,1493926.64,250.95,0,0, ,64.5184831006,250.956307111,39.046875,25.4580332615034
8977,,Existing,095-10-09-02.21-5500,377367.62,1493838.76,957.14,0,0, ,127.510069561,957.146236246,148.91015625,50.2700148168749
8978,,Existing,095-10-09-02.21-4100,377455.37,1494220.43,2500.97,0,0, ,220.795381099,2500.9570065,389.10546875,87.095625777368
8979,,Existing,095-10-09-02.21-5100,377469.84,1494014.66,1793.15,0,0, ,190.593293934,1793.14916814,278.98828125,75.1360084309333
8980,,Existing,095-10-09-02.31-8300,377603.14,1490514.62,1472.5,0,0, ,174.891252147,1472.50133741,229.02734375,68.9439414254944
8981,,New,095-10-09-02.31-8300,377652.12,1490527.28,407.02,0,0, ,87.5651261201,407.022131305,63.30859375,34.5320966364502
8982,,New,095-10-09-02.34-10100,377666.48,1490401.41,227.7,0,0, ,68.5208811653,227.69621625,35.41796875,27.0218650178718
8983,,New,095-10-09-02.34-5300,377794.94,1490411.18,368.34,0,0, ,77.0274050012,368.341155684,57.29296875,30.3732145134509
8984,,Changed,095-10-09-02.31-4500,377864.33,1490449.95,1468.94,1224.75,19.94, ,180.404091663,1468.93236358,228.47265625,71.0880351674941
8985,,New,095-10-09-02.31-8200,377669.1,1490550.18,177.13,0,0, ,54.7014871607,177.135195705,27.55078125,21.5833676116029
8986,,Existing,095-10-09-02.31-7000,377805,1490882.88,1959.01,0,0, ,210.466587276,1959.00084919,304.7109375,83.0908698036064
8987,,Existing,095-10-09-02.31-7000,377821.79,1490973.46,632.48,0,0, ,103.135646592,632.474012345,98.37890625,40.692600059268
8988,,Existing,095-10-09-02.31-7000,377855.81,1491091.61,156.13,0,0, ,55.0256327913,156.129589294,24.28515625,21.7187907551734
8989,,Changed,095-10-09-02.31-11300,377453.56,1491085.81,1593.77,1407.68,13.22, ,192.985953517,1593.77294053,247.8984375,76.05364606662
8990,,New,095-10-09-02.31-9900,377379.93,1490698.32,869.34,0,0, ,119.381355229,869.339895704,135.21875,47.0713483386054
8991,,Existing,095-10-09-02.34-10200,377459.55,1490434.86,2116.71,0,0, ,213.809386831,2116.71487343,329.2265625,84.2750323727676
8992,,Existing,095-10-09-02.34-10300,377467.81,1490391.92,1336.31,0,0, ,161.581508309,1336.30987685,207.8515625,63.6977650772903
8993,,Existing,095-10-09-02.31-8400,377627.78,1490467.06,3136.46,0,0, ,330.610163643,3136.4495219,487.83203125,130.318380585037
8994,,Existing,095-10-09-02.31-8010,377678.15,1490716.52,173.18,0,0, ,52.8030061736,173.178123059,26.93359375,20.8214997797131
8995,,Existing,095-10-09-02.31-7800,377595.01,1490880.53,1433.19,0,0, ,162.699664802,1433.19095199,222.92578125,64.1471289149769
8996,,Existing,095-10-09-02.31-7500,377690.49,1490922.38,176.86,0,0, ,54.629245535,176.853059692,27.5078125,21.5353506601356
8997,,Existing,095-10-09-02.31-7300,377694.67,1490961.94,477.62,0,0, ,107.633064597,477.619311639,74.29296875,42.4991850560424
8998,,Existing,095-10-09-02.31-2300,378034.9,1490967.88,1425.05,0,0, ,196.285084707,1425.0503334,221.65234375,77.3171240610412
8999,,Existing,095-10-09-02.34-16300,377318.32,1490349.22,382.89,0,0, ,78.9189551944,382.889582592,59.5546875,31.1321483689128
9000,,Existing,095-10-09-02.34-10200,377351.66,1490433.31,161.31,0,0, ,50.8875563204,161.310979755,25.08203125,20.0714716040724
9001,,Existing,095-10-09-02.31-8500,377375.05,1490491.16,896.76,0,0, ,121.716322795,896.754323165,139.48046875,47.9862597692003
9002,,Existing,095-10-09-02.31-8500,377427.53,1490477.24,483.6,0,0, ,87.9639694487,483.60249878,75.21875,34.6916039323956
9003,,Existing,095-10-09-02.31-7100,377610.99,1491125.67,1667.79,0,0, ,172.1493076,1667.79281162,259.421875,67.859398116694
9004,,Existing,095-10-09-02.31-7100,377706.65,1491095.22,427.73,0,0, ,83.0679563541,427.723840437,66.53515625,32.755402902509
9005,,Existing,095-10-09-02.31-7300,377634.97,1491003.11,3273.71,0,0, ,320.740595706,3273.70975278,509.19921875,126.568814967034
9006,,Existing,095-10-09-02.31-7000,377739.81,1490907.72,18185.06,0,0, ,722.618310326,18185.0427852,2828.54296875,285.373454092887
9007,,Existing, ,377858.12,1490842.49,544.47,0,0, ,93.4188813452,544.467950315,84.69140625,36.8464625276284
9008,,Existing,095-10-09-02.31-5000,377872.39,1490797.2,3068.25,0,0, ,270.893720378,3068.25429453,477.234375,106.816402320428
9009,,Existing,095-10-09-02.31-2500,378042.38,1490875.33,405.19,0,0, ,80.8856400011,405.186751405,63.02734375,31.9065290264922
9010,,Existing,095-10-09-02.31-2100,378015.18,1490997.25,894.65,0,0, ,157.445722605,894.652662641,139.16015625,62.0304811920797
9011,,Existing,095-10-09-02.31-10100,377470.03,1490815.08,1953.08,0,0, ,193.736339427,1953.08085638,303.78125,76.3826902183671
9012,,Existing,095-10-09-02.31-10000,377465.29,1490744.13,2064.07,0,0, ,215.568825836,2064.06383646,321.046875,84.9907096167622
9013,,Existing,095-10-09-02.31-8500,377465.39,1490487.82,1360.07,0,0, ,163.667307072,1360.06973803,211.5390625,64.5256231180633
9014,,Existing,095-10-09-02.31-8000,377595.76,1490720.69,1538.51,0,0, ,166.284674488,1538.51559822,239.29296875,65.6005723673865
9015,,Existing,095-10-09-02.31-8100,377718.89,1490615.65,936.77,0,0, ,122.508007292,936.772385875,145.69921875,48.3188650933392
9016,,Existing,095-10-09-02.31-8200,377744.85,1490562.65,597.47,0,0, ,100.013267733,597.464872789,92.9375,39.4603377461551
9017,,Existing,095-10-09-02.31-4900,377830.61,1490630.92,995.4,0,0, ,126.301060302,995.397697277,154.8203125,49.8072694878842
9018,,Existing,095-10-09-02.31-4900,377877.86,1490625.71,2008.21,0,0, ,187.753052098,2008.20488622,312.34765625,74.044107593676
9019,,Existing,095-10-09-02.31-4200,378021.84,1490558.09,2109.72,0,0, ,207.259767712,2109.71078953,328.14453125,81.6687411442448
9020,,Existing,095-10-09-02.31-4100,378073.76,1490513.39,631.45,0,0, ,100.567747845,631.448067263,98.21484375,39.6596637988709
9021,,Existing,095-10-09-02.31-8200,377603.2,1490557.35,1743.94,0,0, ,196.534530337,1743.94509507,271.2578125,77.4647172569685
9022,,Existing,095-10-09-02.34-10100,377606.95,1490380.63,2130.77,0,0, ,197.725820249,2130.77903251,331.41796875,77.9414771921236
9023,,Existing,095-10-09-02.34-5400,377779.28,1490349.6,169.5,0,0, ,52.7530702454,169.500386241,26.36328125,20.7981307858752
9024,,Existing,095-10-09-02.34-5400,377875.12,1490366.67,1156.77,0,0, ,160.522165882,1156.76163225,179.9296875,63.2822610517894
9025,,Existing,095-10-09-02.31-4600,377880.12,1490484.2,1108.26,0,0, ,134.067205344,1108.26605073,172.37890625,52.8713429689459
9026,,Existing,095-10-09-02.34-5200,378023.92,1490406.93,2880.64,0,0, ,255.048840972,2880.65549424,448.046875,100.491366479091
9027,,Existing,095-10-09-02.34-5100,378119.25,1490373.9,483.14,0,0, ,88.0017121067,483.137034109,75.14453125,34.7092056827964
9028,,Existing,095-10-09-02.31-3900,378116.42,1490440.38,328.05,0,0, ,74.336732446,328.048540669,51.02734375,29.3038911790862
9029,,Existing,095-10-09-02.31-4200,378116.72,1490571.54,707.86,0,0, ,113.501151641,707.867628371,110.09375,44.7503555025731
9030,,Existing,095-10-09-02.31-4400,378125.05,1490683.73,863.96,0,0, ,121.851648623,863.956235822,134.3828125,48.0819858722581
9031,,Existing,095-10-09-02.31-2700,378113.41,1490795.82,1217.21,0,0, ,145.491835013,1217.20273835,189.3203125,57.3868975927177
9032,,Existing,095-10-09-02.31-2500,378035.8,1490801.78,1536.68,0,0, ,162.356975199,1536.67927112,239.01171875,64.063607275013
9033,,Existing,095-10-09-02.31-11400,377456.15,1491143.54,2964.13,0,0, ,224.648317336,2964.13364463,461.0546875,88.6435028694134
9034,,Existing,095-10-09-02.31-10400,377462.04,1490993.44,1950.08,0,0, ,252.450757048,1950.07419843,303.33203125,99.525494406136
9035,,Existing,095-10-09-02.31-10401,377465.08,1490957.04,1518.06,0,0, ,166.777059475,1518.05896204,236.12109375,65.7333541478507
9036,,Existing,095-10-09-02.31-10300,377355.75,1490925.38,166.88,0,0, ,51.737866394,166.874345435,25.95703125,20.4068773602455
9037,,Existing,095-10-09-02.31-10200,377364.66,1490875.03,903.25,0,0, ,120.293002998,903.255660824,140.49609375,47.4389470915063
9038,,Existing,095-10-09-02.31-10100,377382.57,1490821.41,697.21,0,0, ,105.680482279,697.207237782,108.4453125,41.6820078319791
9039,,Existing,095-10-09-02.31-10100,377367.52,1490787.13,746.49,0,0, ,109.574982132,746.485482073,116.109375,43.2087525635968
9040,,Existing,095-10-09-02.31-8800,377441.51,1490605.57,2636.64,0,0, ,252.206549283,2636.63716551,410.1015625,99.3761247502303
9041,,Existing,095-10-09-02.31-8700,377465.47,1490572.5,1397.03,0,0, ,175.207073307,1397.03684715,217.30078125,69.0765118717172
9042,,Existing,095-10-09-02.31-8700,377374.11,1490558.94,273.63,0,0, ,67.7015959726,273.635992607,42.5625,26.6891037658035
9043,,Existing,095-10-09-02.31-8600,377426.83,1490516.63,232.72,0,0, ,67.6356676537,232.71898714,36.19921875,26.6631459650532
9044,,Existing,095-10-09-02.31-8600,377472.66,1490529.41,870.82,0,0, ,121.630336716,870.818384224,135.44140625,47.9746754730988
9045,,Existing,095-10-09-02.34-10300,377351.67,1490379.61,203.48,0,0, ,58.1486797007,203.484977844,31.6484375,22.9238748486446
9046,,Existing,095-10-09-02.34-5300,377871.19,1490404.58,1355.22,0,0, ,162.353028111,1355.22687141,210.78515625,64.0028444660294
9047,,Existing,095-10-09-02.31-4700,377870.7,1490521.52,1103.73,0,0, ,136.66934187,1103.73689624,171.66796875,53.874834031917
9048,,Existing,095-10-09-02.31-4800,377871.35,1490566.44,1305.68,0,0, ,164.998010366,1305.67765304,203.08203125,65.0383602120033
9049,,Existing,095-10-09-02.31-4700,377805.79,1490515.03,151.83,0,0, ,49.3228199199,151.834167923,23.62109375,19.4506469268155
9050,,Existing,095-10-09-02.31-7900,377600.62,1490825.52,1423.43,0,0, ,180.09943706,1423.43254945,221.40234375,71.0017826911889
9051,,Existing,095-10-09-02.31-7800,377679.8,1490878.92,641.5,0,0, ,101.745541925,641.493072975,99.77734375,40.1347464287185
9052,,Existing,095-10-09-02.31-2300,378079.99,1490942.7,706.56,0,0, ,108.422085196,706.560250686,109.90234375,42.7731765377005
9053,,Existing,095-10-09-02.31-2400,377992.52,1490874.36,880.27,0,0, ,121.228103988,880.28966934,136.92578125,47.7914162367004
9054,,Existing,095-10-09-02.31-2400,377993.91,1490795.88,1634.33,0,0, ,178.249402712,1634.33239224,254.21484375,70.3194599669474
9055,,Existing,095-10-09-02.31-4400,378010.61,1490694.71,1762.84,0,0, ,193.362290779,1762.84648432,274.19140625,76.2282350637332
9056,,Existing,095-10-09-02.31-4300,378004.31,1490629.59,1924.49,0,0, ,213.198773975,1924.47979466,299.328125,84.0565191939137
9057,,Existing,095-10-09-02.34-5100,378008.91,1490365.26,1567.44,0,0, ,178.86297941,1567.42643818,243.78515625,70.5181740679797
9058,,Existing,095-10-09-02.31-4000,378020.22,1490486.47,2251.55,0,0, ,229.395191348,2251.53994165,350.19921875,90.4259847025544
9059,,Existing,095-10-09-02.31-4300,378119.21,1490614.12,690.82,0,0, ,105.137985532,690.810077712,107.44140625,41.4652972634386
9060,,New,095-10-09-02.31-5200,377928.14,1491201.73,226.79,0,0, ,67.1707844274,226.789415339,35.2734375,26.4851115281282
9061,,New,095-10-09-02.31-6800,377696.19,1491174.84,153.4,0,0, ,49.9430976977,153.398884501,23.859375,19.6923616446225
9062,,Existing,095-10-09-02.31-400,378096.12,1491685.99,1838.13,0,0, ,211.220578819,1838.12802278,285.9296875,83.3603424405052
9063,,Existing,095-10-09-02.31-1400,378118.09,1491263.17,2642.41,0,0, ,244.007942441,2642.41029958,411.01953125,96.2484213663628
9064,,Changed,095-10-09-02.24-4100,377634.29,1491857.06,3077.5,1296.75,137.32, ,296.065981723,3077.50908254,478.7265625,116.896379104181
9065,,Existing,095-10-09-02.24-3900,377720.85,1491878.31,932.08,0,0, ,135.026632831,932.092566821,144.99609375,53.2784363595645
9066,,Existing,095-10-09-02.31-13300,377522.75,1491513.08,414.46,0,0, ,81.4777391906,414.467132875,64.46484375,32.13466199499
9067,,Existing,095-10-09-02.31-13300,377510.33,1491495.93,536.73,0,0, ,93.5215144339,536.735029797,83.484375,36.8842006418683
9068,,Existing,095-10-09-02.31-13400,377486.9,1491529.36,711.77,0,0, ,110.24743891,711.77147582,110.71484375,43.4816214677695
9069,,Existing,095-10-09-02.31-13500,377467.83,1491541.18,328.37,0,0, ,73.1934622951,328.376486595,51.08203125,28.8675152138005
9070,,Existing,095-10-09-02.31-11800,377469.87,1491381.26,1298.86,0,0, ,161.312013328,1298.86363486,202.0390625,63.6025877901558
9071,,Existing,095-10-09-02.24-3900,377710.99,1491826.09,1418.3,0,0, ,161.283415551,1418.29313049,220.6171875,63.6414590979851
9072,,Changed,095-10-09-02.31-5400,377833.72,1491622.45,1454.9,1267.03,14.83, ,162.779116053,1454.90191111,226.3046875,64.1910585351244
9073,,Existing,095-10-09-02.24-600,378179.76,1491867.41,23239.34,0,0, ,962.771674169,23239.4015921,3614.9921875,379.650409368057
9074,,Existing,095-10-09-02.31-11400,377361.11,1491165.42,257.27,0,0, ,67.5540513072,257.267869739,40.01171875,26.6557810448193
9075,,Existing,095-10-09-02.31-11600,377410.68,1491244.7,388.29,0,0, ,82.581716393,388.275779351,60.3984375,32.5502505889379
9076,,Existing,095-10-09-02.31-11600,377465.2,1491258.38,1951.2,0,0, ,195.105050212,1951.18960924,303.5,76.920987986809
9077,,Existing,095-10-09-02.31-11500,377463.47,1491204.12,1979.47,0,0, ,206.164935017,1979.48049439,307.90234375,81.2569951135643
9078,,Existing,095-10-09-02.31-600,377994.46,1491506.22,2092.04,0,0, ,189.532055782,2092.04548225,325.41015625,74.7671033160656
9079,,Existing,095-10-09-02.31-800,378036.36,1491457.44,1255.77,0,0, ,171.713800657,1255.76384092,195.33203125,67.775469047514
9080,,Existing,095-10-09-02.31-1300,378054.44,1491304.09,1726.17,0,0, ,171.007545219,1726.16303822,268.5,67.4267142616073
9081,,Existing,095-10-09-02.24-4200,377566.26,1491850.04,2894.07,0,0, ,252.632465635,2894.06249277,450.1875,99.5899136821815
9082,,Existing,095-10-09-02.24-4000,377674.06,1491828.76,1503.44,0,0, ,180.743128511,1503.44155966,233.8671875,71.3230764944507
9083,,Existing,095-10-09-02.24-3701,377803.01,1491874.34,1760.7,0,0, ,174.947652535,1760.70502917,273.8828125,68.9609918345638
9084,,Existing,095-10-09-02.24-3700,377877.55,1491936.31,1208.08,0,0, ,148.273156714,1208.07959097,187.92578125,58.4617254948288
9085,,Existing,095-10-09-02.24-4000,377670.71,1491922.28,584.09,0,0, ,96.8137198723,584.092306822,90.859375,38.187984136375
9086,,Existing,095-10-09-02.31-5600,377713.69,1491628.17,1186.44,0,0, ,145.46273752,1186.4371457,184.546875,57.3786721457796
9087,,Existing,095-10-09-02.31-5500,377821.62,1491671.09,3185.04,0,0, ,291.158928128,3185.05293265,495.4375,114.742875346379
9088,,Existing,095-10-09-02.24-8100,377335.62,1491834.83,1353.68,0,0, ,155.465189809,1353.67907506,210.57421875,61.3160029166751
9089,,Existing,095-10-09-02.31-14000,377319.91,1491754.81,328.84,0,0, ,81.0058744922,328.839766062,51.15625,31.9494862614069
9090,,Existing,095-10-09-02.31-13900,377400.83,1491756.13,2076.38,0,0, ,201.979239419,2076.37883465,322.98046875,79.6647388285854
9091,,Existing,095-10-09-02.31-13800,377403.27,1491684.53,470.91,0,0, ,93.9152022462,470.912668047,73.26171875,37.0417172439629
9092,,Existing,095-10-09-02.31-13600,377503.87,1491654.65,1568.07,0,0, ,163.993958386,1568.06861944,243.9140625,64.6805276747532
9093,,Existing,095-10-09-02.31-13400,377561.2,1491598.44,1698.46,0,0, ,195.276719519,1698.46297837,264.19921875,77.018247536912
9094,,Existing,095-10-09-02.31-13200,377381.35,1491570.61,339.65,0,0, ,73.8386996222,339.657585236,52.83984375,29.1220099794109
9095,,Existing,095-10-09-02.31-13200,377427.53,1491494.66,1459.17,0,0, ,173.578102923,1459.16560749,226.95703125,68.4942445642944
9096,,Existing,095-10-09-02.31-11800,377431,1491373.91,310.95,0,0, ,72.1848949865,310.944124545,48.3671875,28.4816632654888
9097,,Existing,095-10-09-02.31-6400,377619.38,1491302.83,2468.62,0,0, ,223.727693977,2468.61869583,383.984375,88.1842832405023
9098,,Existing,095-10-09-02.31-6300,377636.51,1491355.5,322.98,0,0, ,74.1815942497,322.983430037,50.23828125,29.2531464821419
9099,,Existing,095-10-09-02.31-5800,377654.57,1491498.95,2350.79,0,0, ,214.655700286,2350.79267934,365.66015625,84.6621412233407
9100,,Existing,095-10-09-02.31-6000,377693.39,1491482,1309.4,0,0, ,156.921340617,1309.39377127,203.67578125,61.8900589675912
9101,,Existing,095-10-09-02.31-6100,377725.25,1491453.07,1698.02,0,0, ,173.276037647,1698.00849365,264.12109375,68.3422045765018
9102,,Existing,095-10-09-02.31-6200,377720.91,1491368.51,607.99,0,0, ,98.6463153843,607.986656012,94.5703125,38.9057786420339
9103,,Existing,095-10-09-02.31-6200,377746.97,1491349.5,195.34,0,0, ,55.9330042038,195.343848847,30.3828125,22.0599150564139
9104,,Existing,095-10-09-02.31-6400,377725.59,1491316.68,510.75,0,0, ,102.903392837,510.752588328,79.44140625,40.5973915195973
9105,,Existing,095-10-09-02.31-6100,377661.03,1491394.21,425,0,0, ,83.6249298233,425.000342003,66.11328125,32.9816594115852
9106,,Existing,095-10-09-02.31-6000,377669.58,1491435.64,302.42,0,0, ,71.1015423832,302.419184751,47.04296875,28.0430968981727
9107,,Existing,095-10-09-02.24-7701,377377.94,1492003.39,7392.66,0,0, ,420.059533067,7392.68117018,1149.97265625,165.572705404536
9108,,Existing,095-10-09-02.24-3700,377822.12,1491931.16,831.28,0,0, ,115.336915776,831.283584827,129.30859375,45.4897817716194
9109,,Existing,095-10-09-02.31-5700,377651.17,1491694.6,2131.16,0,0, ,209.644701466,2131.17391295,331.5,82.7211189031751
9110,,Existing,095-10-09-02.31-5400,377783.58,1491623.02,434.3,0,0, ,85.5205550078,434.295848747,67.5546875,33.7142235353573
9111,,Existing,095-10-09-02.31-5401,377808.92,1491567.96,2383.83,0,0, ,231.004594297,2383.8259963,370.8125,91.1069267405156
9112,,Existing,095-10-09-02.31-600,377987.79,1491416.18,1845.58,0,0, ,175.31803777,1845.58641133,287.078125,69.1253534091068
9113,,Existing,095-10-09-02.31-900,378094.79,1491433.61,2119.29,0,0, ,239.600740214,2119.2869259,329.640625,94.5278082367758
9114,,Existing,095-10-09-02.31-900,378091.22,1491547.19,522.61,0,0, ,111.122893275,522.604863451,81.28125,43.7971972150226
9115,,Existing,095-10-09-02.31-400,378091.82,1491589.17,598.12,0,0, ,97.8706135834,598.125817225,93.04296875,38.602501722212
9116,,Existing,095-10-09-02.31-500,378042.44,1491690.58,1244.92,0,0, ,150.779611352,1244.91146334,193.6484375,59.4774557908591
9117,,Existing,095-10-09-02.31-5300,377927.39,1491249.81,757.51,0,0, ,112.291148366,757.510619114,117.82421875,44.3050744299734
9118,,Existing,095-10-09-02.31-7000,377793.33,1491215.28,6756.68,0,0, ,330.22257482,6756.68426054,1050.9765625,130.260752597943
9119,,Existing,095-10-09-02.31-6800,377608.92,1491167.63,1523.8,0,0, ,178.322465297,1523.80599219,237.0078125,70.2979802999863
9120,,Existing,095-10-09-02.31-6700,377607.5,1491209.54,1570.11,0,0, ,178.974364238,1570.09929201,244.2265625,70.5655423314647
9121,,Existing,095-10-09-02.31-6600,377605.23,1491259.17,1610.04,0,0, ,185.270302983,1610.0390542,250.4296875,73.0330805426994
9122,,Existing,095-10-09-02.31-6200,377760,1491403.92,1802.98,0,0, ,200.820646151,1802.97224322,280.453125,79.2064887734475
9123,,Existing,095-10-09-02.31-5900,377603.61,1491392.6,1235.13,0,0, ,148.02755631,1235.12796302,192.12109375,58.3530704525572
9124,,Existing,095-10-09-02.31-6300,377600.81,1491354.71,1132.65,0,0, ,143.866658448,1132.64794061,176.1796875,56.724700300735
9125,,Existing,095-10-09-02.31-13300,377591.42,1491570.43,1503.62,0,0, ,165.713264763,1503.62117264,233.8828125,65.3598996937789
9126,,Existing,095-10-09-02.31-13500,377525.97,1491622.2,1635.88,0,0, ,179.207550397,1635.88157006,254.46875,70.6812201495354
9127,,Existing,095-10-09-02.31-13700,377472.23,1491675.99,2041.23,0,0, ,232.343409545,2041.21913192,317.51953125,91.6399752394836
9128,,Existing,095-10-09-02.31-13800,377437.88,1491724.09,1641.81,0,0, ,169.907468487,1641.79882606,255.390625,67.012917879659
9129,,Existing,095-10-09-02.31-13900,377362.38,1491699.44,378.92,0,0, ,78.8445706062,378.921348927,58.9453125,31.0966398844087
9130,,Existing,095-10-09-02.31-14000,377365.44,1491788.5,1173.27,0,0, ,150.486657134,1173.26591255,182.5,59.3503527710989
9131,,Existing,095-10-09-02.31-11801,377373.24,1491361.18,1122.57,0,0, ,158.452930043,1122.57191462,174.609375,62.507164316449
9132,,Existing,095-10-09-02.31-11700,377467.53,1491300.91,1378.07,0,0, ,161.997231276,1378.07400042,214.35546875,63.8726287530276
9133,,Existing,095-10-09-02.31-6700,377717.48,1491201.31,353.54,0,0, ,77.1573142108,353.542630244,54.9921875,30.4440235959937
9134,,Existing,095-10-09-02.31-500,378043.78,1491639.34,379.14,0,0, ,81.0837977077,379.134462232,58.984375,31.99739873598
9135,,Existing,095-10-09-02.31-11700,377430.07,1491299.84,165.78,0,0, ,51.5328223156,165.775639786,25.78125,20.3228963877266
9136,,New,095-10-09-02.24-701,378008.12,1492513.57,1459.01,0,0, ,169.289539596,1459.01277932,226.96875,66.7807572947353
9137,,Existing,095-10-09-02.24-5400,377613.25,1492731.38,1835.67,0,0, ,183.238493837,1835.68685567,285.56640625,72.2240348056979
9138,,Existing,095-10-09-02.24-7200,377468.15,1492291.14,1586.13,0,0, ,176.678141193,1586.13736199,246.73828125,69.6424842728403
9139,,Existing,095-10-09-02.24-7200,377367.8,1492295.58,1098.27,0,0, ,142.884693948,1098.26491714,170.83984375,56.348442404052
9140,,Existing,095-10-09-02.24-6800,377361.73,1492472,1019.86,0,0, ,144.636355677,1019.86063484,158.65234375,57.0477348307417
9141,,New,095-10-09-02.24-6700,377371.06,1492520,234.64,0,0, ,62.4874078408,234.641272326,36.5,24.6556603643275
9142,,Existing,095-10-09-02.24-7500,377382.85,1492080.8,671.74,0,0, ,103.729650251,671.738318465,104.4921875,40.9090140015559
9143,,Existing,095-10-09-02.24-7500,377471.47,1492071.87,1522.66,0,0, ,168.705464812,1522.67381124,236.86328125,66.5008745463363
9144,,New,095-10-09-02.24-4600,377719.93,1492208.37,171.98,0,0, ,53.9635075148,171.983304192,26.75,21.2937644238816
9145,,New,095-10-09-02.24-4500,377681.3,1492068.69,749.31,0,0, ,110.052925089,749.31585383,116.55859375,43.3969267199495
9146,,Changed,095-10-09-02.24-4500,377609,1492083.26,1945.38,1807.96,7.6, ,200.283251684,1945.3815739,302.625,78.9606330370087
9147,,New,095-10-09-02.24-4400,377637.68,1492019.46,168.37,0,0, ,52.2999720297,168.371017051,26.19140625,20.6223581354931
9148,,Changed,095-10-09-02.24-7400,377418.32,1492114.34,6332.44,8060.62,-21.44, ,427.383800179,6332.42598149,985.05859375,168.414500814835
9149,,Existing,095-10-09-02.24-7300,377440.04,1492239.16,8712.79,0,0, ,471.245657862,8712.79011248,1355.34765625,185.746184612224
9150,,Existing,095-10-09-02.24-4700,377713.28,1492256.66,634.43,0,0, ,115.946993219,634.425329298,98.6796875,45.7542507888295
9151,,Existing,095-10-09-02.24-7000,377471.09,1492388.84,1652.53,0,0, ,193.651944333,1652.53745984,257.06640625,76.3177705005265
9152,,New,095-10-09-02.24-6900,377487.06,1492420.62,457.17,0,0, ,88.1946864319,457.17151564,71.11328125,34.7715021876356
9153,,Existing,095-10-09-02.24-6400,377474.54,1492729.44,1551.38,0,0, ,178.988265348,1551.37932946,241.34765625,70.5630934927629
9154,,Changed,095-10-09-02.24-3702,377796.18,1491997.14,1362.33,1199.77,13.55, ,175.014319481,1362.34353463,211.921875,68.9852390354179
9155,,Changed,095-10-09-02.24-4400,377628.08,1492037.71,2199.56,2112.87,4.1, ,256.170393474,2199.56348621,342.15625,100.977678714281
9156,,Existing,095-10-09-02.24-800,378010.95,1492637.56,2212.3,0,0, ,214.713047029,2212.29524866,344.15234375,84.6676757197419
9157,,New,095-10-09-02.24-800,378079.92,1492585.91,1137.19,0,0, ,135.192804285,1137.18736652,176.91015625,53.3292613840944
9158,,Existing,095-10-09-02.24-1100,378110.25,1492789.63,821.19,0,0, ,115.253305499,821.181554264,127.75,45.4484994711212
9159,,Existing,095-10-09-02.24-1100,378021.62,1492787.68,2099.89,0,0, ,199.07506118,2099.90306433,326.66796875,78.4598046299322
9160,,Existing,095-10-09-02.24-1000,378108.73,1492721.18,643.47,0,0, ,101.468326361,643.475827989,100.1015625,40.0205127565522
9161,,Existing,095-10-09-02.24-1000,378084.8,1492717.11,214.4,0,0, ,58.8062712542,214.398482315,33.3515625,23.1983943325472
9162,,Existing,095-10-09-02.24-900,378029.72,1492690.45,2432.81,0,0, ,252.676660009,2432.79336549,378.4609375,99.5967431313708
9163,,Existing,095-10-09-02.24-702,378023.37,1492447.94,2772.41,0,0, ,228.759277615,2772.40386626,431.2734375,90.1902562326548
9164,,Existing,095-10-09-02.24-700,378019.98,1492324.35,2758.44,0,0, ,223.847743816,2758.4335555,429.1015625,88.3493880164624
9165,,Existing,095-10-09-02.24-703,378016.42,1492211.12,3425.29,0,0, ,274.224727035,3425.28843512,532.83203125,108.270135396563
9166,,Existing,095-10-09-11.13-10400,378792.14,1486765.14,1110.43,0,0, ,156.753260703,1110.42557348,172.66796875,61.7671171228414
9167,,Existing,095-10-09-11.13-10300,378789.11,1486833.85,1465.2,0,0, ,192.550968625,1465.1991309,227.8203125,75.9150816577816
9168,,Existing,095-10-09-11.13-11201,378643.58,1486789.49,234.66,0,0, ,63.9562271442,234.663734282,36.484375,25.2341555188299
9169,,Existing,095-10-09-11.13-11201,378638.31,1486832.43,679.1,0,0, ,113.559351268,679.096338421,105.59765625,44.803480801225
9170,,Existing,095-10-09-11.13-10300,378708.71,1486845.41,441.56,0,0, ,84.7676020514,441.565221844,68.66796875,33.4174541893561
9171,,Existing,095-10-09-11.13-13800,378507.23,1486819.11,673.53,0,0, ,103.848233206,673.526553827,104.73046875,40.9479353631392
9172,,Existing,095-10-09-11.13-13900,378420.19,1486774.51,1397.66,0,0, ,149.96872733,1397.65692715,217.32421875,59.1275907940588
9173,,Existing,095-10-09-11.24-500,378291.99,1486751.74,1241.84,0,0, ,144.977996652,1241.84794269,193.09765625,57.1680603044553
9174,,Existing,095-10-09-11.13-3500,378911.83,1486928.6,1301.03,0,0, ,157.065052372,1301.03379141,202.296875,61.9113153801935
9175,,Existing,095-10-09-11.13-10100,378793.49,1486985.3,1275.37,0,0, ,146.190541284,1275.36448073,198.31640625,57.6369381905889
9176,,Existing,095-10-09-11.13-3500,378918.35,1486984.26,415.25,0,0, ,81.5190106821,415.26223125,64.57421875,32.1460078125367
9177,,New,095-10-09-11.13-9800,378677.31,1487114.55,414.68,0,0, ,81.5516723133,414.681194459,64.4765625,32.1615055393918
9178,,New,095-10-09-11.13-9800,378692.58,1487116.48,160.2,0,0, ,52.8260353039,160.206916395,24.91015625,20.8428200591985
9179,,Changed,095-10-09-11.13-13500,378436.44,1487100.75,3505.91,2619.13,33.86, ,299.827040136,3505.92209566,545.16015625,118.178238399736
9180,,Existing,095-10-09-11.13-9300,378695.5,1487379.43,622.03,0,0, ,108.12092005,622.033291418,96.72265625,42.635589291709
9181,,Existing, ,378761.68,1487283.46,199.29,0,0, ,59.9351761969,199.287650223,30.98828125,23.6185985500454
9182,,Existing,095-10-09-11.13-12200,378622.47,1487772.26,1331.58,0,0, ,168.254882047,1331.57993669,207.0703125,66.3606529385308
9183,,New,095-10-09-11.13-8600,378753.38,1487782.09,168.99,0,0, ,54.915474988,168.999774401,26.2734375,21.6693086617208
9184,,Existing,095-10-09-11.13-11500,378562.72,1487086.44,1154.6,0,0, ,164.914841449,1154.61201153,179.53515625,65.0355679651728
9185,,New,095-10-09-11.13-9800,378708.11,1487112.83,265.69,0,0, ,67.9427925092,265.694792861,41.3125,26.8016470241988
9186,,Existing,095-10-09-11.13-13300,378469.78,1487217.98,1437.17,0,0, ,194.263690107,1437.17242276,223.4765625,76.6362266294652
9187,,New,095-10-09-11.13-13300,378498.7,1487263.6,376.76,0,0, ,77.8734751949,376.758784627,58.5859375,30.7033560331355
9188,,Existing, ,378507.17,1487734.33,256.41,0,0, ,71.7946877233,256.407743612,39.8671875,28.333384835138
9189,,Existing,095-10-09-11.13-12500,378402.84,1487772.02,1248.07,0,0, ,153.325722552,1248.07172501,194.078125,60.4804500232581
9190,,Existing,095-10-09-11.13-3800,378949.52,1487094.29,4091.31,0,0, ,311.138896716,4091.30182241,636.1796875,122.55121832948
9191,,Existing,095-10-09-02.13-14500,378471.59,1491904.01,239.45,0,0, ,62.3841438337,239.448320689,37.25,24.6107757398068
9192,,Existing,095-10-09-02.42-9900,378762.73,1491675.14,2240.21,0,0, ,229.732020215,2240.21501099,348.47265625,90.647523043201
9193,,Existing,095-10-09-02.42-10100,378666.61,1491687.19,2461.72,0,0, ,241.566417182,2461.72595374,382.91015625,95.3543771350811
9194,,Existing,095-10-09-02.42-14500,378603.49,1491702.49,1601.54,0,0, ,179.426329305,1601.54401343,249.125,70.8091697908761
9195,,Existing,095-10-09-02.42-14800,378486.99,1491703.81,1794.98,0,0, ,186.387160873,1794.97203733,279.20703125,73.5470799956931
9196,,Existing,095-10-09-02.31-200,378217.34,1491628.32,628.69,0,0, ,100.925271436,628.686148111,97.79296875,39.8139251342957
9197,,Existing,095-10-09-02.31-200,378198.94,1491684.03,1777.32,0,0, ,197.233257449,1777.31465594,276.46484375,77.8510802741211
9198,,Existing,095-10-09-02.31-300,378162.14,1491586.48,313.84,0,0, ,73.5702418377,313.841047938,48.81640625,29.0317875659716
9199,,Existing,095-10-09-02.31-1100,378222.61,1491487.46,485.84,0,0, ,88.8121267825,485.841202311,75.5703125,35.0358377569569
9200,,Existing,095-10-09-02.31-1000,378152.46,1491430.73,1777.79,0,0, ,217.143577759,1777.78876835,276.54296875,85.678104179846
9201,,Existing,095-10-09-02.31-1500,378184.08,1491323.43,414.22,0,0, ,81.6582771283,414.217900969,64.43359375,32.2107232985437
9202,,Existing,095-10-09-02.31-1600,378225.27,1491330.41,634.21,0,0, ,107.274973575,634.202463306,98.64453125,42.3290776618513
9203,,Existing,095-10-09-02.31-1500,378163.46,1491212.72,1682.43,0,0, ,179.146069111,1682.42104814,261.69921875,70.6716401428055
9204,,Existing,095-10-09-02.31-1800,378240.76,1491201.04,1875.37,0,0, ,211.178092882,1875.35533494,291.703125,83.3163014037921
9205,,Existing,095-10-09-02.42-11100,378736.02,1491209.08,678.52,0,0, ,104.225513324,678.517116799,105.54296875,41.1038790740984
9206,,Existing,095-10-09-02.42-10900,378614.96,1491178.12,332.27,0,0, ,74.0941178661,332.264676986,51.6875,29.2327042580725
9207,,Existing,095-10-09-02.42-13400,378521.19,1491209.07,524.62,0,0, ,91.6249322668,524.607213628,81.59765625,36.1353946181212
9208,,Existing,095-10-09-02.42-13200,378399.95,1491180.04,576.57,0,0, ,97.0410393042,576.57286715,89.6796875,38.261391672659
9209,,Existing,095-10-09-02.42-13900,378403.93,1491231.23,500.73,0,0, ,89.5247492358,500.729296019,77.88671875,35.3066916890636
9210,,Existing,095-10-09-02.42-13900,378412.99,1491314.93,2203.62,0,0, ,205.730287217,2203.61796786,342.7578125,81.1935485151897
9211,,Existing,095-10-09-02.42-13601,378568.27,1491242.53,1244.02,0,0, ,141.496782569,1244.01479985,193.5,55.7970559021264
9212,,Existing,095-10-09-02.42-13600,378564.98,1491323.12,1730,0,0, ,176.953108997,1730.00930333,269.1015625,69.8194412335373
9213,,Existing,095-10-09-02.42-10400,378743.33,1491433.75,1334.31,0,0, ,153.471477836,1334.32014766,207.5546875,60.5518319374623
9214,,Existing,095-10-09-02.42-14400,378610.27,1491444.54,1977.73,0,0, ,208.183762062,1977.73523074,307.64453125,82.1444630268154
9215,,Existing,095-10-09-02.42-14300,378566.25,1491434.26,1621.41,0,0, ,181.143871693,1621.41925338,252.20703125,71.4766166470142
9216,,Existing,095-10-09-02.42-14200,378526.13,1491431.5,1775.57,0,0, ,189.638861114,1775.55863643,276.18359375,74.8372563931041
9217,,Existing,095-10-09-02.42-14100,378493.56,1491440.67,2017.25,0,0, ,212.099655514,2017.2371038,313.77734375,83.7253427421945
9218,,Existing,095-10-09-11.13-5800,379347.36,1487396,1132.61,0,0, ,146.09550833,1132.6046176,176.11328125,57.6180526685313
9219,,Existing,095-10-09-11.13-5900,378957.84,1487486.83,797.18,0,0, ,117.66267727,797.167483564,123.95703125,46.4138515531533
9220,,Existing,095-10-09-11.13-5902,379017.58,1487487.51,767.73,0,0, ,115.304312312,767.734893234,119.37890625,45.4835340356779
9221,,Existing,095-10-09-11.13-6200,379072.15,1487501.35,1802.62,0,0, ,210.168702482,1802.59726238,280.30078125,82.9372118531883
9222,,Existing,095-10-09-11.13-6700,379336.46,1487488.96,423.26,0,0, ,85.6502837519,423.260170154,65.82421875,33.7938979760445
9223,,Existing,095-10-09-11.13-6700,379405.48,1487487.29,1658.83,0,0, ,173.316142778,1658.82893073,257.9453125,68.3003825675693
9224,,Existing,095-10-09-11.13-6900,379443.61,1487566.23,1717.07,0,0, ,193.526314971,1717.05837333,267.00390625,76.240211911385
9225,,Existing,095-10-09-11.13-7700,379284.93,1487649.29,380.06,0,0, ,78.6724609077,380.073221079,59.1015625,31.0154173809752
9226,,Existing,095-10-09-11.13-7900,379165.53,1487652.65,520.59,0,0, ,91.7326521939,520.588890789,80.953125,36.1811341148231
9227,,Existing,095-10-09-11.13-7800,379200.11,1487651.83,448.68,0,0, ,84.8510716492,448.679024048,69.7734375,33.4637254689954
9228,,Existing,095-10-09-11.13-8101,379009.5,1487682.54,2338.75,0,0, ,197.598642834,2338.74527554,363.6796875,77.9530192925942
9229,,Existing,095-10-09-11.13-8100,378959.92,1487659.52,693.32,0,0, ,105.483700806,693.312640298,107.8125,41.6010089050753
9230,,Existing,095-10-09-11.13-8200,379015.69,1487772.49,1541.52,0,0, ,176.214489117,1541.51379872,239.71875,69.5109535628933
9231,,Existing,095-10-09-11.13-8000,379078.18,1487763.57,2289.42,0,0, ,209.310940466,2289.42981229,356.01171875,82.564267328463
9232,,Existing,095-10-09-11.13-7800,379209.99,1487761.29,1893.26,0,0, ,191.021849895,1893.260594,294.40625,75.3643543360576
9233,,Existing,095-10-09-11.13-7500,379388.28,1487750.94,2462.93,0,0, ,238.376436721,2462.92279714,382.9921875,94.0844289217255
9234,,Existing,095-10-09-11.12-5500,379092.25,1488412.23,194.06,0,0, ,56.0694416761,194.061884084,30.17578125,22.1159887364206
9235,,New,095-10-09-11.12-8900,379002.38,1488205.21,666.56,0,0, ,136.443296663,666.55877245,103.65625,53.8768820942057
9236,,Existing,095-10-09-11.12-4500,379060.44,1488001.86,223.72,0,0, ,60.919397227,223.716418412,34.7890625,24.01414383411
9237,,New,095-10-09-11.12-4400,379145.21,1487986.42,1950.28,0,0, ,185.991353536,1950.27805808,303.28125,73.3874194087002
9238,,Changed,095-10-09-11.12-3900,379387.15,1487893.14,1314.45,1312.51,0.15, ,156.430082977,1314.44470089,204.41015625,61.7074906307252
9239,,Changed,095-10-09-11.12-3700,379463.51,1487892.66,1288.35,1318.44,-2.28, ,157.951443756,1288.36122188,200.34765625,62.295691379019
9240,,Existing,095-10-09-11.12-3300,379519.45,1487883.38,1390.68,0,0, ,162.947247458,1390.6800854,216.2578125,64.2629017660206
9241,,PossiblyChanged,095-10-09-11.12-3600,379616.94,1488037.14,1881.63,0,0, ,211.667469831,1881.62759592,292.609375,83.4497456563021
9242,,Existing,095-10-09-11.12-3000,379631.77,1488096.22,1289.96,0,0, ,164.15045422,1289.95338606,200.60546875,64.7091362378092
9243,,Existing,095-10-09-11.12-2900,379588.58,1488141.64,512.29,0,0, ,94.146418524,512.285372206,79.65625,37.1132707824422
9244,,Existing,095-10-09-11.12-2900,379627.17,1488162.33,1665.66,0,0, ,170.862887621,1665.66141275,259.0234375,67.3574600863284
9245,,Existing,095-10-09-02.12-3800,379405.05,1493257.62,427.36,0,0, ,83.0678909301,427.350314869,66.48046875,32.7578197127449
9246,,Existing,095-10-09-02.12-3900,379471.49,1493199.45,721.2,0,0, ,107.592480298,721.200644682,112.19921875,42.4419334606487
9247,,Existing,095-10-09-02.13-600,379214.62,1493025.39,1132.76,0,0, ,225.620250192,2339.22709647,363.90234375,89.0585854036356
9248,,Existing,095-10-09-02.13-400,379348.27,1493026.03,1117.41,0,0, ,151.917912878,1117.40615877,173.828125,59.9410200845282
9249,,Existing,095-10-09-02.11-8400,379735.44,1493484.39,2291.22,0,0, ,264.274373084,2291.22170538,356.44921875,104.257729019181
9250,,Existing,095-10-09-02.11-8500,379734.18,1493360.67,1698.85,0,0, ,208.326960814,1698.8497183,264.296875,82.1414136719709
9251,,Existing,095-10-09-02.11-9200,379776.57,1493245.05,1147.41,0,0, ,143.168139739,1147.40221206,178.5,56.4324910047822
9252,,Existing,095-10-09-02.11-9200,379715.59,1493239.13,1455.73,0,0, ,162.171591677,1455.71998556,226.46875,63.9452140516732
9253,,Existing,095-10-09-02.14-13000,379729.64,1493117.48,2486.63,0,0, ,233.398960533,2486.61981285,386.8359375,91.975858596133
9254,,Existing,095-10-09-02.13-300,379408.34,1493026.07,1078.06,0,0, ,153.475931194,1078.06284196,167.71875,60.5564572933529
9255,,Existing,095-10-09-02.13-300,379427.78,1493067.26,514.29,0,0, ,91.0594991266,514.288072634,80.0078125,35.9222195347309
9256,,Existing,095-10-09-02.13-200,379543.93,1493030.23,2574.41,0,0, ,263.831248932,2574.39471058,400.48828125,103.987701878083
9257,,Existing,095-10-09-02.13-100,379567.75,1493120.28,1222.26,0,0, ,139.856488417,1222.25730451,190.15234375,55.1642061996423
9258,,Existing,095-10-09-02.13-100,379499.62,1493139.48,857.21,0,0, ,119.693909961,857.210768931,133.359375,47.190522857234
9259,,Existing,095-10-09-02.12-3900,379582.77,1493195.67,1671.81,0,0, ,182.925645508,1671.81699465,260.08203125,72.1042667006651
9260,,Existing,095-10-09-02.12-4100,379579.74,1493315.31,1585.44,0,0, ,209.692067938,1585.43229264,246.64453125,82.6720510523981
9261,,Existing,095-10-09-02.12-800,379290.15,1493423.81,1299.17,0,0, ,146.754128923,1299.16674639,202.1171875,57.9056663097922
9262,,Existing,095-10-09-02.13-3500,379214.47,1492896.91,1169.46,0,0, ,143.775667175,1169.46850031,181.9375,56.7305665194998
9263,,Existing,095-10-09-02.11-7600,379736.8,1493781.94,3278.37,0,0, ,328.862422969,3278.36081869,510.05078125,129.748103621924
9264,,PossiblyChanged,095-10-09-02.11-7500,379747.2,1494217.49,2583.55,0,0, ,228.078964519,2583.55710921,401.94921875,89.9349825845248
9265,,Existing,095-10-09-02.12-200,379370.59,1493920.77,100005.99,0,0, ,1672.76883336,100006.000747,15558.83203125,659.718186198437
9266,,Existing,095-10-09-02.11-7504,379738.52,1494313.05,2191.01,0,0, ,190.69325588,2190.99695877,340.87890625,75.2460659548015
9267,,Existing,095-10-09-02.11-7507,379741.12,1494107.33,2150.12,0,0, ,188.785144174,2150.1231138,334.51953125,74.4920051243001
9268,,Existing,095-10-09-02.11-7503,379742.31,1494026.33,2133.37,0,0, ,188.310612561,2133.36814885,331.91015625,74.3056223336367
9269,,Existing,095-10-09-02.11-7506,379734.02,1493949.15,2916.78,0,0, ,230.40356003,2916.79341166,453.79296875,90.8231405685565
9270,,Existing,095-10-09-02.44-10900,380348.5,1490469.41,1044.51,0,0, ,131.297058444,1044.50765926,162.4609375,51.7994815352392
9271,,Existing,095-10-09-02.41-8700,380201.74,1490572.62,342.76,0,0, ,74.7479899405,342.75871292,53.3125,29.4713731268237
9272,,Existing,095-10-09-02.41-13300,380002.2,1490544.39,2636.95,0,0, ,232.619482759,2636.93885895,410.13671875,91.7072071876174
9273,,Changed,095-10-09-02.41-13200,379914.41,1490608.13,1029.01,845.94,21.64, ,154.656201511,1029.01831917,160.05078125,60.9555008865212
9274,,Existing,095-10-09-02.41-13600,379855.26,1490611.1,483.35,0,0, ,88.0116349906,483.352001946,75.18359375,34.7132505785881
9275,,New,095-10-09-02.41-13900,379855.71,1490796.55,152.91,0,0, ,49.5077750087,152.911456733,23.77734375,19.523586502516
9276,,Changed,095-10-09-02.44-1100,380536.34,1490375.77,2100.7,1867.05,12.51, ,235.712998054,2100.70071391,326.73046875,92.9580877693348
9277,,New,095-10-09-02.41-8200,380361.42,1490750.29,187.49,0,0, ,55.8086564485,187.48651632,29.1640625,22.0017055243007
9278,,Existing,095-10-09-02.44-11000,380307.53,1490377,2084.51,0,0, ,224.496187063,2084.51021433,324.21484375,88.6166148253971
9279,,Existing,095-10-09-02.41-13700,379854.95,1490637.06,858.61,0,0, ,117.615518184,858.61037957,133.546875,46.3780793906028
9280,,PossiblyChanged,095-10-09-02.44-11400,379969.12,1490447.56,3698.42,0,0, ,353.590050183,3698.4082745,575.24609375,139.396525979028
9281,,Existing,095-10-09-02.44-11200,380163.45,1490469.7,2248.65,0,0, ,213.795196647,2248.63906362,349.75390625,84.2869389088308
9282,,Existing,095-10-09-02.41-8600,380156.43,1490537.03,2178.44,0,0, ,208.60609479,2178.44473675,338.828125,82.2329675267923
9283,,Changed,095-10-09-02.41-3600,380547.52,1490535.61,1940.1,1759.56,10.26, ,187.806343034,1940.0993255,301.75390625,74.0461743240939
9284,,Existing,095-10-09-02.41-3800,380536.19,1490645.22,1692.32,0,0, ,196.949493087,1692.31318339,263.22265625,77.6702971590157
9285,,Existing,095-10-09-02.41-7700,380398.58,1491025,1775.5,0,0, ,199.565450309,1775.50275655,276.15234375,78.6583914820353
9286,,Existing,095-10-09-02.41-9500,380147.46,1490953.94,1843.4,0,0, ,181.248942409,1843.39601226,286.73046875,71.4598434588822
9287,,New,095-10-09-02.41-9300,380252.06,1490855.72,1006.1,0,0, ,135.940460206,1006.10025269,156.48828125,53.5901196375277
9288,,Existing,095-10-09-02.41-9000,380162.3,1490740.88,2619.79,0,0, ,281.317315508,2619.77974629,407.484375,110.903698734286
9289,,Existing,095-10-09-02.41-12500,379914.36,1490939.85,197.01,0,0, ,57.3758694902,197.010311819,30.64453125,22.619082695354
9290,,Existing,095-10-09-02.41-4700,380532.99,1491126.56,1658.75,0,0, ,167.713495602,1658.74603826,258.0078125,66.1200395863513
9291,,Existing,095-10-09-02.41-12400,379896.82,1491020.72,165.01,0,0, ,51.4305645992,165.019530366,25.66796875,20.2820230105269
9292,,Existing,095-10-09-02.41-4500,380541.86,1491027.91,1632.75,0,0, ,165.641302438,1632.75003874,253.9609375,65.3238543145407
9293,,Existing,095-10-09-02.41-4500,380570.85,1491007.81,220.73,0,0, ,60.5258532248,220.734133816,34.328125,23.8799450562239
9294,,Existing,095-10-09-02.41-7300,380427.59,1491150.97,1990.7,0,0, ,190.019918233,1990.70116727,309.640625,74.9911244366657
9295,,Existing,095-10-09-02.41-7500,380343.37,1491145.11,1505.61,0,0, ,171.762323521,1505.60678529,234.1875,67.7828662158867
9296,,Existing,095-10-09-02.41-9700,380255.4,1491130.73,1659.83,0,0, ,184.271951017,1659.83583563,258.17578125,72.7100333842256
9297,,Existing,095-10-09-01.02-100,384286.94,1494056.53,8085,0,0, ,387.096122838,8085.00933159,1257.86328125,152.743364003199
9298,,Existing,095-10-09-01.02-100,384111.71,1493884.33,1219.7,0,0, ,149.573132204,1219.70374382,189.7578125,59.0392452551535
9299,,Existing,095-11-09-36.00-104,384379.57,1495769.67,200827.14,0,0, ,2345.14126743,200827.146734,31248.7734375,924.292775172953
9300,,New,095-11-09-36.00-112,384476,1496273,26638.85,0,0, ,666.70638804,26638.8720586,4145.19921875,262.889508518592
9301,,Existing,095-11-09-36.00-106,383957.89,1496976.63,12866.96,0,0, ,652.929878275,12866.9200491,2002.296875,257.682667202307
9302,,New,095-11-09-36.00-121,384264.49,1496937.03,3779.56,0,0, ,307.52672492,5686.57245986,884.921875,121.361046038319
9303,,Existing,095-11-09-36.00-107,384047.35,1497090.5,1773.76,0,0, ,175.373774926,1773.75163879,276.02734375,69.1525623437981
9304,,Existing,095-11-09-36.00-121,384353.88,1497076.7,6096.09,0,0, ,530.797998546,11907.7800328,1853.05859375,209.164669503052
9305,,Existing,095-11-09-36.32-3200,381939.56,1496690.45,1759.95,0,0, ,182.973032274,1759.95002148,273.8671875,72.1811523917521
9306,,Existing,095-11-09-36.32-6000,381497.14,1496341.56,2543.29,0,0, ,215.663776661,2543.28209832,395.75,85.1238334465348
9307,,Existing,095-11-09-36.32-6300,381701.71,1496213.42,2320.48,0,0, ,213.394730149,2320.48023208,361.0859375,84.1641998215857
9308,,Existing,095-11-09-36.32-3700,381824.18,1496499.01,2506.95,0,0, ,219.858379436,2506.95207577,390.10546875,86.740436021716
9309,,Existing,095-11-09-36.32-4000,381618.93,1496535.8,1179.98,0,0, ,139.410644494,1179.98105005,183.6171875,54.9795837024438
9310,,Existing,095-11-09-36.32-3900,381687.7,1496580.94,2760.14,0,0, ,229.380940642,2760.13483853,429.5,90.4868325929418
9311,,Existing,095-11-09-36.32-4200,381644.66,1496659.75,2033.21,0,0, ,205.043636926,2033.20485294,316.39453125,80.9150716327904
9312,,Existing,095-11-09-36.32-4300,381541.63,1496708.94,694.35,0,0, ,107.170091004,694.350249058,108.046875,42.2818892318396
9313,,Existing,095-11-09-36.32-4300,381608.78,1496751.35,1357.01,0,0, ,148.715883766,1357.00920835,211.1640625,58.6792147778117
9314,,Existing,095-11-09-36.32-4500,381521.38,1496876.33,216.74,0,0, ,59.9539483339,216.740006107,33.7265625,23.6417701852382
9315,,Existing,095-11-09-36.32-1100,381736.26,1496802.45,2076.07,0,0, ,206.933834895,2076.06200088,323.0703125,81.6512232932559
9316,,Existing,095-11-09-36.32-1300,381833.62,1496776.09,1713.13,0,0, ,172.136490755,1713.13676894,266.5859375,67.9166833300754
9317,,Existing,095-11-09-36.32-1300,381828.64,1496829.05,287.46,0,0, ,72.667203853,287.463194705,44.73046875,28.658978811058
9318,,Existing,095-11-09-36.32-1500,381977.47,1496890.23,1633.93,0,0, ,178.986483344,1633.92811386,254.265625,70.5665131797676
9319,,Existing,095-11-09-36.32-1800,382216.5,1496896.53,1756.3,0,0, ,187.359525207,1756.29535009,273.3125,73.903150508422
9320,,Existing,095-11-09-36.32-2400,382130.73,1496745.72,1226.03,0,0, ,140.844593057,1226.02804921,190.78515625,55.5685786328057
9321,,Existing,095-11-09-36.32-2500,382217.25,1496671.06,983.26,0,0, ,129.56773741,983.267408712,153.01171875,51.1125492804133
9322,,Existing,095-11-09-36.32-2800,382192.32,1496534.21,1676.91,0,0, ,169.168683252,1676.91218235,260.94140625,66.7158039247395
9323,,Existing,095-11-09-36.32-3000,382032.77,1496643.54,1521.37,0,0, ,160.804175192,1521.38170435,236.7421875,63.4399008182836
9324,,Existing,095-11-09-36.32-3100,381990.14,1496723.48,1801.35,0,0, ,192.060456247,1801.34618408,280.3125,75.8152088184185
9325,,Existing,095-11-09-36.32-3400,381965.78,1496578.03,1613,0,0, ,181.3957885,1613.00138568,250.99609375,71.5509577957029
9326,,Existing,095-11-09-36.32-3600,382016.42,1496460.7,2507.62,0,0, ,241.598795061,2507.62992661,390.203125,95.3378557376587
9327,,Existing,095-11-09-36.32-6100,381496.77,1496220.19,2571.51,0,0, ,220.540649923,2571.49905316,400.140625,87.0468659502575
9328,,Existing,095-11-09-36.32-6200,381610.41,1496244.03,2518.89,0,0, ,235.510367322,2518.89438335,391.95703125,92.8747990439431
9329,,Existing,095-11-09-36.32-3300,381904.55,1496625.83,1886.31,0,0, ,195.319278253,1886.31271574,293.52734375,77.0465730870937
9330,,Existing,095-10-09-02.24-2401,377773.38,1492785.88,701.95,0,0, ,106.013066485,701.948430818,109.19921875,41.8156931798655
9331,,Existing,095-10-09-02.24-2500,377775.17,1492725.66,902.89,0,0, ,121.033729814,902.88359753,140.45703125,47.726518930651
9332,,Existing,095-10-09-02.24-2600,377844.36,1492603.83,561.26,0,0, ,94.7832750008,561.260809431,87.31640625,37.3855297671116
9333,,Existing,095-10-09-02.24-5500,377632.47,1492795.54,1755.43,0,0, ,209.665207107,1755.42232906,273.0859375,82.6665816288853
9334,,Existing,095-10-09-02.24-5300,377695.52,1492657.19,875.92,0,0, ,118.994873267,875.918360163,136.26171875,46.9430890407204
9335,,Existing,095-10-09-02.24-5300,377620.64,1492661.42,2470.16,0,0, ,206.346225868,2470.16827175,384.265625,81.3565845807066
9336,,Existing,095-10-09-02.24-5200,377599.97,1492606.15,916.91,0,0, ,125.586988081,916.907777349,142.63671875,49.5165904937585
9337,,Existing,095-10-09-02.24-5200,377692.8,1492608.96,1710.55,0,0, ,188.093509226,1710.54380333,266.09765625,74.1235842031905
9338,,Existing,095-10-09-02.24-6500,377472.7,1492689.06,1422.6,0,0, ,168.650077646,1422.6057509,221.30859375,66.4952569826923
9339,,Existing,095-10-09-02.24-6500,377463.28,1492653.49,839.91,0,0, ,116.620501667,839.904053534,130.66015625,45.9869480686296
9340,,Existing,095-10-09-02.24-6600,377474.71,1492610.11,1266.79,0,0, ,151.298573943,1266.78720189,197.05859375,59.6645027597931
9341,,Existing,095-10-09-02.24-6800,377466.62,1492469.71,1187.71,0,0, ,147.068005947,1187.70221101,184.76171875,57.9767595360703
9342,,Existing,095-10-09-02.24-7800,377315.66,1492118.36,564.66,0,0, ,97.3912191531,564.65950647,87.8359375,38.4286252392553
9343,,Existing,095-10-09-02.24-4300,377675.5,1491998.22,1135.84,0,0, ,146.355042827,1135.84277158,176.68359375,57.6781592351378
9344,,Existing,095-10-09-02.24-4300,377724.47,1491991.76,607.72,0,0, ,108.263253718,607.716729878,94.53515625,42.7270049360659
9345,,Existing,095-10-09-02.24-3702,377879.52,1491989.58,1207.21,0,0, ,147.280443199,1207.20910466,187.7890625,58.0709942250296
9346,,Existing,095-10-09-02.24-3500,377866.85,1492069.65,1715.99,0,0, ,197.601316303,1715.98600721,266.9296875,77.8720446918242
9347,,Existing,095-10-09-02.24-3300,377867.88,1492204.37,1023.92,0,0, ,144.966179004,1023.92200564,159.2734375,57.1546278360196
9348,,Existing,095-10-09-02.24-3200,377877.76,1492251.59,1476.21,0,0, ,165.399566592,1476.20900386,229.63671875,65.2143057638107
9349,,Existing,095-10-09-02.24-3200,377839.1,1492251,379.56,0,0, ,79.9809781425,379.562821622,59.0546875,31.5426078108118
9350,,Existing,095-10-09-02.24-3100,377870.6,1492291.89,2040.13,0,0, ,197.536677785,2040.12656966,317.36328125,77.858402110365
9351,,Existing,095-10-09-02.24-2900,377874.92,1492380.97,1741.75,0,0, ,189.869042836,1741.75307543,270.9375,74.8433600244043
9352,,Existing,095-10-09-02.24-2800,377885.22,1492428.24,1121.03,0,0, ,143.474125053,1121.02965526,174.390625,56.5765486821024
9353,,Existing,095-10-09-02.24-2700,377861.81,1492505.15,1620.97,0,0, ,176.718366307,1620.96809182,252.1640625,69.6616391691221
9354,,Existing,095-10-09-02.24-2700,377766.41,1492509.33,893.78,0,0, ,125.919327995,893.783902035,139.0390625,49.6642324690911
9355,,Existing,095-10-09-02.24-5100,377681.42,1492506.98,1566.71,0,0, ,167.25513605,1566.71155038,243.72265625,65.95397113626
9356,,Existing,095-10-09-02.24-5100,377713.2,1492470.93,825.02,0,0, ,115.700747651,825.0167477,128.34375,45.6231202240332
9357,,Existing,095-10-09-02.24-4900,377648.89,1492440.55,281.25,0,0, ,69.6154913581,281.255886025,43.75390625,27.4425104119154
9358,,Existing,095-10-09-02.24-5100,377654.65,1492462.29,246.14,0,0, ,63.2447401121,246.143431159,38.2890625,24.9507395694027
9359,,Existing,095-10-09-02.24-5001,377604.04,1492512.42,645.48,0,0, ,101.65298816,645.481446324,100.41796875,40.0952675210637
9360,,Existing,095-10-09-02.24-5000,377607.79,1492476.82,952.41,0,0, ,143.567987906,952.407688991,148.16015625,56.5820674822535
9361,,Existing,095-10-09-02.24-4900,377629.48,1492386.24,958.43,0,0, ,170.542901631,958.440950275,149.09765625,67.2048446469789
9362,,Existing,095-10-09-02.24-4900,377692.86,1492411.74,2830.11,0,0, ,218.26727999,2830.10083713,440.25,86.1259112162506
9363,,Existing,095-10-09-02.24-2800,377774.78,1492432.6,551.49,0,0, ,94.9980155882,551.493912425,85.79296875,37.4572150694422
9364,,Existing,095-10-09-02.24-2900,377760.61,1492393.4,497.3,0,0, ,89.7254426239,497.30249088,77.36328125,35.3965084299973
9365,,Existing,095-10-09-02.24-3000,377770.7,1492330.41,500.74,0,0, ,89.5286923423,500.750700231,77.89453125,35.3125968685702
9366,,Existing,095-10-09-02.24-3100,377783.3,1492292.26,493.06,0,0, ,89.2721311674,493.065271819,76.703125,35.2027806028269
9367,,Existing,095-10-09-02.24-4801,377691.65,1492293.67,563.92,0,0, ,98.3909244223,563.922205235,87.72265625,38.7953225334785
9368,,Existing,095-10-09-02.24-4600,377601.81,1492215.81,1379.16,0,0, ,150.417186702,1379.1752313,214.546875,59.3072700054872
9369,,Existing,095-10-09-02.24-4700,377601.27,1492252.89,1534.25,0,0, ,172.485237807,1534.24718897,238.6640625,67.9904942839244
9370,,Existing,095-10-09-02.24-4801,377605.4,1492292.83,1780.89,0,0, ,183.05038563,1780.88607131,277.0390625,72.1505175213535
9371,,Existing,095-10-09-02.24-3300,377768.89,1492200.81,713.36,0,0, ,111.149488054,713.377985878,110.9765625,43.8407325500763
9372,,Existing,095-10-09-02.24-6900,377364.18,1492415.08,373.8,0,0, ,78.7118530046,373.80108971,58.15234375,31.0565713508418
9373,,Existing,095-10-09-02.24-7000,377359.76,1492382.82,737.63,0,0, ,108.682177356,737.62803548,114.73828125,42.86800585938
9374,,Existing,095-10-09-02.24-6700,377465.1,1492513.09,1890.38,0,0, ,189.011146317,1890.38337801,294.07421875,74.5085361468437
9375,,Existing,095-10-09-02.24-4900,377600.57,1492428.51,1530.45,0,0, ,168.678589364,1530.45269147,238.078125,66.5043587244353
9376,,Existing,095-10-09-02.24-4300,377612.64,1491990.57,1578.94,0,0, ,181.597139704,1578.93533735,245.60546875,71.5914720810907
9377,,Existing,095-10-09-02.24-3600,377879.39,1492029.11,1206.37,0,0, ,145.461246867,1206.37716104,187.65625,57.3521829807808
9378,,Existing,095-10-09-02.24-3400,377875.62,1492110.66,1423.01,0,0, ,161.678220654,1423.0017951,221.35546875,63.7502992406504
9379,,Existing,095-10-09-02.24-3600,377791.16,1492029.66,826.25,0,0, ,128.160554266,826.24528486,128.5234375,50.5475179045165
9380,,Existing,095-10-09-02.24-3000,377875.64,1492326.4,1334.35,0,0, ,161.723653088,1334.34673986,207.56640625,63.765938559386
9381,,Existing,095-10-09-02.24-2600,377887.42,1492602.81,1020.18,0,0, ,131.255911007,1020.18090828,158.69921875,51.7470752443016
9382,,Existing,095-10-09-02.24-2500,377864.89,1492729.22,1477.08,0,0, ,170.367935263,1477.07477282,229.78515625,67.1744296498582
9383,,Existing,095-10-09-02.24-1000,378011.52,1492731.48,1361.17,0,0, ,161.994295486,1361.16412422,211.74609375,63.8553749684501
9384,,Existing,095-11-09-35.34-6600,378111,1495647.21,200.82,0,0, ,57.2534719844,200.831437593,31.25,22.5907113502435
9385,,Existing,095-11-09-35.34-1600,377412.81,1495512.68,1669.27,0,0, ,182.7820221,1669.2763013,259.734375,72.1170106585239
9386,,Existing,095-11-09-35.34-2000,377356.45,1495343.06,1667.31,0,0, ,170.291403874,1667.31093412,259.4296875,67.153334593185
9387,,Existing,095-11-09-35.34-1900,377414.64,1495348.95,1662.8,0,0, ,181.085617873,1662.79910256,258.7265625,71.4459368086685
9388,,Existing,095-11-09-35.32-2800,377451.34,1495973.53,4121.68,0,0, ,345.552513891,4121.67130277,641.3359375,136.195451035756
9389,,Existing,095-11-09-35.31-1003,377463.01,1495833,5003.26,0,0, ,325.877450754,5003.24785044,778.51953125,128.485777415835
9390,,Existing,095-11-09-35.34-100,377445.46,1495714.69,1900.59,0,0, ,193.406513228,1900.58659565,295.73046875,76.2438159917162
9391,,Existing,095-11-09-35.34-103,377430.09,1495651.31,2623.3,0,0, ,216.578612499,2623.31780748,408.1875,85.3764403673651
9392,,Existing,095-11-09-35.34-1800,377476.37,1495353.29,1803.06,0,0, ,185.175888981,1803.07007607,280.546875,73.0698464812037
9393,,Existing,095-11-09-35.34-7601,377606.59,1495709.05,1782.17,0,0, ,183.779136757,1782.16446187,277.3046875,72.4959929207413
9394,,Existing,095-11-09-35.34-7600,377715.4,1495681.91,813.75,0,0, ,114.353551603,813.748651788,126.62109375,45.1142140376541
9395,,Existing,095-11-09-35.34-7600,377700.35,1495743.99,178.1,0,0, ,53.4011287686,178.096780437,27.71484375,21.0659755491374
9396,,Existing,095-11-09-35.34-7600,377744.31,1495729.79,739.94,0,0, ,109.454538597,739.936519155,115.1328125,43.1664149854719
9397,,Existing,095-11-09-35.34-7604,377625.48,1495605.76,1797.44,0,0, ,187.364097533,1797.43824248,279.68359375,73.8642130576118
9398,,Existing,095-11-09-35.34-7602,377803.42,1495602.56,1792.78,0,0, ,186.62992128,1792.76949153,278.95703125,73.5754856251536
9399,,Existing,095-11-09-35.34-6200,377876.39,1495612.59,1828.87,0,0, ,192.145284995,1828.86183667,284.57421875,75.7815076629248
9400,,Existing,095-11-09-35.34-6500,378069.39,1495614.8,2147.49,0,0, ,205.134856067,2147.49624728,334.14453125,80.9154347772904
9401,,Existing,095-11-09-35.34-6600,378131.24,1495608.19,1739.42,0,0, ,174.574454002,1739.43570125,270.6640625,68.8369968669032
9402,,Existing,095-11-09-35.34-7500,378006.48,1495475.4,1693.23,0,0, ,182.085593835,1693.21706027,263.453125,71.8360342208234
9403,,Existing,095-11-09-35.34-7300,378006.44,1495354.51,1534.35,0,0, ,166.076050196,1534.34818677,238.734375,65.5426205577891
9404,,Existing,095-11-09-35.34-7200,378006.89,1495290.28,1703.77,0,0, ,172.801562461,1703.78578942,265.09375,68.1905489165595
9405,,Existing,095-11-09-35.34-102,377351.14,1495657.66,1079.16,0,0, ,135.506087107,1079.17202834,167.91796875,53.4449038658463
9406,,Existing,095-11-09-35.34-6400,378004.98,1495614.46,1959.45,0,0, ,196.419579979,1959.45321279,304.88671875,77.4741311105816
9407,,Existing,095-11-09-35.34-6300,377938.63,1495609.16,1680.73,0,0, ,185.841725456,1680.73517905,261.5234375,73.2892432977753
9408,,Existing,095-11-09-35.34-7400,378004.31,1495408.31,1530.53,0,0, ,163.8157744,1530.52779572,238.1484375,64.6163252656445
9409,,New,095-11-09-35.31-2900,377377.29,1496531.57,1768.34,0,0, ,186.658043816,1768.3371002,275.171875,73.6353845643802
9410,,Existing,095-11-09-35.31-1600,377455.03,1496831.76,2110.31,0,0, ,207.106738671,2110.30218851,328.39453125,81.6988585058655
9411,,Existing,095-11-09-35.31-1500,377382.88,1496826.22,1840.72,0,0, ,180.670604021,1840.71525355,286.4453125,71.2459666966695
9412,,Existing,095-11-09-35.32-2800,377451.59,1496128.63,4182.07,0,0, ,343.976864258,4182.0558971,650.75390625,135.573708009803
9413,,Existing,095-11-09-35.31-2500,377423.85,1496646.07,246.72,0,0, ,63.1599773023,246.720374441,38.39453125,24.9203249068776
9414,,Existing,095-11-09-35.31-3700,377361.49,1496360.44,2247.68,0,0, ,202.415509293,2247.67641269,349.7578125,79.8324685507484
9415,,Existing,095-11-09-35.31-3600,377428.45,1496368.33,2391.11,0,0, ,227.472169972,2391.10186204,372.0703125,89.7413767744766
9416,,Existing,095-11-09-35.31-4500,377360.23,1496237.04,2121.79,0,0, ,201.520002168,2121.78163931,330.16796875,79.4844667234107
9417,,Existing,095-11-09-35.31-4400,377429.45,1496235.31,1896.57,0,0, ,199.604617966,1896.56643055,295.1171875,78.7273756626188
9418,,Existing,095-11-09-35.31-1700,377518.51,1496824.19,1563.87,0,0, ,167.493302665,1563.8510941,243.35546875,66.0401337011162
9419,,Existing,095-11-09-35.31-2500,377446.88,1496694.31,1691.51,0,0, ,176.09740994,1691.49997029,263.21875,69.4317426122334
9420,,Existing,095-11-09-35.31-3500,377499.67,1496366.05,2127.38,0,0, ,203.692655958,2127.37358691,331.03515625,80.3431005826307
9421,,Existing,095-11-09-35.31-4300,377499.2,1496235.79,1877.72,0,0, ,198.131811862,1877.71661407,292.19140625,78.146316761392
9422,,Existing,095-11-09-35.31-2400,377376.61,1496693.8,1683.75,0,0, ,175.532813938,1683.74719141,262.015625,69.2139036613406
9423,,New,095-11-09-35.31-300,377357.07,1496927.08,242.34,0,0, ,62.9979896699,242.344768205,37.7109375,24.859155950902
9424,,Existing,095-11-09-35.31-300,377381.78,1496996.42,1817.05,0,0, ,182.694857683,1817.0328341,282.765625,72.0479776436619
9425,,Existing,095-11-09-35.31-200,377452.15,1496991.3,2248.04,0,0, ,217.470722681,2248.04049374,349.828125,85.796832665425
9426,,Existing,095-11-09-35.31-100,377518.88,1496990.35,2370.53,0,0, ,224.464788411,2370.52783506,368.89453125,88.5579132481699
9427,,Changed,095-10-09-11.42-1400,378843.93,1485951.38,1959.03,1656.58,18.26, ,205.467034383,1959.02798221,304.59765625,81.0409832202298
9428,,New,095-10-09-11.42-1400,378810.69,1485897.65,545.12,0,0, ,93.4212405056,545.118507667,84.7578125,36.8390456577378
9429,,Existing,095-10-09-11.42-2000,378581.74,1486141.34,263.82,0,0, ,67.2583907302,263.819761112,41.0234375,26.5072776365747
9430,,Existing,095-10-09-11.42-2000,378585.68,1486101.47,1826.39,0,0, ,186.761604141,1826.40117095,283.984375,73.6793096736753
9431,,Existing,095-10-09-11.42-1900,378573.13,1486214.5,1531.05,0,0, ,185.586099451,1531.0479441,238.05859375,73.1789519658168
9432,,Existing,095-10-09-11.42-1600,378796.79,1486114.78,1821.21,0,0, ,192.858854025,1821.2052821,283.16796875,76.0532468178132
9433,,Existing,095-10-09-11.42-1500,378810.14,1486030.2,1286.03,0,0, ,150.738352063,1286.02852496,199.95703125,59.4750484194485
9434,,Existing,095-10-09-11.42-1000,378494.2,1485938.19,1977.54,0,0, ,204.591279082,1977.54237869,307.47265625,80.7224548468207
9435,,Existing,095-10-09-11.31-300,378300.68,1486211.55,1470.8,0,0, ,163.28738623,1470.80313965,228.69140625,64.3904472082943
9436,,Existing,095-10-09-11.42-701,378444.78,1486200.42,2241.19,0,0, ,207.374377095,2241.19634938,348.47265625,81.8086626219928
9437,,Existing,095-10-09-11.31-200,378297.11,1486305.52,2545.1,0,0, ,220.860420149,2545.11048761,395.73828125,87.1076611524781
9438,,Existing,095-10-09-11.24-600,378291.08,1486702.68,1745.78,0,0, ,182.839142866,1745.79006891,271.44921875,72.0868205843875
9439,,New,095-10-09-11.42-500,378467.04,1486391.33,382.13,0,0, ,78.4578483328,382.126871151,59.4140625,30.9426269258618
9440,,Existing,095-10-09-11.42-500,378507.01,1486377.42,1849.81,0,0, ,197.68543431,1849.80849424,287.62109375,77.9938084451092
9441,,New,095-10-09-11.42-100,378769.06,1486280.27,179.34,0,0, ,55.0808972852,179.34666946,27.88671875,21.722176942665
9442,,New,095-10-09-11.42-800,378790.07,1486236.94,199.43,0,0, ,57.7301842965,199.433146531,31.00390625,22.7545859671781
9443,,New,095-10-09-11.13-14100,378488.77,1486542.38,395.22,0,0, ,79.7837040577,395.225957395,61.453125,31.4553759327654
9444,,Existing,095-10-09-11.13-14200,378415.77,1486489.87,1842.76,0,0, ,180.390397347,1842.772003,286.52734375,71.1523346126498
9445,,Existing,095-10-09-11.13-13900,378513.09,1486763.43,353.59,0,0, ,75.9523512843,353.589639211,54.98046875,29.9583452485396
9446,,Changed,095-10-09-11.24-600,378245.75,1486722.33,167.88,89.52,87.53, ,56.3282671409,167.886553187,26.10546875,22.1942011776844
9447,,Existing,095-10-09-11.24-300,378173.06,1486847.34,151.35,0,0, ,51.1581015783,151.35418339,23.5390625,20.161943284896
9448,,New,095-10-09-11.13-11400,378621.22,1486962.56,2713.48,0,0, ,215.693276404,2713.4811028,421.92578125,85.0706460802734
9449,,Existing,095-10-09-11.13-10500,378766.41,1486729.34,165.32,0,0, ,51.6993716732,165.316404828,25.703125,20.3821897706993
9450,,Existing,095-10-09-11.13-3400,378966.25,1486831.51,2509.81,0,0, ,214.106020288,2509.81457988,390.2578125,84.4066635835328
9451,,Existing,095-10-09-11.42-600,378405.54,1486356.13,2767.92,0,0, ,250.5598738,2767.91350097,430.3828125,98.8836014422235
9452,,Existing,095-10-09-11.13-3200,378898.16,1486673.49,1597.22,0,0, ,207.299304694,1597.22875484,248.35546875,81.7860877467554
9453,,Existing,095-10-09-11.13-10100,378733.6,1486992.44,184.06,0,0, ,54.3721599438,184.056544898,28.62109375,21.4432155804113
9454,,Existing,095-10-09-11.31-500,378151.79,1486372.78,1825.21,0,0, ,185.161400529,1825.21107559,283.8046875,72.9855132894914
9455,,Existing,095-10-09-11.31-600,378137.43,1486298.58,1439.74,0,0, ,163.308720299,1439.74542786,223.86328125,64.4055262051246
9456,,Existing,095-10-09-11.31-600,378186.02,1486276.49,792.43,0,0, ,131.402344625,792.431620815,123.21484375,51.7940344325721
9457,,Existing,095-10-09-11.31-300,378263.05,1486241.71,704.94,0,0, ,106.204170645,704.936260351,109.60546875,41.8786668130776
9458,,Existing,095-10-09-11.24-1000,378244.11,1486494.24,700.88,0,0, ,105.916734544,700.872463863,108.984375,41.7636067921784
9459,,Existing,095-10-09-11.24-800,378295.35,1486559.83,2685.8,0,0, ,231.275651327,2685.78858914,417.62109375,91.2365567161359
9460,,Existing,095-10-09-11.24-700,378295.82,1486647.77,1939.49,0,0, ,196.569900926,1939.50169233,301.5703125,77.5470995033611
9461,,Existing,095-10-09-11.24-900,378184.24,1486584.96,805.9,0,0, ,114.52170901,805.899521866,125.30859375,45.1467713063827
9462,,Existing,095-10-09-11.42-300,378681.38,1486367.15,1603.21,0,0, ,167.395558279,1532.22229881,238.2421875,66.0496244586046
9463,,Existing,095-10-09-11.42-200,378730.89,1486363.86,1745.2,0,0, ,187.173582126,1745.1938436,271.359375,73.8328034394876
9464,,Existing,095-10-09-11.13-3100,378928.08,1486530.32,1901.58,0,0, ,188.100527954,1901.57970023,295.6796875,74.1511965986774
9465,,Existing,095-10-09-11.13-10710,378789.96,1486556.39,1631.91,0,0, ,174.009609631,1631.91525221,253.73828125,68.5978176136425
9466,,Existing,095-10-09-11.13-10711,378754.61,1486510.65,2651.84,0,0, ,229.04979299,2651.83792043,412.33203125,90.3039904906466
9467,,Existing,095-10-09-11.13-10800,378638.42,1486492.91,1828.32,0,0, ,177.970371321,1828.33148822,284.28515625,70.2075193407602
9468,,Existing,095-10-09-11.13-10900,378579.97,1486514.96,266.91,0,0, ,66.5884495005,266.913879375,41.5,26.2674343335383
9469,,Existing,095-10-09-11.13-14100,378488.64,1486568.53,702.35,0,0, ,106.054596906,702.350940213,109.20703125,41.8172476912541
9470,,Existing,095-10-09-11.13-14200,378398.75,1486529.6,450.74,0,0, ,85.034991055,450.738949449,70.0859375,33.5277215832631
9471,,Existing,095-10-09-11.13-10700,378690.18,1486488.66,1566.44,0,0, ,168.824776896,1566.44357228,243.5703125,66.5731046915506
9472,,Existing,095-10-09-11.13-10712,378688.84,1486565.76,1067.25,0,0, ,148.49105564,1067.24097398,165.953125,58.5197830313307
9473,,Existing,095-10-09-11.13-10600,378673.23,1486630.49,361.1,0,0, ,76.8699250072,361.098730647,56.1484375,30.320735391447
9474,,Existing,095-10-09-11.13-11000,378617.07,1486668.97,1510.03,0,0, ,167.391098916,1510.02035942,234.796875,66.0467942716093
9475,,Existing,095-10-09-11.13-11100,378571.9,1486655.61,1248.09,0,0, ,149.459501361,1248.10185537,194.0703125,58.9704343019748
9476,,Existing,095-10-09-11.13-13100,378401.18,1487322.15,1487.84,0,0, ,164.616168189,1487.84261963,231.35546875,64.9166108005755
9477,,Existing,095-10-09-11.13-13000,378461.69,1487371.64,937.33,0,0, ,124.619600113,937.337303788,145.74609375,49.1405420343214
9478,,Existing,095-10-09-11.13-13200,378487.3,1487365.96,277.86,0,0, ,68.434642897,277.856749812,43.20703125,26.9984082200639
9479,,Existing,095-10-09-11.13-13200,378504.73,1487332.19,1400.68,0,0, ,181.621027835,1400.68437797,217.8125,71.6869629011421
9480,,Existing,095-10-09-11.13-11900,378558.02,1487376.89,1519.83,0,0, ,165.68930117,1519.82869144,236.33984375,65.3288910035822
9481,,Existing,095-10-09-11.13-11900,378570.13,1487312.23,182.31,0,0, ,54.0866135847,182.314036726,28.34765625,21.3259149605184
9482,,Existing,095-10-09-11.13-11800,378626.51,1487312.85,366.81,0,0, ,76.6151260852,366.813842082,57.04296875,30.2112360502706
9483,,Existing,095-10-09-11.13-9500,378797.78,1487269.01,1208.75,0,0, ,152.65735566,1208.76242822,187.9609375,60.2057424904172
9484,,Existing,095-10-09-11.13-9600,378777.52,1487231.81,1981.72,0,0, ,231.787790381,1981.73222218,308.16796875,91.317543948299
9485,,Existing,095-10-09-11.13-9700,378788.7,1487198.59,1237.46,0,0, ,163.754224335,1237.46457105,192.421875,64.5370468756917
9486,,Existing,095-10-09-11.13-9700,378765.2,1487178.95,235.75,0,0, ,67.8641280147,235.754650195,36.65625,26.7574772535868
9487,,Existing,095-10-09-11.13-11700,378617.73,1487208.2,2364.52,0,0, ,263.287890774,2364.51876823,367.6875,103.861858095467
9488,,Existing,095-10-09-11.13-11600,378559.03,1487212.14,2517.89,0,0, ,222.448089281,2517.88435894,391.52734375,87.7726781112307
9489,,Existing,095-10-09-11.13-13400,378431.91,1487252.38,907.33,0,0, ,120.846771675,907.32715606,141.08984375,47.6465255154398
9490,,Existing,095-10-09-11.13-4800,378908.46,1487263.34,1569.55,0,0, ,177.146604279,1569.5543029,244.06640625,69.8164508829678
9491,,Existing,095-10-09-11.13-5901,378910.07,1487485.96,1212.27,0,0, ,145.109053639,1212.27191499,188.5078125,57.2187997958283
9492,,Existing,095-10-09-11.13-5901,378904.23,1487531.26,370.66,0,0, ,77.7480827455,370.658899375,57.640625,30.6505217320456
9493,,Existing,095-10-09-11.13-6000,378910.68,1487562.25,1290.24,0,0, ,159.988976063,1290.23865879,200.63671875,63.0499828052042
9494,,Existing,095-10-09-11.13-6100,378909.71,1487607.5,1246.5,0,0, ,158.22212451,1246.50048378,193.83203125,62.3563798829551
9495,,Existing,095-10-09-11.13-8100,378911.1,1487655.41,1557.81,0,0, ,172.12601521,1557.81401649,242.2421875,67.8360819978307
9496,,Existing,095-10-09-11.13-8500,378892.91,1487727.12,499.31,0,0, ,92.1840807062,499.314728557,77.64453125,36.3340384034499
9497,,Existing,095-10-09-11.13-8500,378892.68,1487771.8,1551.35,0,0, ,167.191089609,1551.35406159,241.23828125,65.9582551673279
9498,,Existing,095-10-09-11.13-12800,378426.48,1487535.36,1597.59,0,0, ,179.028989415,1597.58032973,248.4296875,70.5853844640372
9499,,Existing,095-10-09-11.13-12600,378441.58,1487660.72,388.66,0,0, ,80.0987951082,388.670425297,60.4375,31.5972652237535
9500,,Existing,095-10-09-11.13-12600,378410.53,1487675.09,1020.85,0,0, ,184.525941278,1020.84725197,158.74609375,72.8218155440156
9501,,Existing,095-10-09-11.13-12400,378437.36,1487778.55,281.98,0,0, ,68.0329153619,281.980864802,43.8515625,26.8367705260808
9502,,Existing,095-10-09-11.13-12300,378559.41,1487766.93,1275.32,0,0, ,146.191342345,1275.32389129,198.31640625,57.6246087951427
9503,,Existing,095-10-09-11.13-8701,378672.03,1487779.29,956.53,0,0, ,133.750291762,956.526879,148.73828125,52.7517913227931
9504,,Existing,095-10-09-11.13-8600,378787.1,1487777.87,893.53,0,0, ,119.857614609,893.527874897,138.9453125,47.2582112860362
9505,,Existing,095-10-09-11.13-8700,378708.17,1487778.19,990.06,0,0, ,130.425169788,990.058982342,153.9609375,51.4468655900055
9506,,Existing,095-10-09-11.13-8600,378787.47,1487738.16,922.42,0,0, ,126.943912665,922.419982865,143.44140625,50.0485978231747
9507,,Existing,095-10-09-11.13-9100,378794.34,1487524.52,1475.83,0,0, ,174.314407195,1475.82758656,229.48828125,68.7243683545073
9508,,Existing,095-10-09-11.13-9200,378784.91,1487484.43,1711.27,0,0, ,181.544377506,1711.28189878,266.09765625,71.5547129590782
9509,,Existing,095-10-09-11.13-12000,378557.92,1487506.49,1544.65,0,0, ,171.302169066,1544.64707215,240.203125,67.570576289665
9510,,Existing,095-10-09-11.13-12100,378611.72,1487503.48,2665.73,0,0, ,241.109071908,2665.73070355,414.52734375,95.1225415696628
9511,,Existing,095-10-09-11.13-11501,378628.94,1487097.45,1307.05,0,0, ,161.293023165,1307.04397367,203.2421875,63.6117896647096
9512,,Existing,095-10-09-11.13-11800,378619.41,1487382.66,1564.52,0,0, ,186.989397772,1564.51527047,243.28125,73.7538402594755
9513,,Existing,095-10-09-11.13-9400,378796.51,1487329.65,1183.53,0,0, ,144.706250059,1183.52925475,184.03125,57.0569778732015
9514,,Existing,095-10-09-11.13-9300,378791.45,1487387.28,1626.26,0,0, ,176.712488002,1626.25634025,252.88671875,69.6602078615102
9515,,Existing,095-10-09-11.13-4700,378909.57,1487193.22,1613.21,0,0, ,183.223805323,1613.20943832,250.84765625,72.1965339716675
9516,,Existing,095-10-09-11.13-4900,378906.96,1487326.41,1276.78,0,0, ,147.223980375,1276.77193863,198.5390625,58.0465471693063
9517,,Existing,095-10-09-11.13-5000,378909.64,1487390.93,1586.98,0,0, ,172.387485959,1586.97779157,246.76953125,67.9573633215555
9518,,Existing,095-10-09-11.13-9400,378741.78,1487313.04,317.95,0,0, ,76.5578996798,317.948357217,49.44140625,30.1846562039318
9519,,Existing,095-10-09-11.13-9000,378792.4,1487564.72,769.73,0,0, ,131.437999933,769.723013543,119.703125,51.7954805319633
9520,,Existing,095-10-09-11.13-8900,378787.57,1487600.45,1483.72,0,0, ,169.443053029,1483.72927545,230.72265625,66.7832579292203
9521,,Existing,095-10-09-11.13-8800,378766.68,1487661.94,1442.53,0,0, ,170.074118415,1442.53924763,224.31640625,67.0512281272266
9522,,Existing,095-10-09-11.13-12400,378493.68,1487766.14,1555.08,0,0, ,175.890790981,1555.07799982,241.82421875,69.3949361342963
9523,,Existing,095-10-09-11.13-12700,378427.74,1487589.76,1761.99,0,0, ,190.317662994,1762.0033394,273.98828125,75.0464504719239
9524,,Existing,095-10-09-11.13-8400,378934.61,1487776.07,1401.55,0,0, ,162.146292106,1401.55218013,217.953125,63.9671148945297
9525,,Existing,095-10-09-11.13-12900,378450.46,1487480.08,2722.84,0,0, ,255.007158143,2722.85002828,423.40625,100.442487275466
9526,,New, ,378631.64,1487972.77,356.41,0,0, ,84.261757984,356.417208283,55.4296875,33.2572349280686
9527,,Changed,095-10-09-11.12-9500,378700.9,1487959.13,236.27,114.18,106.93, ,66.1799365053,236.276693866,36.7421875,26.0857172902595
9528,,New,095-10-09-11.12-10001,378438.7,1488582.4,3096.83,0,0, ,262.117107168,3096.85957792,481.60546875,103.257095156031
9529,,Existing,095-10-09-11.12-10001,378438.42,1488531.91,2999.39,0,0, ,260.803664082,2999.38702895,466.4453125,102.736483740235
9530,,New,095-10-09-11.12-9800,378559.33,1488021.01,385.93,0,0, ,78.7358199718,385.935666748,60.01171875,31.0530012760339
9531,,Existing,095-10-09-11.12-9900,378414.98,1487890.59,1780.88,0,0, ,184.557287881,1780.8864876,276.94140625,72.7885875818795
9532,,Existing,095-10-09-11.12-9400,378902.46,1487885.35,1012.83,0,0, ,133.969811909,1012.82872562,157.5,52.8297807215491
9533,,Changed,095-10-09-11.12-10001,378607.72,1488480.68,6526.01,3770.7,73.07, ,650.990909715,6525.99913126,1014.87890625,256.278018919137
9534,,Existing,095-10-09-11.12-9700,378614.53,1487942.68,666.06,0,0, ,103.248194369,666.059705181,103.58203125,40.7138746424131
9535,,Existing,095-10-09-11.12-9600,378752.56,1487884.85,1827.61,0,0, ,179.974449719,1827.60845937,284.203125,70.9485429184254
9536,,Existing,095-10-09-11.12-9300,378900.34,1487937.03,1091.3,0,0, ,137.517051077,1091.30074544,169.703125,54.2285206229645
9537,,Existing,095-10-09-11.12-8400,378721.37,1488440.54,1279.55,0,0, ,149.976618741,1279.55113689,198.984375,59.1078621255652
9538,,Existing,095-10-09-11.12-8300,378958.06,1488379.44,13941.24,0,0, ,500.527734391,13941.2391802,2168.03125,197.431956997258
9539,,Existing,095-10-09-11.12-8900,378913.4,1488216.55,4464.1,0,0, ,330.687887727,4464.10860819,694.21484375,130.392349545003
9540,,Existing,095-10-09-11.12-9500,378751.97,1488004.28,3667.84,0,0, ,255.433872335,3667.86966058,570.37890625,100.664779261704
9541,,Existing,095-10-09-11.12-9700,378617.85,1487893.22,1327.78,0,0, ,161.467885757,1327.77291561,206.4765625,63.7094892714017
9542,,Existing,095-10-09-11.12-9900,378468.98,1487944.61,1350.8,0,0, ,148.042737841,1350.79929074,210.0625,58.3935743477119
9543,,Existing,095-10-09-11.12-9800,378545.65,1487940.93,169.35,0,0, ,52.0539433628,169.347220125,26.33984375,20.5273469384374
9544,,Existing,095-10-09-11.12-9800,378565.75,1487888.31,1398.57,0,0, ,154.671853896,1398.56333788,217.484375,61.0168556276294
9545,,Existing,095-10-09-11.12-9501,378760.44,1487937.96,2327.53,0,0, ,232.992872736,2327.5364601,361.94921875,91.8044178881614
9546,,Existing,095-10-09-11.12-9200,378909.58,1487970.32,1231.81,0,0, ,174.850091298,1231.80621571,191.55859375,68.8787475554132
9547,,Existing,095-10-09-11.12-9100,378899.29,1488002.56,1231.25,0,0, ,152.119774505,1231.25734482,191.47265625,59.957844695629
9548,,Existing,095-10-09-11.12-9000,378905.04,1488034.91,1314.31,0,0, ,151.696763219,1314.31773795,204.38671875,59.7855971040235
9549,,Existing,095-10-09-11.12-8500,378529.87,1488383.58,30429.36,0,0, ,945.815641075,30429.3932238,4732.1328125,372.843673918602
9550,,New,095-10-09-02.34-1900,378171.23,1489357.9,547.79,0,0, ,98.7005899921,547.789506415,85.1953125,38.9394960779748
9551,,Existing,095-10-09-11.12-7700,378397,1488734.42,2245.4,0,0, ,218.166932051,2245.40760107,349.19140625,86.1070656612411
9552,,New,095-10-09-11.12-7500,378415.17,1488989.55,2718.2,0,0, ,223.179915079,2718.20465225,422.7421875,88.0647653765242
9553,,Existing,095-10-09-02.43-14400,378661.26,1489424.89,2368.57,0,0, ,219.134076163,2368.57769145,368.375,86.4287539170564
9554,,Existing,095-10-09-02.43-14400,378682.21,1489392.1,523.84,0,0, ,91.9027033299,523.836952285,81.46875,36.236938632591
9555,,Existing,095-10-09-02.43-14800,378720.73,1489175.17,5023.46,0,0, ,364.905338563,5023.45768569,781.26171875,143.985160027776
9556,,Existing,095-10-09-11.12-6800,378943.09,1488993.21,5502.91,0,0, ,392.383331008,5502.89997856,855.80859375,154.596579151533
9557,,Existing,095-10-09-11.12-7900,378713.92,1488754.24,14894.56,0,0, ,561.809003748,14894.5537226,2316.33984375,221.452342308948
9558,,Existing,095-10-09-11.21-1000,378298.78,1488755.11,3143.36,0,0, ,200.090003363,3143.36100072,488.84765625,78.9062259498102
9559,,New,095-10-09-11.12-7500,378417.96,1488857.45,1917.19,0,0, ,184.824686727,1917.176876,298.16015625,72.8402532728117
9560,,Existing,095-10-09-11.21-400,378209.98,1488994.5,2700.19,0,0, ,242.550850492,2700.19070193,419.94140625,95.7171911692224
9561,,Existing,095-10-09-02.43-14500,378763.78,1489429.37,2310.27,0,0, ,226.737169738,2310.27110218,359.3046875,89.4149980928756
9562,,Existing,095-10-09-02.34-1900,378169.55,1489411.49,1725.11,0,0, ,201.034394627,1725.11157304,268.296875,79.3319396054987
9563,,Existing,095-10-09-02.34-2000,378194.26,1489307.36,166.13,0,0, ,51.8109200075,166.127623689,25.83203125,20.436481376923
9564,,Existing,095-10-09-02.34-2200,378289.41,1489370.91,304.05,0,0, ,71.1889645801,304.057121302,47.2890625,28.0632000117206
9565,,Existing,095-10-09-02.43-14100,378413.32,1489368.1,2440.11,0,0, ,207.513096854,2440.10484342,379.49609375,81.8615708128306
9566,,Existing,095-10-09-11.21-600,378132.18,1489004.83,1239.27,0,0, ,152.879456178,1239.28161455,192.7421875,60.3205273189499
9567,,Existing,095-10-09-11.21-500,378163.9,1489004.89,1524.92,0,0, ,162.355318345,1524.91108302,237.15625,64.0503300949968
9568,,Existing,095-10-09-11.21-500,378167.58,1488902.93,351.21,0,0, ,75.9447299987,351.20545555,54.625,29.9591292977801
9569,,Existing,095-10-09-11.21-100,378331.23,1488998.7,2213.64,0,0, ,210.193794346,2213.63548913,344.25390625,82.9372980771834
9570,,Existing,095-10-09-11.21-200,378283.61,1488950.67,3521.9,0,0, ,274.400456323,3521.90742648,547.71875,108.321599494393
9571,,Existing,095-10-09-02.43-14500,378733.5,1489393.23,548.18,0,0, ,93.7452954585,548.181101979,85.2578125,36.9666800940329
9572,,Existing,095-10-09-02.43-14600,378758.32,1489360.65,1946.42,0,0, ,198.831128991,1946.41552628,302.7109375,78.3601979322573
9573,,Existing,095-10-09-02.43-14700,378762.71,1489319.7,1580.15,0,0, ,170.935885024,1580.15023393,245.75,67.381668796291
9574,,Existing,095-10-09-02.43-14700,378669.89,1489314.44,559.04,0,0, ,94.7963983342,559.036477775,86.94140625,37.3792556968195
9575,,Existing,095-10-09-02.43-8800,378872.12,1489359.97,487.59,0,0, ,88.4053350016,487.585431097,75.83203125,34.8610490883293
9576,,Existing,095-10-09-11.12-8000,378882.93,1488798.66,912.24,0,0, ,128.753023334,912.238372403,141.875,50.7393502594694
9577,,Existing,095-10-09-11.12-7400,378558.53,1488856.47,1707.11,0,0, ,176.519560451,1707.11275455,265.48046875,69.5627020998164
9578,,Existing,095-10-09-11.21-600,378131.31,1488926.16,746.45,0,0, ,110.278298599,746.444684725,116.08984375,43.5009604797374
9579,,Existing,095-10-09-02.34-2200,378285.36,1489421.12,1379.29,0,0, ,159.620893383,1379.28360834,214.5078125,62.9714966425459
9580,,Existing,095-10-09-02.34-2100,378248.12,1489418.64,1729.08,0,0, ,176.718899316,1729.09012559,268.91796875,69.7202288836617
9581,,Existing,095-10-09-02.34-2000,378209.39,1489404.37,2346.15,0,0, ,218.057306662,2346.14468405,364.8828125,86.0568589416665
9582,,Existing,095-10-09-02.34-2300,378233.05,1489209.68,8347.97,0,0, ,547.466896107,8347.97012317,1298.296875,215.820748994739
9583,,Existing,095-10-09-02.34-2100,378243.33,1489309.65,507.89,0,0, ,90.1769849956,507.888452924,78.9921875,35.5607548362122
9584,,Changed,095-10-09-02.43-15000,378510.27,1489195.62,10750.79,8825.24,21.82, ,488.964137909,9305.56762251,1447.21484375,192.865218892328
9585,,Existing,095-10-09-11.12-7400,378537.81,1488959.07,8206.48,0,0, ,401.782296195,8206.4574872,1276.26171875,158.516847014793
9586,,Existing,095-10-09-02.34-1800,378169.9,1489561.37,2232.58,0,0, ,218.676053448,2232.59031087,347.234375,86.2981369354321
9587,,New,095-10-09-02.43-9700,378918.79,1489738.15,377.02,0,0, ,77.7732658106,377.027832371,58.63671875,30.6747564739007
9588,,Existing,095-10-09-02.43-9400,378923.46,1489669.47,263.78,0,0, ,66.2334633395,263.778472482,41.02734375,26.1307549866426
9589,,Existing,095-10-09-02.34-500,378165.51,1490245.15,535.35,0,0, ,92.6868037869,535.358658448,83.26953125,36.5497886238896
9590,,New,095-10-09-02.34-1800,378162.87,1489669.8,245.73,0,0, ,65.1573499963,245.725367878,38.21484375,25.6820826611204
9591,,Existing,095-10-09-02.34-800,378222.54,1490005.65,171.14,0,0, ,56.0889490189,171.136497844,26.6171875,22.136079756886
9592,,Existing,095-10-09-02.43-13200,378469.04,1489843.55,1182.25,0,0, ,152.929253484,1182.24497546,183.87109375,60.3240837441841
9593,,Existing,095-10-09-02.43-13700,378742.81,1489834.76,2079.23,0,0, ,230.958054652,2079.23213528,323.37890625,91.0234813500421
9594,,New,095-10-09-02.43-13900,378524.47,1489695.09,938.69,0,0, ,129.680075715,938.698145569,145.9921875,51.1566652308089
9595,,Existing,095-10-09-02.43-13300,378520.17,1489789.79,194.39,0,0, ,56.076473773,194.384938939,30.23046875,22.1103561525523
9596,,Changed,095-10-09-02.43-12400,378815.47,1490055.77,699.81,822.15,-14.88, ,105.82564186,699.81363795,108.84375,41.7362687985214
9597,,Existing,095-10-09-02.43-12800,378584.8,1490037.72,156.3,0,0, ,50.0817256777,156.300749881,24.3125,19.748890284095
9598,,Existing,095-10-09-02.34-500,378253.78,1490224.51,4182.93,0,0, ,351.023395128,4182.93245379,650.57421875,138.403874657623
9599,,Existing,095-10-09-02.34-1500,378247.9,1489740.75,215.83,0,0, ,60.1297960329,215.830181079,33.5703125,23.7033869480659
9600,,Existing,095-10-09-02.34-1200,378239.43,1489823.23,1178.56,0,0, ,170.959016737,1178.55869227,183.30078125,67.4966481792833
9601,,Existing,095-10-09-02.43-9500,378874.81,1489572.15,2329.02,0,0, ,240.094691508,2329.0187667,362.22265625,94.7418045356311
9602,,Existing,095-10-09-02.43-10200,378887.02,1489973.13,2239.22,0,0, ,192.434548743,2239.2127735,348.26953125,75.8638886816414
9603,,Existing,095-10-09-02.43-12900,378505.39,1489971.2,1284.81,0,0, ,161.937650736,1284.8050074,199.82421875,63.8840848439072
9604,,Existing,095-10-09-02.43-13000,378407.9,1489974.36,2193.39,0,0, ,225.27875457,2193.39311569,341.140625,88.8876570430369
9605,,Existing,095-10-09-02.43-13000,378387.97,1490020.89,536.52,0,0, ,93.1566378325,536.529619665,83.44921875,36.7464107476304
9606,,Existing,095-10-09-02.43-12000,378647.53,1490133.62,1719.99,0,0, ,174.742439057,1719.98504066,267.51171875,68.8872185774452
9607,,Changed,095-10-09-02.43-11400,378554.32,1490215.47,1728.48,1563.13,10.58, ,215.452221298,1728.48981825,268.83203125,84.9797921070247
9608,,Existing,095-10-09-02.43-9600,378870.66,1489807.05,2545.32,0,0, ,227.158975444,2545.31025594,395.8671875,89.6380825454946
9609,,Existing,095-10-09-02.43-9700,378911.31,1489803.41,1314.63,0,0, ,156.240694382,1314.62430362,204.46875,61.6330246694736
9610,,Existing,095-10-09-02.43-9800,378951.88,1489817.68,2395.56,0,0, ,214.163015421,2395.56301625,372.58203125,84.5103615275902
9611,,Existing,095-10-09-02.34-1800,378188.32,1489637.31,656.23,0,0, ,102.640551477,656.233977775,102.05859375,40.4736403010697
9612,,Existing,095-10-09-02.34-1700,378232.66,1489568.5,2254.23,0,0, ,212.177761164,2254.23040501,350.59375,83.7253020492025
9613,,Existing,095-10-09-02.43-9400,378911.74,1489630.67,658.51,0,0, ,102.907274492,658.511105541,102.4140625,40.5777119783548
9614,,Existing,095-10-09-02.43-9600,378867.21,1489725.33,980.55,0,0, ,125.860670223,980.549627523,152.50390625,49.6456216052421
9615,,Existing,095-10-09-02.43-9500,378860.79,1489680.16,319.96,0,0, ,71.9686887582,319.960074478,49.76953125,28.3761894479183
9616,,Existing,095-10-09-02.43-13801,378661.64,1489799.19,726.71,0,0, ,109.792555704,726.711001008,113.02734375,43.3155044665887
9617,,Existing,095-10-09-02.34-600,378168.92,1490165.35,629.04,0,0, ,100.901572823,629.041800991,97.8359375,39.784813549221
9618,,Existing,095-10-09-02.34-600,378275.75,1490158.77,1881.32,0,0, ,191.42067181,1881.32022987,292.61328125,75.4551469913167
9619,,Existing,095-10-09-02.34-700,378196.35,1490114.02,904.26,0,0, ,120.598048531,904.257756984,140.64453125,47.5542736064422
9620,,Existing,095-10-09-02.34-700,378156.13,1490103.35,235.95,0,0, ,61.8683708733,235.952929744,36.69921875,24.4052068801789
9621,,Existing,095-10-09-02.34-1600,378270.99,1489670.27,464.09,0,0, ,86.2727933377,464.084959379,72.1796875,34.0201142805797
9622,,Existing,095-10-09-02.34-1400,378281.09,1489757.53,1265.7,0,0, ,159.400342839,1265.6966771,196.84765625,62.8278927544666
9623,,Existing,095-10-09-02.43-10810,378463.64,1490264.38,872.74,0,0, ,118.496040195,872.739004262,135.73828125,46.7394071635677
9624,,Existing,095-10-09-02.43-11500,378487.82,1490192.93,1780.53,0,0, ,180.114524697,1780.52151018,276.9296875,70.9943729549806
9625,,Existing,095-10-09-02.43-11100,378756.29,1490276.57,1835.66,0,0, ,196.07759051,1835.66791243,285.515625,77.3167308361685
9626,,Existing,095-10-09-02.43-10300,378940.55,1490254.83,7017.72,0,0, ,664.340076478,7017.74639441,1091.50390625,261.971301926944
9627,,Existing,095-10-09-02.34-800,378187.72,1489942.97,2861.84,0,0, ,221.604312401,2861.84186214,445.09765625,87.397884243255
9628,,Existing,095-10-09-02.34-900,378277.43,1489969,2556.57,0,0, ,232.99402376,2556.58463539,397.6328125,91.9204615801605
9629,,Existing,095-10-09-02.34-1100,378206.58,1489832.97,1233.15,0,0, ,152.233891058,1233.1457625,191.78125,60.0467519393186
9630,,Existing,095-10-09-02.34-1000,378166.58,1489816.98,1580.29,0,0, ,199.911993791,1580.28313435,245.76953125,78.8770864395343
9631,,Existing,095-10-09-02.43-11600,378417.15,1490186.27,1681.44,0,0, ,187.82735884,1681.43813857,261.51953125,74.0382745698865
9632,,Existing,095-10-09-02.43-10900,378529.67,1490257.79,543.39,0,0, ,93.9241702279,543.38124269,84.51953125,37.0363549090601
9633,,Existing,095-10-09-02.43-13000,378406.22,1490058.77,847,0,0, ,117.008759847,847.009037475,131.73828125,46.1362489135659
9634,,Existing,095-10-09-02.43-12900,378537.05,1490018.31,630.71,0,0, ,103.444885323,630.707392071,98.09375,40.7935508707794
9635,,Existing,095-10-09-02.43-12800,378600.48,1489976.14,1958.3,0,0, ,194.865963874,1958.2859338,304.578125,76.8677487365624
9636,,Existing,095-10-09-02.43-12700,378672.98,1490025.56,385.98,0,0, ,82.2033027,385.977055885,60.03125,32.4318476788607
9637,,Existing,095-10-09-02.43-12500,378752.47,1490038.27,636.53,0,0, ,100.918433338,636.523513713,99.00390625,39.7995100453666
9638,,Existing,095-10-09-02.43-12500,378762.55,1489961.88,2123.88,0,0, ,198.221516675,2123.8650312,330.33203125,78.2046295247141
9639,,Existing,095-10-09-02.43-12400,378810.69,1489962.57,2746.66,0,0, ,230.81673707,2746.65817352,427.1953125,91.0631600459888
9640,,Existing,095-10-09-02.43-12700,378659.16,1489957.5,2013.45,0,0, ,186.942353708,2013.43933608,313.15625,73.7532095188089
9641,,Existing,095-10-09-02.43-13300,378507.41,1489836.8,1261.26,0,0, ,160.366392053,1261.2553011,196.16796875,63.2823599131041
9642,,Existing,095-10-09-02.43-13400,378547.35,1489839.84,1243.13,0,0, ,153.919366405,1243.12982419,193.34765625,60.7249633110093
9643,,Existing,095-10-09-02.43-13800,378750.93,1489798.17,1985.07,0,0, ,206.28369614,1985.06261938,308.74609375,81.3062145716447
9644,,Existing,095-10-09-02.43-13900,378544.75,1489618.41,35590.61,0,0, ,1147.08847471,35590.6249269,5535.29296875,452.272564575574
9645,,Existing,095-10-09-02.34-1500,378276.05,1489716.95,1126.5,0,0, ,158.817572669,1126.49977145,175.19921875,62.5902091728811
9646,,Existing,095-10-09-02.34-300,378261.86,1490320.66,2214.46,0,0, ,246.063081448,2214.45859173,344.41796875,96.9656096114193
9647,,Existing,095-10-09-02.34-700,378276.19,1490121.55,1210.64,0,0, ,161.556241328,1210.64374013,188.29296875,63.6959885344417
9648,,Existing,095-10-09-02.34-1600,378284.06,1489567.5,1723.72,0,0, ,203.988155398,1723.72450714,268.09375,80.4845513332835
9649,,Existing,095-10-09-02.34-1300,378283.86,1489836.42,1305.28,0,0, ,165.366015395,1305.28366509,203.00390625,65.2200276765293
9650,,Existing,095-10-09-02.43-13101,378395.95,1489825.22,1429.53,0,0, ,155.386401407,1429.52287966,222.33203125,61.3084831745254
9651,,Existing,095-10-09-02.43-13100,378433.88,1489840.84,1244.04,0,0, ,143.589686401,1244.03660253,193.48046875,56.643128672863
9652,,Existing,095-10-09-02.43-13500,378587.32,1489837.33,1278.93,0,0, ,153.738271921,1278.94041883,198.90625,60.6386038821681
9653,,Existing,095-10-09-02.43-13600,378629.49,1489826.75,1767.4,0,0, ,203.731472504,1767.40197214,274.87890625,80.3832280002292
9654,,Existing,095-10-09-02.43-9400,378916.5,1489569.97,2335.05,0,0, ,219.052505664,2335.0641197,363.1640625,86.4443409500216
9655,,Existing,095-10-09-02.43-12600,378711,1489960.43,2783.15,0,0, ,222.341463628,2783.13799269,432.859375,87.7164652182085
9656,,Existing,095-10-09-02.43-12600,378691.07,1490025.2,377.23,0,0, ,78.6714097271,377.227185597,58.67578125,31.0359409942938
9657,,Existing,095-10-09-02.43-11700,378424.71,1490111.74,1589.82,0,0, ,203.748953777,1589.82185656,247.265625,80.2877100190879
9658,,Existing,095-10-09-02.43-11800,378507.54,1490114.56,1610.83,0,0, ,177.244652861,1610.83022878,250.5390625,69.8545366864897
9659,,Existing,095-10-09-02.43-11900,378577.05,1490126.89,1277.16,0,0, ,153.11450614,1277.16462212,198.64453125,60.3580798288715
9660,,Existing,095-10-09-02.43-12100,378713.89,1490139.79,1136.79,0,0, ,148.130267365,1136.78961474,176.8125,58.3961280485156
9661,,Existing,095-10-09-02.43-12200,378787.24,1490135.36,1911.15,0,0, ,191.377903434,1911.14586813,297.24609375,75.4494645364374
9662,,Existing,095-10-09-02.43-11200,378686.98,1490252.01,1552.87,0,0, ,178.114602316,1552.86670036,241.51953125,70.2218549955955
9663,,Existing,095-10-09-02.43-11300,378617.22,1490237.32,1914.52,0,0, ,223.326255772,1914.5307803,297.77734375,88.0630263104976
9664,,Existing,095-10-09-02.43-10800,378407.6,1490269.54,2372.18,0,0, ,218.065737073,2372.17202507,368.94921875,86.0682755265966
9665,,Existing,095-10-09-02.43-10900,378557.71,1490294.87,1157.04,0,0, ,137.852035316,1157.04440048,179.9609375,54.3549242830201
9666,,Existing,095-10-09-02.43-11000,378636.06,1490322.21,2679.54,0,0, ,274.227908241,2679.53434683,416.7578125,108.169733139162
9667,,Existing,095-10-09-02.43-10100,378949.18,1489977.94,2261.42,0,0, ,226.341497468,2261.42367762,351.73046875,89.3117033497777
9668,,Existing,095-10-09-02.43-9300,378952.25,1489577.28,2315.17,0,0, ,221.463388002,2315.1681533,360.07421875,87.4048336328312
9669,,Existing,095-10-09-02.31-2000,378303.48,1491138.44,2954.89,0,0, ,289.63204698,2954.88197181,459.62890625,114.274408227699
9670,,Existing,095-10-09-02.43-10500,378723.9,1490408.68,5620.28,0,0, ,468.168453203,5620.28046817,874.1640625,184.63742333076
9671,,Existing,095-10-09-02.31-3400,378170.98,1490633.37,278.98,0,0, ,67.6647027553,278.980804299,43.390625,26.6774658126536
9672,,New,095-10-09-02.31-3400,378168.48,1490613.04,568.54,0,0, ,95.3778521959,568.536860692,88.43359375,37.6151290417013
9673,,Existing,095-10-09-02.31-3001,378170.82,1490827.8,244.19,0,0, ,67.0799183324,244.191936578,37.98046875,26.4432354168565
9674,,Existing,095-10-09-02.31-2100,378158.92,1491032.78,154.69,0,0, ,50.1521679531,154.684459401,24.0625,19.7795553771675
9675,,Existing,095-10-09-02.42-11800,378658.85,1490798.4,156.09,0,0, ,50.0792190698,156.09235707,24.28125,19.7504483767351
9676,,New,095-10-09-02.42-11700,378628.73,1490845.4,713.23,0,0, ,113.724541111,713.239181374,110.9375,44.8530764957225
9677,,Changed,095-10-09-02.42-11700,378574.94,1490821.56,2708.36,2261.6,19.75, ,250.386815096,2708.35770544,421.265625,98.7504681300767
9678,,Existing,095-10-09-02.42-7700,378875.2,1490624.99,2758.95,0,0, ,226.209055463,2758.94263786,429.12109375,89.220445993977
9679,,PossiblyChanged,095-10-09-02.42-8000,378937.53,1490855.95,350.46,0,0, ,76.1710103276,350.458565887,54.51171875,30.0500676409941
9680,,New,095-10-09-02.42-11400,378675.15,1490918.69,170.41,0,0, ,52.6789079421,170.402921362,26.50390625,20.770488446773
9681,,Existing,095-10-09-02.43-10600,378422.72,1490454.81,1226.93,0,0, ,160.910646109,1226.93302835,190.828125,63.4801865496395
9682,,Existing,095-10-09-02.42-12300,378682.26,1490489.46,3121.64,0,0, ,270.745412362,3121.63441931,485.52734375,106.777065081776
9683,,Existing,095-10-09-02.34-100,378270.08,1490411.81,1843.7,0,0, ,191.969862846,1843.70572905,286.76171875,75.6614801170778
9684,,Existing,095-10-09-02.43-10700,378472.66,1490376.83,629.69,0,0, ,105.759582528,629.685935045,97.93359375,41.7022109252845
9685,,Existing,095-10-09-02.42-12400,378647.82,1490541.8,2316.75,0,0, ,220.425355534,2316.75452745,360.33984375,86.9339863540937
9686,,Changed,095-10-09-02.42-12500,378598.96,1490597.58,1933.31,1685.35,14.71, ,197.301069633,1933.30435314,300.69921875,77.8029610950403
9687,,New,095-10-09-02.42-12600,378503.31,1490579.1,956.08,0,0, ,128.433003285,956.077107401,148.703125,50.653189872197
9688,,Existing,095-10-09-02.42-12800,378484.68,1490647.05,279.28,0,0, ,68.8019573934,279.271267897,43.4296875,27.1471381629056
9689,,Existing,095-10-09-02.42-12900,378465.84,1490723.26,2452.2,0,0, ,236.909568295,2452.21176333,381.40625,93.4369162469147
9690,,New,095-10-09-02.42-13000,378421.99,1490762.26,248.31,0,0, ,71.8002736033,248.314100702,38.61328125,28.3142593496146
9691,,Changed,095-10-09-02.42-12200,378775.62,1490662.16,2222.33,1727.94,28.61, ,208.951376992,2222.32901436,345.65625,82.4182884897372
9692,,Existing,095-10-09-02.42-12100,378736.27,1490688.16,2321.14,0,0, ,217.559151963,2321.13558597,361.0234375,85.8278126094099
9693,,Existing,095-10-09-02.42-11900,378660.17,1490742.01,1914.53,0,0, ,199.319550436,1914.52498159,297.78125,78.6301181742982
9694,,Changed,095-10-09-02.42-11400,378667.14,1490992.68,2906.73,2577.98,12.75, ,248.807111831,2906.71566701,452.12109375,98.1701019881992
9695,,Existing,095-10-09-02.42-11200,378772.37,1490995.54,2092.43,0,0, ,206.246586156,2092.42771586,325.45703125,81.4007812915532
9696,,Existing,095-10-09-02.42-13300,378464.29,1491119.74,2107.04,0,0, ,200.099972984,2107.03449649,327.73828125,78.9633844510711
9697,,Existing,095-10-09-02.42-13100,378472.89,1490971.54,9644.76,0,0, ,434.551330133,9644.7671882,1500.16015625,171.395319325871
9698,,Existing,095-10-09-02.42-13100,378526.82,1491009.68,248.93,0,0, ,71.6337149963,248.931590368,38.71484375,28.2356814618496
9699,,Changed,095-10-09-02.42-11900,378726.67,1490843.22,860.96,700.54,22.9, ,126.781782588,860.969237553,133.91796875,49.9995027282312
9700,,Existing,095-10-09-02.42-8400,378866.85,1491003.58,1554.62,0,0, ,172.487692708,1554.61828255,241.81640625,68.0627326624152
9701,,Existing,095-10-09-02.31-1900,378195.54,1491149.04,1184.42,0,0, ,142.737236452,1184.4186675,184.2265625,56.2994217304542
9702,,Existing,095-10-09-02.42-10900,378630.73,1491121.55,1737.93,0,0, ,183.729945319,1737.93063251,270.32421875,72.4789337363925
9703,,Existing,095-10-09-02.31-3800,378268.15,1490449.03,1926.14,0,0, ,197.304997394,1926.13041962,299.5859375,77.7713133122468
9704,,Existing,095-10-09-02.31-3500,378277.38,1490570.5,1987.68,0,0, ,183.963129682,1987.66673521,309.16015625,72.5163511782819
9705,,Existing,095-10-09-02.31-3200,378269.51,1490706.44,2442.12,0,0, ,217.960193992,2442.11620814,379.8515625,85.9159508794058
9706,,Existing,095-10-09-02.31-3300,378179.08,1490663.87,366.07,0,0, ,77.2249800801,366.072627526,56.94140625,30.4482465143058
9707,,Existing,095-10-09-02.34-200,378156.59,1490361.68,266.62,0,0, ,66.3946767787,266.623317352,41.46875,26.1895782364869
9708,,Existing,095-10-09-02.34-100,378163.88,1490415.37,596.29,0,0, ,97.745474156,596.284517788,92.74609375,38.5519794334296
9709,,Existing,095-10-09-02.31-3700,378182.98,1490499.54,441.76,0,0, ,86.3909033239,441.756263596,68.71484375,34.0553539443684
9710,,Existing,095-10-09-02.31-3600,378180.4,1490520.91,353.39,0,0, ,76.4472513082,353.398556434,54.96875,30.1386145688918
9711,,Existing,095-10-09-02.31-3500,378164.54,1490564.38,552.04,0,0, ,94.8104403768,552.047070347,85.85546875,37.4016621846258
9712,,Existing,095-10-09-02.31-3001,378166.74,1490793.14,828.09,0,0, ,120.589180942,828.086780285,128.80078125,47.5491907288816
9713,,Existing,095-10-09-02.31-3000,378207.69,1490798.54,1050.78,0,0, ,142.765286821,1050.78011189,163.4453125,56.3035185152249
9714,,Existing,095-10-09-02.31-3100,378279.7,1490798.98,1761.85,0,0, ,204.66264721,1761.84218437,274.02734375,80.7091307556514
9715,,Existing,095-10-09-02.31-2900,378265.12,1490877.29,2836.61,0,0, ,238.036446314,2836.61446901,441.22265625,93.8859607296762
9716,,Existing,095-10-09-02.43-10600,378497,1490427.64,874.91,0,0, ,120.636241667,874.906793935,136.078125,47.5580962024759
9717,,Existing,095-10-09-02.42-12500,378530.7,1490530.77,913.59,0,0, ,123.148159432,913.597196052,142.1015625,48.5628607462988
9718,,Existing,095-10-09-02.42-12500,378557.99,1490549.32,458.8,0,0, ,85.7628839342,458.79059839,71.35546875,33.8244704917707
9719,,Existing,095-10-09-02.42-12900,378422.14,1490665.54,535.9,0,0, ,92.7211575182,535.893041318,83.3515625,36.5693482385302
9720,,Existing,095-10-09-02.42-11400,378654.87,1490902.48,433.28,0,0, ,84.2985816433,433.281904269,67.390625,33.2569211303201
9721,,Existing,095-10-09-02.42-11300,378714.1,1490896.61,886.24,0,0, ,120.640862582,886.241416468,137.8515625,47.5641245242581
9722,,Existing,095-10-09-02.42-8500,378805.67,1490913.67,851.4,0,0, ,121.283562028,851.405986372,132.4296875,47.8591212220254
9723,,Existing,095-10-09-02.42-12200,378887.55,1490847.02,787.45,0,0, ,113.471944646,787.449518124,122.484375,44.7450355835846
9724,,Existing,095-10-09-02.42-12100,378812.17,1490850.75,639.56,0,0, ,101.852364406,639.558569678,99.48046875,40.1782427462059
9725,,Existing,095-10-09-02.42-12000,378778.46,1490844.3,388.32,0,0, ,84.9086741919,388.318358003,60.39453125,33.5020355864126
9726,,Existing,095-10-09-02.42-7700,378881.73,1490753.2,851.06,0,0, ,116.905099374,851.057927988,132.375,46.1030249655267
9727,,Existing,095-10-09-02.42-7800,378911.74,1490801.2,895.81,0,0, ,120.658060079,895.816051934,139.3359375,47.5933141938703
9728,,Existing,095-10-09-02.42-7900,378945.75,1490812.07,175.98,0,0, ,53.1393379253,175.982428616,27.37109375,20.9560302020346
9729,,Existing,095-10-09-02.42-8500,378818.81,1491006.31,1332.79,0,0, ,157.907669534,1332.78076503,207.30859375,62.3038404555513
9730,,Existing,095-10-09-02.42-7500,378948.67,1490475.86,2849.94,0,0, ,230.720662091,2849.9428342,443.2734375,91.0032624841518
9731,,Existing,095-10-09-02.31-2800,378235.88,1490924.51,1291.93,0,0, ,150.341709339,1291.92790688,200.94921875,59.294930803371
9732,,Existing,095-10-09-02.31-2800,378202.72,1490919.61,217.46,0,0, ,61.2210684957,217.457846854,33.8203125,24.1468958803526
9733,,Existing,095-10-09-02.31-2200,378175.01,1490922.28,866.59,0,0, ,118.549691341,866.589241523,134.7890625,46.7572063628259
9734,,Existing,095-10-09-02.31-2900,378178.81,1490854.57,711.34,0,0, ,107.016370622,711.34366385,110.63671875,42.1993707763391
9735,,Existing,095-10-09-02.31-3200,378214.88,1490699.81,782.96,0,0, ,116.249368822,782.958583952,121.78125,45.8288476113747
9736,,Existing,095-10-09-02.31-3300,378278.99,1490666.64,1472,0,0, ,159.06157127,1471.99610901,228.94921875,62.7047784387198
9737,,Existing,095-10-09-02.31-3400,378274.74,1490623.76,1877.93,0,0, ,192.834006306,1877.9265124,292.08984375,76.0189382983069
9738,,Existing,095-10-09-02.31-3600,378273.02,1490530.89,1454.75,0,0, ,172.031423233,1454.75327827,226.26171875,67.8173372710731
9739,,Existing,095-10-09-02.31-3700,378282.64,1490491.78,1414.88,0,0, ,166.034451735,1414.87377826,220.0703125,65.4662627754107
9740,,Existing,095-10-09-02.34-200,378272.23,1490370.08,2347.22,0,0, ,239.312441606,2347.22480494,365.08203125,94.3381032710506
9741,,Existing,095-10-09-02.43-10700,378419.24,1490378.02,1816.13,0,0, ,195.904043982,1816.12270433,282.4609375,77.2170310865355
9742,,Existing,095-10-09-02.42-12600,378530.41,1490647.93,3686.62,0,0, ,313.792020524,3686.61013255,573.41796875,123.75261354628
9743,,Existing,095-10-09-02.42-12000,378723.15,1490759.29,1243.88,0,0, ,153.540220014,1243.87100161,193.46875,60.5513879164876
9744,,Existing,095-10-09-02.42-11800,378631.32,1490775.73,1759.52,0,0, ,186.761443704,1759.51896974,273.66015625,73.6568699023064
9745,,Existing,095-10-09-02.42-8400,378866.03,1490895,860.8,0,0, ,127.748646389,860.795055456,133.88671875,50.3766751327398
9746,,Existing,095-10-09-02.42-11300,378714.75,1490988.52,1763.43,0,0, ,179.700404866,1763.43446223,274.29296875,70.9227993123168
9747,,Existing,095-10-09-02.42-13200,378410.09,1491119.09,2153.25,0,0, ,206.975365707,2153.2495226,334.92578125,81.6508811109177
9748,,Existing,095-10-09-02.42-13400,378518.74,1491117.7,1968.5,0,0, ,197.570141234,1968.49888093,306.18359375,77.9432965181125
9749,,Existing,095-10-09-02.42-13500,378570.58,1491115.74,1892.22,0,0, ,193.115663797,1892.21479532,294.32421875,76.184936306915
9750,,Existing,095-10-09-02.42-11000,378678.58,1491121.47,1643.96,0,0, ,168.51403061,1643.95902162,255.703125,66.4843947800859
9751,,Existing,095-10-09-02.42-11100,378736.98,1491120.12,1640.21,0,0, ,173.644984262,1640.1999804,255.1171875,68.4885148736874
9752,,Existing,095-10-09-02.42-11200,378758.69,1490901.57,903.51,0,0, ,129.253473251,903.510736531,140.53515625,50.9605241677255
9753,,Changed,095-10-09-02.42-8300,378921.8,1491002.88,2437.27,2408.66,1.19, ,246.025842785,2437.2668885,379.09765625,97.0710789568936
9754,,Existing,095-10-09-02.31-2200,378185.15,1490975.13,2341.01,0,0, ,222.302933691,2340.99777638,364.1328125,87.6753034302263
9755,,Existing,095-10-09-02.42-12301,378563.27,1490407.74,1805.8,0,0, ,235.022580099,1805.81272888,280.875,92.67243287028
9756,,Existing,095-10-09-02.42-8800,378906.51,1491438.93,1901.69,0,0, ,184.707650736,1901.68590251,295.8046875,72.8896918914383
9757,,Existing,095-10-09-02.42-9600,378948.95,1491607.65,576.85,0,0, ,96.4089851902,576.856107582,89.73046875,38.0173417877014
9758,,Existing,095-10-09-02.42-9600,378944.27,1491717.75,1435.22,0,0, ,155.025284104,1435.21737627,223.25,61.1564465850223
9759,,Existing,095-10-09-02.13-13700,378862.93,1491842.11,984.54,0,0, ,159.080347789,984.536633421,153.15625,62.7749498683481
9760,,Existing,095-10-09-02.31-1600,378300.55,1491326.36,1733.98,0,0, ,177.04242722,1733.98318699,269.72265625,69.8001167775261
9761,,Existing,095-10-09-02.42-13800,378472.43,1491229.88,487.18,0,0, ,88.4709516764,487.180881999,75.77734375,34.887950926658
9762,,Existing,095-10-09-02.42-13300,378446.6,1491208.46,190.42,0,0, ,56.5976549225,190.417542205,29.6171875,22.3316948441948
9763,,New,095-10-09-02.42-13200,378420.95,1491199.38,298.44,0,0, ,71.1950317567,298.436645813,46.42578125,28.0652986627776
9764,,New, ,378538.32,1491579,185.6,0,0, ,55.1836166754,185.595509426,28.8671875,21.7575065971173
9765,,Existing,095-10-09-02.31-1700,378233.44,1491266.36,472.52,0,0, ,86.9702074133,472.518844922,73.49609375,34.2991825866594
9766,,Existing,095-10-09-02.42-13800,378457.25,1491321.27,1511.34,0,0, ,178.753168952,1511.32757947,235.08984375,70.5383869552203
9767,,Existing,095-10-09-02.42-13700,378520.38,1491319.65,1924.26,0,0, ,198.59779135,1924.25428626,299.31640625,78.3407159196689
9768,,Existing,095-10-09-02.42-10200,378664.13,1491450.23,2296.75,0,0, ,211.888919546,2296.74302638,357.25390625,83.612958245389
9769,,Existing,095-10-09-02.42-14000,378434.4,1491452.96,2280.02,0,0, ,205.8303287,2280.02552191,354.64453125,81.1960516302776
9770,,Existing,095-10-09-02.13-13600,378910.25,1491853.68,2627.51,0,0, ,235.369467648,2627.51521574,408.71875,92.8546168680701
9771,,Existing,095-10-09-02.13-11300,378909.13,1491999.16,1821.64,0,0, ,240.059231162,1821.62521883,283.3671875,94.7492232902391
9772,,Changed,095-10-09-02.42-8600,378938.46,1491227.13,20015.27,14825.67,35, ,899.29602156,20015.2643278,3113.28515625,354.50143943212
9773,,Existing,095-10-09-02.42-9800,378867.1,1491598.73,901.51,0,0, ,134.200457561,901.504132622,140.23046875,52.9229703731745
9774,,Existing,095-10-09-02.42-9700,378906.06,1491623.88,830.09,0,0, ,115.776727312,830.087437151,129.125,45.6536068149555
9775,,Existing,095-10-09-02.13-13700,378871.12,1491915.71,346.77,0,0, ,75.9628563648,346.76441305,53.93359375,29.94831139018
9776,,Existing,095-10-09-02.13-13600,378929.86,1491915.05,554.9,0,0, ,94.274538284,554.900860469,86.3125,37.1799297702458
9777,,Existing,095-10-09-02.24-600,378211.76,1491917.52,1636.74,0,0, ,166.733337591,1636.73372222,254.60546875,65.7923137836104
9778,,Existing,095-10-09-02.13-10800,378486.15,1491970.96,838.4,0,0, ,116.679325601,838.401614027,130.4140625,46.0302108927237
9779,,Existing,095-10-09-02.13-10800,378534.92,1491941.85,515.13,0,0, ,90.8559253028,515.131125613,80.1328125,35.8312428585742
9780,,Existing,095-10-09-02.13-10900,378610.79,1491943.79,519.6,0,0, ,91.4114945138,519.600090686,80.828125,36.0480206056311
9781,,Existing,095-10-09-02.13-11000,378692.09,1491945.13,604.99,0,0, ,98.5004011951,604.986776279,94.1015625,38.845328455227
9782,,Existing,095-10-09-02.13-11100,378780.25,1491946.97,514.56,0,0, ,91.1718023145,514.559579858,80.04296875,35.9515906385117
9783,,Existing,095-10-09-02.13-13800,378780.42,1491914.53,420.54,0,0, ,85.9933569144,420.538283963,65.4140625,33.9141352252985
9784,,Existing,095-10-09-02.13-14600,378418.91,1491843.25,2038.05,0,0, ,207.531328671,2038.0694952,317.0390625,81.8402977936718
9785,,Existing,095-10-09-02.42-14100,378495.68,1491536.22,519.07,0,0, ,91.1811197892,519.073640215,80.7421875,35.9594026158807
9786,,Existing,095-10-09-02.42-14200,378522.22,1491540.56,678.14,0,0, ,109.200486851,678.143157067,105.48828125,43.0743301265983
9787,,Existing,095-10-09-02.42-14400,378602.72,1491547.42,553.06,0,0, ,94.1452542232,553.072817339,86.03125,37.1338106855879
9788,,Existing,095-10-09-02.42-10200,378667.43,1491545.35,1114.28,0,0, ,133.603995666,1114.27947581,173.33203125,52.6970046653221
9789,,Existing,095-10-09-02.42-10300,378704.79,1491531.01,502.76,0,0, ,89.6991204372,502.766376163,78.20703125,35.3762247702099
9790,,Existing,095-10-09-02.42-10000,378701.28,1491611.49,875.22,0,0, ,118.665153972,875.213015152,136.140625,46.8085783382392
9791,,Existing,095-10-09-02.42-14500,378606.55,1491607.25,832.39,0,0, ,115.773252922,832.384067582,129.48046875,45.6536749681649
9792,,Existing,095-10-09-02.42-14800,378482.15,1491592.09,563.12,0,0, ,101.907697393,563.118806893,87.5859375,40.2037242993377
9793,,Existing,095-10-09-02.42-14900,378444.18,1491587.94,467.55,0,0, ,87.4139837457,467.545860223,72.7265625,34.4660254048249
9794,,Existing,095-10-09-02.31-1700,378301.31,1491276.76,1699.94,0,0, ,175.514909725,1699.93777784,264.41796875,69.1964493551475
9795,,Existing,095-10-09-02.42-13700,378523.4,1491242.23,1206.84,0,0, ,139.066844997,1206.84939065,187.72265625,54.8429530556985
9796,,Existing,095-10-09-02.42-10600,378734.2,1491322.83,1831.13,0,0, ,189.011344622,1831.12378061,284.82421875,74.5871816863407
9797,,Existing,095-10-09-02.42-10800,378628.45,1491309.49,2259.66,0,0, ,240.82073319,2259.64260346,351.48828125,95.050919391431
9798,,Existing,095-10-09-02.42-10700,378674.54,1491322.63,1669.11,0,0, ,177.874280512,1669.10587241,259.6171875,70.1984205228628
9799,,Existing,095-10-09-02.42-13500,378585.43,1491174.19,276.77,0,0, ,68.0241605592,276.767744619,43.0546875,26.8394836648033
9800,,Existing,095-10-09-02.42-10500,378787.71,1491452.87,2652.3,0,0, ,286.320649103,2652.29673525,412.56640625,113.011556675587
9801,,Existing,095-10-09-02.42-10300,378703.72,1491438.26,1454.88,0,0, ,159.100911865,1454.88138104,226.30859375,62.7670101706733
9802,,Existing,095-10-09-02.42-14000,378402.92,1491544.7,621.84,0,0, ,99.7631313781,621.843903188,96.7265625,39.3478400762753
9803,,Existing,095-10-09-02.42-14300,378568.23,1491519.69,803.57,0,0, ,113.90216283,803.570994974,124.99609375,44.9143342123902
9804,,Existing,095-10-09-02.42-8800,378898.46,1491534.12,592.1,0,0, ,97.402272487,592.098228077,92.09765625,38.4124503689465
9805,,Existing,095-10-09-02.42-8900,378936.49,1491547.26,334.74,0,0, ,73.7745596829,334.741922915,52.0625,29.0892403274212
9806,,Existing,095-10-09-02.42-9900,378791.07,1491588.93,538.16,0,0, ,93.7393126488,538.14999935,83.7109375,36.9602498962842
9807,,Existing,095-10-09-02.42-10000,378704.51,1491700.13,2066.32,0,0, ,208.734473271,2066.31658266,321.41796875,82.3610297775828
9808,,Existing,095-10-09-02.42-9700,378905.99,1491711.06,1345.11,0,0, ,170.651236494,1345.11313241,209.234375,67.3545468226086
9809,,Existing,095-10-09-02.42-14600,378566.05,1491706.75,1203.88,0,0, ,152.304826523,1203.8821144,187.26953125,60.0830183670278
9810,,Existing,095-10-09-02.42-14700,378526.19,1491702.4,1588.92,0,0, ,174.170848018,1588.91563645,247.1640625,68.7327174889883
9811,,Existing,095-10-09-02.42-14900,378417.18,1491696.24,1705.79,0,0, ,203.502665163,1705.79872851,265.3359375,80.2831759183077
9812,,Existing,095-10-09-02.42-14700,378517.14,1491599.45,418.21,0,0, ,88.4885450446,418.208463177,65.0546875,34.9215482906796
9813,,Existing,095-10-09-02.31-1100,378203.54,1491431.07,1425.9,0,0, ,167.738725655,1425.897614,221.8046875,66.1891638846398
9814,,Existing,095-10-09-02.31-100,378295.95,1491629.21,5379.24,0,0, ,401.229454643,5379.25625218,836.7421875,158.275366976002
9815,,Existing,095-10-09-02.31-300,378146.13,1491682.74,1955.73,0,0, ,196.637640674,1955.72803955,304.21484375,77.5854846646205
9816,,Existing,095-10-09-02.13-10700,378409.64,1491938.28,515.54,0,0, ,91.0910483396,515.542579848,80.19140625,35.9213429894466
9817,,Existing,095-10-09-02.13-14500,378485.45,1491828.56,1106.51,0,0, ,140.068895322,1106.50451654,172.12109375,55.2571010953003
9818,,Existing,095-10-09-02.13-14400,378524.72,1491829.45,1043.78,0,0, ,136.191752148,1043.7842692,162.36328125,53.7305993024722
9819,,Existing,095-10-09-02.13-14300,378562.01,1491838.54,1136.5,0,0, ,153.170003185,1136.49864168,176.78125,60.4479580514061
9820,,Existing,095-10-09-02.13-14300,378563.21,1491896.88,372.42,0,0, ,78.6537835695,372.423849646,57.93359375,31.033392685733
9821,,Existing,095-10-09-02.13-14100,378637.05,1491887.93,813.95,0,0, ,118.678874016,813.952534015,126.61328125,46.8333019039036
9822,,Existing,095-10-09-02.13-14200,378603.14,1491885.21,811.91,0,0, ,114.426258085,811.89787856,126.29296875,45.1222185387786
9823,,Existing,095-10-09-02.13-14200,378604.1,1491832.01,1535.21,0,0, ,159.668474202,1535.19841903,238.8046875,62.9931720214209
9824,,Existing,095-10-09-02.13-14100,378643.64,1491838.43,1257.35,0,0, ,156.797352969,1257.35973492,195.59375,61.8588734910424
9825,,Existing,095-10-09-02.13-14000,378682.64,1491839.99,1636.85,0,0, ,179.943164212,1636.85174261,254.6171875,71.0073791703094
9826,,Existing,095-10-09-02.13-13900,378728.34,1491843.15,1770.65,0,0, ,180.456972063,1770.65406366,275.43359375,71.2044826091714
9827,,Existing,095-10-09-02.13-13800,378782.78,1491838.62,1253.94,0,0, ,158.260407834,1253.9459831,195.0703125,62.4491647089568
9828,,Existing,095-10-09-02.42-9800,378862.07,1491704.04,2302.3,0,0, ,205.476852739,2302.30344064,358.125,81.0711874061421
9829,,Existing,095-10-09-02.42-8900,378947,1491451.03,1750.39,0,0, ,188.742859165,1750.39928178,272.2734375,74.4842018602544
9830,,Existing,095-10-09-02.42-8700,378865.29,1491436.72,1783.76,0,0, ,208.101422072,1783.75566865,277.44921875,82.1203016755019
9831,,Existing,095-10-09-02.31-1800,378252.12,1491244.59,1031.45,0,0, ,146.634635734,1031.44961091,160.43359375,57.7802979442485
9832,,Existing,095-10-09-02.13-6900,378937.1,1492321.19,591.1,0,0, ,112.145798107,591.100272349,91.953125,44.2553307890037
9833,,New,095-10-09-02.13-10100,378664.77,1492232.57,719.13,0,0, ,107.330608388,719.136702629,111.8671875,42.3293179094139
9834,,Changed,095-10-09-02.13-6500,378601.55,1492391.34,2116.67,1313.35,61.17, ,204.661278218,2116.66508394,329.265625,80.7228375342032
9835,,New,095-10-09-02.24-400,378233.48,1492663.35,165.59,0,0, ,52.9536978157,165.591714426,25.75390625,20.8759500795941
9836,,Existing,095-10-09-02.13-9700,378857.85,1492184.02,418.99,0,0, ,84.327036553,418.996026294,65.17578125,33.2433457663937
9837,,Existing,095-10-09-02.13-9700,378860.66,1492154.17,1001.96,0,0, ,133.352986664,1001.96214956,155.86328125,52.6020516557922
9838,,Existing,095-10-09-02.13-11200,378868.12,1492018.4,1596.98,0,0, ,174.687915292,1596.97964073,248.4140625,68.9307696423087
9839,,Changed,095-10-09-02.13-5400,378902.35,1492564.82,1239.5,931.08,33.12, ,146.622968714,1239.50149456,192.80859375,57.8316448230202
9840,,Existing,095-10-09-02.13-6100,378579.72,1492603.98,192.96,0,0, ,62.5406000327,192.957251417,30.015625,24.6873620215717
9841,,New,095-10-09-02.24-500,378273.9,1492508.64,503.06,0,0, ,123.054411397,503.06063883,78.25390625,48.4800375931985
9842,,Existing,095-10-09-02.24-400,378266.77,1492669.81,6555.86,0,0, ,415.13260914,6555.84367981,1019.8515625,163.857384830707
9843,,Existing,095-10-09-02.13-10400,378505.16,1492185.04,2453.31,0,0, ,364.541058732,2453.31011154,381.6328125,143.920503400232
9844,,Existing,095-10-09-02.13-9600,378902.65,1492163.54,1970.95,0,0, ,218.467507785,1970.95696556,306.58984375,86.2214513607958
9845,,Existing,095-10-09-02.13-9500,378941.79,1492163.95,1511.01,0,0, ,160.692580759,1511.02953732,235.046875,63.4046956056448
9846,,Existing,095-10-09-02.13-9600,378899.95,1492250.63,851.01,0,0, ,118.925823761,851.014018478,132.38671875,46.887335977717
9847,,Existing,095-10-09-02.13-9500,378938.68,1492248.48,636.67,0,0, ,102.70030829,636.670688748,99.0390625,40.5010168194841
9848,,Existing,095-10-09-02.13-5600,378788.44,1492568.41,1574.87,0,0, ,167.930335327,1574.87953531,244.99609375,66.277677135542
9849,,Existing,095-10-09-02.13-5500,378863.89,1492569.55,1664.72,0,0, ,172.854641177,1664.71857743,258.96875,68.2216413984323
9850,,Existing,095-10-09-02.13-5400,378938.13,1492550.1,334.18,0,0, ,74.7629923937,334.187299579,51.98828125,29.4999513154525
9851,,Existing,095-10-09-02.13-3001,378922.65,1492754.27,1607.99,0,0, ,170.879504875,1607.98416299,250.1484375,67.444668892479
9852,,Existing,095-10-09-02.13-10700,378407.25,1492003.11,2020.99,0,0, ,210.918795832,2020.99313635,314.37109375,83.2318982266019
9853,,Existing,095-10-09-02.13-10900,378604.42,1492007.96,2044.17,0,0, ,191.127596902,2044.16888946,317.984375,75.4289225455861
9854,,Existing,095-10-09-02.13-10100,378661.83,1492153.49,1300.25,0,0, ,163.276042142,1300.24625091,202.2578125,64.4237880621127
9855,,Existing,095-10-09-02.13-10300,378551.57,1492156.54,2092.09,0,0, ,243.34416986,2092.08400676,325.4375,95.9941099628601
9856,,Existing,095-10-09-02.13-10500,378460.9,1492152.25,1017.66,0,0, ,133.193000143,1017.67039405,158.3046875,52.5372478707275
9857,,Existing,095-10-09-02.13-10600,378410.5,1492231.36,395.31,0,0, ,79.6322219664,395.307329543,61.49609375,31.4109429158216
9858,,Existing,095-10-09-02.13-10500,378453.15,1492239.49,416.86,0,0, ,87.2611598301,416.861226362,64.84375,34.4289939117779
9859,,Existing,095-10-09-02.13-6300,378440.01,1492302.78,930.5,0,0, ,129.912743632,930.496494153,144.75,51.2529855912396
9860,,Existing,095-10-09-02.13-6400,378484.15,1492311.66,327.91,0,0, ,74.7322112392,327.915519175,51.01171875,29.4897954229997
9861,,Existing,095-10-09-02.13-6400,378543.53,1492310.06,217.66,0,0, ,59.613725694,217.655101646,33.85546875,23.5190028212828
9862,,Existing,095-10-09-02.13-10300,378538.57,1492252.87,430.39,0,0, ,84.4450607957,430.395105009,66.95703125,33.2935866503023
9863,,Existing,095-10-09-02.13-10200,378597.07,1492236.83,359.94,0,0, ,80.5548479994,359.94417605,55.9921875,31.7930640012803
9864,,Existing,095-10-09-02.13-10000,378693.88,1492236.74,426.97,0,0, ,83.5959492555,426.971230728,66.41796875,32.9810028996018
9865,,Existing,095-10-09-02.13-9800,378781.19,1492250.48,851.41,0,0, ,116.817960863,851.408490703,132.4453125,46.0703084803531
9866,,Existing,095-10-09-02.13-6610,378773.82,1492434.09,1555.81,0,0, ,170.941708753,1555.80701646,242.02734375,67.3780410682426
9867,,Existing,095-10-09-02.13-6610,378728.77,1492412.84,479.73,0,0, ,88.4026884532,479.734958801,74.625,34.857775130378
9868,,Existing,095-10-09-02.13-6600,378661.95,1492401.47,1483.61,0,0, ,165.078075028,1483.61661168,230.796875,65.1558632258909
9869,,Existing,095-10-09-02.13-6400,378507.34,1492388.19,2233.82,0,0, ,209.839790354,2233.82646336,347.49609375,82.7432785063695
9870,,Existing,095-10-09-02.13-6300,378410.03,1492395.88,1935.41,0,0, ,186.704516039,1935.42195627,301.078125,73.6706198900042
9871,,Existing,095-10-09-02.13-6300,378444.71,1492365.09,172.5,0,0, ,52.6087701501,172.50249864,26.8359375,20.7517181257814
9872,,Existing,095-10-09-02.13-6202,378487.71,1492534.14,1121.87,0,0, ,136.862008439,1121.86848396,174.51953125,54.0025173532081
9873,,Existing,095-10-09-02.13-6100,378548.5,1492555.52,2487.41,0,0, ,276.315506336,2487.40897132,386.94921875,108.993940043448
9874,,Existing,095-10-09-02.13-6000,378603.09,1492556.67,1618.75,0,0, ,188.774593691,1618.75604237,251.8125,74.5059512243634
9875,,Existing,095-10-09-02.13-5900,378665.66,1492578.35,1139.19,0,0, ,142.147038744,1139.1894674,177.21875,56.091186631328
9876,,Existing,095-10-09-02.13-5700,378744.41,1492561.52,1547.22,0,0, ,169.279331327,1547.23445091,240.69921875,66.8014057065184
9877,,Existing,095-10-09-02.13-6000,378600.51,1492639.57,1146.73,0,0, ,152.824293135,1146.73187028,178.3828125,60.3176867630551
9878,,Existing,095-10-09-02.13-6100,378556.81,1492650.69,245.7,0,0, ,68.3600878464,245.692836316,38.2265625,26.9762931587156
9879,,Existing,095-10-09-02.13-6201,378493.94,1492650.46,219.38,0,0, ,61.9263592486,219.373087562,34.12109375,24.4307226912164
9880,,Existing,095-10-09-02.13-6201,378425.93,1492618.56,2243.31,0,0, ,209.402645878,2243.29489283,348.96875,82.6397089820115
9881,,Existing,095-10-09-02.13-2201,378409.18,1492736.44,1493.13,0,0, ,158.609262824,1493.13558004,232.27734375,62.5865202060557
9882,,Existing,095-10-09-02.24-500,378208.6,1492172.83,34295.71,0,0, ,1144.31186924,34295.6522831,5334.94921875,451.601453513539
9883,,Existing,095-10-09-02.13-10600,378405.42,1492149.65,1161.72,0,0, ,136.344564989,1161.72288576,180.71484375,53.7743707222537
9884,,Existing,095-10-09-02.13-10200,378608.96,1492154.79,919.37,0,0, ,126.69872992,919.368198287,143.0078125,49.9882750742637
9885,,Existing,095-10-09-02.13-10000,378702.34,1492151.76,896.07,0,0, ,133.710528655,896.071929409,139.39453125,52.7442872873694
9886,,Existing,095-10-09-02.13-9900,378741.48,1492154.17,1035.92,0,0, ,137.403312493,1035.91925567,161.1484375,54.2016261790634
9887,,Existing,095-10-09-02.13-9800,378785.5,1492166.48,1631.59,0,0, ,191.97768144,1631.57941361,253.8125,75.7829541436744
9888,,Existing,095-10-09-02.24-400,378177.06,1492583.19,385.41,0,0, ,80.9469084132,385.413230542,59.95703125,31.9420543192405
9889,,Existing,095-10-09-02.13-10800,378526.81,1492010.7,1703.55,0,0, ,177.381454709,1703.54629337,265,70.0003261699861
9890,,Existing,095-10-09-02.13-11000,378683.94,1492016.85,1698.3,0,0, ,180.715294804,1698.29385134,264.1796875,71.2996527102107
9891,,Existing,095-10-09-02.12-1300,378898.65,1493436.07,1609.46,0,0, ,169.757791308,1609.46429953,250.390625,67.0012058456508
9892,,Existing,095-10-09-02.12-1200,378933.2,1493515.77,262.6,0,0, ,67.10428684,262.603756605,40.8515625,26.4541507101814
9893,,Existing,095-10-09-02.12-1600,378738.49,1493434.31,1624.05,0,0, ,170.16887409,1624.03975147,252.65625,67.1626756607802
9894,,Existing,095-10-09-02.12-2900,378782.29,1493264.48,1273.39,0,0, ,149.091168919,1273.38970397,198.1015625,58.8394994782331
9895,,Existing,095-10-09-02.12-2800,378742.46,1493264.76,1372.21,0,0, ,154.343181081,1372.20541785,213.484375,60.9111697107101
9896,,Existing,095-10-09-02.12-2700,378701.81,1493263.67,1302.95,0,0, ,151.338922789,1302.94296939,202.703125,59.7279071080746
9897,,Existing,095-10-09-02.12-2600,378662.78,1493262.94,1338.9,0,0, ,152.246207316,1338.89009393,208.29296875,60.0830272137425
9898,,Existing,095-10-09-02.13-1100,378947.45,1493018.75,723.47,0,0, ,115.552964199,723.456443327,112.54296875,45.5989396449106
9899,,Existing,095-10-09-02.13-2400,378564.26,1492885.14,1271.31,0,0, ,146.588361833,1271.30928731,197.78125,57.8441901986514
9900,,Existing,095-10-09-02.24-300,378285.97,1492808.45,2883.51,0,0, ,244.128835047,2883.50780771,448.578125,96.2204081975846
9901,,Existing,095-11-09-35.34-6000,378202.82,1494518.96,12244.86,0,0, ,685.164555024,12244.8800681,1905.13671875,270.490343907768
9902,,New,095-10-09-02.12-201,378747.2,1494031.37,4545.35,0,0, ,301.761773562,4545.35271044,707.17578125,119.08924354119
9903,,Existing,095-10-09-02.12-201,378763.17,1493913.51,5245.9,0,0, ,404.108631035,12827.8681873,1995.7421875,159.394970570331
9904,,Existing,095-10-09-02.12-100,378658.29,1494304.28,23041.34,0,0, ,630.956255507,23041.3368402,3584.85546875,248.73936745382
9905,,Existing,095-10-09-02.12-201,378873.87,1493896.81,1456.18,0,0, ,168.680938243,1456.18383168,226.546875,66.590678896502
9906,,Changed,095-11-09-35.43-500,378658.13,1494560.7,22868.81,23750.87,-3.71, ,654.919817525,22868.843734,3558.078125,258.218052318534
9907,,Existing,095-11-09-35.43-500,378785.9,1494562.37,1127.81,0,0, ,137.708576157,1127.82090314,175.47265625,54.342585935088
9908,,New,095-11-09-35.34-6800,378205.04,1495448.74,192.17,0,0, ,56.9768998716,192.165451125,29.8984375,22.4647128863519
9909,,New,095-11-09-35.34-7100,378220.48,1495273.24,154.25,0,0, ,50.1042069701,154.247941498,24,19.7587712815549
9910,,Changed,095-11-09-35.42-300,379103.02,1495936.45,126782.05,116608.73,8.72, ,1770.54022622,126781.990645,19727.69921875,697.86332243967
9911,,Existing,095-11-09-35.34-6700,378194.83,1495614.08,1929.74,0,0, ,198.036277045,1929.73618983,300.265625,78.1104083842774
9912,,Existing,095-11-09-35.34-6800,378141.14,1495472.57,1615.82,0,0, ,166.643274605,1615.82755093,251.4140625,65.7564102331938
9913,,Existing,095-11-09-35.34-6900,378156.43,1495413.9,2108.91,0,0, ,194.580993756,2108.90875957,328.13671875,76.7305365536837
9914,,Existing,090-10-09-11.00-101,379189.51,1485930.53,1152.22,0,0, ,155.683174509,1152.21880053,179.14453125,61.4196971886812
9915,,New,095-10-09-11.13-2200,379248.39,1486621.88,734.82,0,0, ,109.084499817,734.814715737,114.25390625,43.0185672904454
9916,,Existing,095-10-09-11.13-2300,379145.5,1486664.05,161.44,0,0, ,51.3011003771,161.435992934,25.1015625,20.227271479297
9917,,Changed,095-10-09-11.13-2300,379223.3,1486729.26,3031.39,2463.59,23.05, ,249.998815281,3031.38583304,471.34765625,98.5779848189703
9918,,Existing,095-10-09-11.13-1300,379346.47,1487017.46,615.85,0,0, ,102.040387069,615.846270049,95.765625,40.2291244127933
9919,,Existing,095-10-09-11.13-2900,379154.33,1486501.24,1703.96,0,0, ,175.125261193,1703.96801949,264.94921875,69.0410700459302
9920,,Existing,095-10-09-11.13-2900,379221.33,1486565.61,814.19,0,0, ,114.615815786,814.181918525,126.58984375,45.1995670889816
9921,,Existing,095-10-09-11.13-2300,379193.08,1486650.73,317.64,0,0, ,79.1772225231,317.6421371,49.39453125,31.2151497586032
9922,,Existing,095-10-09-11.13-2800,379091.8,1486552.27,1789.19,0,0, ,192.535478738,1789.18754074,278.203125,75.9183402189333
9923,,Existing,095-10-09-11.13-2200,379285.01,1486694.08,1349.11,0,0, ,160.465340806,1349.10438348,209.7734375,63.2719160272796
9924,,Existing,095-10-09-11.13-1900,379298.43,1486845.92,663.2,0,0, ,103.083335373,663.198891443,103.12109375,40.6498911260264
9925,,Existing,095-10-09-11.13-1800,379193.46,1486868.43,675.06,0,0, ,104.058146935,675.059063068,104.96484375,41.0347320652827
9926,,Existing,095-10-09-11.13-1800,379158.85,1486887.2,1447.95,0,0, ,157.073969592,1447.94869931,225.15625,61.9415200660867
9927,,Existing,095-10-09-11.13-1400,379245.89,1487031.6,1351.61,0,0, ,176.584292158,1351.61517562,210.1796875,69.6306036207358
9928,,Existing,095-10-09-11.13-4000,379087.8,1487038.99,588.72,0,0, ,116.883156639,588.7161143,91.53515625,46.0491493280024
9929,,Existing,095-10-09-11.13-3900,379085.63,1486993.78,1820.98,0,0, ,184.202938118,1820.99291094,283.1484375,72.6188413016699
9930,,Existing,095-10-09-11.13-2400,379124.68,1486806.41,2326.73,0,0, ,217.598781764,2326.71763278,361.78515625,85.7944799255856
9931,,Existing,095-10-09-11.13-2500,379079.12,1486765.2,1700.57,0,0, ,176.738445836,1700.56362071,264.41796875,69.7043849258877
9932,,Existing,095-10-09-11.13-2700,379088.65,1486629.52,664.29,0,0, ,103.095904975,664.294740806,103.29296875,40.6532755470132
9933,,Existing,095-10-09-11.13-2600,379047.3,1486714.72,1611.8,0,0, ,181.738767207,1611.79893988,250.61328125,71.6727084401675
9934,,Existing,095-10-09-11.13-1900,379316.96,1486806.54,1525.88,0,0, ,171.814964058,1525.8847356,237.2578125,67.7531460514227
9935,,Existing,095-10-09-11.13-1700,379190.34,1486929.85,1504.71,0,0, ,159.477758402,1504.70077952,233.9765625,62.8811909067306
9936,,Existing,095-10-09-11.13-1600,379202.92,1486983.01,992.28,0,0, ,132.959757039,992.288376116,154.296875,52.4300292493115
9937,,Existing,095-10-09-11.13-3600,379023.05,1487004.26,976.97,0,0, ,125.966187603,976.982159508,151.91796875,49.6600530666682
9938,,Existing,095-10-09-11.13-3600,378998.39,1486950.84,2145.97,0,0, ,199.178315658,2145.97319668,333.6875,78.5226897803042
9939,,Existing,095-10-09-11.13-2000,379365.85,1486772.98,2752.47,0,0, ,324.905480763,2752.47613408,427.98828125,128.123596050242
9940,,Existing,095-10-09-11.13-4700,378945.6,1487209.77,174.82,0,0, ,53.1365756342,174.81843798,27.1796875,20.9575641905282
9941,,Existing,095-10-09-11.13-4800,378959.39,1487268.68,1159.16,0,0, ,161.347140913,1159.16482101,180.25390625,63.6293583332808
9942,,New,095-10-09-11.13-900,379466.62,1487225.67,430.09,0,0, ,84.6568224887,430.083516905,66.87890625,33.3747472717888
9943,,Existing,095-10-09-11.13-300,379612.66,1487577.34,2915.13,0,0, ,294.793171408,2915.12563523,453.3125,116.229200804126
9944,,Existing,095-10-09-11.13-200,379639.25,1487626.93,1548.53,0,0, ,205.147046761,1548.53238848,240.80078125,80.8872706694283
9945,,Existing,095-10-09-11.13-7200,379573.49,1487747.06,1340.75,0,0, ,159.924444227,1340.76141005,208.484375,63.056895072279
9946,,Existing,095-10-09-11.13-7300,379508.27,1487785.01,306.26,0,0, ,71.8547773942,306.256481982,47.62109375,28.3481841226148
9947,,Existing,095-10-09-11.13-100,379665.63,1487691.36,1770.4,0,0, ,183.028973245,1770.39316577,275.30078125,72.2092060706822
9948,,Existing,095-10-09-11.13-6800,379425.68,1487531.03,1290.15,0,0, ,149.463536345,1290.14927727,200.609375,58.9057083913347
9949,,Existing,095-10-09-11.13-5500,379159.09,1487383.38,1346.68,0,0, ,168.740476169,1346.68214575,209.40625,66.5805294212479
9950,,Existing,095-10-09-11.13-5400,379130.59,1487321.01,164.91,0,0, ,56.6928000003,164.911231298,25.6484375,22.3749522965309
9951,,Existing,095-10-09-11.13-1500,379532.26,1487160.2,1050.73,0,0, ,153.627936101,1050.73771684,163.390625,60.6019772424781
9952,,Existing,095-10-09-11.13-7900,379126.7,1487651.3,157.79,0,0, ,51.2476089893,157.795360724,24.53125,20.2169406009001
9953,,Existing,095-10-09-11.13-7900,379155.43,1487756.57,2223.1,0,0, ,247.795351398,2223.08917511,345.69921875,97.7727510093003
9954,,Existing,095-10-09-11.13-4100,379165.25,1487098.76,1361.44,0,0, ,157.052423157,1361.45158454,211.69921875,61.9157543860291
9955,,Existing,095-10-09-11.13-700,379459.43,1487365.93,1584.26,0,0, ,178.838455423,1584.2488779,246.34375,70.5162819075906
9956,,Existing,095-10-09-11.13-700,379532.39,1487350.76,1307.55,0,0, ,160.976983309,1307.54571,203.3203125,63.4741437826292
9957,,Existing,095-10-09-11.13-5200,379017.11,1487383.09,1960.99,0,0, ,227.883245993,1960.98614706,304.93359375,89.9010884063048
9958,,Existing,095-10-09-11.13-5300,379077.07,1487379.83,1609.18,0,0, ,178.784724653,1609.19091025,250.23828125,70.5355044974266
9959,,PossiblyChanged,095-10-09-11.13-6600,379295.5,1487498.54,1659.96,0,0, ,175.18917059,1659.97232697,258.12890625,69.1287728007865
9960,,Unknown,095-10-09-11.13-6600,379286.27,1487617.4,208,0,0, ,69.4826891304,208.002403888,32.34765625,27.3795046283834
9961,,Existing,095-10-09-11.13-8000,379087.37,1487655.69,798.38,0,0, ,113.730717936,798.381157014,124.1484375,44.8384706231216
9962,,Changed,095-10-09-11.13-7700,379280.06,1487759.21,2366.63,2024.57,16.9, ,225.722263778,2366.6239705,368.01953125,89.0732309946793
9963,,Existing,095-10-09-11.13-4600,378986.54,1487200.34,1416.77,0,0, ,168.983302509,1416.76183581,220.29296875,66.6843556350662
9964,,Existing,095-10-09-11.13-5100,378965.67,1487379.57,2322.36,0,0, ,208.462218187,2322.37265471,361.1171875,82.2281861205319
9965,,Existing,095-10-09-11.13-8300,378975.51,1487759,1276,0,0, ,159.445244751,1275.99714033,198.42578125,62.9041452088941
9966,,Existing,095-10-09-11.13-6100,378992.67,1487613.39,372.74,0,0, ,93.1826810448,372.736859748,57.96484375,36.7401177886982
9967,,Existing,095-10-09-11.13-6000,379002.59,1487564.86,670.49,0,0, ,106.041126945,670.48675561,104.25390625,41.8150977040024
9968,,Existing,095-10-09-11.13-1100,379350.2,1487121.02,311.7,0,0, ,71.1462522098,311.692436286,48.46875,28.0514748260565
9969,,Existing,095-10-09-11.13-800,379541.6,1487297.88,646.72,0,0, ,101.924371989,646.715870831,100.55859375,40.1968471368494
9970,,Existing,095-10-09-11.13-400,379565.04,1487526.5,1956.66,0,0, ,190.125537891,1956.65149858,304.26171875,74.9577342016108
9971,,Existing,095-10-09-11.13-7100,379542.27,1487697.52,1627.56,0,0, ,180.458925553,1627.55345552,253.09765625,71.1439172670323
9972,,Existing,095-10-09-11.13-7300,379588.49,1487786.75,1990.46,0,0, ,201.781651386,1990.47473779,309.5234375,79.5112763595169
9973,,Existing,095-10-09-11.13-7000,379432.94,1487616.94,362.58,0,0, ,77.1199078258,362.58475085,56.38671875,30.4018485087036
9974,,Existing,095-10-09-11.13-6400,379224.46,1487492.02,1394.22,0,0, ,160.982646111,1394.23294802,216.8046875,63.5158063161165
9975,,Existing,095-10-09-11.13-6300,379146.1,1487491.76,1560.81,0,0, ,170.028598412,1560.80166839,242.70703125,67.0736318335905
9976,,Existing,095-10-09-11.13-5400,379115.46,1487381.55,1777.62,0,0, ,189.258807831,1777.63147156,276.42578125,74.6556597971756
9977,,Existing,095-10-09-11.13-5500,379163.41,1487337.78,670.93,0,0, ,103.636965325,670.931304634,104.328125,40.865746234388
9978,,Existing,095-10-09-11.13-5600,379201.77,1487354.32,405.24,0,0, ,82.8715097669,405.244134153,63.01171875,32.694667804601
9979,,Existing,095-10-09-11.13-5600,379248.71,1487390.27,1183.77,0,0, ,152.616069401,1183.76716071,184.08203125,60.185071340002
9980,,Existing,095-10-09-11.13-5700,379292.98,1487319.68,1039.36,0,0, ,128.961234222,1039.34887882,161.6171875,50.8547859654774
9981,,Existing,095-10-09-11.13-5400,379106.45,1487319.2,353.68,0,0, ,76.4653987032,353.683864005,54.99609375,30.1638071843214
9982,,Existing,095-10-09-11.13-4300,379161.12,1487214.25,2300.51,0,0, ,218.146761336,2300.50553352,357.72265625,86.1034802571708
9983,,Existing,095-10-09-11.13-4000,379125.24,1487058.52,1009.49,0,0, ,136.272973782,1009.48958946,156.96875,53.7125631357859
9984,,Existing,095-10-09-11.13-6200,379098.51,1487604.92,846.87,0,0, ,117.801079763,846.877046646,131.6875,46.467864255587
9985,,Existing,095-10-09-11.13-6500,379262.08,1487596.88,270.38,0,0, ,69.7780923005,270.378973379,42.046875,27.5192039973202
9986,,Existing,095-10-09-11.13-7600,379351.09,1487777.89,1102.04,0,0, ,144.76755765,1102.04046199,171.37109375,57.0945117628857
9987,,Existing,095-10-09-11.13-7400,379464.58,1487761.14,2535.88,0,0, ,258.429901909,2535.88798838,394.359375,101.994840847772
9988,,Existing,095-10-09-11.14-1900,379774.7,1487747.59,1788.63,0,0, ,191.006207598,1788.63390881,278.13671875,75.26775333038
9989,,Existing,095-10-09-11.14-1800,379766.08,1487790.44,1648.84,0,0, ,175.270336283,1648.83660287,256.3984375,69.0642411702959
9990,,Existing,095-10-09-11.11-13200,379768.88,1487824.02,1603.16,0,0, ,166.577398856,1603.15774197,249.30078125,65.6690666856046
9991,,Existing,095-10-09-11.11-13100,379768.97,1487863.23,1993.37,0,0, ,194.160372823,1993.37759478,309.9765625,76.5287617312572
9992,,Existing,095-10-09-11.13-5100,378951.4,1487320.34,246.83,0,0, ,63.3397683352,246.825058449,38.390625,24.9833309531455
9993,,Existing,095-10-09-11.13-1100,379327.23,1487161.07,1604.91,0,0, ,178.648610187,1604.90144453,249.5546875,70.4338511559003
9994,,Existing,095-10-09-11.13-1000,379367.06,1487224.13,1800.34,0,0, ,209.225029989,1800.33415463,279.9375,82.4963948991319
9995,,Existing,095-10-09-11.13-900,379410.38,1487268.01,1123.99,0,0, ,144.666503756,1123.98952303,174.78125,57.0281998899662
9996,,Existing,095-10-09-11.13-800,379493.29,1487287.66,1523.27,0,0, ,177.246303741,1523.25856877,236.86328125,69.8605421496054
9997,,Existing,095-10-09-11.13-600,379500.73,1487422.5,2188.31,0,0, ,231.62173605,2188.30386129,340.27734375,91.3285780525743
9998,,Existing,095-10-09-11.13-500,379533.68,1487475.26,1750.36,0,0, ,179.512254014,1750.36115455,272.18359375,70.7718518510361
9999,,Existing,095-10-09-11.13-500,379583.49,1487466.37,967.55,0,0, ,124.637941047,967.532709384,150.453125,49.1472575196765
10000,,Existing,095-10-09-11.13-7000,379471.92,1487599.96,2177.68,0,0, ,212.799163351,2177.68445026,338.62890625,83.8702982548876
10001,,Existing,095-10-09-11.13-4200,379237.24,1487219.65,1181.32,0,0, ,149.030843286,1181.32818323,183.69140625,58.7743496358516
10002,,Existing,095-10-09-11.13-4200,379219.89,1487270.06,1121.31,0,0, ,137.065044097,1121.30821764,174.36328125,54.0262723497898
10003,,Existing,095-10-09-11.13-4300,379148.41,1487277.98,612.2,0,0, ,102.224522425,612.212465328,95.19140625,40.3142140061335
10004,,Existing,095-10-09-11.13-4400,379073.13,1487198.48,1263.4,0,0, ,153.398391124,1263.41157833,196.44921875,60.5193295501278
10005,,Existing,095-10-09-11.13-4500,379025.22,1487197.62,1343.03,0,0, ,167.347782649,1343.02847805,208.84375,66.0294579074268
10006,,Existing,095-10-09-11.13-5300,379077.44,1487311.46,595.33,0,0, ,105.130367167,595.318651334,92.57421875,41.4254944874085
10007,,Existing,095-10-09-11.13-5700,379293.08,1487390.56,1372.01,0,0, ,161.220365755,1372.00777497,213.33984375,63.5974050732175
10008,,Changed,095-10-09-11.12-2800,379615.65,1488205.03,2197.99,1807.19,21.62, ,234.769372166,2197.98019765,341.8125,92.5117741164419
10009,,Existing,095-10-09-11.12-2800,379577.47,1488187.61,287.88,0,0, ,68.5676921393,287.883027979,44.76953125,27.0317586086752
10010,,Changed,095-10-09-11.11-12600,379748.23,1488210.58,3633.46,2104.91,72.62, ,325.438304864,3633.48762781,565.046875,128.463652807643
10011,,Existing,095-10-09-11.12-3800,379411.41,1488018.79,177.38,0,0, ,53.2741716579,177.379061849,27.58203125,21.0081928004015
10012,,Changed,095-10-09-11.12-2500,379363.98,1488129.67,3592.31,2152.19,66.91, ,285.881986477,3592.3287568,558.63671875,112.860183615501
10013,,New,095-10-09-11.12-5000,379292.22,1488183.47,378.97,0,0, ,78.0319961607,378.975243035,58.93359375,30.7757276233987
10014,,Existing,095-10-09-11.12-5000,379274.38,1488160.01,157,0,0, ,50.7601464609,157.002168132,24.4140625,20.0234974513164
10015,,Existing,095-10-09-11.12-4800,379211.65,1488176.05,274.83,0,0, ,66.9880549982,274.828098932,42.74609375,26.4090383166682
10016,,Existing,095-10-09-11.12-4900,379230.44,1488184.76,183.29,0,0, ,54.3174766675,183.290147312,28.51171875,21.4233098106182
10017,,Existing,095-10-09-11.12-4700,379155.76,1488183.3,666.24,0,0, ,107.638300744,666.236351684,103.60546875,42.4459889601834
10018,,Changed,095-10-09-11.12-5200,379242.91,1488353.08,2024.12,1378.75,46.81, ,197.147588354,2024.12459977,314.7890625,77.791190650896
10019,,Existing,095-10-09-11.12-2100,379451.91,1488343.68,1074.88,0,0, ,158.448174881,1074.88414315,167.15234375,62.5332253862671
10020,,Changed,095-10-09-11.12-5800,379239.54,1488547,5427.21,2572.12,111, ,337.150138447,5427.21622275,844.00390625,132.838826283142
10021,,Existing,095-10-09-11.12-2200,379424.17,1488344.4,1736.65,0,0, ,160.030421241,1482.96320535,230.62109375,63.1338841941389
10022,,PossiblyChanged,095-10-09-11.12-4700,379146.05,1488231.2,1655.95,0,0, ,187.981597157,1655.94412508,257.5234375,74.1900335685731
10023,,Changed,095-10-09-11.12-3500,379616.5,1487988.06,2420.43,2053.75,17.85, ,214.995668724,2420.42429714,376.37890625,84.7478922465322
10024,,Existing,095-10-09-11.12-4100,379289.16,1487895,1762.59,0,0, ,195.185867695,1762.60064966,274.08984375,77.0074241739363
10025,,Existing,095-10-09-11.12-9100,378979.83,1488006.77,151.67,0,0, ,49.401515732,151.666383945,23.58203125,19.4782929653754
10026,,PossiblyChanged,095-10-09-11.11-12500,379762.28,1488367.71,1829.59,0,0, ,182.29393003,1692.13480602,263.140625,71.9022060207604
10027,,Existing,095-10-09-11.12-9200,379001.21,1487971.74,475.13,0,0, ,88.6159401998,475.130495471,73.890625,34.9326347636186
10028,,Existing,095-10-09-11.12-4500,379069.3,1487958.73,530.56,0,0, ,92.4231668614,530.566368267,82.5078125,36.4407643255334
10029,,Existing,095-10-09-11.12-4500,379070.38,1487889.31,1919.82,0,0, ,188.888204322,1919.82607307,298.55078125,74.5251984509314
10030,,Existing,095-10-09-11.12-4400,379143.85,1487897.15,1949.83,0,0, ,211.08240675,1949.8360551,303.21484375,83.2944771776462
10031,,Existing,095-10-09-11.12-4300,379207.75,1487880.98,951.99,0,0, ,123.812943769,951.99182799,148.03515625,48.8169174777071
10032,,Existing,095-10-09-11.12-4200,379250.47,1487883.41,1174.93,0,0, ,144.557417856,1174.92724937,182.71875,57.0202534463506
10033,,Existing,095-10-09-11.12-4300,379212.43,1487952.25,580.99,0,0, ,96.4366765981,580.991529397,90.34765625,38.0308484186033
10034,,Existing,095-10-09-11.12-4200,379238.75,1487931.25,355.1,0,0, ,77.2604854419,355.099139313,55.22265625,30.4806420045127
10035,,Existing,095-10-09-11.12-4000,379343.95,1487897.2,1641.7,0,0, ,170.211001382,1641.69797375,255.296875,67.1443506213469
10036,,Existing,095-10-09-11.12-3800,379424.96,1487897.38,1799.32,0,0, ,182.748978332,1799.30387885,279.80859375,72.0924769062293
10037,,Existing,095-10-09-11.12-3800,379423.85,1487964.91,680.75,0,0, ,104.439778519,680.755439894,105.86328125,41.1883554859645
10038,,Existing,095-10-09-11.12-3700,379467.57,1487963.5,413.09,0,0, ,81.3999572007,413.089389153,64.23828125,32.1028161264071
10039,,Existing,095-10-09-11.12-3500,379525.97,1487983.21,1390.15,0,0, ,150.421260178,1390.14787261,216.17578125,59.3022480719586
10040,,Existing,095-10-09-11.12-3400,379619.9,1487947.23,1497.19,0,0, ,168.796203192,1497.19406445,232.828125,66.5282687605499
10041,,Existing,095-10-09-11.12-3200,379566.86,1487880.17,918.5,0,0, ,133.124886095,918.49900371,142.8359375,52.5163164609166
10042,,Existing,095-10-09-11.12-3100,379624.62,1487886.89,1480.2,0,0, ,161.289933279,1480.20155368,230.18359375,63.5849604392334
10043,,Existing,095-10-09-11.11-13000,379767.78,1487920.14,1479.04,0,0, ,162.291648296,1479.03853871,229.99609375,63.9827216105111
10044,,Existing,095-10-09-11.11-12700,379764.41,1488094.47,1948.24,0,0, ,202.949085058,1948.2520363,302.95703125,79.9929937348101
10045,,Existing,095-10-09-11.12-3600,379504.48,1488033.96,547.02,0,0, ,99.6789345071,547.018182851,85.0625,39.3352125733151
10046,,Existing,095-10-09-11.12-3000,379564.65,1488081.49,348.77,0,0, ,77.6645428315,348.774239125,54.234375,30.6098463061573
10047,,Existing,095-10-09-11.12-2700,379594.48,1488252.51,2326.48,0,0, ,216.680012837,2326.48411348,361.79296875,85.4376393129655
10048,,Existing,095-10-09-11.11-12900,379775.8,1487959.72,1303.13,0,0, ,153.785781667,1303.12625552,202.64453125,60.6102171675308
10049,,Existing,095-10-09-11.12-3900,379392.14,1488023.09,425.94,0,0, ,86.8520574289,425.941461794,66.2421875,34.2616893037215
10050,,Existing,095-10-09-11.12-2500,379348.35,1488223.3,3123.79,0,0, ,230.505107835,3123.79260749,485.76953125,90.893595598327
10051,,Existing,095-10-09-11.12-4900,379238.14,1488157.36,389.54,0,0, ,81.3513831547,389.546436644,60.578125,32.0962624082144
10052,,Existing,095-10-09-11.12-4800,379203.44,1488238.79,1483.4,0,0, ,169.207010679,1483.41661208,230.6796875,66.7548253844118
10053,,Existing,095-10-09-11.12-4900,379243.49,1488241.66,1370.81,0,0, ,163.316414001,1370.80053991,213.17578125,64.4245099992467
10054,,Existing,095-10-09-11.12-5000,379283.68,1488244.87,1226.03,0,0, ,144.98688962,1226.01980285,190.66796875,57.1838761875459
10055,,Existing,095-10-09-11.12-5100,379285.6,1488355.64,2235.08,0,0, ,235.922555206,2235.07806314,347.578125,93.1052876193048
10056,,Existing,095-10-09-11.12-5200,379242.37,1488413.44,829.75,0,0, ,115.802301251,829.746888422,129.03515625,45.6575793692113
10057,,Existing,095-10-09-11.12-2000,379547.59,1488368.67,672.93,0,0, ,103.897745347,672.923188758,104.6484375,40.9679237277876
10058,,Existing,095-10-09-11.12-2000,379610.38,1488360.43,2008.45,0,0, ,207.214613155,2008.45971283,312.3359375,81.6627402710942
10059,,Existing,095-10-09-11.12-1900,379614.84,1488412.9,2073.21,0,0, ,255.907206359,2073.21865855,322.41015625,100.840437274442
10060,,Existing,095-10-09-11.12-1800,379626.77,1488451.65,2254.25,0,0, ,197.363771145,2254.25519688,350.5703125,77.792542736222
10061,,Existing,095-10-09-11.12-2400,379348.83,1488336.11,710.19,0,0, ,114.212615255,710.186831198,110.44921875,45.0540539321848
10062,,Existing,095-10-09-11.12-2300,379380.29,1488334.33,877.26,0,0, ,118.474962798,877.248698831,136.41796875,46.7210513975698
10063,,Existing,095-10-09-11.11-12400,379772.9,1488439.67,1920.62,0,0, ,201.772525668,1920.61747308,298.67578125,79.540406231265
10064,,Existing,095-10-09-11.12-5700,379103.19,1488545.45,4769.44,0,0, ,310.19992875,4769.43233549,741.7109375,122.216377937737
10065,,Existing,095-10-09-11.12-5700,379133.59,1488600.95,804.82,0,0, ,113.923656672,804.813684542,125.15625,44.9342481145528
10066,,Existing,095-10-09-11.12-1800,379511.13,1488456.16,957.24,0,0, ,128.722066578,957.237897483,148.859375,50.7695875032487
10067,,Existing,095-10-09-11.12-5100,379286.17,1488416.41,655.94,0,0, ,102.446594836,655.950574304,102.0078125,40.3998719730296
10068,,Existing,095-10-09-11.12-5600,379058.22,1488335.61,1463.52,0,0, ,171.020573567,1463.51374925,227.59375,67.4758008213137
10069,,Existing,095-10-09-11.12-5600,379064.51,1488442.97,1235.82,0,0, ,141.954868317,1235.82074655,192.18359375,55.9647014802483
10070,,Existing,095-10-09-11.12-4600,379059.45,1488217.51,814.95,0,0, ,167.501801765,814.941030986,126.734375,66.0892482535641
10071,,Existing,095-10-09-11.12-5500,379101.09,1488336.94,1697.83,0,0, ,173.207824598,1697.82874624,264.02734375,68.3424682108174
10072,,Existing,095-10-09-11.12-5400,379151.78,1488338.57,1292.33,0,0, ,150.440449311,1292.32469849,200.97265625,59.3369914491788
10073,,Existing,095-10-09-11.12-5300,379201.61,1488341.79,1329.54,0,0, ,160.049585388,1329.53888193,206.7578125,63.1270275493848
10074,,Existing,095-10-09-11.12-5400,379159.44,1488393.78,400.65,0,0, ,82.5698858501,400.651184416,62.30859375,32.5774621589932
10075,,Existing,095-10-09-11.12-4600,379105.18,1488232.62,1883.82,0,0, ,183.209233685,1883.82727726,292.95703125,72.2751560845597
10076,,Existing,095-10-09-11.12-4600,379106.92,1488128.44,1218.24,0,0, ,170.067759224,1218.22902006,189.4375,67.0828135922372
10077,,Existing,095-10-09-11.12-3400,379523.9,1487940.17,776.46,0,0, ,112.155606837,776.456609601,120.74609375,44.2179824154227
10078,,Existing,095-10-09-11.12-4000,379346.24,1487982.93,949.49,0,0, ,135.465220678,949.488979722,147.65234375,53.4396038733247
10079,,Existing,095-10-09-11.12-9000,378999.71,1488031.68,170.57,0,0, ,52.6817935145,170.569844759,26.53125,20.7694220360315
10080,,Existing,095-10-09-11.12-2600,379431.79,1488200.15,2511.28,0,0, ,242.630618568,2511.28219681,390.5390625,95.6767173411869
10081,,Existing,095-10-09-11.12-1600,379508.25,1488582.68,14828.42,0,0, ,566.12832839,14828.4496985,2306.0390625,223.06117210008
10082,,Existing,095-10-09-02.43-7700,379141.63,1489371.4,25777.02,0,0, ,754.858827025,25777.0185712,4008.9375,297.563508018596
10083,,Existing,095-10-09-02.43-8100,379154.84,1489149.58,1044.43,0,0, ,129.343573332,1044.43069756,162.43359375,51.0116942380011
10084,,New,095-10-09-02.43-2900,379441.66,1489181.14,2954.76,0,0, ,236.553748042,2954.75864382,459.5390625,93.3394241267896
10085,,PossiblyChanged,095-10-09-11.12-6300,379067.9,1488967.9,7832.5,0,0, ,527.143096145,7832.50321901,1218.09765625,207.996541169501
10086,,Existing,095-10-09-11.11-11600,379810.45,1488981.82,22444.57,0,0, ,812.999350552,22444.6151596,3490.5546875,320.751552647043
10087,,PossiblyChanged,095-10-09-11.12-300,379574.75,1488977.99,21961.92,0,0, ,926.090173534,21961.9133751,3415.5078125,365.416037593398
10088,,Existing,095-10-09-11.12-1000,379432.24,1488986.04,10150.46,0,0, ,509.605866727,10150.4615212,1578.58984375,200.98347738835
10089,,Changed,095-10-09-11.12-1500,379333.16,1488783.35,5721.52,7394.52,-22.62, ,358.575828917,5721.50091947,889.78515625,141.559405950871
10090,,Existing,095-10-09-11.12-1300,379337.06,1488926.41,3919.8,0,0, ,255.134645453,3919.79454897,609.6015625,100.653314103286
10091,,Changed,095-10-09-11.12-1100,379552.45,1488808.26,14747.86,16038.09,-8.04, ,580.609659781,14747.8482211,2293.53125,228.976171841043
10092,,Existing,095-10-09-02.43-7900,379239.16,1489197.77,16203.92,0,0, ,574.934979351,14911.6879341,2319.09765625,226.798792776106
10093,,Existing,095-10-09-02.43-2000,379569.21,1489387.97,25313.34,0,0, ,842.523412535,25313.3417874,3936.8359375,332.129707748202
10094,,Existing,095-10-09-11.12-6201,379067.04,1488805.39,1554.38,0,0, ,167.859587899,1554.38786802,241.73828125,66.1732409605876
10095,,Existing,095-10-09-02.43-3000,379359.74,1489254.65,3360.74,0,0, ,238.632361017,3360.75297567,522.671875,94.1239447454619
10096,,Existing,095-10-09-11.12-6200,379160.77,1488778.77,12011.09,0,0, ,479.828496926,12011.0967305,1867.9296875,189.345293418237
10097,,Existing,095-10-09-11.12-6000,379277.45,1488780.11,5514.07,0,0, ,368.523924255,5514.02042767,857.5234375,145.494650623327
10098,,Existing,095-10-09-11.12-6400,379233.45,1489013.87,1748.88,0,0, ,183.736271223,1748.86806763,272,72.497824590051
10099,,Existing,095-10-09-11.12-6500,379272.51,1489014.99,2353.14,0,0, ,271.962910652,2353.14943338,365.95703125,107.296233166674
10100,,Existing,095-10-09-02.43-2500,379567.34,1489212.1,26398.1,0,0, ,664.946596446,26398.1038135,4105.4765625,262.230692265508
10101,,Existing,095-10-09-11.12-6100,379231.71,1488809.65,1986.55,0,0, ,185.562686554,1986.55315283,308.94140625,73.2188194339814
10102,,Existing,095-11-09-36.31-4200,382631.15,1496434.95,2224.35,0,0, ,202.467669344,2224.34586543,346.1328125,79.8707000466361
10103,,Existing,095-11-09-36.31-3700,382954.23,1496131.57,1442.92,0,0, ,179.805360807,1442.9134423,224.52734375,70.9248172022055
10104,,Existing,095-11-09-36.31-300,382461.5,1496798.5,1188.51,0,0, ,145.083841783,1188.52052608,184.94921875,57.231060899596
10105,,Existing,095-11-09-36.31-4700,382545.78,1496881.61,243.88,0,0, ,62.547584645,243.878858749,37.95703125,24.6763602171915
10106,,Existing,095-11-09-36.31-4100,382635.4,1496317.71,3227.7,0,0, ,202.173059164,2085.86608482,324.58203125,79.7478156970571
10107,,Changed,095-11-09-36.32-200,382300.09,1497042.85,2283.44,1335.78,70.94, ,269.119381402,2283.42981522,355.3359375,106.178326996829
10108,,Existing,095-11-09-36.32-1900,382295.72,1496969.99,201.54,0,0, ,57.577979479,201.538943169,31.36328125,22.7210470467327
10109,,Existing,095-11-09-36.32-2000,382356.94,1496903.44,1013.04,0,0, ,128.450144195,1013.03994938,157.640625,50.6623555077999
10110,,Existing,095-11-09-36.31-200,382446.85,1496938.11,1517.99,0,0, ,160.880401825,1517.99294728,236.22265625,63.4353960880719
10111,,Existing,095-11-09-36.32-100,382378.51,1497054.13,1809.44,0,0, ,187.206832915,1809.43376712,281.5703125,73.8180043610657
10112,,Existing,095-11-09-36.31-100,382455.68,1497055.92,1792.7,0,0, ,194.74601501,1792.70326307,278.96875,76.7850327608681
10113,,Existing,095-11-09-36.31-4900,382636.02,1497040.44,2356.79,0,0, ,206.093504402,2356.78262189,366.75390625,81.3175697671006
10114,,Existing,095-11-09-36.31-4800,382633.22,1496947.74,2191.04,0,0, ,200.200468616,2191.04082998,340.9609375,78.976268248005
10115,,Existing,095-11-09-36.31-700,382779.65,1496947.8,1807.85,0,0, ,186.450155305,1807.84657219,281.33203125,73.5371563216363
10116,,Existing,095-11-09-36.31-600,382772.43,1497031.84,1466.8,0,0, ,181.587618418,1466.79445506,228.2578125,71.6408500251325
10117,,Existing,095-11-09-36.31-5100,383050.99,1497024.69,2383.52,0,0, ,195.91255298,2383.52048273,370.9140625,77.2965870937715
10118,,Existing,095-11-09-36.31-5000,382968.58,1496981.3,7379.74,0,0, ,444.877289014,7379.7213515,1148.3984375,175.654639554902
10119,,Existing,095-10-09-01.31-900,383591.19,1491120.92,2982.87,0,0, ,242.840354328,2982.86153094,463.97265625,95.8057925716076
10120,,Existing,095-10-09-01.31-1700,383344.34,1491115.56,2711.58,0,0, ,247.993820675,2711.57245396,421.76953125,97.8535376110943
10121,,Existing,095-10-09-01.31-2000,383181.32,1491113.69,2555.09,0,0, ,229.933263845,2555.0878352,397.4296875,90.7481221748637
10122,,Existing,095-10-09-01.31-2400,383062.3,1491119.64,2696.21,0,0, ,247.611709498,2696.22013703,419.3828125,97.6883853520576
10123,,Existing,095-10-09-01.31-2500,383064.99,1491018.55,2294.43,0,0, ,216.161210636,2294.42422304,356.8828125,85.3050969073715
10124,,Existing,095-10-09-01.31-1900,383191.55,1491013.68,2473.94,0,0, ,211.51442119,2473.94232436,384.8046875,83.4438651437525
10125,,Existing,095-10-09-01.31-1100,383450.41,1491015.34,1913.42,0,0, ,191.066266897,1913.42812401,297.62890625,75.3550389973852
10126,,Existing,095-10-09-01.31-3100,383612.16,1490947.15,158.08,0,0, ,51.2701422292,158.075944075,24.58203125,20.2125076807748
10127,,Existing,095-10-09-01.31-2600,383081.78,1490918.51,2927.94,0,0, ,253.234242502,2927.9441531,455.421875,99.8816850912639
10128,,Existing,095-10-09-01.31-2800,383230.15,1490878.08,2566.82,0,0, ,215.7964637,2566.83207409,399.25390625,85.0780316324568
10129,,Existing,095-10-09-01.31-3000,383399.01,1490905.46,2871.66,0,0, ,247.149679736,2871.66651433,446.66796875,97.4504205572525
10130,,Existing,095-10-09-01.31-3200,383533.83,1490782.39,2745.73,0,0, ,245.87704937,2745.71737322,427.078125,97.0005403447527
10131,,Existing,095-10-09-01.31-3600,383371.48,1490714.37,2227.3,0,0, ,211.28665632,2227.30765939,346.43359375,83.3116708791778
10132,,Existing,095-10-09-01.31-3600,383305.12,1490654.38,223.32,0,0, ,60.2088018353,223.321987223,34.73046875,23.7480029831367
10133,,Existing,095-10-09-01.34-200,383245.69,1490496.58,3114.11,0,0, ,255.618833958,3114.09696363,484.35546875,100.79073675674
10134,,Existing,095-10-09-01.31-3300,383553.65,1490697.47,2865.09,0,0, ,232.08423552,2865.08805558,445.62890625,91.5594663102311
10135,,Existing,095-10-09-01.34-100,383608.73,1490410.38,491.43,0,0, ,89.7196745307,491.435139586,76.43359375,35.3946134243702
10136,,Existing,095-10-09-01.31-3400,383544.42,1490605.12,2605.72,0,0, ,225.86073726,2605.72141004,405.296875,89.1073836125458
10137,,Existing,095-10-09-01.31-3500,383545.86,1490515.29,2612.35,0,0, ,225.40200459,2612.34049787,406.30859375,88.9350515186813
10138,,Existing,095-10-09-01.34-100,383547.74,1490421.02,2491.34,0,0, ,224.81918753,2491.3264925,387.48828125,88.6931429068357
10139,,Existing,095-10-09-01.31-1800,383320.13,1491014,2546.96,0,0, ,213.403766525,2546.96521152,396.1640625,84.1614353341375
10140,,Existing,095-10-09-01.31-1000,383616.8,1490974.82,410.25,0,0, ,86.8012629706,410.245499408,63.80859375,34.2213921272863
10141,,New,095-10-09-01.13-100,383595.86,1491956.42,1499.91,0,0, ,164.844051559,1499.90802472,233.31640625,65.0396902210763
10142,,Existing,095-10-09-01.31-100,383414.24,1491801.36,8564.39,0,0, ,401.875608283,8564.37750688,1332.21875,158.37678668428
10143,,Existing,095-10-09-01.31-100,383414.89,1491612.73,8421.45,0,0, ,399.620901818,8421.43374267,1309.96484375,157.485170101615
10144,,Changed,095-10-09-01.31-200,383084.41,1491483.73,2952.05,2759.51,6.98, ,251.295086712,2952.05504117,459.19140625,99.0621733074124
10145,,Changed,095-10-09-01.31-2200,383201.07,1491345.27,2906.79,2459.65,18.18, ,255.795587886,2906.78939091,452.1484375,100.895362231198
10146,,Existing,095-10-09-12.14-1801,386071.52,1486582.95,3127.96,0,0, ,271.867293206,3127.95285512,486.359375,107.176558500934
10147,,Changed,095-10-09-12.14-1805,386221.67,1486934.71,4468.12,4582.15,-2.49, ,354.187674375,4468.11819216,694.765625,139.655947663841
10148,,Existing,095-10-09-12.14-1806,386199.74,1487051.22,2498.71,0,0, ,252.075041851,2498.7078916,388.53515625,99.4179768174759
10149,,Existing,095-10-09-12.14-1807,386035.08,1487046.99,3300.73,0,0, ,244.026796343,3300.72678197,513.234375,96.2122707820719
10150,,Existing,095-10-09-12.14-1811,385911.45,1486859.78,3474.87,0,0, ,304.814260274,3474.85254213,540.3046875,120.159989311569
10151,,Changed,095-10-09-12.14-1809,386020.46,1486758.58,4151.82,3096.65,34.07, ,366.138501706,4151.81155662,645.578125,144.343197300094
10152,,Changed,095-10-09-12.14-1901,385587.73,1487046.91,3933.53,3751.36,4.86, ,267.025237871,3683.38376085,572.74609375,105.28919582167
10153,,Existing,095-10-09-12.14-1700,385864.47,1486568.68,2946.88,0,0, ,258.234324482,2946.88766606,458.20703125,101.83250937807
10154,,Existing,095-10-09-12.14-1802,386187.59,1486591.74,3340.87,0,0, ,292.346019651,3340.87159467,519.47265625,115.242110099785
10155,,Existing,095-10-09-12.14-1804,386209.64,1486826.87,4112.56,0,0, ,305.138396895,4112.55738205,639.47265625,120.318430994507
10156,,Existing,095-10-09-12.14-1813,385938.45,1487047.6,3316.04,0,0, ,259.481770819,3316.03416327,515.62890625,102.320463682136
10157,,Existing,095-10-09-12.14-1808,386039,1486852.47,3398.64,0,0, ,281.079799641,3398.63579736,528.46875,110.850045325417
10158,,Existing,095-10-09-12.14-200,385755.53,1486750.47,2481.81,0,0, ,238.550703987,2481.82361651,385.9140625,94.0773116984741
10159,,Existing,095-10-09-12.14-1600,385758.51,1486587.41,3293.5,0,0, ,271.08189427,3293.49536623,512.10546875,106.803105500958
10160,,Existing,095-10-09-12.14-1800,385972.5,1486567.96,4159.31,0,0, ,329.150168539,4159.3285511,646.7265625,129.766852363681
10161,,Existing,095-10-09-12.14-100,385850.19,1486743.21,3374.82,0,0, ,271.237028771,3374.81826831,524.7578125,106.910552485055
10162,,PossiblyChanged,095-10-09-12.00-100,385960.31,1487828.64,3133.12,0,0, ,274.530471389,3133.12414549,487.21484375,108.178779814851
10163,,Existing,095-10-09-12.00-100,385693.17,1487970.15,1851.42,0,0, ,181.483778466,1851.41520293,287.91015625,71.578542924533
10164,,Existing,095-10-09-12.00-100,385755.91,1488026.25,890.64,0,0, ,125.914022782,890.635387429,138.50390625,49.6806127294836
10165,,Existing,095-10-09-02.43-8200,379108.82,1489220.4,7333.15,0,0, ,492.629006993,7333.15898635,1140.46484375,194.367776827321
10166,,Existing,095-10-09-02.43-7400,379137.62,1489575.54,2492.32,0,0, ,242.779578642,2492.32994334,387.60546875,95.8147972536394
10167,,Existing,095-10-09-02.43-6800,379042.54,1489740.64,786.97,0,0, ,112.389851294,786.970661648,122.39453125,44.328369483461
10168,,Existing,095-10-09-02.43-10300,378999.4,1490169.74,391.62,0,0, ,84.7810166078,391.621996633,60.90234375,33.4555605840941
10169,,Existing,095-10-09-02.43-6900,379131.77,1489829.04,1960.73,0,0, ,190.475206567,1960.73542128,304.94921875,75.1627398284912
10170,,Existing,095-10-09-02.43-6600,379191.73,1489952.03,2272.76,0,0, ,215.811817967,2272.75844322,353.484375,85.0642958885061
10171,,Existing,095-10-09-02.43-6400,379131.52,1490076.09,2024.43,0,0, ,209.835103432,2024.42777287,314.86328125,82.6949080906854
10172,,Existing,095-10-09-02.43-1000,379500.45,1489851.23,1917.35,0,0, ,176.401751736,1917.34645328,298.20703125,69.5677537890432
10173,,Existing,095-10-09-02.43-4100,379365.96,1489968.08,1785.82,0,0, ,188.466165989,1785.80905815,277.7421875,74.3817816277668
10174,,Existing,095-10-09-02.43-4200,379401.99,1489977.54,2595.97,0,0, ,218.998153492,2595.97668066,403.75390625,86.4234957093544
10175,,Existing,095-10-09-02.43-4300,379441.58,1489974.37,2023.21,0,0, ,221.629458227,2023.22496492,314.6640625,87.469569381309
10176,,Existing,095-10-09-02.43-4201,379392.15,1490062.23,634.92,0,0, ,101.50997778,634.915914017,98.74609375,40.0427172750658
10177,,Existing,095-10-09-02.43-4100,379372.35,1490057.34,414.32,0,0, ,84.2846083269,414.314666441,64.44140625,33.2571458317104
10178,,PossiblyChanged,095-10-09-02.43-3900,379322.92,1490025.36,1704.79,0,0, ,170.643076693,1704.78339914,265.14453125,67.2791023783345
10179,,Existing,095-10-09-02.43-700,379591.28,1490250.38,2479.92,0,0, ,232.59153912,2479.92935003,385.71484375,91.69762062574
10180,,Existing,095-10-09-02.44-11800,379755.55,1490252.8,1928.56,0,0, ,197.826067432,1928.57105019,299.95703125,77.9791061043875
10181,,Existing,095-10-09-02.44-13000,379768.63,1489832.31,5309.44,0,0, ,339.620738698,5309.44179095,825.78125,133.917005788185
10182,,Existing,095-10-09-02.44-14800,379745.17,1489678.14,1178.98,0,0, ,141.488284033,1178.99327,183.36328125,55.7718488742348
10183,,Existing,095-10-09-02.43-5500,379171.44,1490343.16,1520.75,0,0, ,168.887572749,1520.74829384,236.52734375,66.6308539971852
10184,,Existing,095-10-09-02.43-7300,379203.63,1489573.7,2325.04,0,0, ,242.070142622,2325.04459091,361.59765625,95.4879750851252
10185,,New,095-10-09-02.43-7300,379168.8,1489637.69,159.95,0,0, ,51.7680372371,159.954314333,24.8828125,20.4244726419182
10186,,Existing,095-10-09-02.43-6700,379049.16,1489822.39,2320.85,0,0, ,252.757371569,2320.87483677,360.9765625,99.7159990369591
10187,,Existing,095-10-09-02.43-6800,379089.9,1489837.02,1742.69,0,0, ,183.767257435,1742.69058312,271.05078125,72.5002019680418
10188,,Existing,095-10-09-02.43-7001,379193.59,1489838.89,1738.59,0,0, ,181.790328677,1738.59042146,270.40234375,71.6999574664745
10189,,Existing,095-10-09-02.43-3500,379581.06,1489607,19094.99,0,0, ,681.155564474,19094.9980979,2969.7890625,268.622550002323
10190,,Existing,095-10-09-02.44-14600,379800.63,1489599.42,22291.35,0,0, ,743.437277687,22291.297163,3466.87890625,293.244934366741
10191,,Existing,095-10-09-02.43-900,379592.1,1490033.75,12000.18,0,0, ,545.955185299,12000.180088,1866.4140625,215.390867144667
10192,,Existing,095-10-09-02.43-4400,379332.35,1490131.28,2201.16,0,0, ,218.796214675,2201.15654458,342.35546875,86.2312099152658
10193,,Existing,095-10-09-02.43-6000,379187.14,1490227.66,3518.22,0,0, ,288.39146616,3518.2281298,547.2109375,113.73743049005
10194,,Existing,095-10-09-02.43-6500,379069.16,1489975.57,398.26,0,0, ,92.6780167887,398.26287429,61.94921875,36.5174401957872
10195,,Existing,095-10-09-02.43-10000,378988.96,1489977.06,2199.71,0,0, ,223.588924052,2199.70906561,342.12109375,88.2278459140207
10196,,Changed,095-10-09-02.43-10100,378947.04,1490065.49,307.25,586.87,-47.65, ,73.5979764411,307.246746435,47.7890625,29.0430633349818
10197,,Existing,095-10-09-02.43-6300,379103.18,1490121.74,1935.18,0,0, ,213.882510049,1935.18168158,300.9921875,84.3143608829673
10198,,Existing,095-10-09-02.43-6200,379082.42,1490152.84,1548.18,0,0, ,168.60365977,1548.18249512,240.796875,66.4899767910287
10199,,Existing,095-10-09-02.43-9200,379006.75,1489616.57,406.59,0,0, ,81.2837054107,406.586599897,63.23828125,32.0638232039418
10200,,Existing,095-10-09-02.43-7600,379050.6,1489587,2610.81,0,0, ,236.791027055,2610.80824406,406.046875,93.4649853054439
10201,,Existing,095-10-09-02.43-3500,379430.8,1489580.17,2732.12,0,0, ,249.51540572,2732.1341481,424.91796875,98.3594696743409
10202,,Existing,095-10-09-02.43-9800,378956.41,1489722.95,476.18,0,0, ,87.33547171,476.183468763,74.0625,34.444455774678
10203,,Existing,095-10-09-02.43-10000,378995.94,1490081.52,462.33,0,0, ,86.0082291629,462.328632679,71.90625,33.9193336182732
10204,,Existing,095-10-09-02.43-6400,379039.34,1490080.89,489.65,0,0, ,88.5165606662,489.643396432,76.15625,34.9096214100638
10205,,Existing,095-10-09-02.43-6600,379048.72,1489957.18,661.61,0,0, ,104.26901793,661.609576916,102.8984375,41.107657522482
10206,,Existing,095-10-09-02.43-9900,378992.2,1489731.21,829.59,0,0, ,115.839663334,829.585982505,129.0234375,45.6742818970991
10207,,Existing,095-10-09-02.43-9300,378955.05,1489653.13,943.97,0,0, ,123.570402643,943.966900404,146.81640625,48.7427101544489
10208,,Existing,095-10-09-02.43-7400,379139.78,1489664.77,989.33,0,0, ,131.167122052,989.329092608,153.859375,51.7150387419633
10209,,Existing,095-10-09-02.43-6900,379131.26,1489730.18,702.54,0,0, ,107.408795039,702.541568815,109.265625,42.3453059702284
10210,,Existing,095-10-09-02.43-6500,379181.14,1489988.94,2582.46,0,0, ,285.24833751,2582.4639283,401.640625,112.443714239074
10211,,Existing,095-10-09-02.43-6410,379176.29,1490028.75,1951.37,0,0, ,191.384603396,1951.3702334,303.4921875,75.4385741655262
10212,,Existing,095-10-09-02.43-4300,379440.41,1490081.92,876.55,0,0, ,121.587027162,876.541625131,136.33203125,47.9292445036576
10213,,Existing,095-10-09-02.43-600,379490.03,1490199.8,407.75,0,0, ,82.3947894061,407.745349072,63.4140625,32.4818289259141
10214,,Existing,095-10-09-02.43-600,379491.02,1490244.61,1736.54,0,0, ,194.757906354,1736.53820343,270.0859375,76.8252825851415
10215,,Existing,095-10-09-02.43-700,379543.13,1490254.66,449.78,0,0, ,86.5936366087,449.781129371,69.95703125,34.1645293214564
10216,,PossiblyChanged,095-10-09-02.43-5800,379025.06,1490394.15,1560.35,0,0, ,182.918256522,1560.35106767,242.69140625,72.1471159633964
10217,,Existing,095-10-09-02.42-7800,378983.6,1490756.2,1872.17,0,0, ,213.108078514,1872.1867715,291.203125,84.02666324036
10218,,Existing,095-10-09-02.42-6300,379165.82,1490992.54,1920,0,0, ,185.53695847,1919.99591361,298.640625,73.2212712274546
10219,,Changed,095-10-09-02.42-3200,379352.3,1491005.52,1911.96,1610.47,18.72, ,187.31371197,1911.9685888,297.3984375,73.9177509922617
10220,,Unknown,095-10-09-02.42-6300,379193.84,1490935.43,151.56,0,0, ,49.514336668,151.558406259,23.578125,19.5238516807164
10221,,Unknown,095-10-09-02.42-6200,379241.17,1490937.53,165.2,0,0, ,51.4120718286,165.197807441,25.6953125,20.2765534304698
10222,,Existing,095-10-09-02.42-6500,379182.12,1490760.38,2142.49,0,0, ,214.421370591,2142.49022585,333.2421875,84.5730392546077
10223,,Changed,095-10-09-02.42-6600,379249.79,1490775.22,2073.91,1104.99,87.69, ,219.692802937,2073.92819768,322.58203125,86.7347024300312
10224,,Existing,095-10-09-02.42-2600,379305.97,1490805.33,364.62,0,0, ,79.9883539826,364.61791833,56.71484375,31.5608259526811
10225,,Existing,095-10-09-02.42-2600,379318.79,1490744.63,1656.32,0,0, ,176.277891809,1656.31918497,257.6171875,69.5315464800266
10226,,Existing,095-10-09-02.42-2700,379358.06,1490740.11,1207.75,0,0, ,162.277819062,1207.74484807,187.85546875,64.0312227465685
10227,,Existing,095-10-09-02.42-2800,379381.13,1490781.58,325.56,0,0, ,76.5492984359,325.55673173,50.64453125,30.21032529226
10228,,Existing,095-10-09-02.42-2800,379398.3,1490744,1758.49,0,0, ,184.384454341,1758.48592568,273.515625,72.7654662207048
10229,,Existing,095-10-09-02.43-5500,379158.27,1490375.7,191.98,0,0, ,55.4279905482,191.979575185,29.859375,21.8603708856233
10230,,Existing,095-10-09-02.42-6800,379215.2,1490610.12,2417.67,0,0, ,255.897037283,2417.66847841,376.03125,101.005986643676
10231,,Existing,095-10-09-02.42-2500,379311.6,1490624.44,1982.92,0,0, ,256.819441131,1982.91286938,308.42578125,101.353121187723
10232,,PossiblyChanged,095-10-09-02.42-1800,379589.04,1490830.92,1543.59,0,0, ,172.983864899,1543.59224558,240.09765625,68.1810684311079
10233,,Existing,095-10-09-02.43-300,379589.36,1490381.34,1988.25,0,0, ,216.169555861,1988.23564716,309.2421875,85.1923251913648
10234,,Existing,095-10-09-02.43-200,379499.94,1490420.48,693.2,0,0, ,110.54364087,693.194790443,107.82421875,43.5879577250443
10235,,PossiblyChanged,095-10-09-02.44-11600,379743.56,1490425.05,2541.98,0,0, ,232.289323617,2541.98517518,395.375,91.5691009786784
10236,,Existing,095-10-09-02.41-13400,379747.49,1490517.96,2251.04,0,0, ,209.25232905,2251.03282019,350.12890625,82.4865650273966
10237,,Changed,095-10-09-02.41-13500,379744.39,1490565.06,1880.23,1720.87,9.26, ,192.117041479,1880.2413917,292.453125,75.7194237462041
10238,,Existing,095-10-09-02.41-14000,379750.33,1490851.9,2402.82,0,0, ,231.146918627,2402.81978584,373.73046875,91.1160763293195
10239,,Existing,095-10-09-02.42-7300,379005.95,1490557.62,1579.73,0,0, ,184.654253238,1579.73262626,245.70703125,72.7910922726404
10240,,Existing,095-10-09-02.42-7000,379137.04,1490619.66,1952.81,0,0, ,199.194593673,1952.80774579,303.734375,78.6014877656054
10241,,Existing,095-10-09-02.42-6900,379177.1,1490630.33,1801.46,0,0, ,188.541678949,1801.44828474,280.1875,74.3988532594913
10242,,Existing,095-10-09-02.43-5400,379208.3,1490350.95,1363.06,0,0, ,165.98218573,1363.05378464,212.0078125,65.4831056687242
10243,,Existing,095-10-09-02.43-5300,379252.88,1490370.11,2156.58,0,0, ,257.170741632,2156.56615061,335.41796875,101.484197827615
10244,,Existing,095-10-09-02.43-5100,379359.55,1490361.03,1731.5,0,0, ,197.7320319,1731.49846338,269.31640625,78.0195287533422
10245,,Existing,095-10-09-02.43-5200,379318.28,1490357.03,2041.63,0,0, ,195.247930563,2041.62506251,317.55078125,77.0443157851978
10246,,Changed,095-10-09-02.42-2200,379544.96,1490599.21,13641.81,11487.95,18.75, ,524.016600948,13641.8077429,2121.84765625,206.623574292528
10247,,Existing,095-10-09-02.42-2300,379596.94,1490519.77,2050.32,0,0, ,196.469288592,2050.33569365,318.89453125,77.4546464173957
10248,,Existing,095-10-09-02.42-2300,379545.99,1490506.6,529.12,0,0, ,95.6672548069,529.12284423,82.296875,37.708785035275
10249,,Existing,095-10-09-02.43-200,379598.03,1490422.73,1929.11,0,0, ,202.210675562,1929.10383258,300.046875,79.7114392979509
10250,,Existing,095-10-09-02.43-400,379587.88,1490343.24,2133.63,0,0, ,251.911447831,2133.62614196,331.84765625,99.3183162284261
10251,,Existing,095-10-09-02.41-13700,379749.17,1490646.74,2565.46,0,0, ,259.521899563,2565.46009725,399.03515625,102.31688238437
10252,,Existing,095-10-09-02.41-13900,379751.33,1490780.55,2350.96,0,0, ,252.325123421,2350.97142233,365.6640625,99.4856718817522
10253,,Existing,095-10-09-02.41-14100,379748.69,1490910.98,2036.79,0,0, ,200.85300884,2036.77144148,316.796875,79.172927361113
10254,,Existing,095-10-09-02.41-14200,379753.88,1490950.65,2198.9,0,0, ,227.206629056,2198.90029919,342.03125,89.5310364099791
10255,,Existing,095-10-09-02.41-14300,379743.33,1490990.08,2144.96,0,0, ,204.615838258,2144.96603617,333.63671875,80.6756735100944
10256,,PossiblyChanged,095-10-09-02.42-1490,379578.1,1491020.74,2344.92,0,0, ,230.000070739,2344.92601525,364.7421875,90.6496715834113
10257,,Existing,095-10-09-02.42-6300,379193.23,1490954.18,223.93,0,0, ,60.5063837229,223.931618249,34.828125,23.8561123543505
10258,,Existing,095-10-09-02.42-6000,379253.09,1491133.49,2010.53,0,0, ,213.807285604,2010.53561119,312.734375,84.336983862562
10259,,PossiblyChanged,095-10-09-02.42-3500,379352.23,1491131,1854.73,0,0, ,190.563393167,1854.72751172,288.48828125,75.1909896806502
10260,,New,095-10-09-02.42-2200,379400.36,1490585.3,12436.21,0,0, ,541.261906924,12436.2107026,1934.31640625,213.550023632749
10261,,Existing,095-10-09-02.42-5900,379190.88,1491139.04,1922.33,0,0, ,216.442663483,1922.32437209,299.015625,85.4263943429073
10262,,Existing,095-10-09-02.42-3400,379308.89,1491133.91,1324.05,0,0, ,166.427251333,1324.05669458,205.953125,65.6878796958806
10263,,Existing,095-10-09-02.41-14500,379749.13,1491118.43,2082.99,0,0, ,227.421974859,2082.98814636,323.9921875,89.6598147958396
10264,,Changed,095-10-09-02.41-14600,379744.77,1491159.68,2181.28,2248.28,-2.98, ,213.405811493,2181.28636535,339.30078125,84.1049325635494
10265,,Existing,095-10-09-02.42-8200,378988.66,1490902.05,1625.15,0,0, ,174.674324586,1625.15347955,252.77734375,68.8364427565043
10266,,Existing,095-10-09-02.42-8000,379038.7,1490836.55,1562.12,0,0, ,161.033638736,1562.11781102,242.9765625,63.4975687118523
10267,,Existing,095-10-09-02.42-8100,379055.33,1490986.68,1274.25,0,0, ,155.784625715,1274.25088652,198.19921875,61.4323135012104
10268,,Existing,095-10-09-02.42-8200,378982.83,1490996.75,2588.69,0,0, ,218.799558531,2588.68743228,402.6484375,86.3379688824317
10269,,Existing,095-10-09-02.42-7500,378988.41,1490520.05,959.24,0,0, ,141.864516761,959.227401832,149.19921875,55.933244211669
10270,,Existing,095-10-09-02.43-5900,379071.33,1490496.86,389.79,0,0, ,79.1219237604,389.784602324,60.62890625,31.2057147268878
10271,,Existing,095-10-09-02.43-5800,379067.56,1490452.09,720.02,0,0, ,108.203436405,720.021825145,111.9921875,42.6759776627543
10272,,Existing,095-10-09-02.43-5900,379009.68,1490467.17,1431.62,0,0, ,165.945523181,1431.61870151,222.66796875,65.449600453269
10273,,Existing,095-10-09-02.42-7900,379009.72,1490796.09,1798.36,0,0, ,187.249190477,1798.35815342,279.71875,73.8344322608587
10274,,Existing,095-10-09-02.42-6100,379273.94,1491005.9,1788.98,0,0, ,189.576134335,1788.99420662,278.26953125,74.7958175304032
10275,,Existing,095-10-09-02.42-3300,379310.2,1491009.37,1325.09,0,0, ,172.725353172,1325.0965106,206.1171875,68.1563034893221
10276,,Existing,095-10-09-02.42-3100,379390.21,1491004.21,1654.85,0,0, ,197.320286676,1654.85847924,257.40234375,77.8714280146498
10277,,Existing,095-10-09-02.42-3000,379433.91,1491000.78,1699.08,0,0, ,195.419003402,1699.07124734,264.27734375,77.1125679655988
10278,,Existing,095-10-09-02.42-3000,379431.58,1490935.62,934.13,0,0, ,126.010246672,934.125814095,145.296875,49.7213899362268
10279,,Existing,095-10-09-02.42-1490,379485.99,1490996.13,746.96,0,0, ,111.53003205,746.962392335,116.1796875,43.968902847734
10280,,Existing,095-10-09-02.42-6200,379239.34,1490908.68,609.67,0,0, ,99.1911323459,609.674040118,94.828125,39.1272126188724
10281,,Existing,095-10-09-02.42-6100,379266.24,1490909.03,463.54,0,0, ,87.4501095822,463.537753421,72.1015625,34.5014491259691
10282,,Existing,095-10-09-02.42-3300,379313.57,1490904.15,408.36,0,0, ,80.8397333398,408.359933691,63.51171875,31.8832390900412
10283,,Existing,095-10-09-02.42-3200,379343.21,1490910.17,341.55,0,0, ,75.9644149989,341.550169672,53.125,29.9734385016138
10284,,Existing,095-10-09-02.42-6500,379198.96,1490861.67,642.76,0,0, ,104.36634173,642.761772258,99.9765625,41.1413528247942
10285,,Existing,095-10-09-02.42-6400,379145.05,1490842.67,418.17,0,0, ,82.3758700033,418.169218266,65.04296875,32.4958277795626
10286,,Existing,095-10-09-02.42-2700,379347.87,1490849.43,346.29,0,0, ,76.2720236229,346.29350464,53.8671875,30.0940066007978
10287,,Existing,095-10-09-02.43-5400,379220.99,1490462.94,464.02,0,0, ,86.6513083226,464.017416061,72.17578125,34.181043363107
10288,,Existing,095-10-09-02.43-5300,379252.97,1490457.9,953.43,0,0, ,125.288501983,953.424214135,148.29296875,49.428265540897
10289,,Existing,095-10-09-02.43-5200,379318.35,1490457.57,906.78,0,0, ,121.756660924,906.776366288,141.03515625,48.0328043203672
10290,,Existing,095-10-09-02.43-5100,379357.38,1490451.75,716.93,0,0, ,112.613202333,716.92702222,111.51171875,44.4092447962485
10291,,Existing,095-10-09-02.42-6800,379230.5,1490523.8,392.66,0,0, ,79.262646653,392.6604391,61.078125,31.2598919203199
10292,,Existing,095-10-09-02.42-6900,379181.69,1490534.65,947.88,0,0, ,127.421863744,947.872642334,147.42578125,50.2429897455177
10293,,Existing,095-10-09-02.42-7000,379143.79,1490520.32,789.34,0,0, ,112.382569312,789.343486237,122.77734375,44.3213661370703
10294,,Existing,095-10-09-02.43-5600,379137.98,1490458.77,593.81,0,0, ,97.7779284198,593.807504458,92.359375,38.5680324364907
10295,,Existing,095-10-09-02.43-5700,379111.22,1490468.4,564.64,0,0, ,95.1098424292,564.638716484,87.8203125,37.5115253756158
10296,,Existing,095-10-09-02.42-7100,379091.89,1490638.55,726.25,0,0, ,107.802277841,726.25274936,112.9609375,42.5165368219421
10297,,Existing,095-10-09-02.42-6700,379258.64,1490614.89,2046.59,0,0, ,246.176212886,2046.59202383,318.32421875,97.1459482051946
10298,,Existing,095-10-09-02.42-2900,379434.44,1490749.1,1449.46,0,0, ,156.404602182,1449.46282126,225.453125,61.7002660376094
10299,,Existing,095-10-09-02.42-2000,379494.14,1490733.96,1411.29,0,0, ,172.256465756,1411.28749657,219.51171875,67.9502964432668
10300,,Existing,095-10-09-02.42-2100,379530.47,1490737.97,494.45,0,0, ,92.4304819835,494.442993482,76.90625,36.4486507935848
10301,,Existing,095-10-09-02.42-2100,379592.21,1490732.45,2438.34,0,0, ,217.668404929,2438.34388382,379.26171875,85.8030753448088
10302,,Existing,095-10-09-02.42-1900,379598.12,1490774.25,1959.38,0,0, ,204.350294719,1959.3864437,304.765625,80.5524860777244
10303,,Existing,095-10-09-02.42-1700,379572.62,1490859.61,2450.13,0,0, ,254.041114364,2450.12803587,381.09375,100.064683577114
10304,,Existing,095-10-09-02.42-1600,379586.15,1490904.73,2256.96,0,0, ,221.395901647,2256.95875534,351.05859375,87.2499416483944
10305,,Existing,095-10-09-02.42-1500,379592.08,1490959.72,2425.44,0,0, ,230.819469685,2425.4450196,377.2734375,91.0198296539844
10306,,Existing,095-10-09-02.42-1800,379488,1490801.75,379.95,0,0, ,78.7538343362,379.949599079,59.1015625,31.0507548980669
10307,,Existing,095-10-09-02.42-2900,379434.46,1490850.82,884.84,0,0, ,146.330449,884.848506798,137.625,57.7134376641038
10308,,Existing,095-10-09-02.42-2300,379487.36,1490519.46,889.73,0,0, ,119.697923332,889.722762206,138.390625,47.2144924505355
10309,,Existing,095-10-09-02.43-500,379500.83,1490342.2,990.32,0,0, ,126.248455626,990.320262754,154.02734375,49.7822870590026
10310,,Existing,095-10-09-02.43-300,379513.72,1490392.47,166.43,0,0, ,51.7799158591,166.436711879,25.890625,20.4236209693449
10311,,Existing,095-10-09-02.44-11700,379761.56,1490381.28,2206.06,0,0, ,206.495858713,2206.05413195,343.11328125,81.426017593716
10312,,Existing,095-10-09-02.44-11500,379747.16,1490466.07,2092.73,0,0, ,191.297481051,2092.72295306,325.4921875,75.4145251249573
10313,,Existing,095-10-09-02.41-13800,379755.24,1490733.44,1538.37,0,0, ,182.138172393,1538.36958575,239.2734375,71.7976756300172
10314,,Existing,095-10-09-02.42-7200,379030.63,1490593.72,1576.17,0,0, ,173.42263799,1576.17615178,245.16015625,68.3717829949289
10315,,Existing,095-10-09-02.42-7100,379042.83,1490633.08,1167.85,0,0, ,140.478783353,1167.84773145,181.64453125,55.395997222548
10316,,Existing,095-10-09-02.41-13600,379745.19,1490604.47,1962.38,0,0, ,192.394700526,1962.37385251,305.22265625,75.8367710731319
10317,,Existing,095-10-09-02.42-6200,379231.79,1491002.13,1627.04,0,0, ,186.406228891,1627.05044597,253.078125,73.5553643856936
10318,,Existing,095-10-09-02.42-6600,379265.69,1490850.7,838.9,0,0, ,116.318960703,838.894609349,130.484375,45.8829393000171
10319,,Existing,095-10-09-02.42-5800,379149.28,1491137.05,2066.52,0,0, ,237.647783734,2066.52139857,321.44140625,93.7941895934865
10320,,PossiblyChanged,095-10-09-02.43-5700,379070.97,1490376.22,2030.78,0,0, ,220.439026018,2030.77992493,315.8515625,86.9447945968234
10321,,Existing,095-10-09-02.42-6400,379118.46,1490750.18,2583.04,0,0, ,225.815458948,2583.0282267,401.765625,89.0955821707062
10322,,PossiblyChanged,095-10-09-02.43-5600,379126.3,1490362.57,2286.55,0,0, ,235.392759641,2286.53963254,355.63671875,92.9184883102387
10323,,Existing,095-10-09-02.42-1200,379509.32,1491265.59,292.87,0,0, ,68.4747893632,292.874861466,45.55078125,27.0047829915409
10324,,New,095-10-09-02.42-3400,379316.23,1491179.94,560.65,0,0, ,95.1305758478,560.642836918,87.20703125,37.5118209583227
10325,,Existing,095-10-09-02.42-9000,378996.76,1491536.66,445.36,0,0, ,85.2992744724,445.352821059,69.2734375,33.6516818671373
10326,,Existing,095-10-09-02.42-9400,379020.11,1491655,552.55,0,0, ,94.8856524333,552.556624776,85.953125,37.4129052034093
10327,,Existing,095-10-09-02.42-600,379588.68,1491508.43,1953.53,0,0, ,197.089176386,1953.53396722,303.87109375,77.6959144140124
10328,,PossiblyChanged,095-10-09-02.42-601,379596.68,1491546.4,1196.13,0,0, ,173.189286157,1196.14505173,186.0625,68.2642481349731
10329,,Existing,095-10-09-02.13-11600,379028.51,1491970.4,712.07,0,0, ,126.630942452,712.068559668,110.76171875,49.9438529215426
10330,,PossiblyChanged,095-10-09-02.13-13200,379209.8,1491853.18,1827.92,0,0, ,193.908557334,1827.91254162,284.33203125,76.5149185835256
10331,,Existing,095-10-09-02.13-12600,379584.99,1491847.49,1769.7,0,0, ,182.673045299,1769.68858047,275.2734375,72.0169059625774
10332,,Existing,095-10-09-02.13-12400,379535.92,1491966.75,826.55,0,0, ,115.200824529,826.549398067,128.5703125,45.441268259013
10333,,PossiblyChanged,095-10-09-02.41-15000,379734.96,1491315.48,1716.08,0,0, ,176.674185194,1716.08163006,266.93359375,69.6526859807779
10334,,Changed,095-10-09-02.13-11400,378946.19,1492001.6,2792.83,2773.6,0.69, ,251.190930482,2792.8037187,434.42578125,99.1587851887158
10335,,Existing,095-10-09-02.13-12400,379583.94,1491967.46,1713.34,0,0, ,175.375823572,1713.33659971,266.51953125,69.1324673154222
10336,,PossiblyChanged,095-10-09-02.13-13300,379153.96,1491856.51,1989.29,0,0, ,199.822825053,1989.28942852,309.44140625,78.853433020796
10337,,Changed,095-10-09-02.13-13500,378970.61,1491848.32,2029.15,1577.62,28.62, ,209.182012345,2029.16503215,315.64453125,82.507239087535
10338,,Changed,095-10-09-02.42-9500,378986.72,1491699.94,2494.7,2107.8,18.36, ,247.980399252,2494.70184825,388.05859375,97.8896959294672
10339,,Existing,095-10-09-02.42-9400,379023.78,1491716.37,1562.42,0,0, ,172.429170775,1562.41719999,243.046875,68.0207942665061
10340,,Existing,095-10-09-02.42-4700,379253.46,1491722.08,1546.9,0,0, ,175.090211655,1546.89138098,240.625,69.0993065558644
10341,,PossiblyChanged,095-10-09-02.42-4300,379433.11,1491730.79,1339.23,0,0, ,155.814573551,1339.22766835,208.3203125,61.4880672866537
10342,,PossiblyChanged,095-10-09-02.42-200,379497.76,1491736.16,1832.9,0,0, ,239.127510214,1832.89942789,285.12109375,94.2979101872216
10343,,Changed,095-10-09-02.42-500,379578.69,1491597.1,1912.94,903.25,111.78, ,227.539972936,1912.93226411,297.5625,89.6263570620178
10344,,PossiblyChanged,095-10-09-02.42-5000,379150.32,1491461.81,2197.4,0,0, ,205.792411273,2197.38794797,341.8046875,81.2249560939906
10345,,Existing,095-10-09-02.42-5100,379192.38,1491463.9,1984.91,0,0, ,212.357106605,1984.90540066,308.73828125,83.8081348632264
10346,,PossiblyChanged,095-10-09-02.42-4100,379386.25,1491468.33,1874.09,0,0, ,213.644324019,1874.07741948,291.51171875,84.3451651837991
10347,,Existing,095-10-09-02.42-5700,379171.78,1491228.48,1167.83,0,0, ,141.319507238,1167.83778958,181.6484375,55.7198470052634
10348,,Existing,095-10-09-02.13-13400,379063.03,1491852.83,1968.62,0,0, ,197.984782463,1968.63154769,306.2265625,78.127879617264
10349,,Existing,095-10-09-02.13-13400,379064.69,1491917.5,864.3,0,0, ,118.160021559,864.307766676,134.44921875,46.5938646468323
10350,,Existing,095-10-09-02.13-11700,379057.01,1491954.36,523.29,0,0, ,91.7400501933,523.283269779,81.3984375,36.1775504858265
10351,,Existing,095-10-09-02.13-11500,378990.43,1491963.71,865.97,0,0, ,117.860430834,865.965604417,134.70703125,46.4800960848405
10352,,Existing,095-10-09-02.13-13000,379304.5,1491860.66,2200.02,0,0, ,197.594556476,2200.01151141,342.22265625,77.981272009771
10353,,Existing,095-10-09-02.13-12900,379348.28,1491850.3,1359.2,0,0, ,153.003093298,1359.19214699,211.4296875,60.3773507048866
10354,,Existing,095-10-09-02.13-12800,379388.23,1491858.49,1479.99,0,0, ,164.318358279,1479.99220667,230.21484375,64.8423163630709
10355,,Existing,095-10-09-02.13-12600,379482.26,1491851.23,857.25,0,0, ,118.795909985,857.250246415,133.34765625,46.837779241659
10356,,Existing,095-10-09-02.13-12500,379501.66,1491884.84,860.28,0,0, ,117.73851633,860.276986732,133.8203125,46.4444429471172
10357,,Existing,095-10-09-02.13-12500,379591.08,1491889.41,1490.31,0,0, ,166.848438759,1490.30744124,231.82421875,65.7805922119621
10358,,Existing,095-10-09-02.13-12100,379425.65,1491971.51,1081.91,0,0, ,143.845726601,1081.90668407,168.29296875,56.735785390812
10359,,Existing,095-10-09-02.13-12000,379346.55,1491961.03,755.22,0,0, ,113.074968333,755.218724357,117.48046875,44.5764439450639
10360,,Existing,095-10-09-02.13-12700,379423.37,1491919.1,408.96,0,0, ,82.2782975885,408.968441467,63.62109375,32.439042418127
10361,,Existing,095-10-09-02.13-12800,379380.01,1491920.26,488.59,0,0, ,89.3953436631,488.583123211,76,35.2684332334085
10362,,Existing,095-10-09-02.13-12900,379355.46,1491924.49,571.38,0,0, ,95.8515366933,571.38881802,88.87890625,37.8096695804474
10363,,Existing,095-10-09-02.13-13200,379218.15,1491923.79,420.93,0,0, ,82.0779783832,420.928270727,65.4765625,32.3708658218825
10364,,Existing,095-10-09-02.13-13300,379146.29,1491919.66,912.54,0,0, ,121.839012211,912.540573294,141.94921875,48.0415237390235
10365,,Existing,095-10-09-02.13-11800,379185.02,1491958.52,972.46,0,0, ,135.065486805,972.453609934,151.265625,53.2354909424562
10366,,Existing,095-10-09-02.41-14700,379737.57,1491196.43,1745.66,0,0, ,186.265614985,1745.64989904,271.52734375,73.4256222821196
10367,,Existing,095-10-09-02.41-14800,379751.05,1491241.97,1761.07,0,0, ,193.154445252,1761.07284338,273.921875,76.1280129203269
10368,,Existing,095-10-09-02.41-14900,379744.41,1491276.66,1952.13,0,0, ,190.865759991,1952.11649752,303.63671875,75.2446509732326
10369,,Existing,095-10-09-02.41-15100,379732.05,1491356.08,1785.62,0,0, ,179.055707078,1785.62696771,277.75390625,70.6006245174754
10370,,Existing,095-10-09-02.41-15600,379732.84,1491686.82,2236.47,0,0, ,212.183037796,2236.4662269,347.8828125,83.6646480288015
10371,,Existing,095-10-09-02.41-15700,379725.42,1491727.16,1049.92,0,0, ,150.820673457,1049.91639066,163.3203125,59.4556579937944
10372,,Existing,095-10-09-02.14-10500,379731.4,1491853.82,1961.21,0,0, ,190.900078314,1961.21599618,305.07421875,75.2507588234921
10373,,Existing,095-10-09-02.14-10800,379723.1,1491972.4,1481.13,0,0, ,168.433456764,1481.12704759,230.39453125,66.3977960286445
10374,,Existing,095-10-09-02.42-9000,378983.66,1491439.59,1049.48,0,0, ,140.896198754,1049.47582175,163.2421875,55.5974422263874
10375,,Existing,095-10-09-02.13-12700,379427.2,1491855.4,1908.09,0,0, ,188.510264394,1908.09324442,296.8046875,74.3896844453189
10376,,Existing,095-10-09-02.13-13000,379301.66,1491917.52,872.32,0,0, ,118.54858017,872.315053852,135.69140625,46.7483522942816
10377,,Existing,095-10-09-02.13-13100,379248.91,1491867.96,2809.32,0,0, ,252.687143764,2809.31712844,437,99.743891595439
10378,,Existing,095-10-09-02.42-4900,379151.5,1491718.87,1746.87,0,0, ,177.533983674,1746.86966363,271.72265625,70.0564633799129
10379,,Existing,095-10-09-02.42-4800,379199.27,1491722.23,1624.41,0,0, ,172.450724623,1624.3953519,252.68359375,68.052649514381
10380,,Existing,095-10-09-02.42-4600,379308.02,1491724.92,1821.02,0,0, ,189.510913077,1821.018249,283.265625,74.7911058368412
10381,,Existing,095-10-09-02.42-4500,379349.04,1491717.73,1818.15,0,0, ,189.317740534,1818.14330942,282.81640625,74.7079900887443
10382,,Existing,095-10-09-02.42-300,379489.08,1491701.66,597.59,0,0, ,98.1602285423,597.585815039,92.94921875,38.7077304836126
10383,,Existing,095-10-09-02.42-100,379585.94,1491745.12,1646.36,0,0, ,176.35104092,1646.36485296,256.10546875,69.525118797959
10384,,Existing,095-10-09-02.42-400,379565.8,1491649.81,1945.61,0,0, ,206.479734055,1945.60799059,302.6484375,81.3870444197281
10385,,Existing,095-10-09-02.42-400,379490.25,1491626.2,1196.58,0,0, ,146.32148355,1196.57888823,186.12890625,57.6715353026278
10386,,Existing,095-10-09-02.42-4500,379348.54,1491602.43,984.4,0,0, ,126.416047478,984.40170072,153.125,49.8704927820192
10387,,Existing,095-10-09-02.42-4000,379301.6,1491556.16,382.56,0,0, ,78.3780307703,382.569762387,59.51171875,30.9085315779613
10388,,Existing,095-10-09-02.42-5100,379199.91,1491550.94,455.78,0,0, ,94.6524921673,455.778578657,70.8984375,37.3190235493494
10389,,Existing,095-10-09-02.42-5000,379148.46,1491553.62,538.57,0,0, ,106.680487429,538.577120856,83.77734375,42.0405477794444
10390,,Existing,095-10-09-02.42-5200,379237.46,1491465.71,2210.78,0,0, ,229.252723392,2210.79920523,343.88671875,90.4856810881916
10391,,Existing,095-10-09-02.42-4000,379321.94,1491458.69,2124.35,0,0, ,212.800133339,2124.35184318,330.44140625,83.9578933428959
10392,,Existing,095-10-09-02.42-800,379491.12,1491450.1,1848.82,0,0, ,190.397192443,1848.81644942,287.5703125,75.1168047017855
10393,,Existing,095-10-09-02.42-700,379570.63,1491455.18,3427.6,0,0, ,309.802126021,3427.59109997,533.15234375,122.130414574366
10394,,Existing,095-10-09-02.42-5400,379180.03,1491272.47,340.52,0,0, ,79.1140149906,340.517957773,52.96875,31.2013497392442
10395,,Existing,095-10-09-02.42-5500,379150,1491336.77,1273.62,0,0, ,146.416038408,1273.62918385,198.109375,57.7599731820902
10396,,Existing,095-10-09-02.42-5400,379200.59,1491335.77,1729.04,0,0, ,199.977123945,1729.03346811,268.95703125,78.8743861255485
10397,,Existing,095-10-09-02.42-5300,379264.58,1491269.64,505.03,0,0, ,89.9143676872,505.028057421,78.55859375,35.4633538817574
10398,,Existing,095-10-09-02.42-5300,379252.35,1491331.52,1866.39,0,0, ,180.509375118,1866.38484236,290.3203125,71.2179685253827
10399,,Existing,095-10-09-02.42-3500,379345.99,1491201.85,524.81,0,0, ,91.8205053258,524.802340943,81.625,36.208827890455
10400,,Existing,095-10-09-02.41-15200,379737.2,1491426.45,3253.04,0,0, ,250.922993276,3253.05777754,505.99609375,98.9506258490841
10401,,Existing,095-10-09-02.14-10700,379724.21,1491935.86,1481.97,0,0, ,161.080809622,1481.97327107,230.5234375,63.5022745887487
10402,,Existing,095-10-09-02.14-10600,379726.33,1491903.21,1282.97,0,0, ,150.287007684,1282.97095302,199.57421875,59.2451632603899
10403,,Existing,095-10-09-02.42-9100,379020.24,1491541.58,661.19,0,0, ,102.85934997,661.186526336,102.84765625,40.5684636032067
10404,,Existing,095-10-09-02.41-15400,379733.2,1491561.27,2030.54,0,0, ,197.817430183,2030.54533968,315.84765625,77.9740109031842
10405,,Changed,095-10-09-02.41-15500,379733.15,1491601.42,2368.19,2039.68,16.11, ,240.366396155,2368.18605929,368.3671875,94.7434518112398
10406,,Existing,095-10-09-02.13-11600,379025.15,1492018.84,1468.65,0,0, ,174.169033719,1468.64842234,228.44921875,68.7353594718417
10407,,Existing,095-10-09-02.13-8900,379223.95,1492150.98,1377.47,0,0, ,148.915151293,1377.47432064,214.28125,58.7426654404435
10408,,Existing,095-10-09-02.13-8800,379259.47,1492152.28,1280.36,0,0, ,148.38210251,1280.3595533,199.171875,58.5419689342873
10409,,Existing,095-10-09-02.13-8000,379564.1,1492389.68,2240.8,0,0, ,218.238494422,2240.80976576,348.58203125,86.0533770333525
10410,,Changed,095-10-09-02.13-8000,379502.8,1492391.63,1278.16,1440.04,-11.24, ,149.004332774,1278.16968534,198.83203125,58.7360524821693
10411,,Existing,095-10-09-02.13-8000,379523.48,1492370.28,326.65,0,0, ,73.1984587922,326.645910874,50.81640625,28.8612465489821
10412,,Changed,095-10-09-02.13-7000,378977.86,1492364.32,2582.64,1298.29,98.93, ,256.365359156,2582.64232806,401.75390625,101.210280877608
10413,,Existing,095-10-09-02.13-9100,379140.3,1492256.5,1058.07,0,0, ,132.1195117,1058.06167714,164.5859375,52.1274823116523
10414,,New,095-10-09-02.13-5300,379011.3,1492624.51,199.6,0,0, ,60.1051140212,199.603735461,31.05078125,23.722591137742
10415,,New,095-10-09-02.13-4800,379258.54,1492642.55,840.31,0,0, ,116.516043284,840.311382413,130.71875,45.9648795027973
10416,,PossiblyChanged,095-10-09-02.13-4000,379574.23,1492726.23,2157.45,0,0, ,254.060901845,2157.44451773,335.61328125,100.154205986912
10417,,New,095-10-09-02.13-4100,379497.52,1492626.71,230.96,0,0, ,61.6992442311,230.956776755,35.92578125,24.3435331433884
10418,,PossiblyChanged,095-10-09-02.13-4800,379262.77,1492559.09,1616.61,0,0, ,171.157014913,1616.61511715,251.48046875,67.5419432076401
10419,,PossiblyChanged,095-10-09-02.13-4900,379223.89,1492553.49,1421.1,0,0, ,169.516295798,1421.11342954,221.07421875,66.8920570766892
10420,,Existing,095-10-09-02.13-5100,379145.17,1492563.34,1682.36,0,0, ,187.690842765,1682.35433223,261.70703125,74.0923437077198
10421,,Existing,095-10-09-02.14-11100,379738.5,1492100.85,2226.82,0,0, ,218.672633029,2226.81668476,346.390625,86.1757664489479
10422,,Existing,095-10-09-02.14-12200,379720.3,1492655.41,1363.13,0,0, ,162.969472635,1363.12461241,212.0546875,64.2456238501518
10423,,Existing,095-10-09-02.14-12200,379761.4,1492650.78,340.51,0,0, ,75.5068233566,340.509944106,52.96875,29.7937325462761
10424,,Existing,095-10-09-02.13-5301,378983.32,1492553.78,1190.35,0,0, ,149.414694973,1190.343111,185.17578125,58.9569202747072
10425,,Existing,095-10-09-02.14-12400,379732.09,1492746.56,1893.62,0,0, ,201.626915052,1893.62191069,294.5859375,79.4665662498461
10426,,Existing,095-10-09-02.14-12500,379725.95,1492787.75,1742.39,0,0, ,218.163434413,1742.38598236,271.04296875,86.0261856119773
10427,,PossiblyChanged,095-10-09-02.14-12000,379728.12,1492540.74,1903.54,0,0, ,187.751635989,1903.54471462,296.125,74.0122627139507
10428,,Existing,095-10-09-02.13-7600,379343.85,1492409.29,1690.99,0,0, ,185.766769243,1690.98712489,263.05078125,73.3137936454317
10429,,Existing,095-10-09-02.13-12300,379501.13,1492007.65,656.59,0,0, ,102.512878418,656.594389665,102.13671875,40.4330265482244
10430,,PossiblyChanged,095-10-09-02.14-11700,379725.46,1492373.36,2068.54,0,0, ,210.801170567,2068.54506021,321.77734375,83.0978708618889
10431,,Existing,095-10-09-02.13-11700,379064.25,1492024.44,1583.62,0,0, ,173.464890601,1583.62791678,246.33203125,68.4343156126884
10432,,Existing,095-10-09-02.13-11500,378987.81,1492020.43,1506.37,0,0, ,177.071982633,1506.37580385,234.33203125,69.8797489913385
10433,,Existing,095-10-09-02.13-12000,379348.32,1492024.12,1362.06,0,0, ,166.915980138,1362.05436272,211.88671875,65.8736196886911
10434,,Existing,095-10-09-02.13-11900,379264.46,1492009.26,2616.03,0,0, ,260.783295835,2616.03799889,406.94921875,102.915256058657
10435,,Existing,095-10-09-02.13-9400,378983.33,1492167.45,1614.71,0,0, ,179.412518385,1614.69905572,251.1875,70.8045558031287
10436,,Existing,095-10-09-02.13-9300,379024.48,1492159.97,1004.07,0,0, ,138.679934935,1004.06497445,156.18359375,54.7224911362958
10437,,Existing,095-10-09-02.13-9200,379061.81,1492173.49,2103.03,0,0, ,205.328985669,2103.05460067,327.14453125,81.043852335518
10438,,Existing,095-10-09-02.13-9000,379182.57,1492147.16,1768.82,0,0, ,177.31230067,1768.8100625,275.15234375,69.9516044213312
10439,,Existing,095-10-09-02.13-8700,379306.77,1492163.6,1827.11,0,0, ,175.827124321,1827.10507306,284.21875,69.356987031815
10440,,Existing,095-10-09-02.13-8600,379366.98,1492161.79,1253.57,0,0, ,165.550748792,1253.56790004,195,65.3347657144647
10441,,Existing,095-10-09-02.13-8500,379425.05,1492161,1823.42,0,0, ,227.625134223,1823.43116811,283.64453125,89.8178019764518
10442,,Existing,095-10-09-02.13-8400,379597.27,1492149.23,1023.33,0,0, ,146.887948699,1023.33298261,159.18359375,57.9175510323197
10443,,Existing,095-10-09-02.13-7800,379422.68,1492421.14,942.79,0,0, ,131.116906843,942.793540235,146.6640625,51.7191765372307
10444,,Existing,095-10-09-02.13-7700,379382.4,1492414.24,1123.9,0,0, ,149.999029123,1123.90384638,174.83203125,59.1774496342206
10445,,Existing,095-10-09-02.13-7500,379302.19,1492412.4,1133.39,0,0, ,147.336393048,1133.387941,176.30078125,58.1428532801777
10446,,Existing,095-10-09-02.13-7400,379266.78,1492402.52,1648.63,0,0, ,205.971473732,1648.64672523,256.47265625,81.2965703595383
10447,,Existing,095-10-09-02.13-7300,379176.87,1492408.48,2294.55,0,0, ,220.104897175,2294.54764566,356.94140625,86.8382725113394
10448,,Existing,095-10-09-02.13-7200,379060.84,1492420,973.33,0,0, ,129.865424413,973.333422656,151.41015625,51.2206774300717
10449,,Existing,095-10-09-02.13-9400,378980.11,1492241.84,700.24,0,0, ,110.29468955,700.253700322,108.9296875,43.5040851166982
10450,,Existing,095-10-09-02.13-7200,379066.11,1492346.76,361.52,0,0, ,77.5264875274,361.510016334,56.2421875,30.5654152410666
10451,,Existing,095-10-09-02.13-8700,379298.91,1492257.19,574.9,0,0, ,95.9183199986,574.898736513,89.4296875,37.8300564525987
10452,,Existing,095-10-09-02.13-7500,379315.74,1492368.72,382.23,0,0, ,79.3201921154,382.23002123,59.45703125,31.2953358209415
10453,,Existing,095-10-09-02.13-8600,379373.98,1492258.51,565.6,0,0, ,95.2006209546,565.59881642,87.98046875,37.5510189257993
10454,,Existing,095-10-09-02.13-5300,379020.74,1492545.02,1277.22,0,0, ,149.251414312,1277.21016846,198.68359375,58.894949676931
10455,,Existing,095-10-09-02.13-5200,379061.5,1492556.51,1676.09,0,0, ,179.499111054,1676.09972156,260.73828125,70.8162487157654
10456,,Existing,095-10-09-02.13-5200,379058.41,1492617.06,582.96,0,0, ,96.5849314783,582.96378413,90.6875,38.0954959832125
10457,,Existing,095-10-09-02.13-3310,379055.1,1492733.14,703.65,0,0, ,141.880661222,703.64699611,109.45703125,56.0347464839531
10458,,Existing,095-10-09-02.13-3401,379146.52,1492755.75,1750.48,0,0, ,189.280046885,1750.47527179,272.3125,74.705001725814
10459,,Existing,095-10-09-02.13-5000,379178.43,1492654.3,676.24,0,0, ,104.023965174,676.241349186,105.1953125,41.0284814578585
10460,,Existing,095-10-09-02.13-4600,379334.54,1492670.47,342.67,0,0, ,74.0683653674,342.663389331,53.3046875,29.2152738654788
10461,,Existing,095-10-09-02.13-3600,379308.62,1492741.88,1530.87,0,0, ,162.448629946,1530.87095814,238.1484375,64.0493367157886
10462,,Existing,095-10-09-02.13-3600,379323.32,1492784.64,266.27,0,0, ,67.7368175911,266.268111801,41.41796875,26.7022743086827
10463,,Existing,095-10-09-02.13-3910,379583.54,1492786.01,1743.45,0,0, ,184.477794121,1743.45608457,271.2265625,72.7217615355296
10464,,Existing,095-10-09-02.13-4100,379581.68,1492666.93,1831.86,0,0, ,198.755757584,1831.86287228,284.96484375,78.352546147407
10465,,Existing,095-10-09-02.13-4100,379470.31,1492661.31,664.15,0,0, ,103.117502736,664.138110009,103.3125,40.6691331066502
10466,,Existing,095-10-09-02.13-4100,379512.06,1492626.81,245.63,0,0, ,63.0362477166,245.629106681,38.20703125,24.8677243795704
10467,,Existing,095-10-09-02.13-4300,379489.19,1492540.31,785.19,0,0, ,112.539938461,785.195712167,122.1484375,44.3793778593983
10468,,Existing,095-10-09-02.13-4700,379312.12,1492592.01,506.69,0,0, ,94.7383589541,506.692452778,78.8203125,37.3896327387359
10469,,Existing,095-10-09-02.13-4400,379420.16,1492563.44,1643.74,0,0, ,179.367975706,1643.73559263,255.7109375,70.783236930343
10470,,Existing,095-10-09-02.13-4600,379342.84,1492548.41,876.3,0,0, ,124.12356072,876.303750749,136.3203125,48.954183910909
10471,,Existing,095-10-09-02.13-4700,379301.15,1492551.77,1086.74,0,0, ,159.154625941,1086.74765437,169.046875,62.797730384804
10472,,Existing,095-10-09-02.13-5000,379182.63,1492547.07,879.07,0,0, ,125.055109368,879.062659143,136.75,49.3198402479105
10473,,Existing,095-10-09-02.14-10900,379728.55,1492020.54,1896.97,0,0, ,185.847382966,1896.98633492,295.08984375,73.2547574183017
10474,,Existing,095-10-09-02.14-11200,379737.37,1492143.65,2386.74,0,0, ,224.760388006,2386.728653,371.26953125,88.5831566773235
10475,,Existing,095-10-09-02.14-11400,379723.84,1492240.82,1744.97,0,0, ,180.780628096,1744.97018667,271.4453125,71.2636070383732
10476,,Existing,095-10-09-02.14-11500,379731.81,1492285.25,858.43,0,0, ,117.879210988,858.429681188,133.53125,46.4827552252042
10477,,Existing,095-10-09-02.14-12100,379721.68,1492615.24,1618.69,0,0, ,166.669323635,1618.68737749,251.80859375,65.7122746525517
10478,,Existing,095-10-09-02.14-12300,379726.08,1492707.63,1448.38,0,0, ,173.186976322,1448.39064968,225.3125,68.2774652334391
10479,,Existing,095-10-09-02.13-4200,379486.67,1492576.69,641.68,0,0, ,101.494150318,641.68268116,99.828125,40.0261890280304
10480,,Existing,095-10-09-02.13-4300,379555.88,1492537.48,1907.65,0,0, ,194.2454062,1907.65135066,296.76171875,76.5671405954615
10481,,Existing,095-10-09-02.13-4200,379583.06,1492583.39,1613.82,0,0, ,170.122376168,1613.82984493,251.0546875,67.0747233499033
10482,,Existing,095-10-09-02.14-11900,379731.17,1492452.7,2038.86,0,0, ,196.576466878,2038.85712919,317.17578125,77.4885034964896
10483,,Existing,095-10-09-02.13-7900,379575.79,1492436.29,2315.13,0,0, ,243.107591025,2315.13206197,360.15234375,95.824971750557
10484,,Existing,095-10-09-02.13-8100,379573.38,1492332.31,2672.42,0,0, ,260.495251928,2672.43169061,415.7109375,102.678099654276
10485,,Existing,095-10-09-02.13-8200,379593.92,1492264.69,1366.41,0,0, ,155.441975567,1366.42637361,212.5703125,61.2908342663692
10486,,Existing,095-10-09-02.13-8300,379589.28,1492185.06,1511.96,0,0, ,162.08743569,1511.96665426,235.1953125,63.8989344672557
10487,,Existing,095-10-09-02.13-8400,379548.53,1492155.62,308.89,0,0, ,73.6717473097,308.885149166,48.0546875,29.074247313678
10488,,Existing,095-10-09-02.13-9100,379139.57,1492151.88,1604.24,0,0, ,180.067183633,1604.24958155,249.55859375,71.0715400195344
10489,,Existing,095-10-09-02.13-8800,379268.37,1492248.65,256.03,0,0, ,64.223720487,256.037004405,39.83203125,25.3346491354672
10490,,Existing,095-10-09-02.13-7300,379140.2,1492357.66,845.39,0,0, ,116.730997957,845.395645136,131.5078125,46.0479883024908
10491,,Existing,095-10-09-02.13-11800,379188.31,1492019.37,1962.41,0,0, ,200.881184876,1962.40191382,305.2578125,79.2567018329654
10492,,Existing,095-10-09-02.13-12100,379425.34,1492025.64,1972.66,0,0, ,200.477289304,1972.65799154,306.8515625,79.0846769792459
10493,,Existing,095-10-09-02.13-12200,379489.55,1492039.69,577.08,0,0, ,97.3018204293,577.07464262,89.765625,38.3886300379289
10494,,Existing,095-10-09-02.13-12300,379581.64,1492010.94,1799.27,0,0, ,200.976916564,1799.27495242,279.88671875,79.2244532236734
10495,,Existing,095-10-09-02.13-12200,379581.06,1492047.45,1890.28,0,0, ,197.248482182,1890.28149121,294.05078125,77.7472940676986
10496,,Existing,095-10-09-02.14-11000,379730.14,1492065.31,1400.03,0,0, ,169.358286963,1400.02597428,217.7890625,66.7431128959612
10497,,Existing,095-10-09-02.14-11300,379730.84,1492199.08,1765.53,0,0, ,172.983807985,1765.53268888,274.640625,68.1993279858448
10498,,Existing,095-10-09-02.14-11600,379731.88,1492317.34,1800.66,0,0, ,188.289039808,1800.65420791,280.11328125,74.2186073995418
10499,,New,095-10-09-02.13-3400,379145.18,1492893.66,1514.2,0,0, ,172.546747271,1514.20060377,235.5625,68.0826705631651
10500,,Changed,095-10-09-02.14-12700,379725.39,1492882.73,1689.86,1525.35,10.79, ,192.247179908,1689.85958561,262.88671875,75.7690813076321
10501,,Existing,095-10-09-02.13-1000,378982.87,1493030.09,1300.41,0,0, ,155.131450751,1300.41254677,202.3046875,61.2258217627916
10502,,Existing,095-10-09-02.13-900,379018.71,1493022.54,570.45,0,0, ,105.735455565,570.447858417,88.74609375,41.7076353650267
10503,,Existing,095-10-09-02.13-800,379062.45,1493035.35,1876.32,0,0, ,190.120231562,1876.32713795,291.88671875,75.0376428644559
10504,,Changed,095-10-09-02.12-900,379131.31,1493425.69,1963.31,1850.25,6.11, ,212.189525337,1963.30712552,305.4453125,83.717257308504
10505,,Existing,095-10-09-02.12-3300,379050.47,1493272.39,1875.12,0,0, ,231.663162445,1875.11974294,291.71484375,91.3595040609054
10506,,New,095-10-09-02.12-700,379349.09,1493504.04,607.59,0,0, ,98.6399493119,607.58559914,94.52734375,38.9087985595405
10507,,Existing,095-10-09-02.12-400,379463.16,1493481.85,743.61,0,0, ,109.471842349,743.611134412,115.6875,43.18622162237
10508,,New,095-10-09-02.12-501,379490.35,1493422.29,2302.77,0,0, ,215.425799472,2302.7691989,358.25390625,84.9334377244724
10509,,Existing,095-10-09-02.12-400,379547.16,1493509.27,297.86,0,0, ,70.94539617,297.868342218,46.3359375,27.9699812617142
10510,,Existing,095-10-09-02.12-400,379583.65,1493525.74,1641.34,0,0, ,165.226537362,1641.32773872,255.34765625,65.1499852135672
10511,,PossiblyChanged,095-10-09-02.12-3400,379146.3,1493296.09,1242.29,0,0, ,167.916306303,1242.28167128,193.26953125,66.2609920847757
10512,,New,095-10-09-02.12-3900,379507.85,1493209.99,189.6,0,0, ,55.7812021324,189.603306206,29.5,21.9944902713473
10513,,PossiblyChanged,095-10-09-02.13-700,379146,1493021.45,1360.73,0,0, ,197.748537437,1360.73211539,211.68359375,78.0091988429497
10514,,Existing,095-10-09-02.11-8000,379736.55,1493594.41,2216.93,0,0, ,222.001215914,2216.92497118,344.88671875,87.5276329562789
10515,,Existing,095-10-09-02.11-9100,379721.48,1493188.33,1545.46,0,0, ,205.002717104,1545.45530255,240.4296875,80.8245098975083
10516,,Existing,095-10-09-02.14-12900,379756.79,1493064.47,171.48,0,0, ,52.4073591988,171.480487971,26.671875,20.6693904019597
10517,,Existing,095-10-09-02.14-12900,379714.53,1493044.97,1431.52,0,0, ,165.219634319,1431.51991924,222.6953125,65.1525831625054
10518,,Existing,095-10-09-02.12-4000,379566.32,1493276,611.9,0,0, ,99.0200999799,611.895043145,95.1953125,39.0530477366113
10519,,PossiblyChanged,095-10-09-02.12-3600,379256.4,1493253.83,185.61,0,0, ,55.3947526984,185.618959565,28.87109375,21.8569573663758
10520,,PossiblyChanged,095-10-09-02.12-3700,379368.97,1493251.52,268.75,0,0, ,67.6495738442,268.749048829,41.8046875,26.6958945415344
10521,,Existing,095-10-09-02.12-4000,379587.73,1493242.44,1454.54,0,0, ,161.481885541,1454.54484416,226.2890625,63.6549502839774
10522,,Existing,095-10-09-02.11-9300,379731.25,1493291.52,1849.84,0,0, ,226.805011688,1849.84080849,287.796875,89.4101709633965
10523,,PossiblyChanged,095-10-09-02.14-12600,379731.15,1492836.15,1931.75,0,0, ,226.551680064,1931.75738099,300.51171875,89.3129829356682
10524,,New,095-10-09-02.13-3700,379384.47,1492889.35,3387.97,0,0, ,250.659602301,3387.95734282,527.0546875,98.8110787782762
10525,,Existing,095-10-09-02.11-7400,379761.26,1494428.87,7528.04,0,0, ,444.913335639,7528.03534107,1171.25390625,175.397515412073
10526,,Existing,095-11-09-35.43-400,379443.53,1494925.05,846.48,0,0, ,117.10527854,846.482956104,131.69921875,46.1819781874354
10527,,Changed,095-11-09-35.43-400,379390.92,1494921.78,1848.85,1816.84,1.76, ,180.518423079,1848.85230653,287.66796875,71.1654844755317
10528,,Existing,095-11-09-35.43-400,379434.73,1494858.78,250.37,0,0, ,63.4692780958,250.367240007,38.95703125,25.0317075733874
10529,,Existing,095-11-09-35.44-1500,379743.28,1494553.36,2370.93,0,0, ,226.519631714,2370.93579266,368.87890625,89.3440537477421
10530,,Existing,095-11-09-35.44-900,379695.69,1495225.93,1813.81,0,0, ,210.188721229,1813.80421036,282.21484375,82.9171506807789
10531,,Existing,095-11-09-35.44-700,379765.92,1495218.41,3601.82,0,0, ,256.849089658,3601.79514181,560.4296875,101.371177111107
10532,,Existing,095-11-09-35.43-310,379405.12,1495028.14,923.26,0,0, ,123.844027885,923.270790258,143.65625,48.8694720945725
10533,,Existing,095-11-09-35.43-300,379535.22,1495017.02,2369.3,0,0, ,227.113164747,2369.29976724,368.64453125,89.6058024751241
10534,,Existing,095-11-09-35.44-1100,379734.33,1494847.55,1988.03,0,0, ,210.693464767,1988.04441515,309.32421875,83.0960398575638
10535,,Existing,095-11-09-35.44-1300,379734.97,1494697.39,1771.41,0,0, ,181.269120472,1771.4025017,275.609375,71.5314512041053
10536,,Existing,095-11-09-35.44-1400,379741.93,1494622.02,1700.4,0,0, ,196.709941563,1700.4147761,264.56640625,77.6414659317471
10537,,Existing,095-11-09-35.44-1200,379734.21,1494773.5,1854.14,0,0, ,257.651329083,1854.127225,288.49609375,101.608401756723
10538,,Changed,095-11-09-35.43-400,379538.92,1494885.71,4638.43,2904.66,59.69, ,326.149604271,4638.41944721,721.6875,128.620631863652
10539,,Existing,095-11-09-35.42-303,379492.55,1495998.62,5298.59,0,0, ,402.874333841,5298.56985947,824.46875,158.806125451989
10540,,Existing,095-11-09-35.43-102,379473.55,1495613.19,3518.25,0,0, ,311.312784865,3518.24966292,547.44140625,122.867878772705
10541,,Existing,095-11-09-35.41-503,379765.46,1495838.39,5354.26,0,0, ,331.066547869,5354.27416079,833.13671875,130.553561958835
10542,,Existing,095-11-09-35.44-801,379781.09,1495680.16,3426.41,0,0, ,266.176449484,3426.40095631,533.14453125,104.952099197075
10543,,Existing,095-11-09-35.42-400,379161,1496519.66,8389.6,0,0, ,498.367289182,8389.57106446,1305.4921875,196.69896902645
10544,,Existing,095-11-09-35.42-100,379467.93,1496213.56,5386.65,0,0, ,372.595118714,5386.6513057,838.203125,146.955805489535
10545,,Existing,095-11-09-35.42-400,379123.92,1496782.63,10394.29,0,0, ,526.53073373,10394.2907378,1617.5078125,207.833665497058
10546,,Existing,095-11-09-35.42-400,379243.52,1496826.9,2054.47,0,0, ,227.314563453,2054.47601759,319.70703125,89.779862562056
10547,,Existing,095-11-09-35.42-400,379325.34,1496816.35,2018.25,0,0, ,226.97624714,2018.25342743,314.0703125,89.6375310201959
10548,,Existing,095-11-09-35.42-400,379461.63,1496797.88,7840.24,0,0, ,420.996955069,7840.23041239,1220.05078125,165.983707439972
10549,,Existing,095-11-09-35.42-400,379348.88,1496503.44,7072.79,0,0, ,392.142052325,7072.7861454,1100.59375,154.75925100204
10550,,Existing,090-11-09-35.00-202,379480.49,1496482.29,6207.6,0,0, ,353.272911851,6207.59718514,965.9609375,139.431514581859
10551,,Existing,095-11-09-35.42-200,379100.96,1496255.08,6188.68,0,0, ,344.31163825,6188.69498159,963.01171875,135.931993466139
10552,,Existing,095-11-09-35.42-400,379365.68,1496671.03,8350.63,0,0, ,491.285469893,8350.61711221,1299.453125,193.891509505279
10553,,New,095-11-09-35.13-100,379495.9,1497166.62,5238.02,0,0, ,346.737976369,5238.03487309,815.14453125,136.767133986073
10554,,New,095-11-09-35.13-100,379325.35,1497340.47,5310.45,0,0, ,351.939651187,5310.43709351,826.421875,138.823874537852
10555,,New,095-11-09-35.13-100,379262.62,1497271.03,1265.6,0,0, ,154.11301004,1265.61126238,196.95703125,60.7487402783927
10556,,New,095-11-09-35.13-100,379275.01,1497222.11,1294.22,0,0, ,155.524126017,1294.22518675,201.40234375,61.3054558711994
10557,,New,095-11-09-35.13-100,379204.92,1497156.78,5351.43,0,0, ,348.879827447,5351.44028904,832.78515625,137.613260727962
10558,,New,095-11-09-35.13-100,379348.76,1497161.46,5349.39,0,0, ,349.479630491,5349.38899797,832.46875,137.851721672271
10559,,New,095-11-09-35.13-100,379194.7,1497336.87,5353.15,0,0, ,357.697365122,5353.15570767,833.07421875,141.101573995567
10560,,New,095-11-09-35.14-200,379695.8,1497174.03,5282.71,0,0, ,343.612018669,5282.70534873,822.0859375,135.533203242081
10561,,Existing,095-11-09-35.14-201,379680.6,1497643.43,5208.94,0,0, ,343.720441163,5208.93373857,810.625,135.605668841471
10562,,Existing,095-11-09-35.13-100,379502.36,1497642.01,5215.98,0,0, ,343.22556412,5215.97118886,811.734375,135.410448563392
10563,,Existing,095-11-09-35.13-100,379567.54,1497578.32,841.21,0,0, ,119.457167129,841.213041404,130.91015625,47.1474738059673
10564,,Existing,095-11-09-35.14-201,379616.9,1497579.05,837.95,0,0, ,119.147284842,837.946872929,130.40625,47.0249174535049
10565,,Existing,095-11-09-35.13-100,379500.34,1497350.37,2713.16,0,0, ,229.212340039,2713.15996671,422.23046875,90.4210667294427
10566,,Existing,095-11-09-35.14-200,379701.15,1497380.19,5247.48,0,0, ,346.807656949,5247.48300973,816.62890625,136.813554002429
10567,,Existing,095-11-09-35.14-201,379681.6,1497515.75,5307.01,0,0, ,349.352572068,5307.00938852,825.89453125,137.829840564245
10568,,Existing,095-11-09-35.13-100,379503.41,1497514.02,5335.63,0,0, ,350.230116261,5335.61685532,830.33984375,138.175774482837
10569,,New,095-11-09-35.13-100,379567.77,1497832.75,1256.3,0,0, ,153.663414888,1256.29374174,195.515625,60.6665737281872
10570,,New,095-11-09-35.13-100,379613.74,1497833.28,1260.74,0,0, ,153.707840086,1260.74188882,196.2109375,60.6837235028824
10571,,New,095-11-09-35.13-100,379500.05,1497896.38,5240.49,0,0, ,343.827882645,5240.48047858,815.546875,135.653562335196
10572,,New,095-11-09-35.14-201,379677.67,1497897,5346.23,0,0, ,348.60166499,5346.21917083,832.00390625,137.535907057781
10573,,New,095-11-09-35.14-201,379679.6,1497770.36,4991.56,0,0, ,340.431223667,4991.55907555,776.81640625,134.309276228485
10574,,New,095-11-09-35.13-100,379501.78,1497768.99,5008.01,0,0, ,339.187586153,5008.01243062,779.3671875,133.82230945024
10575,,Existing,095-10-09-11.11-9500,380043.46,1488160.51,1357.25,0,0, ,154.573181666,1357.24334567,211.05078125,60.9408135315443
10576,,Existing,095-10-09-11.11-9600,380026.22,1488198.15,2139.1,0,0, ,214.229391202,2139.09941035,332.65234375,84.413705323622
10577,,Existing,095-10-09-11.11-9700,380001.19,1488241.46,1296.72,0,0, ,144.186894616,1296.71792418,201.65234375,56.8650400711908
10578,,Existing,095-10-09-11.11-9600,379937.05,1488196.13,644.87,0,0, ,101.581232908,644.873749569,100.28515625,40.059024193102
10579,,Existing,095-10-09-11.11-9700,379934.7,1488228.05,503.92,0,0, ,89.7932993983,503.917915288,78.36328125,35.4101357480326
10580,,Existing,095-10-09-11.11-12400,379821.53,1488466.84,546.17,0,0, ,93.7530128834,546.171761893,84.9375,36.9660213016297
10581,,Existing,095-10-09-11.11-12500,379867.5,1488375.41,1563.83,0,0, ,163.472634943,1563.82280791,243.1875,64.432798907777
10582,,Existing,095-10-09-11.11-9800,380031.04,1488330.04,2628.48,0,0, ,237.501553907,2628.470732,408.75,93.575013754896
10583,,Existing,095-10-09-11.11-9900,380044.05,1488373.95,1515.51,0,0, ,164.478910338,1515.50180135,235.67578125,64.8339601697812
10584,,Existing,095-10-09-11.11-10000,380042.03,1488412.96,1747.7,0,0, ,199.274851779,1747.70745637,271.78125,78.5329898279066
10585,,Existing,095-10-09-11.11-10100,380029.53,1488454.17,1632.55,0,0, ,217.147438308,1632.55030809,253.88671875,85.5836144543796
10586,,Existing,095-10-09-11.11-10100,379947.28,1488459.56,1722.76,0,0, ,183.488447815,1722.75681612,267.91015625,72.3137241418435
10587,,Existing,095-10-09-11.11-12300,379814.17,1488510.06,1042.91,0,0, ,138.35794725,1042.90613891,162.1875,54.5224942069402
10588,,Existing,095-10-09-11.11-7900,380284.56,1488218.58,315.24,0,0, ,71.602218993,315.245594273,49.02734375,28.228970263563
10589,,Existing,095-10-09-11.11-3600,380347.91,1488194.99,573,0,0, ,105.134326327,572.996234246,89.10546875,41.4250326132766
10590,,Existing,095-10-09-11.11-3600,380443.13,1488184.13,1602.28,0,0, ,185.833615806,1602.28356168,249.16796875,73.2461800383446
10591,,Existing,095-10-09-11.11-3900,380441.03,1488260.34,1624.79,0,0, ,182.147601217,1624.78243457,252.671875,71.8084579205119
10592,,Existing,095-10-09-11.11-2400,380568.14,1488216.08,2551.1,0,0, ,226.778923034,2551.10419656,396.72265625,89.4933110580447
10593,,Existing,095-10-09-11.11-7700,380175.02,1488342.83,1619.61,0,0, ,174.153194986,1619.59889695,251.8671875,68.6354787722203
10594,,Existing,095-10-09-11.11-7600,380170.39,1488380.15,1349.55,0,0, ,165.489603662,1349.54621608,209.875,65.2400810548206
10595,,Existing,095-10-09-11.11-7500,380274.64,1488425.98,527.56,0,0, ,91.967663832,527.546207907,82.04296875,36.2642616715901
10596,,Existing,095-10-09-11.11-4200,380359.23,1488401.77,1000.48,0,0, ,128.465962518,1000.48882104,155.58203125,50.6430012805118
10597,,Existing,095-10-09-11.11-4200,380426.32,1488402.06,1509.2,0,0, ,158.727477565,1509.1934039,234.6953125,62.5686440228739
10598,,Existing,095-10-09-11.11-4100,380443.85,1488365.45,1446,0,0, ,169.604454027,1445.99438302,224.87109375,66.8467513529224
10599,,Existing,095-10-09-11.11-4000,380328.38,1488335.94,441.09,0,0, ,84.7983599803,441.089549753,68.59375,33.4493437564322
10600,,Existing,095-10-09-11.11-4300,380325.27,1488460.58,580.53,0,0, ,96.7166739368,580.530792191,90.27734375,38.1468186070629
10601,,Existing,095-10-09-11.11-7200,380289.11,1488531.65,674.4,0,0, ,107.40330012,674.403395536,104.87890625,42.3764385095026
10602,,Existing,095-10-09-11.11-7200,380159.25,1488513.17,1477.86,0,0, ,167.657436092,1477.85388205,229.828125,66.1247614772799
10603,,Existing,095-10-09-11.11-7000,380200.84,1488622.13,1457.15,0,0, ,166.331688337,1457.14676838,226.6015625,65.613198730848
10604,,Existing,095-10-09-11.11-4700,380373.7,1488556.82,3096.39,0,0, ,239.706139206,3096.38898458,481.53125,94.5994849612628
10605,,Existing,095-10-09-11.11-2801,380561.51,1487954.66,862.46,0,0, ,131.863035222,862.462976936,134.12109375,51.9887092290042
10606,,Existing,095-10-09-11.11-9000,379983.84,1487947.6,696.51,0,0, ,107.599360756,696.511988474,108.3125,42.4146578549051
10607,,Existing,095-10-09-11.11-9100,380042.19,1487997.54,1787.46,0,0, ,192.880419548,1787.45415299,277.96484375,76.0244112637015
10608,,Existing,095-10-09-11.11-9200,380043.39,1488046.82,1463.37,0,0, ,162.809105531,1463.37653205,227.5625,64.197557009913
10609,,Existing,095-10-09-11.11-7900,380187.42,1488215.68,1561.61,0,0, ,179.917010358,1561.60959087,242.8515625,70.9129270254372
10610,,Existing,095-10-09-11.11-7800,380188.36,1488261.3,1450.66,0,0, ,175.06390828,1450.65980806,225.5859375,69.0061669368125
10611,,Existing,095-10-09-11.11-8100,380261.49,1488115.52,1061.01,0,0, ,131.531798663,1061.00458523,164.9921875,51.8653238417054
10612,,Existing,095-10-09-11.11-3300,380399.85,1488049.37,3693.65,0,0, ,318.303977513,3693.66982363,574.39453125,125.379410014935
10613,,Existing,095-10-09-11.11-3500,380446.32,1488140.4,1346.33,0,0, ,166.240443984,1346.32854516,209.36328125,65.544263416062
10614,,Existing,095-10-09-11.11-3700,380434.92,1488219.09,1306.34,0,0, ,175.516718906,1306.34542639,203.1484375,69.1489436508173
10615,,Existing,095-10-09-11.11-3800,380354.4,1488265.04,2476.38,0,0, ,227.731214003,2476.37392755,385.1015625,89.744612648521
10616,,Existing,095-10-09-11.11-4400,380454.99,1488521.07,1758.61,0,0, ,176.767172394,1758.61751599,273.4921875,69.7271908419474
10617,,Existing,095-10-09-11.11-9800,379917.93,1488344.6,405.27,0,0, ,80.8041596618,405.267625212,63.02734375,31.8704391501006
10618,,Existing,095-10-09-11.11-7100,380161.91,1488561.99,1357.27,0,0, ,158.210368281,1357.28499761,211.07421875,62.3763510962983
10619,,Existing,095-10-09-11.11-3100,380450.65,1487954.09,1475.4,0,0, ,164.251520408,1475.40594382,229.43359375,64.7370734663774
10620,,Existing,095-10-09-11.11-2500,380570.19,1488133.03,2456.21,0,0, ,216.511328516,2456.21643914,381.96875,85.3228718084545
10621,,New,095-10-09-11.11-12300,379771.97,1488524.94,310.69,0,0, ,70.5109229339,310.694800103,48.32421875,27.8068308664316
10622,,Existing,095-10-09-02.44-14900,379898.71,1489353.58,18515.65,0,0, ,803.372409008,18515.6243923,2879.6015625,316.756391075595
10623,,Existing,095-10-09-11.11-6900,380180.37,1488750.15,4828.84,0,0, ,334.001997951,4828.84596125,750.95703125,131.684445475086
10624,,Existing,095-10-09-11.11-5100,380326.42,1488770.62,297.18,0,0, ,69.2233961481,297.182943195,46.21875,27.2938759674008
10625,,New,095-10-09-11.11-5501,380418.42,1488921.72,3251.66,0,0, ,244.447656598,3251.66732478,505.6953125,96.3303737922805
10626,,Existing,095-10-09-02.44-7900,380332.59,1489446.22,3567.37,0,0, ,279.996941595,3567.36577695,554.80859375,110.4484911621
10627,,New,095-10-09-02.44-14900,380012.45,1489275.34,304,0,0, ,63.4847560945,303.999019021,47.2734375,25.0358590490129
10628,,Existing,095-10-09-02.44-6100,380555.12,1489187.78,1733.91,0,0, ,179.160950853,1733.91368892,269.66015625,70.6860461847295
10629,,Existing,095-10-09-02.44-4600,380556.01,1489375.25,1531.97,0,0, ,177.601611899,1531.97006472,238.2578125,70.0766214762879
10630,,Changed,095-10-09-11.11-6700,380198.88,1488848.73,9447.07,11274.67,-16.21, ,494.637150057,9447.05590005,1469.17578125,194.934999404168
10631,,Existing,095-10-09-11.11-6100,380207.09,1488993.48,20095.83,0,0, ,807.132285707,20095.8277727,3125.28125,318.407702835543
10632,,New,095-10-09-11.11-5600,380329.57,1488988.95,5931.79,0,0, ,396.484613337,5931.76835285,922.5078125,156.538464062679
10633,,Existing,095-10-09-02.44-6300,380397.74,1489211.48,18100.04,0,0, ,640.383634449,18100.0627112,2814.953125,252.543447792044
10634,,Existing,095-10-09-11.11-11000,379986.04,1488982.3,23485.42,0,0, ,758.976532535,23485.4069907,3652.43359375,299.384514438008
10635,,Existing,095-10-09-02.44-7000,380194.14,1489263.82,9826.52,0,0, ,493.084884808,9826.52929806,1528.24609375,194.318831665352
10636,,Existing,095-10-09-02.44-7300,380193.16,1489340.42,4461.35,0,0, ,396.800081194,4461.33785076,693.84765625,156.297972186042
10637,,Existing,095-10-09-11.11-10500,379958.3,1488768.82,10087.09,0,0, ,544.241810311,10087.1231055,1568.703125,214.451306880223
10638,,Existing,095-10-09-11.11-1200,380563.6,1488745.73,1871.95,0,0, ,180.374311157,1871.96076299,291.12109375,71.1117734735622
10639,,Existing,095-10-09-11.11-5000,380417.02,1488750.01,1321.13,0,0, ,176.247709464,1321.13532106,205.4453125,69.47182064425
10640,,Existing,095-10-09-11.11-4900,380326.29,1488741.04,1001.48,0,0, ,126.700183065,1001.48605029,155.74609375,49.9607034286077
10641,,Existing,095-10-09-11.11-1100,380541.73,1488809.8,287.07,0,0, ,68.6951089609,287.079071539,44.6484375,27.0815086049967
10642,,Existing,095-10-09-11.11-5300,380385.11,1488871.05,508.31,0,0, ,90.184202835,508.315381337,79.046875,35.5651698264104
10643,,Existing,095-10-09-11.11-5300,380442.02,1488854.49,1843.75,0,0, ,219.430481737,1843.74936102,286.72265625,86.5424358458916
10644,,Existing,095-10-09-11.11-1000,380552.72,1488911.91,1172.25,0,0, ,139.329136939,1172.2513372,182.30859375,54.9251744819912
10645,,Existing,095-10-09-02.44-8100,380446.55,1489345.48,1246.42,0,0, ,150.419646651,1246.41842502,193.85546875,59.3172282120629
10646,,Existing,095-10-09-02.44-8000,380402.4,1489367.45,1041.84,0,0, ,141.030557826,1041.83857956,162.03515625,55.6345468704298
10647,,Existing,095-10-09-02.44-6101,380546.49,1489274.44,1243.96,0,0, ,176.237625243,1243.95721054,193.4609375,69.5122359081876
10648,,Existing,095-10-09-02.44-6000,380581.56,1489253.2,609.06,0,0, ,99.2904838398,609.048803737,94.7265625,39.1650490655687
10649,,Existing,095-10-09-02.44-4500,380565.01,1489448.15,1453.01,0,0, ,163.721197786,1452.99796316,225.9921875,64.5533051812202
10650,,Existing,095-10-09-11.11-1100,380579.1,1488865.6,2107.59,0,0, ,223.368184404,2107.59467126,327.75,88.0786350352383
10651,,Existing,095-10-09-11.11-5100,380437.42,1488788.12,1987.83,0,0, ,213.521563591,1987.82698899,309.1484375,84.1506012896039
10652,,Existing,095-10-09-02.44-8200,380448.11,1489429.67,1867.28,0,0, ,191.320550847,1867.28320094,290.421875,75.4976764275629
10653,,Existing,095-10-09-02.44-8000,380407.07,1489423.7,1922.51,0,0, ,209.815285524,1922.51359864,299.0078125,82.7764037725907
10654,,Existing,095-10-09-11.14-200,380465.51,1486976.8,241.15,0,0, ,63.3523823223,241.155416272,37.5,24.9762405297912
10655,,Existing,095-10-09-11.14-1600,380043.54,1487701.91,1637.19,0,0, ,184.261421333,1637.18767219,254.58984375,72.6399388086555
10656,,Existing,095-10-09-11.14-1600,380008.81,1487687.33,327.36,0,0, ,76.274043011,327.362660573,50.90625,30.0587941006816
10657,,Existing,095-10-09-11.14-200,380406.6,1487221.28,682.64,0,0, ,125.109672986,682.635813848,106.140625,49.3281307833205
10658,,Existing,095-10-09-11.11-13200,379830.18,1487822.38,577.64,0,0, ,96.4236916751,577.641155239,89.82421875,38.0180138176707
10659,,Existing,095-10-09-11.14-1400,379939.95,1487775.68,530.31,0,0, ,92.7557200044,530.311246377,82.46484375,36.5687676315864
10660,,Existing,095-10-09-11.14-1400,380011.11,1487774.87,1343.05,0,0, ,154.422263339,1343.04400284,208.84375,60.8710502540315
10661,,Existing,095-10-09-11.11-8600,380173.55,1487877.3,1460.96,0,0, ,166.789911511,1460.95825546,227.1953125,65.8093793783094
10662,,Existing,095-10-09-11.11-8800,380032.15,1487863.93,2102.54,0,0, ,198.924271287,2102.5374512,326.953125,78.3832247968838
10663,,Existing,095-10-09-11.11-8700,380043.81,1487831.73,1203.8,0,0, ,152.034310178,1203.79557063,187.19921875,59.9317257856108
10664,,Existing,095-10-09-11.14-1300,380154.26,1487771.95,365.84,0,0, ,78.8501230972,365.84143043,56.890625,31.108960386621
10665,,Existing,095-10-09-11.14-900,380415.46,1487681.24,1797.08,0,0, ,179.673113357,1797.0661953,279.44921875,70.8905464873169
10666,,Existing,095-10-09-11.14-300,380301.93,1487268.5,814.27,0,0, ,131.236528673,962.917304189,149.73046875,51.7847015981582
10667,,Existing,095-10-09-11.14-300,380297,1487184.76,1004.19,0,0, ,126.802416559,1004.19438021,156.1484375,49.9995578049936
10668,,Existing,095-10-09-11.14-2200,380051.38,1487257.25,1065.76,0,0, ,131.603485953,1065.75217505,165.72265625,51.8826679635875
10669,,Existing,095-10-09-11.14-2400,380057.71,1487169.57,749.22,0,0, ,127.237146932,749.222601192,116.50390625,50.1268964296951
10670,,Existing,095-10-09-11.14-2200,380067.45,1487295.07,402.35,0,0, ,83.1442817615,402.347159796,62.56640625,32.7693203295158
10671,,Existing,095-10-09-11.14-300,380190.49,1487298.61,2782.69,0,0, ,214.371450506,2782.6851034,432.70703125,84.5639212442012
10672,,Existing,095-10-09-11.14-200,380358.41,1487344.92,2501.28,0,0, ,206.113391172,2501.27476228,388.9453125,81.2576557856447
10673,,Existing,095-10-09-11.14-400,380242.85,1487425.87,1274.12,0,0, ,143.606785112,1274.12624038,198.125,56.641515011268
10674,,Existing,095-10-09-11.14-800,380393.57,1487578.2,1027.78,0,0, ,126.710096069,997.404130182,155.09765625,49.9743823083658
10675,,Existing,095-10-09-11.11-2900,380456.67,1487886.04,1144.89,0,0, ,158.158926934,1144.88920388,178.03125,62.3474875592931
10676,,New,095-10-09-11.11-3100,380412.04,1487959.12,316.19,0,0, ,71.2718047429,316.187843789,49.1640625,28.1092034188646
10677,,Existing,095-10-09-11.11-8300,380171.56,1488038.17,1379.19,0,0, ,160.23618355,1379.19134367,214.4765625,63.1506587125495
10678,,New,095-10-09-11.11-8300,380220.25,1488027.25,160.97,0,0, ,51.2203700021,160.969599938,25.03125,20.1930057340166
10679,,Existing,095-10-09-11.11-9900,379932.28,1488382.99,431.19,0,0, ,83.0689929659,431.191893821,67.05859375,32.7592425373058
10680,,Existing,095-10-09-11.11-4300,380437.37,1488466.27,1970.86,0,0, ,202.769742945,1970.86474398,306.48828125,79.900649566291
10681,,Existing,095-10-09-11.11-7100,380199.11,1488581.96,319.21,0,0, ,72.3817449957,319.213142782,49.63671875,28.534900166292
10682,,Existing,095-10-09-11.11-1500,380611.32,1488486.52,6727.39,0,0, ,428.398078204,6727.39489421,1046.20703125,168.857287325154
10683,,Existing,095-10-09-11.11-2700,380574.96,1488004.54,2300.76,0,0, ,233.197600652,2300.75684521,357.78515625,91.9385638586332
10684,,PossiblyChanged,095-10-09-11.11-8000,380192.91,1488177.63,1862.69,0,0, ,198.961403829,1862.6786357,289.66796875,78.4001315793292
10685,,Existing,095-10-09-11.11-1500,380636.18,1488376.99,12953.83,0,0, ,512.722012501,12953.837465,2014.47265625,202.085730645868
10686,,New,095-10-09-11.11-9800,379958.49,1488345.96,221.41,0,0, ,57.2934828711,221.411438364,34.4296875,22.5805112931988
10687,,Existing,095-10-09-11.11-10000,379926.48,1488411.4,801.94,0,0, ,125.28255783,801.935431633,124.70703125,49.4072893891132
10688,,Existing,095-10-09-11.11-7500,380168.82,1488431.57,2788.44,0,0, ,274.998744876,2788.44641353,433.640625,108.453527673022
10689,,Existing,095-10-09-11.11-12800,379875.77,1488006.85,704,0,0, ,106.397425003,703.997828155,109.4765625,41.9632360037024
10690,,Existing,095-10-09-11.11-12800,379786.02,1488023.02,1629.04,0,0, ,177.2693244,1629.03609482,253.3203125,69.8686794345644
10691,,Existing,095-10-09-11.11-9000,380052.86,1487944.13,1008.18,0,0, ,151.825677729,1008.17417972,156.7734375,59.8606537238704
10692,,Existing,095-10-09-11.11-8900,380045.81,1487901.8,1454.19,0,0, ,158.333016671,1454.18990071,226.1328125,62.417840567103
10693,,Existing,095-10-09-11.11-8500,380177.77,1487941.02,1838.62,0,0, ,183.646488552,1838.60649625,285.91015625,72.408465876848
10694,,Existing,095-10-09-11.11-8500,380237.24,1487960.84,304.57,0,0, ,73.3212540107,304.565935211,47.36328125,28.8960141844508
10695,,Existing,095-10-09-11.11-8400,380259.49,1487994.69,363.63,0,0, ,77.7963622154,363.632588064,56.54296875,30.6664379205853
10696,,Existing,095-10-09-11.11-3200,380448.21,1488004.28,1044.03,0,0, ,135.928982781,1044.02705254,162.34765625,53.588200923804
10697,,Existing,095-10-09-11.11-2600,380569.54,1488078.19,1899.37,0,0, ,191.079084698,1899.35190617,295.36328125,75.3556780577653
10698,,Existing,095-10-09-11.11-8200,380260.69,1488074.06,493.62,0,0, ,99.7937891453,493.617268183,76.76171875,39.317248035462
10699,,Existing,095-10-09-11.11-3500,380347.99,1488128.66,662.26,0,0, ,102.982405448,662.257874332,102.98828125,40.6083558627201
10700,,Existing,095-10-09-11.11-8400,380165.49,1488004.51,1157.41,0,0, ,145.41370157,1157.40424139,179.98046875,57.3365641095139
10701,,Existing,095-10-09-11.11-8200,380169.76,1488082.17,1107.47,0,0, ,139.21218337,1107.4726386,172.22265625,54.8711508615064
10702,,Existing,095-10-09-11.11-9200,379929.91,1488054.87,453.66,0,0, ,86.3331606761,453.671622886,70.54296875,34.0377956689792
10703,,Existing,095-10-09-11.11-9300,380046.82,1488091.05,1053.94,0,0, ,139.081254581,1053.94826307,163.89453125,54.824767385461
10704,,Existing,095-10-09-11.11-9400,380044.7,1488123.27,932.17,0,0, ,136.277995942,932.179715969,144.96875,53.7297872242156
10705,,Existing,095-10-09-02.44-13900,380031.02,1489563.83,2709.35,0,0, ,209.153781153,2709.35807196,421.3828125,82.467935266464
10706,,Existing,095-10-09-02.44-4100,380528.31,1489647.38,1067.02,0,0, ,144.693248039,1067.01895203,165.94921875,57.0461779247886
10707,,Existing,095-10-09-02.44-12400,379932.75,1490179.27,843.35,0,0, ,116.697785932,843.357551029,131.171875,46.031920692843
10708,,Existing,095-10-09-02.44-12700,379959.72,1489979.14,1155.39,0,0, ,152.038729045,1155.38584024,179.6953125,59.9712486363452
10709,,Existing,095-10-09-02.44-12690,380032.51,1490083.39,1206.06,0,0, ,155.931298447,1206.05741452,187.578125,61.5110468860994
10710,,Existing,095-10-09-02.44-13200,379861.62,1489837.39,1736.72,0,0, ,174.278889382,1736.71124135,270.109375,68.7604088461088
10711,,Existing,095-10-09-02.44-14200,379938.24,1489684.64,712.63,0,0, ,114.058437545,712.629802309,110.83203125,44.9755080822998
10712,,Existing,095-10-09-02.44-13700,380037.43,1489648.74,2012.19,0,0, ,213.507874868,2012.18539449,312.94140625,84.2456584053307
10713,,Existing,095-10-09-02.44-13500,380006.07,1489736.35,3341.74,0,0, ,261.371908487,3341.75814606,519.73828125,102.997278443902
10714,,Existing,095-10-09-02.44-10000,380172.61,1489991.12,6250.11,0,0, ,354.485852612,6250.09899927,972.0859375,139.843257927675
10715,,Existing,095-10-09-02.44-9900,380246.86,1490043.79,699.34,0,0, ,105.997819506,699.343488896,108.76953125,41.7976237624854
10716,,Existing,095-10-09-02.44-9900,380254.08,1489995.95,2142.06,0,0, ,209.515371079,2142.05438141,333.1484375,82.6493418648109
10717,,Existing,095-10-09-02.44-10000,380200.36,1490084.36,885.99,0,0, ,125.308804497,885.994004574,137.80078125,49.398433996733
10718,,Existing,095-10-09-02.44-10400,380303.37,1490139.55,422.01,0,0, ,82.5788370947,422.014928426,65.640625,32.5737127785745
10719,,Existing,095-10-09-02.44-10100,380255.05,1490148.37,476.93,0,0, ,89.3426118465,476.923079964,74.17578125,35.2496017855473
10720,,Existing,095-10-09-02.44-10200,380262.02,1490176.39,466.56,0,0, ,86.4301963459,466.555577945,72.5625,34.0880044056005
10721,,Existing,095-10-09-02.44-10400,380312.06,1490226.65,2025.51,0,0, ,197.434053269,2025.50386455,315.0390625,77.9162467920842
10722,,Existing,095-10-09-02.44-10500,380366.81,1490242.81,1858.89,0,0, ,193.051573894,1858.89689257,289.12109375,76.1649038748572
10723,,Existing,095-10-09-02.44-10100,380173.25,1490138.62,2326.69,0,0, ,215.774534757,2326.68870496,361.875,85.0379918283212
10724,,Existing,095-10-09-02.44-10200,380168.96,1490179.98,2247.71,0,0, ,195.576626735,2247.71068525,349.6015625,77.0965880514154
10725,,Existing,095-10-09-02.44-10600,380440.24,1490134.17,626.4,0,0, ,100.15797611,626.394394369,97.421875,39.5024700394507
10726,,Existing,095-10-09-02.44-3190,380516.46,1490078.79,1203.36,0,0, ,144.691872799,1203.35172216,187.15234375,57.0726447226731
10727,,Existing,095-10-09-02.44-3000,380551.84,1490078.99,569.95,0,0, ,95.7573986109,569.953250037,88.6484375,37.758856950575
10728,,Changed,095-10-09-02.44-3000,380553.7,1489984.86,1455.73,1512,-3.72, ,161.640881837,1455.72351804,226.40625,63.7741745186845
10729,,Existing,095-10-09-02.44-9500,380407.96,1489981.35,1889.78,0,0, ,186.542933993,1889.78921072,293.921875,73.578644500369
10730,,Existing,095-10-09-02.44-8400,380444.07,1489687.06,1240.71,0,0, ,143.859682074,1240.70286182,192.9609375,56.7293014242478
10731,,Existing,095-10-09-02.44-4000,380534.37,1489696,1460.37,0,0, ,167.678100526,1460.37532203,227.1328125,66.1132402275278
10732,,Existing,095-10-09-02.44-3500,380526.49,1489748.49,1707.97,0,0, ,169.122976944,1707.98278173,265.63671875,66.6750123882652
10733,,Existing,095-10-09-02.44-3400,380537.74,1489791.26,2217.37,0,0, ,209.678166161,2217.36716605,344.85546875,82.6375447977771
10734,,Existing,095-10-09-02.44-3200,380526.67,1489835.79,1429.81,0,0, ,160.68909208,1429.80193839,222.375,63.3461680750155
10735,,Existing,095-10-09-02.44-2900,380594.23,1489986.66,1803.78,0,0, ,181.971455307,1803.7797627,280.54296875,71.7987815639918
10736,,Existing,095-10-09-02.44-8300,380447.76,1489580.17,1592.5,0,0, ,181.209409792,1592.51176612,247.6796875,71.5076548336378
10737,,Existing,095-10-09-02.44-8600,380334.32,1489686.63,773.28,0,0, ,111.541771665,773.278147168,120.265625,43.9822006903441
10738,,Existing,095-10-09-02.44-9600,380411.02,1490063.85,4189.05,0,0, ,281.945979172,4189.03781986,651.53515625,111.190199164563
10739,,Existing,095-10-09-02.44-12400,380003.53,1490180.11,2118,0,0, ,206.841659395,2117.99322093,329.41796875,81.5141872143502
10740,,Existing,095-10-09-02.44-11900,379858.75,1490211.09,464.5,0,0, ,86.6241563606,464.502478985,72.25,34.1560046125384
10741,,Existing,095-10-09-02.44-12000,379860.24,1490158.38,494.38,0,0, ,88.9433916584,494.382425722,76.89453125,35.0765941331952
10742,,Existing,095-10-09-02.44-12500,379906.08,1490133.23,1043.51,0,0, ,131.591745031,1043.52086027,162.296875,51.9165732613284
10743,,Existing,095-10-09-02.44-9300,380202.28,1489848.02,5468.74,0,0, ,415.845223691,5468.74822766,850.5546875,163.837509501465
10744,,Existing,095-10-09-02.44-9200,380179.36,1489809.73,2900.09,0,0, ,254.54478895,2900.08517264,451.03515625,100.306607662625
10745,,Existing,095-10-09-02.44-10300,380188.19,1490231.07,3321.83,0,0, ,318.403049235,3321.83621599,516.65625,125.532320575802
10746,,Existing,095-10-09-02.44-4200,380527.86,1489601.25,1175,0,0, ,143.821334434,1175.00300691,182.7421875,56.7047284106608
10747,,Existing,095-10-09-02.44-4400,380543.29,1489565.38,1800.2,0,0, ,174.524201877,1800.19055113,279.98046875,68.8088434402771
10748,,Existing,095-10-09-02.44-4300,380587.92,1489563.44,1216.47,0,0, ,165.852686673,1216.45187254,189.1875,65.4115991251305
10749,,Existing,095-10-09-02.41-12300,379899.97,1491118.4,1146.43,0,0, ,137.237417183,1146.42367583,178.31640625,54.1429716270363
10750,,Existing,095-10-09-02.41-12400,379997.19,1491032.21,2137.28,0,0, ,243.285884246,2137.28697533,332.44140625,95.8757459292307
10751,,Existing,095-10-09-02.41-7400,380386.15,1491148.26,2119.51,0,0, ,228.600251935,2119.516397,329.6875,90.2281259745462
10752,,Existing,095-10-09-02.41-7600,380299.35,1491144.79,1827.86,0,0, ,185.068103917,1827.87389565,284.31640625,73.0443684974788
10753,,Existing,095-10-09-02.41-7900,380399.49,1490914.56,2307.42,0,0, ,238.481132996,2307.41660349,358.87890625,94.0153729894701
10754,,PossiblyChanged,095-10-09-02.41-7800,380298.87,1490949.81,185.17,0,0, ,56.0038250014,185.165815797,28.796875,22.076892139808
10755,,Existing,095-10-09-02.44-11100,380259.16,1490379.65,289.67,0,0, ,69.0107611699,289.665078287,45.05859375,27.2075866002275
10756,,Existing,095-10-09-02.44-11200,380230.52,1490462.19,153.58,0,0, ,49.571084673,153.579637766,23.890625,19.5498627940026
10757,,Existing,095-10-09-02.44-11000,380314.02,1490479.49,934.94,0,0, ,122.884633377,934.935779003,145.41796875,48.4541492006011
10758,,Existing,095-10-09-02.41-9800,380222.61,1491129.4,308.56,0,0, ,75.573916747,308.550751776,47.9921875,29.8278851011822
10759,,Existing,095-10-09-02.41-9800,380143.09,1491121.1,1644.8,0,0, ,177.20595797,1644.80533765,255.84375,69.8527866845869
10760,,Existing,095-10-09-02.41-4400,380550.8,1490973.37,1780.67,0,0, ,185.425123185,1780.6739825,276.9765625,73.1067441930289
10761,,Existing,095-10-09-02.41-4100,380548.8,1490830.01,1748.4,0,0, ,177.23713333,1748.4116722,271.953125,69.8690459166146
10762,,Existing,095-10-09-02.41-7900,380326.33,1490908.53,820.7,0,0, ,129.729694918,820.701464922,127.65625,51.1480303165509
10763,,Existing,095-10-09-02.41-9500,380236.18,1490957.4,886.38,0,0, ,119.456323348,886.382819198,137.87109375,47.1049675109545
10764,,Existing,095-10-09-02.41-9400,380265.96,1490914.78,374.87,0,0, ,80.6627819632,374.865582964,58.3046875,31.8304427492418
10765,,Existing,095-10-09-02.44-11600,379836.92,1490427.51,873.89,0,0, ,118.549631663,873.89096466,135.91796875,46.7471240626798
10766,,Existing,095-10-09-02.44-11300,380005.97,1490354.66,2125.78,0,0, ,197.07175056,2125.7825108,330.640625,77.6765587900561
10767,,Existing,095-10-09-02.44-11101,380254.07,1490415.98,831.75,0,0, ,117.277476029,831.756394312,129.3671875,46.2688534287375
10768,,Existing,095-10-09-02.44-11200,380256.75,1490461.53,1013.33,0,0, ,127.479208705,1013.33396294,157.609375,50.2707067223242
10769,,Existing,095-10-09-02.44-10800,380400.98,1490475.54,1280.15,0,0, ,170.447882325,1280.14993134,199.109375,67.2036218298099
10770,,Existing,095-10-09-02.41-8500,380393.15,1490528.86,2025.81,0,0, ,227.228283074,2025.8118954,315.0859375,89.5768582247866
10771,,Existing,095-10-09-02.41-8500,380308.3,1490536.53,750.12,0,0, ,115.777027596,750.118298058,116.671875,45.6350656462944
10772,,Existing,095-10-09-02.41-8400,380311.54,1490564.68,516.54,0,0, ,90.9117280886,516.545301343,80.34375,35.8545097626699
10773,,Existing,095-10-09-02.41-8800,380257.21,1490629.51,885.64,0,0, ,119.561937076,885.646627138,137.75390625,47.1623055401325
10774,,Existing,095-10-09-02.41-8300,380391.69,1490634.87,2545.68,0,0, ,245.96105149,2545.68533014,395.95703125,96.970118353427
10775,,Existing,095-10-09-02.41-8400,380397.11,1490572.18,2005.98,0,0, ,190.376168991,2005.99458204,312.0078125,75.0493835715891
10776,,Existing,095-10-09-02.41-8600,380267.09,1490528.54,893.36,0,0, ,128.687218696,893.363647377,138.95703125,50.7886500867209
10777,,Existing,095-10-09-02.44-11500,379862.33,1490459.86,644.36,0,0, ,101.868791314,644.35960918,100.22265625,40.1817865964587
10778,,Existing,095-10-09-02.41-13300,379900.09,1490516.16,694.31,0,0, ,105.901309981,694.309299055,107.99609375,41.7738898254901
10779,,Existing,095-10-09-02.41-13100,379904.37,1490640.65,778.8,0,0, ,112.002227673,778.782113536,121.1328125,44.1793015491191
10780,,Existing,095-10-09-02.41-12600,379899.32,1490915.06,374.61,0,0, ,77.7961229118,374.612486252,58.26171875,30.6880378514314
10781,,Existing,095-10-09-02.41-14100,379859.58,1490917.88,515.12,0,0, ,90.7903099897,515.123076338,80.12109375,35.8075075037985
10782,,Existing,095-10-09-02.41-12700,379902.13,1490842.24,474.41,0,0, ,87.166492328,474.422485019,73.79296875,34.3753189398932
10783,,Existing,095-10-09-02.41-12800,379904.74,1490810.57,812,0,0, ,114.126412168,811.991629716,126.30078125,45.0146322831788
10784,,Existing,095-10-09-02.41-12900,379911.87,1490773.35,290.51,0,0, ,69.9570308114,290.514088011,45.19140625,27.5777318665249
10785,,Existing,095-10-09-02.41-12900,379912.92,1490743.64,1194.78,0,0, ,163.181509082,1194.77594172,185.83203125,64.3506121701738
10786,,Existing,095-10-09-02.41-13800,379844.53,1490739.9,405.55,0,0, ,80.6634085489,405.552444131,63.078125,31.8092442774169
10787,,Existing,095-10-09-02.41-13900,379851.81,1490773.13,625.84,0,0, ,100.462226282,625.842255834,97.34375,39.6280881240335
10788,,Existing,095-10-09-02.41-13000,379992.59,1490759.97,3942.48,0,0, ,301.636811776,3942.48404006,613.2109375,118.955836584275
10789,,Existing,095-10-09-02.41-12800,379994.15,1490811.55,2052.58,0,0, ,205.293618147,2052.5752343,319.2578125,80.9034481200705
10790,,Existing,095-10-09-02.41-3900,380545.93,1490740.68,1737.18,0,0, ,177.707688838,1737.19809652,270.19921875,70.0434010880444
10791,,Existing,095-10-09-02.41-8100,380393.18,1490783.09,2186.57,0,0, ,214.100645728,2186.57307648,340.1015625,84.3957871976044
10792,,Existing,095-10-09-02.41-8200,380396.08,1490739.32,2850.97,0,0, ,256.918891634,2850.96864525,443.4296875,101.265558171763
10793,,Existing,095-10-09-02.41-8100,380300.17,1490770.65,421.85,0,0, ,82.1920928434,421.856638296,65.61328125,32.4174307814244
10794,,Existing,095-10-09-02.41-8900,380267.38,1490748.85,397.75,0,0, ,80.3020053977,397.750632636,61.8671875,31.6773492191105
10795,,Existing,095-10-09-02.41-8900,380237.2,1490741.05,1263.37,0,0, ,152.471364423,1263.37554352,196.5078125,60.1504023090758
10796,,Existing,095-10-09-02.41-9100,380144.28,1490777.42,1758.42,0,0, ,175.540733344,1758.41845907,273.515625,69.1994039339592
10797,,Existing,095-10-09-02.41-9200,380161.63,1490818.13,1992.41,0,0, ,193.910672682,1992.39886675,309.90234375,76.4231312481652
10798,,Existing,095-10-09-02.41-9300,380161.82,1490859.34,1990.55,0,0, ,197.22401499,1990.54575581,309.62109375,77.7429275080389
10799,,Existing,095-10-09-02.41-9200,380229.04,1490825.09,418.11,0,0, ,84.197497071,418.106750131,65.03125,33.1906408264148
10800,,Existing,095-10-09-02.41-9100,380250.46,1490782.94,695.33,0,0, ,105.501459492,695.331042536,108.1484375,41.6102718239947
10801,,Existing,095-10-09-02.41-8000,380385.07,1490861.48,2152.14,0,0, ,214.610965974,2152.13696445,334.75390625,84.6002844930301
10802,,Existing,095-10-09-02.44-10700,380415.3,1490389.57,3909.02,0,0, ,276.041319255,3909.02364189,607.9921875,108.930296019339
10803,,Existing,095-10-09-02.41-13400,379859.77,1490526.29,787.74,0,0, ,113.405941159,787.745043162,122.52734375,44.7381543133959
10804,,Existing,095-10-09-02.41-13200,379993.21,1490603.09,2494.58,0,0, ,226.747852204,2494.58205696,388.0078125,89.3513847535535
10805,,Existing,095-10-09-02.41-13100,379996.21,1490647.1,1887.93,0,0, ,198.327774012,1887.92776988,293.6484375,78.1762194783731
10806,,Existing,095-10-09-02.44-11300,379904.64,1490357.08,864.27,0,0, ,118.694737794,864.274719898,134.42578125,46.7981583209932
10807,,Existing,095-10-09-02.44-11700,379857.9,1490380.72,885.78,0,0, ,119.967526894,885.785414905,137.76953125,47.3012066981692
10808,,Existing,095-10-09-02.44-11101,380160.37,1490357.67,2321.01,0,0, ,208.202192537,2321.008848,360.99609375,82.0576083923307
10809,,Existing,095-10-09-02.44-10900,380354.63,1490376.04,1875.69,0,0, ,200.452431934,1875.69294476,291.74609375,79.1128170042195
10810,,Existing,095-10-09-02.41-8300,380304.91,1490605.09,739.9,0,0, ,111.414996584,739.897570001,115.078125,43.9593291578151
10811,,Existing,095-10-09-02.44-1000,380543.08,1490455.88,1859.86,0,0, ,192.326689313,1859.85625505,289.2734375,75.8524633801844
10812,,Existing,095-10-09-02.41-3700,380546.59,1490598.38,2148.3,0,0, ,213.227773157,2148.29683461,334.140625,84.0413620218101
10813,,Existing,095-10-09-02.41-4000,380556.29,1490786.94,1681.98,0,0, ,184.167490635,1681.96544979,261.609375,72.5903598102897
10814,,Existing,095-10-09-02.41-4200,380552.39,1490869.13,1827.07,0,0, ,181.780258305,1827.07300104,284.1875,71.6482212446988
10815,,Existing,095-10-09-02.41-7800,380390.15,1490973.75,2227.2,0,0, ,207.038547738,2227.1924267,346.421875,81.6138166489103
10816,,Existing,095-10-09-02.41-7800,380304.58,1490990.99,703.82,0,0, ,112.345066456,703.821865239,109.47265625,44.3256420003362
10817,,Existing,095-10-09-02.41-9600,380257.75,1491034.37,761.47,0,0, ,119.549871194,761.455726763,118.4375,47.1685458298594
10818,,Existing,095-10-09-02.41-7700,380302.29,1491018.68,363.17,0,0, ,77.0249859044,363.171275539,56.484375,30.3692111030687
10819,,Existing,095-10-09-02.41-9400,380152.74,1490909.32,2071.55,0,0, ,196.947264106,2071.55582343,322.21875,77.630625407609
10820,,Existing,095-10-09-02.41-9600,380158.1,1491022.12,1578.76,0,0, ,167.139782286,1578.76721751,245.5703125,65.8995750858222
10821,,Existing,095-10-09-02.41-12500,380003.91,1490958.3,2156.46,0,0, ,206.696658495,2156.45380528,335.4140625,81.4923339475914
10822,,Existing,095-10-09-02.41-12600,379995.52,1490910.3,1227.07,0,0, ,149.373545598,1227.06601048,190.86328125,58.9110712538984
10823,,Existing,095-10-09-02.41-14200,379847.66,1490947.78,788.9,0,0, ,112.570181899,788.901332228,122.70703125,44.4021440266265
10824,,Existing,095-10-09-02.41-12300,380000.57,1491137.5,3161.55,0,0, ,281.023256005,3161.53867587,491.7734375,110.823600314589
10825,,Existing,095-10-09-02.44-11100,380254.18,1490355.25,831.47,0,0, ,121.201201171,831.475210208,129.3203125,47.8084042514112
10826,,PossiblyChanged,095-10-09-02.41-8700,380164.76,1490589.47,1800.42,0,0, ,211.612284441,1800.44035138,280.0390625,83.403150250435
10827,,Existing,095-10-09-02.41-8800,380162.17,1490642.63,2434.91,0,0, ,227.353334754,2434.90467228,378.72265625,89.6148643570031
10828,,Existing,095-10-09-02.41-12700,379991.45,1490856.3,2406.23,0,0, ,265.529774363,2406.22232299,374.27734375,104.686048006212
10829,,New,095-10-09-02.41-14600,379811.41,1491173.27,172.35,0,0, ,53.6968597516,172.351900939,26.8125,21.1688140457504
10830,,Changed,095-10-09-02.41-11300,379921.99,1491612.81,158.67,1079.61,-85.3, ,50.5117099881,158.674043686,24.6796875,19.9190091524655
10831,,Existing,095-10-09-02.41-11300,379898.95,1491604.95,811.36,0,0, ,113.938691878,811.358692084,126.203125,44.9370088607379
10832,,New,095-10-09-02.14-10400,379815.93,1491868.77,917.4,0,0, ,121.868025368,917.393975865,142.703125,48.0757058372749
10833,,PossiblyChanged,095-10-09-02.41-11200,379993.44,1491675.07,1434.79,0,0, ,186.027495113,1434.78839251,223.1953125,73.3278194193613
10834,,Existing,095-10-09-02.41-11100,379977.85,1491723.94,2583.38,0,0, ,252.730772989,2583.3844693,401.8515625,99.5956488730927
10835,,Existing,095-10-09-02.41-11000,379985.61,1491764.89,1800.89,0,0, ,198.864379509,1800.88374998,280.125,78.3667463812476
10836,,Existing,095-10-09-02.41-4900,380523.93,1491204.16,1332.4,0,0, ,165.795165474,1332.40696975,207.2578125,65.3561506553746
10837,,Existing,095-10-09-02.41-9900,380138.05,1491163.12,1401.05,0,0, ,164.125498416,1401.04875534,217.9296875,64.7135650690613
10838,,Existing,095-10-09-02.41-10100,380154.22,1491239.21,2563.48,0,0, ,232.246792889,2563.46529826,398.73828125,91.5310699365571
10839,,PossiblyChanged,095-10-09-02.41-10200,380154.32,1491288.78,2116.89,0,0, ,236.347853635,2116.88536924,329.27734375,93.1622081807499
10840,,New,095-10-09-02.41-7400,380393.85,1491251.31,198.62,0,0, ,65.0794703045,198.617827764,30.88671875,25.6412063547528
10841,,PossiblyChanged,095-10-09-02.41-10700,380155.11,1491662.11,2644.31,0,0, ,320.101779814,3016.90774366,469.28125,126.172286617319
10842,,PossiblyChanged,095-10-09-02.41-10900,380240.92,1491768.01,179.64,0,0, ,55.7862041166,179.637445056,27.94140625,21.9899892901149
10843,,Existing,095-10-09-02.41-6700,380386.68,1491591.97,2311.6,0,0, ,213.164649983,2311.60456344,359.5703125,84.0687950266153
10844,,Existing,095-10-09-02.14-3500,380511.22,1491896.81,2105.77,0,0, ,210.388090228,2105.76842287,327.56640625,83.0342780246714
10845,,Changed,095-10-09-02.14-3400,380556.47,1491893.53,1806.88,1698.11,6.41, ,179.737548428,1806.87883879,281.06640625,70.9005881551884
10846,,New,095-10-09-02.14-3400,380567.99,1491944.04,211.25,0,0, ,59.4719328899,211.249099005,32.85546875,23.4659797086053
10847,,Existing,095-10-09-02.41-11800,380010.98,1491362.81,1786.21,0,0, ,180.709341773,1786.21284365,277.8359375,71.2440033268691
10848,,PossiblyChanged,095-10-09-02.41-11700,380007.02,1491436.09,1894.15,0,0, ,208.426896047,1894.1462379,294.62890625,82.1559144187732
10849,,Existing,095-10-09-02.41-11600,380002.14,1491492.64,1948.33,0,0, ,210.315305436,1948.3223151,303.0546875,82.8970075772043
10850,,PossiblyChanged,095-10-09-02.41-11300,379992.81,1491611.86,1911.1,0,0, ,229.823013062,1911.09462617,297.26171875,90.5784497258084
10851,,PossiblyChanged,095-10-09-02.14-6700,380239.04,1491888.95,1513.37,0,0, ,169.314343997,1513.36700556,235.40234375,66.8015790940804
10852,,Existing,095-10-09-02.41-6600,380398.35,1491664,1893.65,0,0, ,190.801728683,1893.66008675,294.55859375,75.2153142069863
10853,,PossiblyChanged,095-10-09-02.41-10500,380144.54,1491509.31,2086.73,0,0, ,196.343824986,2086.72645537,324.59375,77.408838886964
10854,,Changed,095-10-09-02.41-5400,380602.35,1491294.89,2548.04,1638.91,55.47, ,261.775589936,2548.03963748,396.33203125,103.147454662911
10855,,Changed,095-10-09-02.41-7100,380318.22,1491348.38,1005.87,943.22,6.64, ,160.639867817,1005.87572804,156.45703125,63.3245281290717
10856,,PossiblyChanged,095-10-09-02.14-6600,380298.58,1491883.4,2214.04,0,0, ,221.363278139,2214.04167962,344.40234375,87.3409510331085
10857,,Existing,095-10-09-02.14-6400,380433.97,1491892.99,1880.08,0,0, ,211.294478053,1880.07567396,292.4453125,83.3953061591259
10858,,New,095-10-09-02.14-6600,380299.33,1491977.96,1803.83,0,0, ,176.767808637,1803.83445255,280.59375,69.730205560185
10859,,Existing,095-10-09-02.41-14700,379834.94,1491194.51,714.43,0,0, ,106.958252386,714.42971574,111.12890625,42.1860780062474
10860,,Existing,095-10-09-02.41-14900,379848.27,1491266.33,339.06,0,0, ,81.1390319917,339.060388699,52.73828125,32.0002215678562
10861,,Existing,095-10-09-02.41-11900,379902.52,1491320.29,696.22,0,0, ,115.893153175,696.22538702,108.30078125,45.7333616449764
10862,,Existing,095-10-09-02.41-15000,379853.53,1491327.24,473.16,0,0, ,87.8164140327,473.160976937,73.6015625,34.6250077659257
10863,,Existing, ,379862.94,1491372.59,258.67,0,0, ,65.147709612,258.667229566,40.23828125,25.7021793120761
10864,,Existing,095-10-09-02.41-11800,379897.73,1491379.29,824.22,0,0, ,115.316042341,824.240187642,128.21484375,45.488578629599
10865,,Existing,095-10-09-02.41-11700,379894.33,1491441.26,190.06,0,0, ,56.5139211177,190.057151776,29.5625,22.2791797264577
10866,,Existing,095-10-09-02.41-11700,379915.91,1491455.92,415.91,0,0, ,81.6221764401,415.904726509,64.69140625,32.1894072746046
10867,,Existing,095-10-09-02.41-11500,379904.23,1491531.44,600.99,0,0, ,98.7080853563,600.998344225,93.48046875,38.9393149415105
10868,,Existing,095-10-09-02.41-11400,379908.34,1491564.5,433,0,0, ,83.2746711015,433.000549079,67.36328125,32.8455356829422
10869,,Existing,095-10-09-02.41-11200,379886.51,1491654.43,421.43,0,0, ,82.1203214428,421.436632042,65.55859375,32.3890189472133
10870,,Existing,095-10-09-02.41-15600,379833.53,1491697.24,611.42,0,0, ,99.0406190053,611.410794395,95.109375,39.0658506805871
10871,,Existing,095-10-09-02.41-11100,379891.65,1491730.37,439.49,0,0, ,84.9677437567,439.485243767,68.36328125,33.5005955390743
10872,,Existing,095-10-09-02.41-15800,379849.47,1491775.32,613.22,0,0, ,99.1674339148,613.225376377,95.3828125,39.1156744208241
10873,,Existing,095-10-09-02.14-10500,379783.13,1491863.52,915.22,0,0, ,121.990121615,915.222616353,142.359375,48.1011677098289
10874,,Existing,095-10-09-02.14-10400,379847.01,1491858.38,1543.88,0,0, ,182.039966248,1543.88000728,240.15234375,71.8379082133667
10875,,Existing,095-10-09-02.14-10300,379884.98,1491854.51,465.21,0,0, ,86.9025678456,465.212462581,72.36328125,34.2829846586884
10876,,Existing,095-10-09-02.14-10700,379826.06,1491938.85,703.99,0,0, ,106.149347433,703.986439956,109.5078125,41.8674270396314
10877,,Existing,095-10-09-02.41-12200,379992.62,1491198.34,2094.4,0,0, ,204.258375242,2094.40328482,325.7734375,80.508647161899
10878,,Existing,095-10-09-02.41-12000,380001.29,1491281.74,2001.9,0,0, ,197.790876775,2001.89097774,311.37890625,77.9557872430814
10879,,Existing,095-10-09-02.41-11900,380007.93,1491319.35,1765.03,0,0, ,182.408271973,1765.03238258,274.55078125,71.9045199234356
10880,,Existing,095-10-09-02.41-4800,380524.15,1491163.81,1222.98,0,0, ,144.249697031,1222.97240257,190.2265625,56.8813797494988
10881,,Existing,095-10-09-02.41-9900,380212.09,1491153.93,331.47,0,0, ,73.5839635582,331.47157316,51.5625,29.0293715981286
10882,,Existing,095-10-09-02.41-10000,380143.63,1491197.12,1424.38,0,0, ,174.050140286,1424.37851585,221.55859375,68.6067016696105
10883,,Existing,095-10-09-02.41-10400,380148.68,1491413.75,2156.61,0,0, ,198.228091863,2156.61454475,335.45703125,78.1434097410723
10884,,Existing,095-10-09-02.41-10400,380195.59,1491438.51,735.54,0,0, ,108.874023918,735.545875775,114.41015625,42.9323429332175
10885,,Existing,095-10-09-02.41-10300,380239.79,1491328.44,445.57,0,0, ,85.1441866681,445.572958862,69.30859375,33.5718100005204
10886,,Existing,095-10-09-02.41-7000,380316.71,1491387.83,550.41,0,0, ,97.021953618,550.405352404,85.609375,38.2456025689046
10887,,Existing,095-10-09-02.41-10000,380253.91,1491195.78,490.18,0,0, ,88.6033318682,490.18232542,76.25,34.9467963740708
10888,,Existing,095-10-09-02.41-7600,380303.81,1491246.07,504.67,0,0, ,89.8791911036,504.675285796,78.50390625,35.4466506538016
10889,,Existing,095-10-09-02.41-7500,380355.24,1491230.5,474.06,0,0, ,88.6124022276,474.050845156,73.734375,34.9611930754963
10890,,Existing,095-10-09-02.41-7400,380383.91,1491232.87,552.8,0,0, ,94.1428622317,552.804709406,85.984375,37.1260495198843
10891,,Existing,095-10-09-02.41-7300,380422.7,1491244.8,744.37,0,0, ,109.64700528,744.368976792,115.7890625,43.2443465598191
10892,,Existing,095-10-09-02.41-7200,380352.59,1491291.96,216.19,0,0, ,60.9014471782,216.188847626,33.625,24.0317824286923
10893,,Existing,095-10-09-02.41-7100,380409.84,1491355.02,1704.8,0,0, ,181.391954604,1704.79766466,265.1875,71.4986327428383
10894,,Existing,095-10-09-02.41-7000,380407.34,1491392.82,1701.8,0,0, ,181.762063885,1701.80127078,264.7109375,71.6398240173612
10895,,Existing,095-10-09-02.41-6900,380409.22,1491433.66,1680.06,0,0, ,186.220100008,1680.06820325,261.33984375,73.4060353441888
10896,,Existing,095-10-09-02.41-6900,380346.57,1491441.43,460,0,0, ,87.0313220308,460.003074649,71.5546875,34.3133270918507
10897,,Existing,095-10-09-02.41-10800,380222.99,1491740.69,1012.48,0,0, ,127.29474254,1012.47746465,157.49609375,50.2036776298498
10898,,Existing,095-10-09-02.41-6500,380289.36,1491780.69,442.56,0,0, ,84.2501054587,442.556673507,68.8359375,33.2317634310139
10899,,Existing,095-10-09-02.41-6500,380312.28,1491779.91,451.69,0,0, ,86.3489336746,451.686620211,70.265625,34.0682493896942
10900,,Existing,095-10-09-02.41-6200,380534.84,1491661.18,688.08,0,0, ,104.926927069,688.087780466,107.03125,41.3828773709405
10901,,Existing,095-10-09-02.41-6100,380528.07,1491778.42,1572.88,0,0, ,176.354211891,1572.88147986,244.66796875,69.5373096215746
10902,,Existing,095-10-09-02.41-6100,380567.7,1491764.29,448.74,0,0, ,88.0140457625,448.742056649,69.80859375,34.7318328673191
10903,,Existing,095-10-09-02.14-10300,379920.95,1491902.58,1093.92,0,0, ,132.364774545,1093.91282338,170.16015625,52.2019480678736
10904,,Existing,095-10-09-02.14-10300,379974.19,1491871.94,2492.13,0,0, ,205.529902038,2492.11762598,387.65625,81.0233240751397
10905,,Existing,095-10-09-02.14-3500,380493.08,1491955.69,548.05,0,0, ,93.7430074475,548.05149897,85.24609375,36.9693032538749
10906,,Existing,095-10-09-02.41-12100,380000.74,1491234.41,2179.05,0,0, ,204.939431773,2179.04326098,338.9375,80.7746206330054
10907,,Existing,095-10-09-02.41-11600,379907.5,1491486.1,883.32,0,0, ,119.659392582,883.325597688,137.40234375,47.2042194459265
10908,,Existing,095-10-09-02.41-11500,380010.58,1491531.16,1296.79,0,0, ,152.723447829,1296.79913378,201.7265625,60.2129469623273
10909,,Existing,095-10-09-02.41-11400,380007.3,1491570.04,1402.48,0,0, ,157.226582809,1402.47606508,218.15625,61.9867288955208
10910,,Existing,095-10-09-02.14-6800,380176.39,1491877.23,1702.84,0,0, ,173.133126902,1702.8452342,264.890625,68.2908903693855
10911,,Existing,095-10-09-02.41-10800,380143.08,1491737.95,2280.65,0,0, ,210.52912716,2280.65571943,354.7578125,82.9959471513311
10912,,Existing,095-10-09-02.41-10900,380158.36,1491776.82,2349.37,0,0, ,221.815701114,2349.36737695,365.4609375,87.4102510874925
10913,,Existing,095-10-09-02.41-6600,380292.19,1491674.9,519.43,0,0, ,91.3749949406,519.435298054,80.796875,36.0432784443707
10914,,Existing,095-10-09-02.41-6800,380401.03,1491529.87,1834.17,0,0, ,198.679265503,1834.17145458,285.3125,78.3117558226149
10915,,Existing,095-10-09-02.41-10300,380144.27,1491337.11,1888.3,0,0, ,191.217270862,1888.29897079,293.72265625,75.3964211415656
10916,,Existing,095-10-09-02.41-10500,380199.13,1491479.86,501.94,0,0, ,89.6553389993,501.940732814,78.078125,35.3577993540641
10917,,Existing,095-10-09-02.41-7200,380409.53,1491291.34,1270.26,0,0, ,154.962237175,1270.25767296,197.58203125,61.0949102876964
10918,,Existing,095-10-09-02.41-6200,380526.7,1491715.77,1504.1,0,0, ,170.037157553,1504.09595168,233.96875,67.0402527579568
10919,,Existing,095-10-09-02.14-6500,380385.67,1491889.42,1782.67,0,0, ,193.709826779,1782.66961252,277.3046875,76.4376721390577
10920,,Existing,095-10-09-02.14-10600,379825.91,1491908.14,451.84,0,0, ,90.1734895156,451.843509536,70.28515625,35.5554123298328
10921,,Existing,095-10-09-02.41-6500,380384.27,1491780.43,2228.34,0,0, ,228.107722042,2228.34091403,346.62109375,89.9434078827171
10922,,Changed,095-10-09-02.14-10200,380082.23,1491963.44,4163.51,527.54,689.23, ,412.270698741,4163.51780655,647.66015625,162.660022784385
10923,,Existing,095-10-09-02.41-6900,380353.2,1491420.8,187.04,0,0, ,54.715973791,187.035132495,29.09375,21.5807250653863
10924,,New,095-10-09-02.14-12500,379890.87,1492783.16,350.97,0,0, ,75.1801446043,350.965482681,54.6015625,29.6476218877823
10925,,Existing,095-10-09-02.14-3600,380521.39,1492107.34,2676.97,0,0, ,265.467947967,2676.96076747,416.421875,104.714504162774
10926,,PossiblyChanged,095-10-09-02.14-9800,379930.34,1492403.91,3323.18,0,0, ,264.999545304,3323.1790764,516.95703125,104.565841873949
10927,,Existing,095-10-09-02.14-9400,380086.8,1492252.92,2373.55,0,0, ,243.364828522,2373.55793154,369.22265625,96.0352952023447
10928,,PossiblyChanged,095-10-09-02.14-7300,380246.18,1492255.23,3160.77,0,0, ,265.716790077,3160.77229864,491.6953125,104.768735795894
10929,,Existing,095-10-09-02.14-7600,380234.37,1492640.12,3140.55,0,0, ,261.757324527,3140.54948011,488.55078125,103.286551472671
10930,,Existing,095-10-09-02.14-8700,379987.91,1492783.58,197.39,0,0, ,57.228354843,197.388617703,30.7109375,22.5804805172086
10931,,New,095-10-09-02.14-8600,379914.9,1492782.43,182.25,0,0, ,61.991042485,182.255181538,28.3515625,24.4744769919008
10932,,PossiblyChanged,095-10-09-02.14-6300,380400.44,1492413.48,3033.27,0,0, ,288.363115764,3033.28183872,471.8671875,113.72340843069
10933,,PossiblyChanged,095-10-09-02.14-4500,380566.59,1492343.31,1933.64,0,0, ,201.734848027,1933.6450264,300.796875,79.5327009141011
10934,,New,095-10-09-02.14-4700,380531.17,1492464.5,208.84,0,0, ,58.6507831518,208.838618606,32.484375,23.1405104137179
10935,,Changed,095-10-09-02.14-4800,380576.03,1492534.53,1683.16,1467.74,14.68, ,177.96380692,1683.15614232,261.83984375,70.2001224905608
10936,,New,095-10-09-02.14-6200,380466.18,1492562.72,160.5,0,0, ,52.4948384296,160.492269204,24.97265625,20.7155972622432
10937,,PossiblyChanged,095-10-09-02.14-5200,380580.31,1492795.42,1759.98,0,0, ,191.177261763,1759.98333019,273.7890625,75.4315146662767
10938,,Existing,095-10-09-02.14-11000,379777.87,1492053.9,449.55,0,0, ,90.1582162749,449.547469508,69.9296875,35.5559138486492
10939,,Existing,095-10-09-02.14-10900,379791.37,1492028.59,1228.73,0,0, ,145.737008279,1228.72533073,191.12890625,57.4481401728059
10940,,Existing,095-10-09-02.14-9200,380093.49,1492472.36,3303.07,0,0, ,263.81267166,3303.07062858,513.8359375,104.051328497881
10941,,Changed,095-10-09-02.14-4700,380571.13,1492470.12,1871.84,1699.87,10.12, ,193.785466919,1871.84628355,291.1796875,76.4035292353609
10942,,PossiblyChanged,095-10-09-02.14-4900,380573.02,1492596.28,2161.5,0,0, ,195.211766975,2161.50037294,336.25,76.9860731522678
10943,,Existing,095-10-09-02.14-6000,380399.01,1492734,3785.18,0,0, ,291.479276175,3785.16555719,588.83203125,115.001301809429
10944,,PossiblyChanged,095-10-09-02.14-7000,380259.04,1492084.85,3552.82,0,0, ,281.26961758,3552.81515099,552.66015625,110.956898251603
10945,,Existing,095-10-09-02.14-11400,379773.89,1492228.47,425.98,0,0, ,87.8804016635,425.975100388,66.265625,34.6607126648324
10946,,Existing,095-10-09-02.14-10800,379840.36,1491977.78,170.68,0,0, ,52.346508176,170.681363878,26.55078125,20.6433637716892
10947,,Existing,095-10-09-02.14-11300,379846.71,1492207.48,354.08,0,0, ,76.3459662789,354.072377758,55.08203125,30.1217095895825
10948,,Existing,095-10-09-02.14-11600,379844.51,1492318.42,428.96,0,0, ,83.502630586,428.962578539,66.72265625,32.9426337667465
10949,,Existing,095-10-09-02.14-11900,379838.95,1492454.28,875.84,0,0, ,119.346060525,875.838218337,136.24609375,47.0836871650257
10950,,Existing,095-10-09-02.14-12000,379837.41,1492539.93,1309.56,0,0, ,156.936406785,1309.56552077,203.71875,61.929114097053
10951,,Existing,095-10-09-02.14-12100,379833.4,1492627.76,289.84,0,0, ,70.1602873595,289.837607018,45.08203125,27.6589371281535
10952,,Existing,095-10-09-02.14-12300,379810.4,1492697.29,323.73,0,0, ,73.863526699,323.733082897,50.36328125,29.1198499377265
10953,,Existing,095-10-09-02.14-12300,379836.68,1492706.5,233.66,0,0, ,61.8579216919,233.65742095,36.34765625,24.3903869034645
10954,,Existing,095-10-09-02.14-12400,379825.8,1492746.25,836.27,0,0, ,116.322565964,836.266447675,130.08984375,45.8699411357251
10955,,Existing,095-10-09-02.14-6800,380165.31,1491986.39,544.29,0,0, ,93.9526162734,544.286626482,84.66796875,37.0468367021923
10956,,Existing,095-10-09-02.14-6400,380434.41,1491988.26,679.22,0,0, ,105.305560732,679.221664224,105.66015625,41.5380637309363
10957,,Existing,095-10-09-02.14-3700,380595.72,1492117.05,1858.38,0,0, ,186.045074216,1858.37184141,289.08984375,73.3462164021284
10958,,Existing,095-10-09-02.14-7100,380381.62,1492096.59,2865.7,0,0, ,246.070510686,2865.6990511,445.7890625,97.0222722001567
10959,,Existing,095-10-09-02.14-6900,380188.3,1492102.5,2176.42,0,0, ,199.871162219,2176.41174815,338.5546875,78.7868893988941
10960,,Existing,095-10-09-02.14-10100,379947.34,1492162.97,3229.02,0,0, ,293.448050786,3229.01355533,502.296875,115.782437276309
10961,,Existing,095-10-09-02.14-10000,379929.49,1492278.98,2892.98,0,0, ,283.900976263,2892.9663076,450.02734375,111.983332391688
10962,,Existing,095-10-09-02.14-9300,380097.71,1492373.44,2753.01,0,0, ,265.565504828,2753.00782027,428.25390625,104.744577975825
10963,,Existing,095-10-09-02.14-7200,380360.96,1492256.98,4777.94,0,0, ,342.548630925,4777.9340596,743.24609375,135.117394574022
10964,,Existing,095-10-09-02.14-7400,380208.21,1492396.62,3260.62,0,0, ,294.740412071,3260.61403281,507.2265625,116.217622910421
10965,,Existing,095-10-09-02.14-7500,380232.7,1492515.95,3042.24,0,0, ,247.211264496,3042.24409455,473.25,97.5722038340061
10966,,Existing,095-10-09-02.14-6200,380390.56,1492522.86,3189.75,0,0, ,277.294659867,3189.76681262,496.20703125,109.40760999661
10967,,Existing,095-10-09-02.14-4400,380523.84,1492246.27,2032.14,0,0, ,189.781746596,2032.14083763,316.1171875,74.8213512986731
10968,,Existing,095-10-09-02.14-4900,380502.22,1492613.57,809.99,0,0, ,114.490018068,809.982262149,126.00390625,45.146990192421
10969,,Existing,095-10-09-02.14-5000,380579.35,1492661.51,1317.68,0,0, ,150.412021412,1317.68969056,204.98046875,59.3560830624642
10970,,New,095-10-09-13.24-6400,382610.99,1482558.95,4905.01,0,0, ,329.93445514,4905.01119639,762.44140625,130.085011172579
10971,,New,095-10-09-13.21-6000,382619.67,1482940.49,2253.71,0,0, ,212.775744516,2253.70227922,350.328125,83.8910307852395
10972,,New,095-10-09-13.21-5800,382726.26,1482812.23,4632.23,0,0, ,338.84638009,4632.22480701,720.05078125,133.623859924038
10973,,Changed,095-10-09-13.21-5700,382818.07,1482858.29,3125.22,2798.24,11.69, ,272.596030115,3125.22178638,485.796875,107.474400221845
10974,,New,095-10-09-13.21-5600,382900.7,1482941.53,2200.61,0,0, ,217.202014048,2200.60920141,342.07421875,85.6360732443851
10975,,New,095-10-09-13.24-6800,382971.48,1482786.25,3273.53,0,0, ,283.50520028,3273.51544162,508.84765625,111.776810198838
10976,,Existing,095-10-09-13.24-6500,382733.58,1482595.32,3021.48,0,0, ,261.785938416,3021.47202145,469.66015625,103.221427127012
10977,,New,095-10-09-13.24-6300,382536.07,1482663.24,2672.1,0,0, ,237.779649805,2672.10963983,415.36328125,93.7375176358912
10978,,New,095-10-09-13.21-6100,382438.33,1482924.91,3519.14,0,0, ,297.700844678,3132.60269324,486.94921875,117.396236866083
10979,,Existing,095-10-09-13.24-6200,382462.39,1482770.56,3335.9,0,0, ,284.943528094,3335.89187122,518.55078125,112.323334872296
10980,,Existing,095-10-09-13.24-6900,383072.29,1482881.7,3284.76,0,0, ,267.446194236,3069.33586046,477.1171875,105.448216529255
10981,,New,095-10-09-13.21-5500,382961.83,1483024.49,3863.6,0,0, ,298.523329008,3863.59154714,600.58984375,117.697528512218
10982,,Changed,095-10-09-13.21-900,382874.1,1483723.19,2983.42,2883.13,3.48, ,248.258133913,2983.42586839,463.78125,97.8931582673482
10983,,New,095-10-09-13.21-1200,382624.02,1483715.55,3532.87,0,0, ,278.916159741,3532.86665626,549.1953125,109.983677732587
10984,,Existing,095-10-09-13.21-1400,382428.86,1483738.94,3646.66,0,0, ,281.761727744,3445.09962819,535.55859375,111.050639369834
10985,,New,095-10-09-13.21-1800,382618.26,1483534.82,2937.49,0,0, ,236.131486812,2937.50194153,456.64453125,93.0882305121408
10986,,New,095-10-09-13.21-1900,382698.68,1483546.28,2767.45,0,0, ,228.667663138,2767.46408727,430.21484375,90.1477778123322
10987,,New,095-10-09-13.21-2000,382781.21,1483554.1,3089.79,0,0, ,272.037530779,3089.79756248,480.32421875,107.2657533739
10988,,Existing,095-10-09-13.21-2100,382862.56,1483565.89,2896.24,0,0, ,213.412764629,2631.83817715,409.12890625,84.1119955758073
10989,,New,095-10-09-13.21-2200,382950.8,1483523.67,3468.18,0,0, ,266.194991209,3468.17509844,539.13671875,104.965104716569
10990,,Existing,095-10-09-02.14-5900,380405.15,1492834.79,2157.02,0,0, ,213.116604788,2157.00834916,335.546875,84.0875258952853
10991,,Existing,095-10-09-02.11-8000,379844.34,1493591.2,913.25,0,0, ,121.237383279,913.248222366,142.07421875,47.8271160311056
10992,,Existing,095-10-09-02.11-2800,380496.15,1493622.36,1874.05,0,0, ,201.473404759,1874.04291137,291.55859375,79.5011925057164
10993,,Existing,095-10-09-02.11-5000,380332.71,1493608.19,2518.66,0,0, ,242.153546227,2518.65446898,391.83203125,95.5007548072221
10994,,Existing,095-10-09-02.11-8300,379863.99,1493494.54,2110.65,0,0, ,219.610909601,2110.65120435,328.359375,86.6271168506797
10995,,Existing,095-10-09-02.11-8200,379937.84,1493491.99,1659.94,0,0, ,189.50789764,1659.9258382,258.234375,74.7279103912783
10996,,Existing,095-10-09-02.11-8100,380011.2,1493493.33,1652.83,0,0, ,193.76894675,1652.82871459,257.1328125,76.4156448790896
10997,,Existing,095-10-09-02.11-6100,380096.62,1493499.69,2521.25,0,0, ,281.431324096,2521.24993332,392.2578125,111.018582685892
10998,,Existing,095-10-09-02.11-6000,380177.82,1493492.35,2591.03,0,0, ,237.070033366,2591.03588426,403.09375,93.4374622701195
10999,,Existing,095-10-09-02.11-5100,380274.06,1493502.76,2436.12,0,0, ,238.424902402,2436.13166994,379,94.0562357066179
11000,,Existing,095-10-09-02.11-5200,380363.87,1493509.59,2479.71,0,0, ,255.336618455,2479.71824239,385.77734375,100.748742488316
11001,,Existing,095-10-09-02.11-1700,380487.86,1493515.7,2674.92,0,0, ,234.489688903,2674.92426371,416.15234375,92.5010478737118
11002,,Existing,095-10-09-02.11-1900,380574.05,1493358.32,2193.36,0,0, ,190.972831413,2193.35444381,341.22265625,75.327491847069
11003,,Existing,095-10-09-02.11-5300,380368.69,1493348.9,1829.81,0,0, ,189.237729361,1829.80786928,284.6640625,74.6888162389011
11004,,Existing,095-10-09-02.11-5400,380293.56,1493355.25,2278.17,0,0, ,225.850918898,2278.17826744,354.4140625,89.0622963469267
11005,,Existing,095-10-09-02.11-5900,380182.87,1493355.04,2310.26,0,0, ,216.458349656,2310.25966827,359.40625,85.3157465002887
11006,,Existing,095-10-09-02.11-8800,380093,1493355.18,1990.47,0,0, ,190.528537635,1990.48303368,309.66015625,75.1247569203935
11007,,Existing,095-10-09-02.11-8600,379926.87,1493334.18,3471.88,0,0, ,241.88499576,3471.88436033,540.125,95.4149553162699
11008,,Existing,095-10-09-02.11-8600,379846.1,1493346.01,907.97,0,0, ,167.181871904,907.971355081,141.25390625,66.0089801452968
11009,,Existing,095-10-09-02.11-2700,380492.8,1493244.04,1748.36,0,0, ,177.330293088,1748.35690187,272,69.9843748534378
11010,,Existing,095-10-09-02.11-2600,380497.96,1493165.23,2114.28,0,0, ,204.771348115,2114.27779166,328.92578125,80.7792148602681
11011,,Existing,095-10-09-02.14-5600,380500.07,1493070.28,2651.43,0,0, ,232.023378085,2651.41920113,412.46875,91.5371808241581
11012,,Existing,095-10-09-02.11-5500,380361.78,1493239.56,1761.2,0,0, ,179.724380451,1761.2029672,273.9921875,70.9180397356037
11013,,Existing,095-10-09-02.11-5600,380361.94,1493159.01,2092.98,0,0, ,199.267579783,2092.98801118,325.6015625,78.6183179174312
11014,,Existing,095-10-09-02.14-5700,380374.39,1493063.44,1838.59,0,0, ,185.169640734,1838.59490613,286.0234375,73.0683727548292
11015,,Existing,095-10-09-02.14-8100,380298.86,1493047.51,1703.2,0,0, ,189.830339497,1703.20733594,264.96484375,74.8497761588852
11016,,Existing,095-10-09-02.14-8200,380222.46,1493043.36,1805.13,0,0, ,183.369744441,1805.12801201,280.82421875,72.2954478631614
11017,,Existing,095-10-09-02.11-5800,380152.92,1493238.2,2019.97,0,0, ,191.198612714,2019.97929244,314.24609375,75.448829609985
11018,,Existing,095-10-09-02.11-8800,380080.98,1493297.53,897.19,0,0, ,120.457364965,897.18397379,139.57421875,47.5016559318427
11019,,Existing,095-10-09-02.11-5700,380157.85,1493150.81,2032.85,0,0, ,200.459572837,2032.8525835,316.2421875,79.0793214597418
11020,,Existing,095-10-09-02.14-8300,380147.94,1493048.76,2571.8,0,0, ,244.771614035,2571.80038498,400.08984375,96.5453480265155
11021,,Existing,095-10-09-02.14-8400,380024.07,1493041.42,2179.76,0,0, ,211.691631891,2179.76627097,339.10546875,83.4824814837756
11022,,Existing,095-10-09-02.14-8500,379946.86,1493037.69,1823.86,0,0, ,189.267117705,1823.86191145,283.73046875,74.6288530170162
11023,,Existing,095-10-09-02.11-9000,379937.63,1493127.28,1727.11,0,0, ,170.517219344,1727.10936027,268.68359375,67.2258886547041
11024,,Existing,095-10-09-02.11-9000,380012.93,1493148.51,1739.96,0,0, ,179.566609098,1739.95455117,270.68359375,70.85157036985
11025,,Existing,095-10-09-02.11-8900,380011.34,1493231.6,1768.49,0,0, ,176.123492759,1768.48269126,275.125,69.4954970416143
11026,,Existing,095-10-09-02.14-7900,380221.23,1492888.52,2140.96,0,0, ,209.345818107,2140.97015868,333.0546875,82.5602895270583
11027,,Existing,095-10-09-02.14-8800,380081.17,1492887.13,1558.99,0,0, ,171.144446899,1558.98392729,242.52734375,67.4637618372858
11028,,Existing,095-10-09-02.14-5300,380582.96,1492853.12,1287.58,0,0, ,147.248684599,1287.58150447,200.3046875,58.103792620846
11029,,Existing,095-10-09-02.11-8700,380019.52,1493354.76,1562.75,0,0, ,177.507826701,1562.74707872,243.11328125,69.9915789273757
11030,,Existing,095-10-09-02.11-7600,379829.28,1493720.8,151.85,0,0, ,49.4042521019,151.851690962,23.625,19.4840008218799
11031,,Existing,095-10-09-02.11-7900,380035.33,1493809.48,2030.01,0,0, ,196.994356669,2029.99873231,315.82421875,77.6853846249383
11032,,Existing,095-10-09-02.11-4900,380256.68,1493667.11,276.4,0,0, ,66.7978392376,276.40228223,43,26.3422048721021
11033,,Changed,095-10-09-02.11-7505,379887.97,1494207.08,1346.39,2624.06,-48.69, ,157.160882175,1346.37658965,209.4765625,62.03499464076
11034,,Changed,095-10-09-02.11-6500,380118.36,1494019.38,1931.69,2045.31,-5.56, ,188.074427814,1931.69906709,300.53125,74.2138735664607
11035,,Changed,095-10-09-02.11-7000,380173.87,1494421.92,2073.78,2100.89,-1.29, ,216.250870116,2073.78387338,322.65625,85.2607433312648
11036,,New,095-10-09-02.11-4300,380250.07,1494168.37,220.55,0,0, ,59.5487521329,220.54840384,34.31640625,23.4916758584497
11037,,Existing,095-10-09-02.11-4300,380326.99,1494150.45,2158.08,0,0, ,273.097499844,2158.07314245,335.76171875,107.686145419002
11038,,Existing,095-10-09-02.11-7800,379957.71,1493807.77,1817.56,0,0, ,178.37824613,1817.56108045,282.7734375,70.3263545192873
11039,,Existing,095-10-09-02.11-6200,380121.42,1493811.34,2080.1,0,0, ,225.509684468,2080.10864691,323.62890625,88.9107377420612
11040,,Existing,095-10-09-02.11-6300,380199.85,1493813.75,1950.76,0,0, ,200.902836788,1950.76728799,303.49609375,79.2035617824733
11041,,Existing,095-10-09-02.11-4800,380337.44,1493754.19,2040.06,0,0, ,200.007739112,2040.04983474,317.38671875,78.8984719564636
11042,,Existing,095-10-09-02.11-4900,380333.3,1493686.01,2636.7,0,0, ,238.104860944,2636.70018342,410.203125,93.913577235745
11043,,Existing,095-10-09-02.11-7200,379967.63,1494416.83,1770.06,0,0, ,191.815092267,1770.05849674,275.39453125,75.6513689981051
11044,,Existing,095-10-09-02.11-7200,380002.92,1494390.22,532.66,0,0, ,92.412289124,532.658780085,82.87109375,36.4546850445866
11045,,Existing,095-10-09-02.11-7501,379949.39,1494305.34,2144.19,0,0, ,188.502245816,2144.2042501,333.60546875,74.3808962588625
11046,,Existing,095-10-09-02.11-7505,379950.57,1494201.92,2152.92,0,0, ,189.142170339,2152.93346736,334.953125,74.6341407981959
11047,,Existing,095-10-09-02.11-7502,379952.05,1494110.2,2116.18,0,0, ,187.396724663,2116.18398077,329.23828125,73.944643791516
11048,,Existing,095-10-09-02.11-7502,379953.22,1494029.18,2181.2,0,0, ,190.278174506,2181.21451502,339.3515625,75.0814809843817
11049,,Existing,095-10-09-02.11-7510,379849.31,1493950.5,2883.14,0,0, ,228.953264269,2883.14021458,448.5546875,90.2535436215659
11050,,Existing,095-10-09-02.11-7508,379966.1,1493952.09,2971.91,0,0, ,233.03366454,2971.89982807,462.359375,91.8613669175044
11051,,Existing,095-10-09-02.11-6500,380194.35,1494013.45,613.23,0,0, ,99.0713979126,613.229177672,95.40234375,39.0789142294533
11052,,Existing,095-10-09-02.11-6600,380118,1494093.93,2133.27,0,0, ,205.340701022,2133.26936505,331.890625,81.018063140902
11053,,Existing,095-10-09-02.11-6600,380201.96,1494101.3,831.58,0,0, ,115.500921863,831.579698159,129.37890625,45.5627110478432
11054,,Existing,095-10-09-02.11-6700,380115.86,1494169.14,1749.51,0,0, ,179.118063795,1749.50946391,272.19140625,70.6818381983553
11055,,Existing,095-10-09-02.11-6700,380159.54,1494187.66,555.33,0,0, ,100.482990452,555.332189724,86.39453125,39.6068904854792
11056,,Existing,095-10-09-02.11-6800,380198.51,1494228.8,668.91,0,0, ,103.458096219,668.91343512,104.0703125,40.8072773835406
11057,,Existing,095-10-09-02.11-6900,380117.15,1494318.28,1990.81,0,0, ,204.838870046,1990.81134182,309.73046875,80.8358448343869
11058,,Existing,095-10-09-02.11-6900,380199.43,1494305.54,878.83,0,0, ,119.169547182,878.822280358,136.73046875,47.0147763501347
11059,,Existing,095-10-09-02.11-4000,380270.64,1494408.08,2638.73,0,0, ,285.569970992,2638.73076505,410.546875,112.649376080997
11060,,Existing,095-10-09-02.11-4100,380328.93,1494300.15,2641.44,0,0, ,262.809898502,2641.44150034,410.9609375,103.714204471691
11061,,Existing,095-10-09-02.11-4200,380335.46,1494212.03,1496.67,0,0, ,172.935251385,1496.67090691,232.86328125,68.2378379067962
11062,,Existing,095-10-09-02.11-4400,380335.16,1494089.6,1721.72,0,0, ,200.766033333,1721.71439373,267.87109375,79.1929497994961
11063,,Existing,095-10-09-02.11-4500,380336.56,1494028.23,1781.67,0,0, ,198.942055838,1781.68008076,277.203125,78.4757611622194
11064,,Existing,095-10-09-02.11-4600,380339.65,1493952.36,2720.05,0,0, ,232.264174703,2720.04198256,423.1796875,91.6943729734304
11065,,Existing,095-10-09-02.11-3800,380557.67,1494429.1,878.12,0,0, ,118.679962401,878.11644997,136.62109375,46.8078396940996
11066,,Existing,095-10-09-02.11-3800,380492.04,1494430.19,1849.96,0,0, ,187.468021102,1849.95979661,287.83203125,73.9186462691471
11067,,Existing,095-10-09-02.11-3700,380496.93,1494298.7,2033.76,0,0, ,259.529495814,2033.75063592,316.42578125,102.35119903891
11068,,Existing,095-10-09-02.11-3600,380489.91,1494213.6,1770.96,0,0, ,179.925846351,1770.95495352,275.5234375,70.9923685442704
11069,,Existing,095-10-09-02.11-3500,380520.78,1494169.95,512.74,0,0, ,90.6168364872,512.740738124,79.77734375,35.7406793351769
11070,,Existing,095-10-09-02.11-3500,380540.39,1494135.36,185.55,0,0, ,54.788459727,185.552978606,28.86328125,21.6061520536548
11071,,Existing,095-10-09-02.11-3500,380495.03,1494143.55,1269.22,0,0, ,165.686465477,1269.21937472,197.47265625,65.348336129171
11072,,Existing,095-10-09-02.11-3400,380495.55,1494082.77,2317.86,0,0, ,223.573407895,2317.85144823,360.61328125,88.1923339158319
11073,,Existing,095-10-09-02.11-3300,380494.89,1494003.92,2290.8,0,0, ,210.976075115,2290.785622,356.390625,83.2340701230588
11074,,Existing,095-10-09-02.11-3300,380582.4,1494026.31,692.57,0,0, ,105.473732543,692.575983328,107.75390625,41.6080032317173
11075,,Existing,095-10-09-02.11-3200,380563.19,1493945.77,726.04,0,0, ,108.11062043,726.043452802,112.953125,42.6360321822229
11076,,Existing,095-10-09-02.11-3200,380497.73,1493924.31,1899.54,0,0, ,192.606068807,1899.52989283,295.52734375,76.0007020537128
11077,,Existing,095-10-09-02.11-3100,380496.05,1493846.53,1954.94,0,0, ,187.447787836,1954.94489111,304.140625,73.9739507035906
11078,,Existing,095-10-09-02.11-3000,380514.23,1493774.81,3482.48,0,0, ,276.048042192,3482.48029542,541.796875,108.832220045603
11079,,Existing,095-10-09-02.11-2900,380571.35,1493701.8,1395.75,0,0, ,160.437972857,1395.76881198,217.1484375,63.3282117181807
11080,,Existing,095-10-09-02.11-2900,380493.3,1493695.49,1642.62,0,0, ,179.668962355,1642.61969973,255.546875,70.8850856967138
11081,,Existing,095-10-09-02.11-4700,380336.88,1493822.66,2487.55,0,0, ,220.595900788,2487.55783066,387.00390625,87.0056979017904
11082,,Existing,095-10-09-02.11-7700,379880.18,1493805.81,1885.06,0,0, ,195.479453544,1885.05776027,293.26953125,77.0613013552459
11083,,Existing,095-10-09-02.11-7100,380107.83,1494411.88,2808.44,0,0, ,249.789706119,2808.43372182,436.94140625,98.5986902446013
11084,,Existing,095-10-09-02.11-6800,380116.37,1494245.1,2091.58,0,0, ,193.668012976,2091.58494849,325.4140625,76.440955869952
11085,,Existing,095-10-09-02.11-6400,380119.78,1493942.56,2222.03,0,0, ,205.227365998,2222.03265694,345.70703125,80.9932250728301
11086,,Existing,095-10-09-02.11-6400,380174.93,1493927.79,201.11,0,0, ,57.420441508,201.109787303,31.28515625,22.641614056786
11087,,Existing,095-10-09-02.11-7300,379893.6,1494414.98,1927.28,0,0, ,208.764221661,1927.28288019,299.84765625,82.2979327269519
11088,,Existing,095-10-09-02.11-3900,380336.19,1494425.22,1401.83,0,0, ,171.314101007,1401.83236701,218.10546875,67.5935595637051
11089,,Existing,095-10-09-02.11-3900,380330.69,1494381.91,517.49,0,0, ,91.0176569728,517.489359715,80.51171875,35.899597607779
11090,,Existing,095-11-09-35.44-1600,379944.72,1494547.98,2610.62,0,0, ,224.265685352,2610.63072736,406.17578125,88.4385545034336
11091,,Existing,095-11-09-35.44-400,380314.31,1495381.93,18537.63,0,0, ,794.093380402,18537.6392055,2884.390625,313.343802672886
11092,,Changed,095-11-09-35.44-300,380528.78,1495247.81,3694.94,2567.43,43.92, ,302.072511508,3694.94548681,574.91796875,119.187894470999
11093,,Existing,095-11-09-35.44-2200,379875.83,1495036.11,1820.91,0,0, ,180.060143551,1820.92318813,283.3125,71.006460564821
11094,,Existing,095-11-09-35.44-2200,379882.32,1494995.62,932.4,0,0, ,125.009358115,932.39348273,145.0703125,49.2891017242928
11095,,Existing,095-11-09-35.44-2000,379952.87,1494851.87,1570.92,0,0, ,171.675440088,1570.91529121,244.41796875,67.744906739656
11096,,New,095-11-09-35.44-1800,379879.82,1494694.51,821.86,0,0, ,115.310615578,821.856018721,127.87109375,45.4743989237665
11097,,Existing,095-11-09-35.44-1700,379947.72,1494627.74,2365,0,0, ,227.564481628,2365.00210972,367.95703125,89.7420488525018
11098,,Changed,095-11-09-35.44-2700,380111.56,1494853.75,1632.29,2024.5,-19.37, ,172.933489653,1632.291274,253.96484375,68.238170088828
11099,,Existing,095-11-09-35.44-3000,380114.13,1494560.09,1685.92,0,0, ,215.772177439,1685.92544962,262.3046875,85.0969301825618
11100,,New,095-11-09-35.44-2500,380179.82,1495028.17,269.81,0,0, ,67.3719211118,269.800607501,41.98046875,26.5632149147434
11101,,Existing,095-11-09-35.44-4100,380484.47,1494781.65,2138.18,0,0, ,229.412839043,2138.18273025,332.6796875,90.5169574835827
11102,,Existing,095-11-09-35.44-1800,379948.62,1494700.39,1839.24,0,0, ,230.748628402,1839.23822955,286.1640625,91.0166109159688
11103,,Existing,095-11-09-35.44-2500,380161.96,1495052.51,1732.74,0,0, ,241.46819424,1732.7357004,269.59375,95.2350551333022
11104,,Existing,095-11-09-35.44-600,379920.61,1495278.85,3153.62,0,0, ,271.360191291,3153.6298919,490.68359375,107.039091954727
11105,,Existing,095-11-09-35.44-500,380155.4,1495270.51,2827.3,0,0, ,229.203763099,2827.29874169,439.9140625,90.4650025355382
11106,,Existing,095-11-09-35.44-2100,379868.63,1494907.1,741.59,0,0, ,114.776166375,741.59221131,115.3828125,45.259421841154
11107,,Existing,095-11-09-35.44-2300,379965.79,1495041.19,1700.98,0,0, ,168.487706508,1700.97174864,264.66015625,66.4776278681277
11108,,Existing,095-11-09-35.44-2300,379964.44,1494998.42,854.98,0,0, ,120.147194046,854.980507437,133.03125,47.3705351287631
11109,,Existing,095-11-09-35.44-2100,379949.87,1494929.44,1759.16,0,0, ,180.055948475,1759.16145656,273.70703125,71.0537096354155
11110,,Existing,095-11-09-35.44-1700,379868.51,1494628.89,424.94,0,0, ,84.1080951654,424.939785491,66.10546875,33.1701383464136
11111,,Existing,095-11-09-35.44-2400,380088.29,1495045.81,2130.55,0,0, ,216.382968617,2130.55817722,331.49609375,85.3246483655695
11112,,Existing,095-11-09-35.44-2400,380074.92,1495003.93,434.62,0,0, ,84.8423500061,434.620680832,67.625,33.4538673833096
11113,,Existing,095-11-09-35.44-2600,380110.19,1494927.98,1618.74,0,0, ,172.81713273,1618.74870132,251.86328125,68.1929403448626
11114,,Existing,095-11-09-35.44-2800,380115.43,1494776.38,1737.17,0,0, ,266.580653846,2802.8227031,436.078125,105.136205694281
11115,,Existing,095-11-09-35.44-2900,380155.4,1494723.64,424.96,0,0, ,83.7864653438,424.95529829,66.1171875,33.0611949633489
11116,,Existing,095-11-09-35.44-2800,380189.94,1494779.35,690.06,0,0, ,105.120333159,690.058393827,107.36328125,41.4621733352302
11117,,Existing,095-11-09-35.44-2600,380183.57,1494909.47,649.51,0,0, ,102.474345305,649.511949568,101.05859375,40.4293286268134
11118,,Existing,095-11-09-35.44-2500,380187.18,1494992.02,243.19,0,0, ,95.7432339865,552.942670065,86.03125,37.7775706095672
11119,,Existing,095-11-09-35.44-3600,380304.57,1495032.89,2980.6,0,0, ,242.697512322,2980.6097757,463.7578125,95.670191790956
11120,,Existing,095-11-09-35.44-3601,380322.32,1494940.29,2127.95,0,0, ,208.331056175,2127.95126784,331.0859375,82.1829317885988
11121,,Existing,095-11-09-35.44-3500,380324.84,1494860.23,2355.09,0,0, ,233.521911418,2355.09871076,366.43359375,92.1473612092708
11122,,Existing,095-11-09-35.44-3300,380330.43,1494709.04,2108.3,0,0, ,232.001121076,2108.29489899,328.02734375,91.544478475101
11123,,Existing,095-11-09-35.44-3200,380313.97,1494633.82,2794.34,0,0, ,284.287280154,2794.34503312,434.765625,112.115481267631
11124,,Existing,095-11-09-35.44-4300,380487.81,1494637.99,1933.86,0,0, ,215.1024606,1933.85906489,300.87109375,84.8778576450618
11125,,Existing,095-11-09-35.44-4200,380490.16,1494709.15,2223.67,0,0, ,218.266612335,2223.65863063,345.9765625,86.1010774103071
11126,,Existing,095-11-09-35.44-4000,380536.89,1494875.29,867.58,0,0, ,118.517265429,867.580357522,134.98828125,46.7593651849631
11127,,Existing,095-11-09-35.44-3900,380528.1,1494951.09,678.43,0,0, ,104.44108663,678.438536359,105.5546875,41.2025612360737
11128,,Existing,095-11-09-35.44-3900,380475.72,1494938.16,1384.58,0,0, ,162.105547572,1384.5712581,215.42578125,63.9864451356157
11129,,Existing,095-11-09-35.44-3800,380571,1495006.19,748.56,0,0, ,110.757476408,748.549606445,116.46875,43.7020625284812
11130,,Existing,095-11-09-35.44-3800,380550.38,1495055.54,1566.93,0,0, ,186.342154941,1566.92503555,243.8046875,73.4708302959405
11131,,Existing,095-11-09-35.44-1900,379952.88,1494776.99,1805.24,0,0, ,179.02628604,1805.23068351,280.875,70.6490791813402
11132,,Existing,095-11-09-35.44-2900,380113.62,1494715.31,1196.6,0,0, ,139.690846656,1196.59215913,186.17578125,55.1159756037299
11133,,Existing,095-11-09-35.44-3400,380327.12,1494786.69,2172.45,0,0, ,252.050580597,2172.45146626,338.0078125,99.4312807382252
11134,,Existing,095-11-09-35.44-3100,380324.88,1494558.74,1813.95,0,0, ,218.350222037,1813.94566808,282.2265625,86.1172359585202
11135,,Existing,095-11-09-35.44-3700,380463.68,1495053.27,1554.27,0,0, ,193.775992049,1554.26239466,241.8359375,76.4231729794083
11136,,Existing,095-11-09-35.44-4400,380499.42,1494559.94,1989.59,0,0, ,231.137690466,1989.58243331,309.5546875,91.1371933736327
11137,,New,095-11-09-35.44-102,380548.86,1495735.02,4898.62,0,0, ,348.69132801,4898.61094236,762.23828125,137.489696731448
11138,,Existing,095-11-09-35.41-500,379928.64,1496414.43,106441.43,0,0, ,2006.54667584,106441.479603,16563.2578125,791.716751688741
11139,,Existing,095-11-09-35.44-501,380017.49,1495285.88,2762.88,0,0, ,220.977006954,2762.87562963,429.890625,87.1882821202568
11140,,Existing,095-11-09-35.44-100,380548.05,1495494.01,23534.99,0,0, ,716.259217627,23534.9764439,3662,282.644727278096
11141,,Changed,095-11-09-35.41-502,380471.68,1496300.4,3448.44,4640.58,-25.69, ,328.908372198,3448.43172165,536.6015625,129.763984228765
11142,,Changed,095-11-09-35.41-400,380404.18,1496695.38,41703.11,44732.62,-6.77, ,885.136668963,41703.1067972,6489.5234375,349.238439324811
11143,,Existing,095-11-09-35.41-200,380441.6,1496965.29,27062.63,0,0, ,968.520320618,27062.6816616,4211.38671875,381.762672011766
11144,,Existing,095-11-09-35.14-101,380679.87,1497546.33,24584.01,0,0, ,962.382348238,24584.0226746,3825.82421875,379.568065491373
11145,,Existing,095-10-09-12.22-4900,381394.49,1487875.27,1026.27,0,0, ,130.090464924,1026.26972572,159.59375,51.3180115428386
11146,,Existing,095-10-09-12.23-1700,381311.96,1487588.77,935.72,0,0, ,124.363297165,935.720297827,145.50390625,49.0235884541298
11147,,Existing,095-10-09-12.23-2000,381031.46,1487127.17,3105.82,0,0, ,225.410008888,3105.81633215,482.9453125,88.8705641762216
11148,,New,095-10-09-12.22-4800,381339.57,1487945.02,184.2,0,0, ,54.5976723615,184.203229513,28.6484375,21.5348539184328
11149,,Changed,095-10-09-12.22-4500,381240.44,1488204.4,2647.62,1849.77,43.13, ,220.380139344,2647.62369195,411.7265625,86.894976614099
11150,,Existing,095-10-09-11.11-1900,381037.59,1488244.42,423.54,0,0, ,95.1621711322,423.546403417,65.86328125,37.5649248308336
11151,,Existing,095-10-09-11.11-2200,380789.59,1488194.52,641.43,0,0, ,110.428267955,641.435936718,99.74609375,43.534221369047
11152,,Existing,095-10-09-11.11-2200,380758.17,1488247.35,1516.71,0,0, ,200.534385491,1516.69894231,235.859375,79.0974550865881
11153,,Existing,095-10-09-11.11-2000,380928.05,1488188.37,205.09,0,0, ,60.168886644,205.094482743,31.89453125,23.7129636070139
11154,,Existing,095-10-09-12.22-4700,381403.47,1488036.37,2170.09,0,0, ,222.851445819,2170.08483443,337.47265625,87.8983978926166
11155,,Existing,095-10-09-11.11-1900,381083.64,1488284.94,255.69,0,0, ,71.1111278534,255.684102894,39.7578125,28.0244405863572
11156,,Changed,095-10-09-11.11-1700,380923.1,1488421.91,1917.27,1763.03,8.75, ,196.950831767,1917.27695682,298.1640625,77.660890132061
11157,,Existing,095-10-09-11.11-1600,380795.01,1488446.85,262.62,0,0, ,71.5162967143,262.62248689,40.8359375,28.2264772175568
11158,,Existing,095-10-09-11.11-1600,380811.47,1488373.81,1836,0,0, ,188.813295484,1835.99626783,285.51953125,74.4806965609865
11159,,Existing,095-10-09-11.11-1500,380682.41,1488562.09,3008.17,0,0, ,270.01104131,3008.1614888,467.80859375,106.423858739615
11160,,Existing,095-10-09-11.11-2700,380657.9,1488028.62,554.63,0,0, ,95.3382960186,554.6244601,86.24609375,37.5845592130316
11161,,Existing,095-10-09-11.11-2500,380695.47,1488147.67,1579.01,0,0, ,164.151160599,1579.01416212,245.5546875,64.6999843797735
11162,,Existing,095-10-09-12.22-4800,381381.93,1487951.85,2561.97,0,0, ,233.798603705,2561.97898097,398.40625,92.2038278554042
11163,,Existing,095-10-09-12.22-4800,381327.82,1487922.45,504.09,0,0, ,89.8440653784,504.094654694,78.38671875,35.4274126185567
11164,,Existing,095-10-09-12.22-4900,381358.96,1487900.98,394.21,0,0, ,82.0335958482,394.21410167,61.296875,32.3330991359475
11165,,Existing,095-10-09-12.22-4400,381326.69,1488295.34,2693.47,0,0, ,212.574632905,2693.46094365,418.86328125,83.8111574888517
11166,,Existing,095-10-09-12.22-4400,381349.88,1488348.87,1576.24,0,0, ,160.754359117,1576.24448923,245.125,63.4122985677362
11167,,Existing,095-10-09-12.22-4502,381214.79,1488087.89,2149.14,0,0, ,206.223149923,2149.12314281,334.20703125,81.2937802087069
11168,,Existing,095-10-09-11.11-1900,381064.47,1488147.6,9230.35,0,0, ,467.91657364,9230.37048497,1435.40234375,184.622623874583
11169,,Existing,095-10-09-11.11-1900,380847.24,1488056.65,3709.73,0,0, ,272.170799336,3709.73057342,576.88671875,107.286225736657
11170,,Existing,095-10-09-11.11-2100,380868.11,1488258.75,1751.22,0,0, ,193.708613867,1751.2134262,272.33203125,76.4047130062847
11171,,Existing,095-10-09-11.11-1800,380963.12,1488360.1,1591.81,0,0, ,170.875940982,1591.81505149,247.55078125,67.3586338281027
11172,,Existing,095-10-09-11.11-1600,380847.96,1488402.58,477.94,0,0, ,93.3530362365,477.937846155,74.32421875,36.8397731741655
11173,,Existing,095-10-09-11.11-1600,380824.43,1488468.02,1417.8,0,0, ,152.549901936,1417.80300539,220.48828125,60.1774717027661
11174,,Existing,095-10-09-11.11-1500,380750.3,1488383.83,3449.5,0,0, ,240.318983219,3449.50927498,536.4375,94.8100757167612
11175,,Existing,095-10-09-12.22-4700,381348.64,1488010.23,1702.64,0,0, ,166.182404804,1702.62841004,264.765625,65.5485036578399
11176,,Existing,095-10-09-11.11-2000,380906.83,1488264.96,1029.31,0,0, ,142.278277358,1029.31623276,160.07421875,56.1167348272901
11177,,Existing,095-10-09-11.11-1800,380897.93,1488373.68,545.44,0,0, ,109.003502128,545.433224405,84.82421875,42.9516581236463
11178,,Existing,095-10-09-11.11-1700,380865.17,1488477.23,748.14,0,0, ,115.357407971,748.145898893,116.33984375,45.5130074713264
11179,,New,095-10-09-02.44-4600,380601.65,1489411.36,271.65,0,0, ,66.3259828314,271.654907603,42.25,26.1509792943664
11180,,Existing,095-10-09-02.44-5200,380877.83,1489391.94,290.41,0,0, ,69.2068400117,290.406962748,45.1640625,27.3023157445149
11181,,Existing,095-10-09-02.44-5600,380809.69,1489233.04,4863.16,0,0, ,362.721410101,4863.1597069,756.33203125,143.057288573259
11182,,Changed,095-10-09-02.44-5700,380732.04,1489290.98,760.82,486.84,56.28, ,113.417752169,760.808825803,118.32421875,44.7487837761805
11183,,Existing,095-10-09-01.33-8900,381210.48,1489448.77,1725.56,0,0, ,225.100307025,1725.57094638,268.36328125,88.8115618695328
11184,,PossiblyChanged,095-10-09-01.33-8800,381298.21,1489434.02,3060.65,0,0, ,298.507055021,3060.64314441,476.0078125,117.702947469134
11185,,Existing,095-10-09-01.33-9600,381300.19,1489301.59,580.16,0,0, ,96.3471518979,580.162000072,90.2265625,37.9962454922766
11186,,Existing,095-10-09-01.33-9700,381335.07,1489229.57,1865.16,0,0, ,194.4819437,1865.15765995,290.06640625,76.7170204120203
11187,,Existing,095-10-09-11.11-900,380866.4,1488797.78,6476.26,0,0, ,476.007898209,6476.26245751,1007.16796875,187.697455105729
11188,,Existing,095-10-09-11.11-800,380883.64,1488872.98,752.56,0,0, ,111.250918973,752.556404388,117.03515625,43.8669418775521
11189,,Existing,095-10-09-12.22-2300,381190.6,1489053.75,2691.99,0,0, ,211.307143407,2691.99191944,418.65234375,83.3161149464825
11190,,Existing,095-10-09-12.22-2200,381406.64,1488850.53,1483.03,0,0, ,171.186021506,1483.04068281,230.64453125,67.5079398733836
11191,,Existing,095-10-09-12.22-1700,381411.5,1489056.26,3257.74,0,0, ,361.641269948,3257.73887315,506.64453125,142.705903311417
11192,,PossiblyChanged,095-10-09-01.33-8700,381369.08,1489391.98,1352.96,0,0, ,155.693966145,1352.95257435,210.41796875,61.4236948830682
11193,,Existing,095-10-09-11.11-1300,380637.6,1488777.18,1187.28,0,0, ,148.561853382,1187.28102692,184.640625,58.5759060870468
11194,,Existing,095-10-09-11.11-600,380746.97,1488860.67,1765.32,0,0, ,193.471683659,1765.32622436,274.54296875,76.2799705849313
11195,,Existing,095-10-09-01.33-9100,381065.05,1489415.71,382.86,0,0, ,78.9253950221,382.85992381,59.54296875,31.1335166655821
11196,,Existing,095-10-09-11.11-300,380784.52,1488997.3,348.72,0,0, ,76.0414351708,348.717122296,54.23046875,29.9905626294598
11197,,Existing,095-10-09-11.11-1300,380669.85,1488733.57,2368.46,0,0, ,224.336788431,2368.46379829,368.33203125,88.3792952832875
11198,,Existing,095-10-09-11.11-400,380704.37,1488976.42,3148.49,0,0, ,297.435957984,4194.04678915,652.23828125,117.341073732971
11199,,Existing,095-10-09-02.44-6000,380596.44,1489191.31,2083.49,0,0, ,197.550201349,2083.49515586,324.02734375,77.963676783319
11200,,Existing,095-10-09-02.44-5900,380634.6,1489187.48,2768.6,0,0, ,235.437270273,2768.59876933,430.57421875,92.905232096038
11201,,Existing,095-10-09-02.44-5800,380679.7,1489296.01,640.66,0,0, ,101.653339997,640.653329752,99.6328125,40.0812511084141
11202,,Existing,095-10-09-02.44-4800,380692.26,1489348.67,638.2,0,0, ,101.26685784,638.20671683,99.25390625,39.9309008978066
11203,,Existing,095-10-09-02.44-4800,380686.64,1489440.88,1528.62,0,0, ,187.419156586,1528.62748565,237.73828125,73.9592544556428
11204,,Existing,095-10-09-11.11-400,380639.44,1489011.5,2302.88,0,0, ,219.30540454,2302.86975763,358.140625,86.5710162281748
11205,,Existing,095-10-09-02.44-5100,380861.37,1489439.99,2046.5,0,0, ,192.406870128,2046.49914509,318.28125,75.9072320875438
11206,,Existing,095-10-09-02.44-5400,380955.4,1489352.87,1434.52,0,0, ,155.955750737,1434.52311046,223.109375,61.4837934388135
11207,,Existing,095-10-09-02.44-5500,380901.13,1489264.79,2557.31,0,0, ,236.116010039,2557.32769939,397.71484375,93.1860347446363
11208,,Existing,095-10-09-01.33-9100,381079.55,1489459.7,1237.32,0,0, ,151.071220169,1237.32959095,192.43359375,59.5966842343515
11209,,Existing,095-10-09-01.33-9000,381120.48,1489458.7,1255.08,0,0, ,152.632360405,1255.08713534,195.203125,60.2177364534609
11210,,Existing,095-10-09-01.33-8800,381323.98,1489356.25,1125.31,0,0, ,134.266095012,1125.30669954,175.01171875,52.9461489924814
11211,,Existing,095-10-09-01.33-9500,381241.71,1489285.98,414.56,0,0, ,81.4455895398,414.561208072,64.4765625,32.1197435073993
11212,,Existing,095-10-09-01.33-9600,381278.69,1489239.5,2590.21,0,0, ,230.814361398,2590.21765751,402.84375,91.0841024088026
11213,,Existing,095-10-09-01.33-9400,381169.8,1489232,3013.94,0,0, ,231.719857991,3013.95105626,468.73828125,91.4300537579705
11214,,Existing,095-10-09-01.33-9400,381134.47,1489282.73,536.41,0,0, ,92.6892603528,536.418326685,83.42578125,36.5510251877311
11215,,Existing,095-10-09-01.33-9000,381124.62,1489342.72,364.77,0,0, ,76.4784901934,364.769558594,56.73046875,30.1632804872551
11216,,Existing,095-10-09-11.11-100,380945.09,1488895.08,902.67,0,0, ,120.713202527,902.672919105,140.3828125,47.5955004232349
11217,,Existing,095-10-09-11.11-100,380957.81,1489013.31,2734.88,0,0, ,240.744735282,2734.88657129,425.3203125,94.9628109617308
11218,,Existing,095-10-09-12.22-2100,381243.14,1489067.36,1539.88,0,0, ,165.566122416,1539.89484052,239.484375,65.3202284005631
11219,,Existing,095-10-09-12.22-2000,381267.99,1489040.2,431.34,0,0, ,85.8880406531,431.331760709,67.08203125,33.8881571071121
11220,,Existing,095-10-09-12.22-2300,381207.33,1488997.01,709.66,0,0, ,107.227599497,709.667439048,110.36328125,42.2957592687991
11221,,Existing,095-10-09-12.22-1800,381366.79,1489075.14,2402.66,0,0, ,218.893253907,2402.66255259,373.66015625,86.3661674640546
11222,,Existing,095-10-09-12.22-1800,381366.28,1488991.61,698.36,0,0, ,105.754381664,698.355860888,108.60546875,41.7027361774679
11223,,Existing,095-10-09-12.22-1900,381322.97,1488993.96,770.8,0,0, ,111.718936667,770.800380262,119.875,44.0671289353584
11224,,Existing,095-10-09-12.22-2200,381292.92,1488910.43,1557.19,0,0, ,163.414175853,1557.19401886,242.171875,64.4773406629134
11225,,Existing,095-10-09-12.22-2000,381285.97,1489076.37,1218.01,0,0, ,153.003407726,1218.00848352,189.41796875,60.3600200994292
11226,,Existing,095-10-09-12.22-1900,381328.56,1489075.71,1260.14,0,0, ,147.265833033,1260.14436241,195.9765625,58.1068621367864
11227,,Existing,095-10-09-01.33-9500,381227.28,1489228.77,1991.57,0,0, ,184.140146408,1991.56181973,309.7265625,72.653929290048
11228,,Existing,095-10-09-02.44-5300,380961.8,1489437.22,2659.04,0,0, ,237.47696534,2659.04023091,413.546875,93.7195406685393
11229,,Existing,095-10-09-02.44-5201,380906.44,1489444.42,1842.19,0,0, ,186.753289969,1842.19002485,286.50390625,73.6909202000201
11230,,Existing,095-10-09-02.44-4900,380725.46,1489440.79,1930.06,0,0, ,198.18746293,1930.05863114,300.171875,78.205817245101
11231,,Existing,095-10-09-02.44-4700,380647.19,1489452.16,1444.87,0,0, ,161.617407325,1444.87609457,224.71484375,63.7645493957297
11232,,Existing,095-10-09-02.44-4600,380628.31,1489340.48,473.4,0,0, ,87.0704384043,473.39492952,73.625,34.3354833269195
11233,,Existing,095-10-09-02.44-5900,380632.23,1489283.03,588.52,0,0, ,97.6963090236,588.512774067,91.52734375,38.518982497058
11234,,Existing,095-10-09-02.44-5700,380727.8,1489191.1,2410.24,0,0, ,202.616017742,2410.25775506,374.84375,79.9259276621812
11235,,Existing,095-10-09-02.44-5500,380959.34,1489237.81,992.77,0,0, ,130.347322918,992.778864688,154.39453125,51.4306241542741
11236,,Existing,095-10-09-12.22-2200,381395.1,1488927.21,1582.99,0,0, ,186.98452468,1582.98425328,246.17578125,73.6978803282076
11237,,Existing,095-10-09-02.44-5800,380677.35,1489190.89,1757.61,0,0, ,182.088143485,1757.60753202,273.34765625,71.8478808741475
11238,,Existing,095-10-09-01.33-7900,381086.04,1490026.75,9186.76,0,0, ,402.008849301,9186.77473221,1428.8359375,158.630935174746
11239,,Existing,095-10-09-02.44-2000,380884,1490088.22,394.57,0,0, ,79.4655425852,394.567702203,61.3671875,31.3403918541026
11240,,PossiblyChanged,095-10-09-01.33-8200,381259.59,1489609.18,4251.55,0,0, ,346.349765285,4251.54247496,661.23046875,136.618623099996
11241,,Existing,095-10-09-01.33-8100,381276.27,1489793.69,9913.73,0,0, ,549.933989817,9913.7232433,1541.8828125,216.924320628709
11242,,Existing,095-10-09-01.33-8000,381182.23,1489757.88,5098.45,0,0, ,456.295481627,5098.49019488,792.9609375,179.908730460055
11243,,Existing,095-10-09-02.44-3800,380871.18,1489668.58,23738.13,0,0, ,778.563703998,23738.1512405,3691.9296875,307.181166347092
11244,,Existing,095-10-09-02.44-3300,380640.2,1489844.36,1973.73,0,0, ,233.429460285,1973.72369945,306.96875,92.107100577011
11245,,PossiblyChanged,095-10-09-02.44-2800,380636.58,1489989.4,1626.99,0,0, ,184.394152892,1626.9862739,253.05078125,72.7669507640624
11246,,Changed,095-10-09-02.44-2700,380683.15,1489994.74,1893.48,1977.06,-4.23, ,209.246979762,1893.48479725,294.49609375,82.5969477908961
11247,,PossiblyChanged,095-10-09-02.44-1600,380776.04,1490242.39,1674.08,0,0, ,195.8045835,1674.07203723,260.3828125,77.2626902725836
11248,,Existing,095-10-09-01.33-8500,381398.59,1489767.66,614.1,0,0, ,99.3311661631,614.103659971,95.51171875,39.1683263897473
11249,,Existing,095-10-09-02.44-1400,380630.54,1490262.72,1107.52,0,0, ,146.363193511,1107.51632757,172.265625,57.7299127597866
11250,,Existing,095-10-09-02.44-1500,380692.49,1490240.61,1717.96,0,0, ,193.594399222,1717.95752845,267.203125,76.3823542703629
11251,,Existing,095-10-09-02.44-1600,380761.7,1490132.89,594.11,0,0, ,97.8340869649,594.105065096,92.40234375,38.5771204281676
11252,,Existing,095-10-09-02.44-1900,380950.69,1490155.18,484.19,0,0, ,88.4315816686,484.190292059,75.30859375,34.8822314968007
11253,,Existing,095-10-09-02.44-1700,380887.71,1490190.63,435.09,0,0, ,84.1756641527,435.096139567,67.671875,33.2058900534969
11254,,Existing,095-10-09-02.44-1700,380861.62,1490246.19,1810.38,0,0, ,190.645664207,1810.38559651,281.57421875,75.2098006737664
11255,,Existing,095-10-09-02.44-1800,380917.63,1490237.92,1569.41,0,0, ,179.520447017,1569.39376198,244.08984375,70.8292280633845
11256,,Existing,095-10-09-02.44-1900,380960.83,1490238.29,1939.31,0,0, ,185.682659797,1939.30066481,301.62890625,73.2555475632319
11257,,Existing,095-10-09-01.33-7500,381082.51,1490245.45,2086.53,0,0, ,200.243381197,2086.53168315,324.53125,78.9894721326602
11258,,Existing,095-10-09-01.33-7600,381135.49,1490253.28,1556.1,0,0, ,180.011026502,1556.09020625,242.03125,71.0183686032097
11259,,Existing,095-10-09-01.33-7700,381181.57,1490248.33,1650.1,0,0, ,169.210940337,1650.1027136,256.65234375,66.7476478793826
11260,,Existing,095-10-09-01.33-7700,381208.85,1490164.17,525.35,0,0, ,91.6825196691,525.352687771,81.7109375,36.1573958516406
11261,,Existing,095-10-09-01.33-7600,381119.75,1490143.64,429.14,0,0, ,82.8924129783,429.136791717,66.7421875,32.6895607950027
11262,,Existing,095-10-09-01.33-7500,381075.35,1490144.27,889.86,0,0, ,120.642941029,889.849696783,138.40234375,47.5834625593554
11263,,Existing,095-10-09-02.44-2400,380809.06,1489985.97,1525.42,0,0, ,172.008420044,1525.4114519,237.2421875,67.8773623503213
11264,,Existing,095-10-09-02.44-2500,380765.41,1490084.06,535.28,0,0, ,92.5745297523,535.285841733,83.25390625,36.5107577685423
11265,,Existing,095-10-09-02.44-2900,380596.01,1490057.8,960.85,0,0, ,126.041742675,960.822595965,149.4375,49.7258491650861
11266,,Existing,095-10-09-02.44-3700,380745.01,1489845.82,1985.75,0,0, ,183.752628307,1985.76780452,308.84375,72.4978575844596
11267,,Existing,095-10-09-02.44-3500,380637.63,1489750.87,579.9,0,0, ,98.6165093366,579.894566501,90.1875,38.8747784955991
11268,,Existing,095-10-09-02.44-4000,380624.97,1489692.2,846.1,0,0, ,116.421445826,846.099450355,131.58984375,45.9099947181844
11269,,Existing,095-10-09-01.33-8000,381198.44,1489851.68,1630.4,0,0, ,171.716628894,1630.40609352,253.578125,67.7019510536054
11270,,Existing,095-10-09-02.44-3700,380758.09,1489735.05,462.76,0,0, ,87.6258258829,462.758918755,71.97265625,34.5439929047735
11271,,Existing,095-10-09-02.44-3600,380687.07,1489840.95,1435.46,0,0, ,165.352874745,1435.46128268,223.25390625,65.2507780313086
11272,,Existing,095-10-09-02.44-2600,380729.8,1489991.52,2149.87,0,0, ,197.593807191,2149.88563917,334.375,77.980169838333
11273,,Existing,095-10-09-02.44-2500,380765.95,1489984.66,1606.19,0,0, ,186.368081491,1606.2005448,249.8125,73.5256097691773
11274,,Existing,095-10-09-02.44-2300,380849.22,1489987.98,1517.73,0,0, ,167.22014659,1517.72945466,236.046875,65.9678734214694
11275,,Existing,095-10-09-02.44-2200,380890.17,1490018.49,3889.77,0,0, ,288.385504063,3889.77680376,604.984375,113.84104123915
11276,,Existing,095-10-09-02.44-2000,380932.45,1490039.97,2089.66,0,0, ,201.390929304,2089.66838721,325.01171875,79.462604465183
11277,,Existing,095-10-09-02.44-1800,380909.7,1490154.37,565.68,0,0, ,95.2222388474,565.680846826,87.984375,37.5567030993413
11278,,Existing,095-10-09-02.44-1300,380598.6,1490166.41,606.54,0,0, ,98.8463725147,606.547942915,94.3359375,38.9892317726003
11279,,Existing,095-10-09-02.44-1300,380597.43,1490250.09,1504.18,0,0, ,174.011908805,1504.17336806,233.94921875,68.675000651108
11280,,Existing,095-10-09-02.41-5200,380725.85,1491150.82,1990.33,0,0, ,202.125487845,1990.33656987,309.58203125,79.7463487903916
11281,,PossiblyChanged,095-10-09-02.41-1300,380957.43,1491136.04,1483.67,0,0, ,177.578431862,1483.66456257,230.7890625,69.9963069054913
11282,,PossiblyChanged,095-10-09-02.41-1700,380777.21,1491017.76,1706.97,0,0, ,195.680360566,1706.96495102,265.51953125,77.2217360975667
11283,,PossiblyChanged,095-10-09-02.41-2500,380952.32,1490863.35,2587.57,0,0, ,322.522922317,2587.56547837,402.4765625,127.191160873088
11284,,Existing,095-10-09-02.41-2700,380909.36,1490788.67,408.89,0,0, ,82.8965083491,408.885199584,63.59765625,32.6789435734297
11285,,PossiblyChanged,095-10-09-02.41-2300,380783.7,1490783.6,2435.24,0,0, ,240.171560386,2435.2418686,378.79296875,94.7779010542351
11286,,New,095-10-09-02.41-3600,380597.53,1490551.67,371.3,0,0, ,77.3419248911,371.300252623,57.75,30.4973324041857
11287,,Existing,095-10-09-02.44-200,380906.57,1490474.72,245.7,0,0, ,63.8716998294,245.698210148,38.21484375,25.1995527339928
11288,,Changed,095-10-09-02.44-300,380876.98,1490378.36,1660.23,1678.29,-1.08, ,202.191852838,1660.23320932,258.22265625,79.8027117353441
11289,,Existing,095-10-09-01.32-3000,381186.21,1490667.43,773.73,0,0, ,127.769144141,773.729795733,120.34765625,50.4169264871053
11290,,Unknown,095-10-09-01.33-7400,381185.05,1490366.9,151.56,0,0, ,49.4633962954,151.557449906,23.57421875,19.5111193009309
11291,,Existing,095-10-09-01.33-7400,381143.64,1490398.71,2120.66,0,0, ,229.741384969,2120.64113162,329.83984375,90.5930008483654
11292,,Existing,095-10-09-01.32-2800,381141.44,1490785.18,2592.21,0,0, ,247.405494242,2592.20240959,403.19921875,97.5190913493776
11293,,PossiblyChanged,095-10-09-01.32-2400,381126.92,1490969.04,1372.32,0,0, ,169.899321182,1372.31556178,213.45703125,66.9683623225984
11294,,PossiblyChanged,095-10-09-01.32-2401,381186.45,1491027.87,2847.99,0,0, ,296.714331942,2847.99148607,442.984375,116.988069460885
11295,,Existing,095-10-09-02.41-1400,380978.69,1491014.49,1780.89,0,0, ,197.744880264,1780.88346035,276.9921875,78.0361477671387
11296,,Existing,095-10-09-02.41-4600,380620.01,1491023.93,1856.74,0,0, ,254.215505897,1856.74076071,288.80859375,100.269647708152
11297,,PossiblyChanged,095-10-09-02.41-2600,380951.07,1490815.17,2092.06,0,0, ,203.332102323,2092.06134541,325.40625,80.1351631707466
11298,,Existing,095-10-09-02.41-2700,380909.71,1490771.11,416.25,0,0, ,83.9984493935,416.250006136,64.74609375,33.1121481441598
11299,,PossiblyChanged,095-10-09-02.41-2900,380953.86,1490610.93,1791.71,0,0, ,184.377529657,1791.70622977,278.6796875,72.6762402497479
11300,,Existing,095-10-09-02.44-600,380720.67,1490377.4,2097.38,0,0, ,206.556911942,2097.37427969,326.21484375,81.4986890814897
11301,,New,095-10-09-02.41-3100,380838.14,1490608.48,184.1,0,0, ,55.0446054958,184.097001368,28.6328125,21.7014695883402
11302,,Existing,095-10-09-02.41-3300,380747.91,1490628.47,2310.55,0,0, ,228.856692941,2310.54378121,359.3828125,90.3227149094653
11303,,Existing,095-10-09-02.41-5100,380675.01,1491158.44,1954.99,0,0, ,215.717773662,1954.98841044,304.08203125,85.1361447119862
11304,,Existing,095-10-09-02.41-1100,380834.13,1491144.32,1351.34,0,0, ,172.469454003,1351.33786614,210.19921875,68.0452163885408
11305,,Existing,095-10-09-02.41-1300,380875.55,1491134.77,493.44,0,0, ,89.1018144518,493.443003942,76.75,35.1463799138541
11306,,Existing,095-10-09-02.41-4400,380608.66,1490974.22,1006.35,0,0, ,126.932900358,1006.34807627,156.53125,50.063665000898
11307,,Existing,095-10-09-02.41-1900,380676.04,1490930.02,337.07,0,0, ,74.3371216655,337.06833212,52.43359375,29.3269396441183
11308,,Existing,095-10-09-02.41-1500,380917.92,1491028.21,1457.24,0,0, ,172.908649158,1457.24216618,226.6640625,68.183030982977
11309,,Existing,095-10-09-02.41-1400,380973.59,1490935.9,527.82,0,0, ,92.2938009759,527.829747546,82.09765625,36.392958872642
11310,,Existing,095-10-09-02.41-1500,380908.85,1490932.95,563.68,0,0, ,97.0983150205,563.681771595,87.671875,38.3058434687176
11311,,Existing,095-10-09-02.41-2400,380869.69,1490776.83,2366.66,0,0, ,226.266568953,2366.65867731,368.10546875,89.2925069750226
11312,,Existing,095-10-09-02.41-2400,380842.71,1490819.3,554.52,0,0, ,94.2124100104,554.516041089,86.25,37.1547107495677
11313,,Existing,095-10-09-02.41-2300,380775.98,1490861.15,555.18,0,0, ,94.6362342318,555.18828755,86.35546875,37.3302312339077
11314,,Existing,095-10-09-02.41-2200,380733.17,1490837.36,575.82,0,0, ,96.3456078246,575.822014094,89.5625,38.0041812590373
11315,,Existing,095-10-09-02.41-3900,380652.8,1490749.61,284.59,0,0, ,68.5700728223,284.595261178,44.26953125,27.0528010302759
11316,,Existing,095-10-09-02.41-4000,380639.81,1490787.75,404.56,0,0, ,82.6714995883,404.560058558,62.92578125,32.5895217572049
11317,,Existing,095-10-09-02.41-4100,380641.81,1490825.81,430.38,0,0, ,83.1041644886,430.388945839,66.94140625,32.7717376364377
11318,,Existing,095-10-09-02.41-4200,380642.38,1490874.71,648.84,0,0, ,102.119405866,648.845733023,100.921875,40.269326607755
11319,,Existing,095-10-09-02.41-3800,380618.7,1490644.41,1216.86,0,0, ,150.6068984,1216.85653993,189.2734375,59.4391649637613
11320,,Existing,095-10-09-02.41-3700,380618.28,1490576.3,540.27,0,0, ,93.1397956523,540.264664367,84.02734375,36.7284670991632
11321,,Existing,095-10-09-02.41-3600,380619.3,1490530.3,404.84,0,0, ,81.8237112356,404.842075809,62.96875,32.2816235666967
11322,,Existing,095-10-09-02.44-900,380600.09,1490463.35,759.96,0,0, ,110.871048158,759.961785228,118.203125,43.7164545425307
11323,,Existing,095-10-09-02.44-700,380674.93,1490468.34,481.28,0,0, ,87.796104351,481.27596418,74.85546875,34.6274619838316
11324,,Existing,095-10-09-02.44-300,380878.41,1490479.4,543.4,0,0, ,93.3510970596,543.394366584,84.5234375,36.8125044458867
11325,,Existing,095-10-09-02.41-3100,380858.69,1490538.06,554.08,0,0, ,94.2103486523,554.084696768,86.1796875,37.1524829824654
11326,,Existing,095-10-09-02.41-3100,380833.8,1490529.34,319.82,0,0, ,72.2059127787,319.816751448,49.75,28.4846189380522
11327,,Existing,095-10-09-02.41-3200,380791.95,1490541.14,464.94,0,0, ,86.307027013,464.944276614,72.3125,34.0356018975621
11328,,Existing,095-10-09-02.41-3300,380761.31,1490541.08,434.65,0,0, ,83.4633975768,434.646188914,67.609375,32.9193270246736
11329,,Existing,095-10-09-02.44-500,380774,1490473.49,703.2,0,0, ,106.076559506,703.207340543,109.375,41.8339953629487
11330,,Existing,095-10-09-02.44-100,380968.51,1490379.66,1730.43,0,0, ,197.476538046,1730.43183088,269.14453125,77.9169474826741
11331,,Existing,095-10-09-01.32-2400,381285,1491010.76,680.69,0,0, ,105.547943864,680.690054383,105.87890625,41.6146296463268
11332,,Existing,095-10-09-01.32-2400,381204.91,1490969.64,452.83,0,0, ,85.2370210029,452.83268147,70.4296875,33.6131001213261
11333,,Existing,095-10-09-01.32-2500,381126.49,1490927.27,2028.53,0,0, ,186.539224309,2028.52625341,315.51953125,73.5554316761633
11334,,Existing,095-10-09-01.32-3100,381177.85,1490610.75,429.1,0,0, ,82.8980487654,429.098028949,66.73828125,32.6917008911349
11335,,Existing,095-10-09-01.32-3200,381165.95,1490576.76,649.34,0,0, ,101.985741724,649.350614898,100.99609375,40.218878841026
11336,,Existing,095-10-09-01.33-7300,381182.88,1490444.15,602.33,0,0, ,99.1186055432,602.339419339,93.6875,39.10146104761
11337,,Existing,095-10-09-01.33-7300,381109.25,1490439.4,1695.46,0,0, ,180.643253341,1695.45884003,263.70703125,71.2130432149961
11338,,Existing,095-10-09-01.32-3300,381186.17,1490519.68,1208.06,0,0, ,143.603495528,1208.07141959,187.90234375,56.6633487254709
11339,,Existing,095-10-09-01.32-3300,381106.18,1490536.77,1725.83,0,0, ,187.684007831,1725.83679233,268.44140625,73.9738601351845
11340,,Existing,095-10-09-01.32-3200,381112.77,1490575.35,1834.74,0,0, ,187.171208721,1834.73397034,285.37109375,73.786816068972
11341,,Existing,095-10-09-01.32-3100,381114.46,1490615.08,2369.29,0,0, ,216.741277147,2369.29360981,368.515625,85.4273512735129
11342,,Existing,095-10-09-01.32-3000,381113.34,1490656.07,1528.23,0,0, ,175.121844123,1528.22488861,237.703125,69.0477471671496
11343,,Existing,095-10-09-01.32-3400,381341.18,1490548.82,46402.69,0,0, ,1417.1756665,46402.6914886,7217.3828125,559.183242436024
11344,,Existing,095-10-09-01.32-2700,381124.86,1490833.51,1177.77,0,0, ,152.194054472,1177.76740332,183.19921875,59.991420936449
11345,,Existing,095-10-09-01.32-2700,381199.85,1490836.78,521.12,0,0, ,91.3431150125,521.119819039,81.05859375,36.0265214981137
11346,,Existing,095-10-09-01.32-2600,381200.28,1490867.07,453.94,0,0, ,85.4324193148,453.945128792,70.60546875,33.6889387472562
11347,,Existing,095-10-09-01.32-2600,381127.87,1490874.62,1448.06,0,0, ,165.723896715,1448.06712066,225.23046875,65.3332148392043
11348,,Existing,095-10-09-01.32-2500,381205.51,1490930.6,503.54,0,0, ,89.7634206138,503.547785612,78.32421875,35.4012655008819
11349,,Existing,095-10-09-02.41-1600,380831.03,1491010.92,2529.35,0,0, ,238.687120597,2529.34302974,393.41796875,94.1971038637416
11350,,Existing,095-10-09-02.41-1800,380729.84,1491009.67,2246.82,0,0, ,207.284765023,2246.83322153,349.48046875,81.8011814535034
11351,,Existing,095-10-09-02.41-1900,380687.29,1491025.91,1710.51,0,0, ,170.879579507,1710.5065374,266.05859375,67.4175596216208
11352,,Existing,095-10-09-02.41-2100,380696.61,1490781.77,2734.33,0,0, ,243.926874053,2734.32403283,425.29296875,96.2752149229055
11353,,Existing,095-10-09-02.41-2200,380739.3,1490764.34,1740.85,0,0, ,180.285205583,1740.863374,270.76953125,71.1301495358302
11354,,Existing,095-10-09-02.41-2700,380956.73,1490754.54,1426.27,0,0, ,172.696537322,1426.26895136,221.84765625,68.0837971308292
11355,,Existing,095-10-09-02.41-3000,380955.67,1490564.94,1091.74,0,0, ,135.269663895,1091.73571107,169.8046875,53.3374913967143
11356,,Existing,095-10-09-02.44-200,380926.37,1490373.68,1287.13,0,0, ,151.29446276,1287.1230417,200.19140625,59.6906878004055
11357,,Existing,095-10-09-02.44-400,380830.76,1490385.45,2529.47,0,0, ,246.81917824,2529.46954213,393.41796875,97.3850006854768
11358,,Existing,095-10-09-02.44-500,380772.62,1490391.29,3072.92,0,0, ,245.365776739,3072.92248248,477.94921875,96.8120587148362
11359,,Existing,095-10-09-02.44-700,380678.02,1490378.54,2503.71,0,0, ,216.9242432,2503.71110672,389.4140625,85.6078939460785
11360,,Existing,095-10-09-02.44-800,380642.93,1490367.43,1163.07,0,0, ,144.061416023,1163.06977346,180.8984375,56.8501023215428
11361,,Existing,095-10-09-02.44-100,380967.33,1490473.78,912.44,0,0, ,132.19332633,912.443178174,141.92578125,52.1214188083507
11362,,Existing,095-10-09-02.41-2800,380952.11,1490652,1933.34,0,0, ,186.941898896,1933.32956865,300.7109375,73.6969825818002
11363,,Existing,095-10-09-02.41-3100,380846.11,1490646.46,1276.29,0,0, ,152.507894276,1276.29053658,198.51171875,60.1683386231997
11364,,Existing,095-10-09-02.41-3400,380702.28,1490627.99,1879.37,0,0, ,208.868632791,1879.37768717,292.3203125,82.4245748472528
11365,,Existing,095-10-09-02.41-3500,380658.51,1490610.42,2524.86,0,0, ,249.764605579,2524.85151724,392.7109375,98.6077698328116
11366,,Existing,095-10-09-02.44-900,380602.63,1490382.84,2388.61,0,0, ,222.089278239,2388.60313469,371.515625,87.6439788399463
11367,,Existing,095-10-09-02.41-5300,380789.97,1491163.96,3078.33,0,0, ,288.657562766,3078.33465299,478.8203125,113.916682263108
11368,,Existing,095-10-09-02.41-3200,380800.34,1490634.4,2204.77,0,0, ,213.259017901,2204.77565455,342.93359375,84.166373919372
11369,,Existing,095-10-09-02.41-5900,380633.88,1491716.45,186.78,0,0, ,54.6867455198,186.779174704,29.05078125,21.5695638186802
11370,,New,095-10-09-01.32-1800,381254.63,1491250.48,376.6,0,0, ,83.4989188863,376.605101898,58.578125,32.946983494145
11371,,Existing,095-10-09-02.14-3100,380740.35,1491905.01,1735.08,0,0, ,207.879013629,1735.08468486,269.90625,82.0204967818801
11372,,Existing,095-10-09-02.41-5700,380755.62,1491774.82,1884.26,0,0, ,210.074029174,1884.25616844,293.09765625,82.9108763911404
11373,,Existing,095-10-09-02.41-500,380980.89,1491498.35,1521.46,0,0, ,171.692106303,1521.46163258,236.65625,67.6807109427559
11374,,Existing,095-10-09-02.41-600,380972.99,1491461.64,1828.59,0,0, ,189.203043987,1828.58429366,284.43359375,74.5750348921698
11375,,Changed,095-10-09-01.32-1401,381206.34,1491321.32,1124.99,798.79,40.84, ,137.446988551,1124.97954624,174.98828125,54.1848325718386
11376,,Changed,095-10-09-01.32-1001,381282.58,1491789.85,71879.88,46178.6,55.66, ,1861.16111482,71879.863917,11181.109375,733.861139834345
11377,,PossiblyChanged,095-10-09-01.32-1500,381125.83,1491238.49,2041.4,0,0, ,259.24120477,2041.39572014,317.5390625,102.248583963146
11378,,Existing,095-10-09-02.41-6000,380592.36,1491769.33,1283.02,0,0, ,150.898628625,1283.01473414,199.58203125,59.546550642124
11379,,Existing,095-10-09-02.41-5100,380650.63,1491203.98,438.33,0,0, ,83.8508821651,438.323420977,68.18359375,33.0736225718861
11380,,Existing,095-10-09-02.41-5500,380710.25,1491520.45,332.68,0,0, ,73.207202673,332.663395014,51.7421875,28.8776339452043
11381,,Existing,095-10-09-02.41-5800,380679.75,1491722.83,292.1,0,0, ,69.1877394333,292.104283748,45.43359375,27.2962067703878
11382,,Existing,095-10-09-02.14-3300,380609.06,1491912.95,1891.92,0,0, ,196.92395298,1891.92984675,294.296875,77.671813720258
11383,,Existing,095-10-09-02.14-3200,380677.53,1491915.49,1845.51,0,0, ,190.306526133,1845.50266704,287.07421875,75.0591628568487
11384,,Existing,095-10-09-02.14-3200,380684.69,1491959.89,459.03,0,0, ,86.3642567756,459.028385039,71.40625,34.0540573020568
11385,,Existing,095-10-09-02.41-5200,380727.5,1491192.17,420.57,0,0, ,82.0317923179,420.575929018,65.41796875,32.3528179101987
11386,,Existing,095-10-09-02.41-1000,380879.29,1491221.93,910.18,0,0, ,121.46221396,910.181139099,141.57421875,47.8952039155539
11387,,Existing,095-10-09-02.41-900,380895.29,1491256.82,422.92,0,0, ,82.2606767789,422.922595862,65.78125,32.4433643164472
11388,,Existing,095-10-09-02.41-1200,380966.1,1491173.1,1476.23,0,0, ,161.363484088,1476.22671338,229.625,63.6017028464526
11389,,Existing,095-10-09-02.14-3000,380815.06,1491942.35,3448,0,0, ,366.840784624,3447.98817914,536.35546875,144.829405479457
11390,,Existing,095-10-09-02.14-3100,380777.01,1491914.01,318.32,0,0, ,72.8004902847,318.317782807,49.515625,28.7242580132077
11391,,Existing,095-10-09-02.14-2800,380892.98,1491982.63,2445.95,0,0, ,205.583767525,2445.94098207,380.48046875,81.1027863265788
11392,,Existing,095-10-09-02.14-2900,380938.01,1491924.1,4570.65,0,0, ,301.985406394,4570.64203052,710.98046875,118.998001524195
11393,,Existing,095-10-09-02.41-500,380924.82,1491519.04,940.86,0,0, ,123.255002819,940.864142267,146.3515625,48.620932648287
11394,,Existing,095-10-09-02.41-500,380854.38,1491507.76,376.97,0,0, ,78.8227418042,376.973303208,58.63671875,31.0768981552591
11395,,Existing,095-10-09-02.41-600,380847.82,1491453.54,647.59,0,0, ,101.827353576,647.591578704,100.73046875,40.1583260286416
11396,,Existing,095-10-09-02.41-800,380961.72,1491355.28,2117.46,0,0, ,206.210855404,2117.4614542,329.36328125,81.2730119674466
11397,,Existing,095-10-09-02.41-800,380869.02,1491337.14,418.56,0,0, ,82.3602487654,418.557906825,65.109375,32.4751815444414
11398,,Existing,095-10-09-02.41-900,380949.44,1491290.86,1480.02,0,0, ,177.766472873,1480.02146381,230.21484375,70.0768359305793
11399,,Existing,095-10-09-01.32-1401,381121.38,1491305.23,1426.61,0,0, ,175.199798697,1426.60722844,221.8984375,69.1064479575223
11400,,Existing,095-10-09-01.32-1700,381119.81,1491170.78,1658.2,0,0, ,166.536797523,1658.19862606,257.921875,65.6680156368132
11401,,Existing,095-10-09-01.32-1701,381190.68,1491182.94,877.66,0,0, ,124.809077715,877.656023404,136.51171875,49.2417402189705
11402,,Existing,095-10-09-01.32-1800,381329.26,1491184.03,2588.7,0,0, ,264.249044927,2588.69469199,402.65625,104.120034617712
11403,,Existing,095-10-09-02.41-5400,380652.07,1491317.02,541.72,0,0, ,99.2250097998,541.720509813,84.26171875,39.1282688726429
11404,,Existing,095-10-09-02.41-5500,380648.58,1491420.56,2400.06,0,0, ,250.602837764,2400.05381274,373.3203125,98.9117547340615
11405,,Existing,095-10-09-02.41-6400,380611.01,1491602.6,3068.75,0,0, ,241.615561098,3068.74150728,477.34375,95.3562557632701
11406,,Existing,095-10-09-02.41-5900,380623.37,1491738.41,989.45,0,0, ,139.179282327,989.446437951,153.91015625,54.8677616733181
11407,,Existing,095-10-09-02.41-5900,380654.91,1491771.83,1112.49,0,0, ,146.084138335,1112.48130402,173.046875,57.6347335684328
11408,,Existing,095-10-09-02.41-5800,380699.93,1491751.83,963.72,0,0, ,139.0065673,963.724971339,149.91015625,54.8255517956542
11409,,Existing,095-10-09-02.41-400,380977.16,1491606.49,1628.19,0,0, ,203.429716162,1628.18929809,253.26953125,80.1954566071006
11410,,PossiblyChanged,095-10-09-02.41-1000,380958.44,1491217.35,2372.46,0,0, ,217.189144917,2372.45647844,369.0234375,85.5982383304377
11411,,Existing,095-10-09-01.23-2100,381358.67,1492599.23,2352.7,0,0, ,259.441498358,2352.70240627,365.98828125,102.388734919058
11412,,New,095-10-09-01.23-2000,381319.04,1492589.72,272.68,0,0, ,80.321361661,272.677973316,42.421875,31.7162135571265
11413,,Existing,095-10-09-02.14-3000,380790,1491975.78,155.17,0,0, ,50.4656353476,155.173182031,24.140625,19.9102729197915
11414,,Existing,095-10-09-02.14-800,380716.4,1492750.9,2403.61,0,0, ,247.253395277,2403.61628352,373.9296875,97.5194562592832
11415,,Existing,095-10-09-02.14-1200,380879.95,1492779.94,5213.88,0,0, ,333.475153001,5213.89845109,811.10546875,131.529048730134
11416,,Existing,095-10-09-01.23-1700,381147.44,1492777.89,4225.29,0,0, ,314.216776713,4225.29150799,657.3125,124.0163602761
11417,,Existing,095-10-09-02.14-3300,380605.08,1491976.23,466.03,0,0, ,86.362949415,466.022458164,72.4921875,34.0608704082767
11418,,Existing,095-10-09-02.14-900,380704.6,1492654.21,2831.76,0,0, ,231.984001026,2831.74284103,440.515625,91.5713973366447
11419,,Existing,095-10-09-02.14-1400,380703.29,1492577.58,1155.93,0,0, ,136.730260885,1155.92415542,179.81640625,53.9396448003462
11420,,Existing,095-10-09-02.14-1500,380705.86,1492507.97,2942.31,0,0, ,239.375464681,2942.29724473,457.7109375,94.4932247057149
11421,,Existing,095-10-09-02.14-1000,380773.57,1492633.78,1447.69,0,0, ,158.7821981,1447.69299717,225.2109375,62.59033895079
11422,,Existing,095-10-09-02.14-1300,380960.14,1492685.58,831.29,0,0, ,125.027029672,831.293693331,129.32421875,49.3118664395556
11423,,Existing,095-10-09-02.14-1300,381006.98,1492685.09,2599.61,0,0, ,204.624318604,2599.62100549,404.4140625,80.720412834007
11424,,Existing,095-10-09-02.14-1700,380830.92,1492524.4,1625.47,0,0, ,178.438409613,1625.4647477,252.859375,70.3886070707162
11425,,Existing,095-10-09-01.23-600,381135.42,1492600.28,1360.57,0,0, ,149.054303542,1360.56601474,211.65234375,58.8060657713667
11426,,Existing,095-10-09-02.14-1900,380924.35,1492369.49,5457.58,0,0, ,400.440649369,5457.5988449,848.98828125,157.948344060605
11427,,Existing,095-10-09-02.14-2700,380909.17,1492090.4,2938.82,0,0, ,231.580179904,2938.81606769,457.15625,91.3731102376195
11428,,Existing,095-10-09-02.14-4100,380739.29,1492252.73,1950.02,0,0, ,191.47719752,1950.02552984,303.34375,75.5069586283289
11429,,Existing,095-10-09-02.14-3900,380739.68,1492109.42,1970.26,0,0, ,197.310344168,1970.25439608,306.4921875,77.7980404703762
11430,,Existing,095-10-09-02.14-2200,380719.77,1492405.74,1587.53,0,0, ,171.597857125,1587.52450888,246.9609375,67.6693396942227
11431,,Existing,095-10-09-02.14-2300,380719.21,1492344.44,1612.97,0,0, ,172.839060417,1612.95945429,250.91796875,68.1580280687769
11432,,Existing,095-10-09-02.14-2200,380787.88,1492403.43,240.61,0,0, ,62.0978131952,240.601587272,37.421875,24.4941664547914
11433,,Existing,095-10-09-02.14-3100,380734.45,1492003.54,654.64,0,0, ,102.422635502,654.64369922,101.828125,40.3992957964885
11434,,Existing,095-10-09-02.14-3800,380664.58,1492118.22,1845.63,0,0, ,183.740937906,1845.62006413,287.09765625,72.4347343576147
11435,,Existing,095-10-09-02.14-4000,380791.07,1492178.09,2364.8,0,0, ,226.65955539,2364.80346453,367.85546875,89.4584012278606
11436,,Existing,095-10-09-02.14-4200,380663.4,1492252.14,2119.47,0,0, ,208.952707199,2119.46707709,329.6953125,82.3962720025383
11437,,Existing,095-10-09-02.14-1600,380776.42,1492528.87,1070.53,0,0, ,131.28078732,1070.53590248,166.53125,51.787105344142
11438,,New,095-10-09-02.14-200,380741.92,1493221.89,607.33,0,0, ,129.664161539,607.332632016,94.48046875,51.1988621292565
11439,,Existing,095-10-09-02.11-2500,380800.26,1493269.98,709.56,0,0, ,106.556616216,709.557264917,110.3828125,42.0277247798745
11440,,Existing,095-10-09-02.14-200,380804.51,1493245.5,247.03,0,0, ,63.2160914012,247.032887253,38.4296875,24.9287771510261
11441,,Existing,095-10-09-01.23-1900,381281.29,1492921.53,17331.53,0,0, ,757.980717311,17331.4896506,2696.20703125,298.753782460363
11442,,Existing,095-10-09-02.11-2200,380808.93,1493364.41,2073.12,0,0, ,193.483633248,2073.13111968,322.515625,76.3001189869711
11443,,Existing,095-10-09-01.22-4300,381174.31,1493353.3,2739.38,0,0, ,239.587934943,2739.38652136,426.171875,94.5031100264738
11444,,Existing,095-10-09-01.22-3800,381413.48,1493510.33,1918.52,0,0, ,201.180848707,1918.52837062,298.47265625,79.3289244882805
11445,,Existing,095-10-09-02.11-1300,380824.95,1493563.48,175.69,0,0, ,57.571248302,175.685621911,27.33203125,22.7228516386265
11446,,Existing,095-10-09-02.11-1600,380593.1,1493578.43,166.16,0,0, ,52.2243049964,166.154974601,25.84765625,20.5922692446078
11447,,Existing,095-10-09-01.22-4000,381301.31,1493449.05,156.77,0,0, ,50.6429433376,156.772466695,24.38671875,19.9690583200883
11448,,Existing,095-10-09-01.22-4900,381197.99,1493177.37,5425.82,0,0, ,381.473866174,5425.82475963,844.08984375,150.419283707354
11449,,Existing,095-10-09-02.14-200,380767.36,1493220.62,428.21,0,0, ,105.599275184,428.204950217,66.61328125,41.7026869378535
11450,,Existing,095-10-09-02.14-500,380711.78,1492914.28,1645.13,0,0, ,173.230915527,1645.13199295,255.9296875,68.2916027795968
11451,,Existing,095-10-09-02.14-600,380711.47,1492874.78,1281.46,0,0, ,155.345436168,1281.46858587,199.3515625,61.2593889679872
11452,,Existing,095-10-09-02.14-700,380712.57,1492818.41,1798.24,0,0, ,202.169519329,1798.23668683,279.7421875,79.7246571860576
11453,,Existing,095-10-09-02.14-5500,380617.71,1493033.19,617.34,0,0, ,119.87601953,617.343508829,96.03515625,47.2285750713026
11454,,Existing,095-10-09-02.14-5500,380621.01,1493062.59,754.93,0,0, ,138.865837316,754.933350546,117.44140625,54.7045313796794
11455,,Existing,095-10-09-02.14-5500,380622.62,1493093.88,741.74,0,0, ,142.755765348,741.738616734,115.39453125,56.2638468793119
11456,,Existing,095-10-09-02.11-2500,380627.18,1493122.63,740.39,0,0, ,140.036300239,740.384575837,115.1796875,55.1637006635114
11457,,Existing,095-10-09-02.11-2500,380624.85,1493151.02,603.16,0,0, ,119.267240923,603.157602193,93.8359375,46.9882009878446
11458,,Existing,095-10-09-02.11-2500,380611.28,1493225.53,602.92,0,0, ,121.995045234,602.911055367,93.79296875,48.1738881168927
11459,,Existing,095-10-09-02.11-2500,380637.06,1493228.42,609.58,0,0, ,122.720879016,609.581279324,94.83203125,48.4606485510169
11460,,Existing,095-10-09-02.11-2500,380680.68,1493214.04,644.28,0,0, ,123.174696568,644.280484567,100.23046875,48.5278896883137
11461,,Existing,095-10-09-02.11-2500,380680.96,1493247.37,699.81,0,0, ,128.194897615,699.80527479,108.87109375,50.5059052213071
11462,,Existing,095-10-09-02.11-2500,380679.02,1493184.33,643.86,0,0, ,133.272251744,643.861715763,100.1640625,52.4974284348904
11463,,Existing,095-10-09-02.11-2500,380682,1493155.35,603.8,0,0, ,131.232178713,693.678644456,107.9140625,51.6993077998742
11464,,Existing,095-10-09-02.11-2500,380682.66,1493124.44,628.78,0,0, ,123.15592166,628.77529448,97.8203125,48.5188925833953
11465,,Existing,095-10-09-02.14-5500,380683.01,1493094.89,634.4,0,0, ,123.297767594,634.398478793,98.6953125,48.5752535248226
11466,,Existing,095-10-09-02.14-5500,380683.17,1493065.47,558.66,0,0, ,120.284582778,558.655689744,86.90234375,47.3839711410914
11467,,Existing,095-10-09-02.14-5500,380683.68,1493035.36,662.38,0,0, ,147.104511104,662.387640241,103.05078125,57.964367400212
11468,,Existing,095-10-09-02.14-200,380773.6,1493024.08,573.99,0,0, ,121.657889869,573.998994322,89.296875,47.9250875821775
11469,,Existing,095-10-09-02.14-200,380768.13,1493050.7,549.23,0,0, ,112.019450065,549.233370619,85.4453125,44.1344093050287
11470,,Existing,095-10-09-02.14-200,380764.09,1493083.39,508.2,0,0, ,113.113375032,508.202585224,79.0625,44.5765250731741
11471,,Existing,095-10-09-02.14-200,380765.01,1493117.87,492.62,0,0, ,112.266052053,492.62281801,76.63671875,44.2258635140002
11472,,Existing,095-10-09-02.14-200,380764.03,1493144.55,683.86,0,0, ,175.24494523,1091.22163922,169.76171875,69.0295589656727
11473,,Existing,095-10-09-02.14-200,380765.35,1493173.1,851.75,0,0, ,134.425673592,851.742472213,132.5078125,52.9781206792972
11474,,Existing,095-10-09-02.14-200,380807.45,1493202.81,731.37,0,0, ,142.240886592,731.368496886,113.78125,56.1763636601288
11475,,Existing,095-10-09-02.14-200,380800.44,1493081.17,713.51,0,0, ,140.90463378,713.509464873,111.00390625,55.6488503544769
11476,,Existing,095-10-09-02.14-700,380779.38,1492793.28,516.42,0,0, ,92.0083461702,516.423323645,80.3359375,36.2784813768015
11477,,Existing,095-10-09-02.14-300,380967.05,1492892.12,4696.88,0,0, ,307.313643444,4696.87118214,730.67578125,121.167328653971
11478,,Existing,095-10-09-02.11-2300,380887.91,1493371.57,1928.43,0,0, ,186.377283447,1928.43996408,300.01171875,73.462896148772
11479,,Existing,095-10-09-01.22-3900,381346.96,1493508.01,1376.49,0,0, ,185.288999483,1376.4967311,214.1484375,73.0708906269486
11480,,Existing,095-10-09-01.22-4000,381287.39,1493502.99,1633.22,0,0, ,180.678743082,1633.22902587,254.0859375,71.2521441593929
11481,,Existing,095-10-09-01.22-4100,381210.65,1493493.53,2110.25,0,0, ,211.63413724,2110.24954992,328.30078125,83.5186890458835
11482,,Existing,095-10-09-02.11-1300,380809.17,1493511.31,1981.75,0,0, ,195.821841626,1981.75204286,308.3125,77.225468067447
11483,,Existing,095-10-09-02.11-1400,380729.69,1493512.32,2333.43,0,0, ,211.800066866,2333.44564945,363.015625,83.5353136343838
11484,,Existing,095-10-09-02.11-1500,380649.42,1493511,2174.13,0,0, ,212.98120689,2174.12395671,338.23046875,84.0082313577013
11485,,Existing,095-10-09-01.23-1800,381291.25,1493122.88,154.79,0,0, ,50.1580361649,154.789681558,24.078125,19.7884659420079
11486,,Existing,095-10-09-01.22-5200,381404.08,1493355.11,1769.47,0,0, ,180.039010003,1769.46336478,275.28125,70.9806025542887
11487,,Existing,095-10-09-01.22-5100,381333.52,1493357.6,1905.96,0,0, ,202.763874085,1905.95914324,296.51171875,79.9553990945111
11488,,Existing,095-10-09-02.11-1100,380988.07,1493491.3,2064.7,0,0, ,195.588335896,2064.69670136,321.21484375,77.0884514409641
11489,,Existing,095-10-09-02.11-1100,380978.01,1493557.27,3394.28,0,0, ,257.243968972,3394.27790615,528.0546875,101.53346133687
11490,,Existing,095-10-09-02.11-1200,380885.26,1493516.3,2778.89,0,0, ,238.694777237,2778.88136733,432.32421875,94.1331659976007
11491,,Existing,095-10-09-02.11-2000,380650.71,1493365.69,1902.42,0,0, ,188.190293614,1902.42204511,295.95703125,74.194940549146
11492,,Existing,095-10-09-02.11-2100,380729.75,1493366.04,1579.27,0,0, ,181.624003409,1579.27049976,245.68359375,71.617298896535
11493,,Existing,095-10-09-01.22-5000,381261.87,1493362.31,2107.93,0,0, ,225.743680771,2107.92565804,327.93359375,89.0385198860141
11494,,Existing,095-10-09-01.22-4800,381347.87,1493200.24,3155.68,0,0, ,282.543270192,3155.69530474,490.9296875,111.366033266993
11495,,PossiblyChanged,095-10-09-01.23-200,381202.55,1493078.93,16606.53,0,0, ,545.137539984,16606.5678103,2583.453125,215.032565845286
11496,,Existing,095-10-09-01.22-4200,381166.29,1493484.22,2158.62,0,0, ,183.99590295,1772.99908991,275.828125,72.6261416620879
11497,,Existing,095-10-09-01.22-1200,381370.86,1494282.5,173.81,0,0, ,59.0418766662,173.806964812,27.04296875,23.2939697302959
11498,,Changed,095-10-09-01.22-2600,381175.86,1494024.64,2413.95,2354.17,2.54, ,244.298643875,2413.94071112,375.55859375,96.3230772496341
11499,,Changed,095-10-09-01.22-700,381405.87,1494365.17,3286.56,3273.08,0.41, ,292.346106948,3286.55272661,511.328125,115.240835380785
11500,,PossiblyChanged,095-10-09-02.11-900,380954.88,1493674.33,1139.6,0,0, ,150.723879197,1139.59966116,177.296875,59.4469345321497
11501,,New,095-10-09-01.22-1300,381391.66,1494280.59,244.44,0,0, ,62.7360949963,244.438386093,38.03125,24.7496462181668
11502,,Existing,095-10-09-02.11-900,380895.85,1493651.79,1076.72,0,0, ,133.150652327,1076.7409664,167.51953125,52.5365698924429
11503,,Existing,095-10-09-01.22-3200,381203.53,1493648.63,1768.74,0,0, ,173.643300739,1768.74502218,275.171875,68.4563137830037
11504,,Existing,095-10-09-01.22-3400,381358.74,1493646.29,1570.54,0,0, ,170.246162099,1570.54049003,244.34375,67.151911074176
11505,,Existing,095-10-09-02.11-700,380986.06,1493934.81,3758.07,0,0, ,253.259404247,3758.05983246,584.671875,99.8443611161212
11506,,Existing,095-10-09-02.11-500,380765.91,1494160.94,15673.16,0,0, ,801.091865537,15673.1453868,2438.45703125,315.671095775469
11507,,Existing,095-10-09-01.22-800,381263.6,1494389.2,1917.41,0,0, ,193.150997118,1917.4088966,298.3203125,76.1547522064302
11508,,Existing,095-10-09-01.22-1300,381420.31,1494194.45,1809.96,0,0, ,185.958683728,1809.9631039,281.59765625,73.3408544046608
11509,,Existing,095-10-09-01.22-1000,381179.74,1494287.63,2371.61,0,0, ,232.421116747,2371.61580164,368.984375,91.6677422681798
11510,,Existing,095-10-09-01.22-2500,381264.85,1494026.67,1934.06,0,0, ,202.009689324,1934.06281651,300.90625,79.6444383843474
11511,,Existing,095-10-09-01.22-2400,381338.03,1494026.49,1725.4,0,0, ,181.132814647,1725.39000042,268.4296875,71.415984279599
11512,,Existing,095-10-09-01.22-2300,381425.04,1494025.85,1988.52,0,0, ,229.577178008,1988.51853672,309.37109375,90.5316903798206
11513,,Existing,095-10-09-02.11-600,380743.73,1494061.82,22899.35,0,0, ,674.778694632,22899.311996,3562.6875,266.073569569074
11514,,Existing,095-10-09-02.11-800,380955.97,1493778.25,1917.62,0,0, ,190.971590304,1917.61212971,298.33984375,75.3470103928079
11515,,Existing,095-10-09-01.22-3000,381383.32,1493749.98,2048.16,0,0, ,187.68991334,2048.15654999,318.640625,74.006491481697
11516,,Existing,095-10-09-01.22-3100,381217.22,1493755.54,2866.11,0,0, ,226.19859817,2866.11768606,445.90234375,89.1846061738206
11517,,Existing,095-10-09-01.22-2700,381211.53,1493883.59,2950.24,0,0, ,235.268392668,2950.25215708,458.9921875,92.7346281160173
11518,,Existing,095-10-09-01.22-1200,381339.77,1494190.61,1893.99,0,0, ,223.201407787,1894.00142518,294.671875,88.0311751089662
11519,,Existing,095-10-09-01.22-1100,381213.98,1494201.45,2944.96,0,0, ,277.136773532,2944.95232733,458.17578125,109.237288237063
11520,,Existing,095-10-09-01.22-900,381180.09,1494380.06,2159.82,0,0, ,219.910219293,2159.81413668,336.03125,86.7113951361448
11521,,New,095-11-09-36.33-3300,381213.67,1494879.94,270.71,0,0, ,65.8791333288,270.713675196,42.1171875,25.9837158860506
11522,,New,095-11-09-36.33-3300,381257.25,1494886.32,210.26,0,0, ,58.471011661,210.260825268,32.71484375,23.0580513588123
11523,,Changed,095-11-09-35.44-4700,380828.12,1494593.83,1592.23,3732.38,-57.34, ,172.610812441,1592.23154859,247.73046875,68.1027016533015
11524,,PossiblyChanged,095-11-09-36.33-2000,381340.84,1495255.17,2324.17,0,0, ,231.43349533,2324.1655828,361.62890625,91.2925542260606
11525,,Existing,095-11-09-35.44-4600,380885.99,1494486.92,4360.24,0,0, ,339.311001167,4360.25007456,678.3984375,133.690218547171
11526,,Existing,095-11-09-35.44-4901,380800.63,1495006.81,1510.85,0,0, ,158.585619157,1510.85401122,235.078125,62.5542707426922
11527,,Existing,095-11-09-36.33-1900,381341.78,1495152.67,2402,0,0, ,216.518252043,2401.99075487,373.73828125,85.4727451860606
11528,,Existing,095-11-09-36.33-3100,381195.6,1495106.06,15499.26,0,0, ,578.852667896,15499.2540261,2411.578125,228.491753526249
11529,,Existing,095-11-09-36.33-1801,381397.19,1494857.75,4640.89,0,0, ,345.683013925,4640.8919405,722.0703125,136.335986691296
11530,,Existing,095-11-09-36.33-3300,381126.75,1494873.08,10602.65,0,0, ,443.719117329,10602.6250784,1649.66796875,174.954900617981
11531,,Existing,095-11-09-36.33-3600,381357.3,1494578.23,3085.31,0,0, ,262.476372015,2835.40438793,441.15625,103.489664887163
11532,,Existing,095-11-09-36.33-1805,381337.91,1495062.49,2658.91,0,0, ,231.025139044,2658.89530006,413.7109375,91.1655616055408
11533,,Existing,095-11-09-36.33-1800,381329.69,1494953.72,4657.98,0,0, ,348.733715664,4657.98194738,724.74609375,137.576142895635
11534,,Existing,095-11-09-35.44-4500,380659.13,1494594.32,4030.4,0,0, ,316.515493556,4030.3844995,627.0703125,124.781554618825
11535,,Existing,095-11-09-35.44-4800,380740.67,1494696.15,8069.91,0,0, ,390.194038711,8069.90981873,1255.578125,153.874970633356
11536,,Changed,095-11-09-36.33-2200,381337.75,1495448.1,2802.86,2639.16,6.2, ,234.03222879,2802.85447065,436.1171875,92.3351473578078
11537,,PossiblyChanged,095-11-09-36.32-5400,381345.49,1495856.83,2475.1,0,0, ,242.821066423,2475.10251729,385.12890625,95.8023139765492
11538,,New,095-11-09-36.33-2700,381009.62,1495493.12,3308.38,0,0, ,288.668629611,3308.39370017,514.77734375,114.00618359551
11539,,Existing,095-11-09-36.33-2900,381131.79,1495366.25,254.57,0,0, ,64.1206066683,254.567745039,39.61328125,25.2879629382085
11540,,Changed,095-11-09-35.44-200,380777.09,1495306.03,7678.43,8118.88,-5.43, ,425.275128469,7678.42536137,1194.734375,167.66921291099
11541,,Existing,095-11-09-36.32-5600,381350.6,1496050.57,3086.09,0,0, ,254.575791471,2919.36896304,454.26171875,100.453940275156
11542,,PossiblyChanged,095-11-09-36.33-2400,381341.42,1495655.8,2666.35,0,0, ,241.283978617,2666.34601198,414.8828125,95.200502949972
11543,,Changed,095-11-09-36.33-2700,381092.43,1495493.7,3383.81,9708.52,-65.15, ,266.901044995,3383.81131822,526.51171875,105.347272110817
11544,,Existing,095-11-09-36.33-2300,381341.44,1495555.19,2412.09,0,0, ,233.081939634,2412.07557526,375.3203125,91.9708618167807
11545,,Existing,095-11-09-36.32-5301,381270.05,1495904.74,250.8,0,0, ,63.7449074423,250.802092185,39.0234375,25.1508292944893
11546,,Existing,095-11-09-36.32-5301,381096.78,1495825.82,5428.1,0,0, ,313.132646499,4700.32804034,731.37890625,123.421543432394
11547,,Existing,095-11-09-35.44-100,380799.29,1495772.46,4608.71,0,0, ,318.839936829,4608.70692429,717.1171875,125.727102948319
11548,,Existing,095-11-09-35.41-600,380786.66,1495902.17,2633.3,0,0, ,213.309316564,2633.293392,409.74609375,84.0973970827819
11549,,Existing,095-11-09-36.32-5500,381349.02,1495955.08,2363.65,0,0, ,229.43133965,2363.64627998,367.7890625,90.5342297095262
11550,,Existing,095-11-09-36.33-2500,381342.75,1495746.87,2707.34,0,0, ,249.514080149,2707.33307028,421.2578125,98.4514179043756
11551,,Existing,095-11-09-36.33-2100,381340.57,1495355.07,2278.15,0,0, ,214.075793443,2278.15063614,354.46875,84.4886418323446
11552,,Existing,095-11-09-36.33-2900,381084.18,1495334.88,2259.43,0,0, ,207.9356618,2259.42014134,351.5625,82.0812064635765
11553,,Existing,095-11-09-36.33-2600,381072.76,1495671.85,3337.51,0,0, ,270.99306651,3337.50163279,519.3125,106.803373109303
11554,,Existing,095-11-09-36.32-4905,381173.26,1496536.41,5872.2,0,0, ,376.586926465,5872.1972445,913.7734375,148.403898382877
11555,,Changed,095-11-09-36.32-4900,381256.34,1496919.24,22626.74,19914.47,13.62, ,1124.09407727,22626.7259642,3521.046875,443.234230373273
11556,,Existing,095-11-09-36.32-5700,381352.16,1496151.89,3256.79,0,0, ,213.852665113,2513.89500186,391.171875,84.4086461450642
11557,,Existing,095-11-09-36.32-5000,381115.04,1496228.73,174.66,0,0, ,54.2954817712,174.659113848,27.1796875,21.4278210070925
11558,,New,095-11-09-36.32-4902,381407.72,1496591.74,10978.85,0,0, ,474.101662612,10978.8419025,1708.4296875,187.165662460898
11559,,Existing,095-11-09-36.32-5800,381355.42,1496257.16,2322.13,0,0, ,214.673827261,2322.13824716,361.34375,84.7273008441419
11560,,Existing,095-11-09-36.32-5900,381360.38,1496352.81,2597.17,0,0, ,218.869138792,2597.17124723,404.13671875,86.3914727690697
11561,,Existing,095-11-09-36.32-5000,381036.42,1496308.81,6044.6,0,0, ,182.139935921,1791.32557891,278.7421875,71.8117699974248
11562,,Existing,095-11-09-36.32-5000,381029.12,1496220.7,769.39,0,0, ,118.989263341,769.383080475,119.71484375,46.9037139581067
11563,,New,095-11-09-35.14-100,380750.8,1497230.76,4567.46,0,0, ,331.77668593,4567.44576256,710.76953125,130.861157067636
11564,,New,095-11-09-35.14-102,380741.11,1497358.6,8605.36,0,0, ,399.796701654,8605.34387978,1339.1640625,157.608322546335
11565,,New,095-11-09-35.41-100,380749.36,1496966.22,15927.38,0,0, ,620.930001408,15927.3796253,2478.5703125,244.974615343946
11566,,Existing,095-11-09-36.23-302,381174.01,1497507.3,7540.26,0,0, ,348.216900068,7540.27236428,1173.43359375,137.351131783876
11567,,Existing,095-11-09-36.23-100,381181.36,1497255.79,3947.07,0,0, ,414.819517465,8351.74827281,1299.703125,163.789432536744
11568,,Existing,095-10-09-12.22-3000,381792.2,1488528.74,317.79,0,0, ,72.4149026906,317.787678482,49.421875,28.5470016603414
11569,,Existing,095-10-09-12.22-3000,381813.47,1488504.84,1694.56,0,0, ,184.017092959,1694.54845926,263.52734375,72.5334728979151
11570,,Existing,095-10-09-12.22-3100,381818.71,1488449.04,1228.57,0,0, ,156.772067855,1228.56643446,191.06640625,61.8115474152962
11571,,Existing,095-10-09-12.21-3900,381958.98,1488279.98,2056.52,0,0, ,194.490424914,2056.5194246,319.81640625,76.7527355888609
11572,,Existing,095-10-09-12.21-4200,382097.61,1488287.4,1696.91,0,0, ,177.838944535,1696.91597288,263.89453125,70.1637433473804
11573,,Existing,095-10-09-12.21-4400,382205.56,1488299.73,1328.96,0,0, ,156.871722574,1328.94901024,206.66796875,61.837223000728
11574,,Existing,095-10-09-12.21-5102,382202.1,1488002.74,7493.87,0,0, ,365.295927278,7493.85729541,1165.33984375,143.960154776683
11575,,Existing,095-10-09-12.22-3700,381656.65,1488090.77,2181.3,0,0, ,224.530187976,2181.31680497,339.203125,88.5670353247216
11576,,Existing,095-10-09-12.22-3700,381692.25,1488156.75,603.37,0,0, ,98.9516595282,603.36569167,93.828125,39.0179603348685
11577,,Existing,095-10-09-12.22-4200,381585.06,1488259.47,1039.23,0,0, ,132.035054724,1039.23250749,161.609375,52.0597700604018
11578,,Existing,095-10-09-12.22-3200,381826.4,1488389.21,1016.69,0,0, ,147.01003713,1016.68692848,158.11328125,57.9945083402409
11579,,Existing,095-10-09-12.21-2300,381950.22,1488636.53,1866.06,0,0, ,190.969533096,1866.05308701,290.203125,75.2795696557236
11580,,Existing,095-10-09-12.21-3000,382175.32,1488552.32,1534.37,0,0, ,189.956148681,1534.37742665,238.62890625,74.882068656486
11581,,Existing,095-10-09-12.21-3900,381999.59,1488206.2,485.04,0,0, ,88.111180506,485.038965907,75.42578125,34.747808285435
11582,,Existing,095-10-09-12.21-4300,382147.32,1488299.04,868,0,0, ,127.224037279,868.000770385,134.984375,50.1692984882983
11583,,Existing,095-10-09-12.21-4900,381967.26,1488051.98,1895.2,0,0, ,181.165950969,1895.19369884,294.71875,71.481528755988
11584,,Existing,095-10-09-12.21-5000,381948.07,1487940,1015.48,0,0, ,136.238707996,1015.48598546,157.9140625,53.7220718382189
11585,,Existing,095-10-09-12.22-3400,381858.15,1488031.1,912.1,0,0, ,125.198168802,912.093253909,141.83984375,49.3973662284984
11586,,Existing,095-10-09-12.22-4300,381430.42,1488229.58,1623.82,0,0, ,178.18681991,1623.82647182,252.515625,70.3111837012034
11587,,Existing,095-10-09-12.22-3000,381744.33,1488502.52,351.42,0,0, ,78.0789801614,351.415607722,54.65625,30.7928722326235
11588,,Existing,095-10-09-01.33-8700,381434.54,1489336.46,3507.35,0,0, ,266.704522898,3507.3337268,545.45703125,105.220522689369
11589,,Existing,095-10-09-01.33-3600,382013.69,1489447.85,1765.37,0,0, ,189.094726254,1765.37685759,274.5625,74.6069161294583
11590,,Existing,095-10-09-01.33-3600,382033.47,1489402.43,1093.4,0,0, ,134.176559906,1093.39074781,170.04296875,52.9130280910071
11591,,Existing,095-10-09-01.33-4400,382005.98,1489231.1,1742.5,0,0, ,193.163356645,1742.51408428,270.98828125,76.1963279914104
11592,,Existing,095-10-09-01.33-4600,381860.66,1489303.46,297.69,0,0, ,69.9253135332,297.690914913,46.30078125,27.5849880937826
11593,,PossiblyChanged,095-10-09-01.33-5400,381717.98,1489402.42,2021.57,0,0, ,194.314630551,2021.5783473,314.41015625,76.6647042885638
11594,,Existing,095-10-09-01.33-5100,381621.9,1489355.51,179.09,0,0, ,54.8985088279,179.092599604,27.85546875,21.659728686281
11595,,Existing,095-11-09-36.33-800,381601.67,1495437.46,2789.26,0,0, ,233.931648488,2789.25958479,434.0078125,92.2553878735798
11596,,Existing,095-11-09-36.33-900,381486.86,1495459.59,1912.72,0,0, ,204.876251721,1912.71931968,297.61328125,80.8127110881414
11597,,Existing,095-11-09-36.33-500,381603.31,1495628.86,2527.32,0,0, ,249.089801543,2527.33636506,393.25390625,98.2302165904691
11598,,Existing,095-11-09-36.33-1200,381753.14,1495354.96,170.44,0,0, ,52.7621519723,170.44335321,26.51953125,20.8067290646713
11599,,Existing,095-11-09-36.33-7000,382088.86,1495700.34,2662.61,0,0, ,251.075632536,2472.23169367,384.67578125,99.0706082098081
11600,,Existing,095-11-09-36.33-5200,381933.29,1495323.5,2681.98,0,0, ,241.232705828,3047.56645396,474.19140625,95.1757508984657
11601,,Existing,095-11-09-36.33-1200,381692.12,1495292.49,2495.63,0,0, ,244.483812263,2495.63922172,388.30859375,96.4308175547973
11602,,Existing,095-11-09-36.33-700,381694.75,1495469.6,2574.37,0,0, ,239.242730454,2574.37391855,400.55859375,94.3615701591277
11603,,Existing,095-11-09-36.33-600,381695.32,1495597.99,2625.15,0,0, ,241.763493012,2625.1429011,408.4765625,95.3579416933198
11604,,Existing,095-11-09-36.33-200,381603.66,1495741.38,2564.18,0,0, ,241.512436859,2564.18216842,398.98828125,95.2491661928823
11605,,Existing,095-11-09-36.32-6900,381701.85,1495903.96,2507.87,0,0, ,237.855488655,2507.86844966,390.2265625,93.8165527345588
11606,,Existing,095-11-09-36.32-6600,381493.22,1496072.1,2398.68,0,0, ,215.773180929,2398.68295115,373.25390625,85.1665244550867
11607,,Existing,095-11-09-36.32-6700,381493.04,1495934.56,2308.38,0,0, ,214.786406777,2308.37934438,359.19140625,84.7707767396427
11608,,Existing,095-11-09-36.33-1000,381486.58,1495304.85,2446.02,0,0, ,217.74010816,2446.02103631,380.59765625,85.8959158360377
11609,,Existing,095-11-09-36.32-6400,381706.96,1496078.14,3277.92,0,0, ,282.998282207,3277.92301006,510.05859375,111.635377417252
11610,,Existing,095-11-09-36.33-400,381489.11,1495611.4,2664.15,0,0, ,245.260278978,2664.14261749,414.546875,96.7767824552939
11611,,Existing,095-11-09-36.33-300,381491.94,1495765.08,2715.06,0,0, ,244.875862269,2715.05327772,422.46875,96.6264443808553
11612,,Existing,095-11-09-36.32-6800,381606.37,1495935.8,2432.54,0,0, ,232.225409517,2432.5402455,378.51171875,91.5803493100859
11613,,New,095-11-09-36.33-5000,381928.64,1495491.28,2573.62,0,0, ,256.73866536,2573.62195482,400.453125,101.286372829206
11614,,Existing,095-11-09-36.33-100,381699.08,1495771.55,2632.47,0,0, ,236.495058588,2632.4722323,409.6171875,93.2765735979169
11615,,Existing,095-11-09-36.32-7000,381747.11,1496368.88,953.28,0,0, ,125.054726773,953.281799623,148.33984375,49.3154672559396
11616,,Changed,095-11-09-36.32-3800,381751.08,1496447.98,1909.64,1723.15,10.82, ,207.009072071,1909.6474024,297.16796875,81.6511263883113
11617,,Existing,095-11-09-36.32-4300,381526.07,1496764.44,167.36,0,0, ,51.9355916753,167.362788253,26.04296875,20.4840138464377
11618,,Existing,095-11-09-36.32-1200,381773.41,1496715.34,1734.18,0,0, ,188.293343948,1734.17875566,269.86328125,74.280359688259
11619,,Changed,095-11-09-36.32-1400,381892.33,1496845.48,1809.18,1600.13,13.06, ,188.963676302,1809.16905302,281.52734375,74.539543391548
11620,,Changed,095-11-09-36.32-2900,382109.34,1496581.82,1964.71,1709.16,14.95, ,211.88875048,1964.71058454,305.73828125,83.5530430273154
11621,,Existing,095-11-09-36.32-2700,382160.16,1496440.97,195.13,0,0, ,55.9182831104,195.126095892,30.36328125,22.0575934538284
11622,,Existing,095-10-09-12.34-2200,382691.89,1485062.9,2269.08,0,0, ,211.57370739,2269.07120714,352.77734375,83.4275788666437
11623,,Existing,095-10-09-12.34-2000,382969.05,1485187.2,2357.45,0,0, ,225.418364173,2357.44861092,366.52734375,88.8437805417282
11624,,Existing,095-10-09-12.34-2700,382940.48,1484952.54,2800.6,0,0, ,237.818055158,2489.4109646,387.03125,93.7454705720665
11625,,New,095-10-09-12.31-2300,382552.65,1485527.49,213.13,0,0, ,59.0824421101,213.131177981,33.13671875,23.2900107380348
11626,,Changed,095-10-09-12.31-2300,382643.29,1485496.08,3229.54,2813.49,14.79, ,249.293866563,2770.89297198,430.8046875,98.2958228957297
11627,,Changed,095-10-09-12.31-900,382683.86,1485990.6,3547.83,3190.01,11.22, ,325.663597457,3547.84786131,551.6171875,128.427774328296
11628,,Existing,095-10-09-12.31-1000,382394.67,1485852.44,387.19,0,0, ,83.1800271571,387.198524515,60.19921875,32.8010994056118
11629,,Existing,095-10-09-12.31-1000,382564.72,1485830.95,2849.54,0,0, ,235.68706038,2849.54941122,443.0546875,92.9175002233883
11630,,Existing,095-10-09-12.31-700,382745.5,1486107.14,2736.92,0,0, ,236.241543686,2736.92781927,425.54296875,93.1632538945267
11631,,Existing,095-10-09-12.31-1200,382861.95,1485797.59,2156.34,0,0, ,184.914967587,1962.04168389,305.05859375,72.9555411637544
11632,,Existing,095-10-09-12.31-2100,382911.31,1485711.67,592.38,0,0, ,97.3868136604,592.373940246,92.1015625,38.4005717413574
11633,,Existing,095-10-09-12.31-2100,382937.08,1485651.41,2120.49,0,0, ,217.85298668,2120.49428358,329.703125,85.9113705097971
11634,,Existing,095-10-09-12.31-800,382335.67,1486135.38,373.54,0,0, ,80.5832525778,373.536393214,58.08203125,31.7932984643055
11635,,Existing,095-10-09-12.31-2000,383068.09,1485710.33,4272.85,0,0, ,325.679942634,4272.84873665,664.34765625,128.382206270138
11636,,Existing,095-10-09-12.31-1400,383070.13,1485990.53,2776.8,0,0, ,279.706189711,2776.79468414,431.734375,110.25378328272
11637,,Existing,090-10-09-12.00-2903,382281.95,1486165.31,501.98,0,0, ,89.7909325434,501.980736735,78.05078125,35.4104181458142
11638,,New,090-10-09-12.00-2903,382254.32,1486349.79,2056.74,0,0, ,182.161155722,2056.74153798,319.796875,71.8166992568705
11639,,Existing,095-10-09-12.24-4100,382394.57,1486906.79,3223.19,0,0, ,294.344951631,3223.19052667,501.1796875,116.095282815987
11640,,Unknown,095-10-09-12.31-600,382899.58,1486421.45,272.93,0,0, ,67.4484619746,272.923357271,42.4375,26.6069716941806
11641,,Existing,095-10-09-12.31-600,382915.15,1486332.79,3157.52,0,0, ,282.092154931,3157.51684048,490.95703125,111.233938542329
11642,,Existing,095-10-09-12.24-3900,382795.69,1487014.89,2810.81,0,0, ,304.243123913,2810.80176856,437.06640625,119.940599132259
11643,,Existing,095-10-09-12.24-4300,382566.37,1486738.11,4218.51,0,0, ,316.147796954,4218.50911225,655.9375,124.598052553248
11644,,Existing,095-10-09-12.24-4400,382633.29,1486563.72,1700.3,0,0, ,189.918847918,1700.30455247,264.3828125,74.8820080840864
11645,,Existing,095-10-09-12.24-4600,383040.28,1486577.38,524.51,0,0, ,91.907331519,524.513416133,81.5546875,36.2385543854432
11646,,Existing,095-10-09-12.24-4200,382387.96,1486694.82,2969.09,0,0, ,248.319771843,2969.07673639,461.6640625,97.9461726288984
11647,,Existing,095-10-09-12.31-800,382477.58,1486504.93,3436.33,0,0, ,288.025986756,3436.33348721,534.3125,113.581752812
11648,,Existing,095-10-09-01.31-6500,382578.24,1491601.43,3217.59,0,0, ,264.304868704,3217.59338823,500.4921875,104.150722800705
11649,,Existing,095-10-09-01.31-5200,382900.34,1491206.86,1406.71,0,0, ,184.747465632,1406.71359192,218.8046875,72.8377407757016
11650,,Existing,095-10-09-01.31-5300,382903.09,1491269.32,1667.74,0,0, ,202.540608712,1667.74401132,259.4140625,79.8901314526444
11651,,Existing,095-10-09-01.31-5400,382907.74,1491328.57,1800.52,0,0, ,185.639875195,1800.52698128,280.05859375,73.2151165639869
11652,,Existing,095-10-09-01.31-5800,382886.02,1491639.36,2334.65,0,0, ,233.739308891,2334.63928282,363.16015625,92.177059641428
11653,,Existing,095-10-09-01.23-5200,382499.85,1492762.59,2371.93,0,0, ,231.260204414,2371.92773963,368.98828125,91.1953824887954
11654,,Existing,095-10-09-01.24-200,382578.56,1492707.97,1413.62,0,0, ,223.083195364,2579.93339461,401.33984375,88.060414105953
11655,,Existing,095-10-09-01.24-200,382580.21,1492658.38,933.5,0,0, ,126.12256485,933.51587905,145.21875,49.7224750939776
11656,,Existing,095-10-09-01.23-5300,382494.58,1492609.19,1383.55,0,0, ,161.844948532,1383.54718929,215.22265625,63.8047393394876
11657,,Existing,095-10-09-01.23-4600,382344.02,1492764.56,2950.11,0,0, ,247.939723814,2950.13538861,458.9375,97.8312946969884
11658,,PossiblyChanged,095-10-09-01.23-4500,382334.99,1492620.82,2282.22,0,0, ,204.488967756,2282.2163086,355.0234375,80.6552169386066
11659,,Existing,095-10-09-01.23-5100,382497.48,1492912.79,3030.03,0,0, ,223.662199305,2506.85601866,389.984375,88.2906341676799
11660,,New,095-10-09-01.23-5000,382547.31,1493129.4,179.76,0,0, ,54.0228578299,179.76104222,27.96875,21.3027172714967
11661,,Existing,095-10-09-01.22-5800,382350.76,1493215.88,4106.59,0,0, ,232.430700925,2556.21300733,397.671875,91.6628513383676
11662,,Existing,095-10-09-01.23-4001,382262.22,1493141.19,953.9,0,0, ,124.432642773,953.893990153,148.39453125,49.0909597882829
11663,,Existing,095-10-09-01.23-4700,382344.79,1492914.84,2291.32,0,0, ,221.791551173,2291.32574693,356.4453125,87.4765202996713
11664,,Existing,095-10-09-01.23-4800,382356.57,1493056.55,3130.18,0,0, ,250.536014332,3130.18162254,486.95703125,98.8749093295432
11665,,Existing,095-10-09-01.22-5900,382483.28,1493199.03,2864.09,0,0, ,256.497589286,3192.37587268,496.65234375,101.161118713517
11666,,New,095-10-09-01.22-6014,382307.52,1494263.25,4164.64,0,0, ,299.898411911,4164.62989941,647.9453125,118.305623240744
11667,,Existing,095-10-09-01.22-6013,382402.38,1494375.85,2868.12,0,0, ,296.458025049,2868.11657625,446.21875,116.959351604618
11668,,Existing,095-10-09-12.31-3300,383517.45,1485369.99,2697.99,0,0, ,232.533592676,2697.99809201,419.4765625,91.6370161963421
11669,,Existing,095-10-09-12.34-100,383549.34,1485076.79,537.15,0,0, ,93.0308374275,537.138431606,83.51171875,36.6782198597158
11670,,Existing,095-10-09-12.42-5701,383869.45,1485399.67,2383.8,0,0, ,207.700590532,2530.84120725,393.484375,81.9003336144687
11671,,Existing,095-10-09-12.42-5701,383817.78,1485324.04,779.47,0,0, ,112.13037956,779.465029785,121.1875,44.2053757295718
11672,,Existing,095-10-09-12.31-3500,383280.35,1485327.39,2403.82,0,0, ,223.954321585,2403.83072288,373.73828125,88.2655919951513
11673,,Existing,095-10-09-12.31-3300,383551.08,1485409.55,1035.86,0,0, ,130.323172676,1035.85946177,161.0546875,51.3713506302818
11674,,Existing,095-10-09-12.43-402,383726.71,1485217.61,2967.02,0,0, ,258.140587885,2967.0332685,461.296875,101.833913581534
11675,,Existing,095-10-09-12.43-401,383726.33,1485095.37,2895.32,0,0, ,268.668326462,2895.32971062,450.140625,105.990913954884
11676,,Existing,095-10-09-12.34-1600,383349.64,1485089.31,307.64,0,0, ,70.3404104933,307.631645589,47.828125,27.7392263818224
11677,,Existing,095-10-09-12.34-1700,383263.36,1485085.64,2783.22,0,0, ,247.964126078,2783.20709134,432.71875,97.754168617242
11678,,Existing,095-10-09-12.34-1500,383297.45,1484889.23,2669.55,0,0, ,222.261140749,2669.54869051,415.03515625,87.6374237825924
11679,,Existing,095-10-09-12.34-1400,383301.62,1484791.3,1995.27,0,0, ,185.937830884,1995.27584508,310.19921875,73.3533971206901
11680,,Existing,095-10-09-12.34-300,383547.67,1484874.32,1327.31,0,0, ,147.520046167,1327.31955005,206.35546875,58.1848100367968
11681,,Existing,095-10-09-12.34-200,383547.57,1484977.34,1435.05,0,0, ,160.804450886,1435.06227525,223.109375,63.431885138749
11682,,Existing,095-10-09-12.43-600,383716.77,1484762.05,2953.67,0,0, ,269.511556474,2953.67329145,459.1953125,106.262712675066
11683,,Existing,095-10-09-12.43-600,383759.86,1484854.88,805.4,0,0, ,114.300315206,805.396845078,125.21484375,45.0590596407057
11684,,Existing,095-10-09-12.34-500,383548.06,1484674.42,1434.16,0,0, ,159.491931613,1434.14201347,222.9609375,62.9096625338324
11685,,Existing,095-10-09-12.34-400,383549.64,1484777.33,1496.54,0,0, ,168.521661887,1496.55186803,232.66796875,66.4608356238989
11686,,Existing,095-10-09-12.34-3100,383105.39,1484608.77,2134.37,0,0, ,200.717498855,2134.36763295,331.82421875,79.1175343500561
11687,,Changed,095-10-09-12.42-5500,383852.24,1485742.99,3619.4,3176.6,13.94, ,295.583369705,3619.39512448,562.7265625,116.442534997577
11688,,Changed,095-10-09-12.42-2800,383751.78,1485907.73,3067.07,2952.21,3.89, ,268.980853717,3067.07040474,476.875,106.089384638195
11689,,New,095-10-09-12.42-5601,383668.85,1485667.56,267.07,0,0, ,67.3692878336,267.071884315,41.52734375,26.551361970695
11690,,Existing,095-10-09-12.31-3100,383503.2,1485566.25,176.68,0,0, ,53.8893291124,176.679453566,27.46875,21.2441778596588
11691,,Existing,095-10-09-12.31-3400,383341.74,1485436.05,185.54,0,0, ,58.8598306998,185.548800623,28.8515625,23.2247360347566
11692,,New,095-10-09-12.31-2900,383327.26,1485485.78,352.68,0,0, ,75.490816666,352.681531604,54.83203125,29.7706818283927
11693,,Existing,095-10-09-12.31-2800,383138.56,1485473.06,3593.17,0,0, ,289.673912856,3020.92543641,469.68359375,114.186342429631
11694,,Existing,095-10-09-12.31-1900,383173.47,1485774.81,3169.73,0,0, ,279.782425149,3169.73215519,492.83203125,110.278153207989
11695,,Existing,095-10-09-01.02-100,384182.01,1494263.29,916.21,0,0, ,128.477433324,916.203974684,142.54296875,50.6426296344654
11696,,New,095-10-09-12.33-202,381839.29,1483930.54,3812.85,0,0, ,268.22615441,3590.51166513,558.17578125,105.748338579595
11697,,New,095-10-09-12.33-204,381440.28,1483950.74,4262.61,0,0, ,326.36275954,4262.60909337,662.66015625,128.705868575236
11698,,Existing,095-10-09-12.33-118,382064.6,1484457.66,3484.23,0,0, ,270.388175004,3484.23252352,541.67578125,106.628762816005
11699,,New,095-10-09-12.33-119,382167.51,1484371.53,3562.33,0,0, ,256.009479906,3120.73771329,485.1640625,100.928480370599
11700,,Changed,095-10-09-12.33-117,382099.67,1484569.99,2863.46,2600.05,10.13, ,242.315391063,2863.45251142,445.1640625,95.5551236399312
11701,,New,095-10-09-12.33-200,382222.6,1483982.01,4777.01,0,0, ,320.243923269,4690.99047987,729.25390625,126.245462898528
11702,,Existing,095-10-09-12.33-108,381786.09,1484985.18,3729.57,0,0, ,283.248325432,3499.95299457,544.140625,111.693758097808
11703,,New,095-10-09-12.33-115,382097.03,1484833.12,3133.8,0,0, ,256.383840672,3133.79294478,487.21484375,101.137209985994
11704,,New,095-10-09-12.33-113,381852.7,1484828.31,4068.94,0,0, ,315.264898038,3840.04100343,597.00390625,124.313352361246
11705,,Existing,095-10-09-12.33-114,381987.71,1484850.48,3599.5,0,0, ,270.963870842,3171.72861701,493.09765625,106.858357741356
11706,,Existing,095-10-09-12.33-106,382067.54,1485016.26,3380.4,0,0, ,266.560169684,3178.75813356,494.203125,105.09526735766
11707,,Existing,095-10-09-12.33-105,382160.74,1485069.08,3093.93,0,0, ,265.095815395,3093.92368242,481.01953125,104.512718735977
11708,,Existing,095-10-09-12.32-100,382001.15,1485332.17,1819.55,0,0, ,172.558728548,1819.55940423,282.89453125,68.0247053055135
11709,,Existing,095-10-09-12.33-116,382106.62,1484687.36,3091.57,0,0, ,280.281985593,3091.56023354,480.640625,110.541922090378
11710,,Existing,095-10-09-12.33-103,382241.58,1484823.55,3015.48,0,0, ,257.828669657,3015.49302544,468.81640625,101.669419015979
11711,,Existing,095-10-09-12.33-107,381949.72,1485017.18,4346.02,0,0, ,298.521712562,3893.21294184,605.28515625,117.731121396239
11712,,Existing,095-10-09-12.32-100,382056.75,1485461.31,4165.63,0,0, ,293.662824928,3661.63327039,569.2890625,115.778148663509
11713,,New,090-10-09-12.00-2901,381988.77,1486287.34,3284.28,0,0, ,264.892267328,3284.27884799,510.65234375,104.388836946678
11714,,Existing,090-10-09-12.00-2903,382172.4,1486298.62,2686.24,0,0, ,230.710418891,2686.23305412,417.67578125,90.9235457167543
11715,,Existing,095-10-09-12.24-2100,381943.05,1486988.45,1650.57,0,0, ,166.1137544,1650.56678041,256.65625,65.5307823934978
11716,,Existing,095-10-09-12.23-600,381835.39,1487484.44,2041.99,0,0, ,204.164173932,2041.98681465,317.53125,80.4760814101416
11717,,PossiblyChanged,095-10-09-12.24-2800,382203.25,1487394.43,1391.85,0,0, ,170.668723089,1391.86006472,216.4375,67.2985417506477
11718,,Existing,095-10-09-12.24-2900,382148.8,1487427.98,1898.83,0,0, ,202.715107393,1898.83110148,295.2734375,79.9243665281362
11719,,New,095-10-09-12.24-1600,382002.19,1487316.62,728.8,0,0, ,107.986004494,728.804585503,113.328125,42.5828159320371
11720,,Existing,095-10-09-12.23-800,381795.16,1487225.94,162.32,0,0, ,52.414593339,162.315675415,25.234375,20.6785125242542
11721,,Existing,095-10-09-12.24-1801,382012.65,1487177.63,162.55,0,0, ,53.7876172902,162.552671522,25.27734375,21.2164893794161
11722,,Existing,095-10-09-12.24-2200,382081.67,1487250.13,3127.49,0,0, ,291.040797555,3127.49184703,486.32421875,114.792382478299
11723,,Existing,095-10-09-12.23-700,381526.33,1487214.32,2893.2,0,0, ,246.771128736,2893.19749061,449.87890625,97.2973882991212
11724,,Unknown,095-10-09-12.23-702,381678.94,1487332.63,156.19,0,0, ,50.0777755563,156.185672252,24.2890625,19.7497443071764
11725,,Existing,095-10-09-12.22-5400,381696.71,1487852,1481.08,0,0, ,166.107795081,1481.08871208,230.32421875,65.4885974520986
11726,,Existing,095-10-09-12.24-1000,381944.31,1487875.51,1683.93,0,0, ,223.030657776,1683.91363865,261.859375,87.9161633478304
11727,,Existing,095-10-09-12.24-600,382168.39,1487737.42,3774.46,0,0, ,347.709141978,3774.4441314,586.9453125,137.101057664503
11728,,Existing,095-10-09-12.23-300,381779.13,1487654.92,259.04,0,0, ,65.5181887835,259.041180819,40.28125,25.8267485271688
11729,,Existing,095-10-09-12.23-400,381788.07,1487616.96,229.25,0,0, ,62.0879619019,229.243914541,35.6484375,24.4728367733544
11730,,Existing,095-10-09-12.23-400,381835.51,1487599.07,932.5,0,0, ,128.074027204,932.493652782,145.00390625,50.49899814578
11731,,Existing,095-10-09-12.23-500,381821.24,1487560.49,1378.65,0,0, ,161.714072592,1378.64744721,214.37890625,63.7233579777993
11732,,Existing,095-10-09-12.24-1100,381943.86,1487641.32,349.94,0,0, ,75.5370240539,349.938333131,54.4140625,29.7896735839572
11733,,Existing,095-10-09-12.24-1300,381949.18,1487567.98,2464.81,0,0, ,247.904128096,2464.81077988,383.29296875,97.7545323941646
11734,,Existing,095-10-09-12.24-1400,381953.86,1487497.17,1362.87,0,0, ,153.805466674,1362.86926191,211.92578125,60.6765780128902
11735,,Existing,095-10-09-12.24-3100,382061.26,1487655.04,629.46,0,0, ,102.794277292,629.464078701,97.8828125,40.5417133175127
11736,,Existing,095-10-09-12.24-3100,382080.44,1487625.62,1726.19,0,0, ,189.790768313,1726.19814303,268.4296875,74.8508411206717
11737,,Existing,095-10-09-12.24-3100,382078.1,1487558.71,1068.22,0,0, ,138.105872756,1068.21055138,166.11328125,54.4633854905471
11738,,Existing,095-10-09-12.24-3200,382126.86,1487545.37,2506.7,0,0, ,210.746230689,2506.69444217,389.796875,83.0994549473355
11739,,Existing,095-10-09-12.24-3300,382199.79,1487535.68,1086.78,0,0, ,142.626387206,1086.77777063,168.9921875,56.2445801295478
11740,,Existing,095-10-09-12.24-3300,382220.8,1487495.87,354.16,0,0, ,76.0648887414,354.154615291,55.0703125,29.9989014786235
11741,,Existing,095-10-09-12.24-3000,382078.2,1487457.3,1472.17,0,0, ,158.131554568,1472.15048338,228.9140625,62.3531542254394
11742,,Existing,095-10-09-12.24-1500,381969.47,1487433.13,2450.17,0,0, ,239.051149981,2450.19243898,381.0078125,94.1601821738342
11743,,Existing,095-10-09-12.23-703,381817.71,1487423.98,1648.62,0,0, ,181.906896787,1648.61311217,256.36328125,71.7447578501741
11744,,Existing,095-10-09-12.23-702,381815.33,1487358.07,1906.19,0,0, ,185.77235685,1906.17820095,296.41015625,73.2902866296416
11745,,Existing,095-10-09-12.24-1600,381946.47,1487312.87,1595,0,0, ,168.063968346,1594.9893384,248.01953125,66.2798120467303
11746,,Existing,095-10-09-12.24-1900,381954.37,1487143.48,2581.8,0,0, ,242.776710031,2581.78733249,401.4609375,95.7821893773105
11747,,Existing,095-10-09-12.23-800,381818.36,1487207.56,1896.13,0,0, ,188.46080748,1896.124611,294.84765625,74.353600957445
11748,,Existing,095-10-09-12.23-704,381536.76,1487349.79,2221.94,0,0, ,214.626028159,2221.93590695,345.50390625,84.6416146887652
11749,,Existing,095-10-09-12.23-704,381633.12,1487332.83,630.57,0,0, ,100.610290746,630.570041391,98.05859375,39.6695148895407
11750,,Existing,095-10-09-12.23-1000,381537.51,1487428.65,1621.06,0,0, ,165.778254922,1621.0663029,252.078125,65.4034781345719
11751,,Existing,095-10-09-12.23-1100,381562.5,1487483.62,4060.8,0,0, ,314.712102683,4060.79092325,631.453125,123.992445373926
11752,,Existing,095-10-09-12.23-1200,381539.06,1487546.11,2368.97,0,0, ,220.137355,2368.96022639,368.39453125,86.7652173226949
11753,,Existing,095-10-09-12.23-1300,381541.79,1487635.29,3706.81,0,0, ,295.029670999,3706.80656533,576.4140625,116.28546314896
11754,,Existing,095-10-09-12.24-1800,381981.75,1487221.27,878.18,0,0, ,124.722031419,878.180349733,136.55078125,49.1960626889574
11755,,Existing,095-10-09-12.24-1700,381940.68,1487256.34,1495.57,0,0, ,160.239360349,1495.56367069,232.55078125,63.2208502200197
11756,,Existing,095-10-09-12.23-705,381503.44,1487280,1533.8,0,0, ,176.768916668,1533.81030061,238.5078125,69.6687578946069
11757,,Existing,095-10-09-12.23-1200,381590.23,1487572.77,1161.82,0,0, ,137.226839439,1161.81799645,180.6640625,54.1015072261876
11758,,Existing,095-10-09-12.23-1400,381574.12,1487718.63,631.63,0,0, ,100.610884576,631.631621262,98.21875,39.6717068449935
11759,,Existing,095-10-09-12.23-1500,381530.37,1487798.58,3291.04,0,0, ,263.033615941,3291.04964911,511.76953125,103.774116529963
11760,,Existing,095-10-09-12.23-100,381791.15,1487783.98,3213.9,0,0, ,280.876332014,3213.89443685,499.76953125,110.807640783003
11761,,Existing,095-10-09-12.23-300,381834.31,1487642.29,837.63,0,0, ,125.003598051,837.621995308,130.25390625,49.2843812825888
11762,,Existing,095-10-09-12.24-1100,381940.44,1487693.86,1917.33,0,0, ,200.988661487,1917.33152744,298.15234375,79.2627846498111
11763,,Existing,095-10-09-12.23-200,381824.89,1487712.61,1791.52,0,0, ,196.275038706,1791.51174982,278.58984375,77.3968486123605
11764,,Existing,095-10-09-12.21-4100,382042.87,1488291.73,1406.69,0,0, ,169.20277763,1406.69120247,218.7421875,66.7484097288072
11765,,Changed,095-10-09-12.22-3500,381744.22,1488025.42,3297.83,2000.23,64.87, ,288.515206296,3297.83958293,512.83984375,113.773285022408
11766,,Existing,095-10-09-12.22-4000,381596.1,1488134.43,2187.39,0,0, ,237.376383222,2187.39377955,340.15234375,93.62486071535
11767,,Existing,095-10-09-12.21-2400,381946.37,1488563.2,1261.04,0,0, ,154.103597142,1261.03002807,196.11328125,60.7555789401779
11768,,Existing,095-10-09-12.21-4100,382030.18,1488228.05,171.16,0,0, ,53.1304711774,171.160419528,26.62109375,20.9446149471767
11769,,Existing,095-10-09-12.21-4600,382184.96,1488221.16,171.47,0,0, ,56.8249910122,171.470763882,26.66796875,22.4161908613178
11770,,Existing,095-10-09-12.21-4700,382208.35,1488126.69,1443.63,0,0, ,175.901831871,1443.62479727,224.49609375,69.3600674070899
11771,,Existing,095-10-09-12.22-4200,381501.52,1488187.85,1804.69,0,0, ,186.75310145,1804.6824474,280.63671875,73.6627235629961
11772,,Existing,095-10-09-12.22-3300,381823.01,1488325.24,1341.2,0,0, ,183.73538336,1341.19314168,208.55859375,72.4430735457159
11773,,Existing,095-10-09-12.22-5000,381504.28,1487979.82,2289.21,0,0, ,208.09060593,2289.21450908,355.984375,82.1062215157681
11774,,Existing,095-10-09-12.22-5000,381486.98,1487887.05,860.11,0,0, ,122.385977796,860.110319,133.75390625,48.2841874810857
11775,,Existing,095-10-09-12.22-5200,381593.64,1487928.39,1621.4,0,0, ,174.719789285,1621.40336107,252.140625,68.9255275568636
11776,,Existing,095-10-09-12.22-5200,381610.6,1487879.15,645.41,0,0, ,101.647031025,645.405857218,100.3671875,40.0855255716959
11777,,Existing,095-10-09-12.22-3400,381822.26,1487966.65,2172.03,0,0, ,200.161201768,2172.03387748,337.76953125,78.9401467336082
11778,,Existing,095-10-09-12.21-2600,382226.59,1488640.32,1213.19,0,0, ,158.808700659,1213.18712739,188.671875,62.6289537436177
11779,,Existing,095-10-09-12.21-2900,382230.51,1488564.58,796.2,0,0, ,123.26025217,796.182271632,123.80859375,48.6151307516344
11780,,Existing,095-10-09-12.21-3000,382132.85,1488587.49,831.72,0,0, ,123.930198334,831.717994576,129.33984375,48.8688342688553
11781,,Existing,095-10-09-12.21-3300,382179.82,1488410.38,828.28,0,0, ,116.020894206,828.273138455,128.80859375,45.7414841905959
11782,,Existing,095-10-09-12.21-3400,382130.15,1488410.36,813.23,0,0, ,114.716928504,813.223267906,126.46875,45.2290545138165
11783,,Existing,095-10-09-12.21-3500,382080.93,1488409.78,825.46,0,0, ,115.784177007,825.449948658,128.36328125,45.6484032054378
11784,,Existing,095-10-09-12.21-3600,382030.88,1488408.92,911.42,0,0, ,127.436728091,911.428727817,141.7421875,50.2506319082993
11785,,Existing,095-10-09-12.21-3700,381992.74,1488411.7,724.2,0,0, ,107.761317145,724.202010809,112.6171875,42.4997578784027
11786,,Existing,095-10-09-12.21-3800,381946.46,1488445.92,2618.32,0,0, ,275.917262559,2618.3279325,407.1796875,108.897965973766
11787,,Existing,095-10-09-12.21-2300,382003.61,1488660.41,489.87,0,0, ,89.3550560189,489.869760518,76.18359375,35.2280121503836
11788,,Existing,095-10-09-12.22-2800,381817.89,1488633.62,993.56,0,0, ,150.675551675,993.558153364,154.5,59.3885829296452
11789,,Existing,095-10-09-12.22-2800,381756.54,1488631.55,1058.31,0,0, ,138.603547744,1058.31760955,164.58203125,54.6285856170197
11790,,Existing,095-10-09-12.22-2900,381758.81,1488557.3,993.3,0,0, ,136.149656581,993.294561456,154.4765625,53.6572567659152
11791,,Existing,095-10-09-12.22-2900,381818.64,1488559.65,1196.8,0,0, ,150.309424048,1196.80336147,186.125,59.2448616570374
11792,,New,095-10-09-01.33-5200,381596.88,1489387.05,648.27,0,0, ,103.245701563,648.26847539,100.8203125,40.7031356134211
11793,,Existing,095-10-09-01.33-5000,381661.46,1489239.43,1554.51,0,0, ,192.904557199,1554.50319415,241.76171875,76.1290446956195
11794,,Existing,095-10-09-01.33-4900,381704.68,1489232.59,1645.14,0,0, ,181.382903517,1645.14235543,255.85546875,71.5472953365406
11795,,Existing,095-10-09-12.21-2000,382140.8,1489032.38,2218.9,0,0, ,211.235802914,2218.89421573,345.08203125,83.3565200828736
11796,,Existing,095-10-09-12.22-700,381748.18,1488877.75,219.18,0,0, ,59.3830833361,219.173744419,34.0859375,23.4146882701368
11797,,Existing,095-10-09-12.22-400,381703.02,1489019.07,228.73,0,0, ,64.7935287155,228.731756321,35.5703125,25.5704017443594
11798,,New,095-10-09-12.22-1500,381513.34,1488981.19,389.62,0,0, ,79.0352749974,389.617489493,60.58984375,31.1711520546813
11799,,Existing,095-10-09-12.22-1202,381578.9,1488920.73,3539.05,0,0, ,240.63726597,3539.0694866,550.38671875,94.8690121317883
11800,,Changed,095-10-09-12.22-1100,381644.12,1488896,2520.49,5771.67,-56.33, ,201.214392377,2520.47982086,391.9765625,79.3458764573095
11801,,Existing,095-10-09-12.22-1100,381646.59,1488824.46,2471.08,0,0, ,225.856701181,2471.06778975,384.2890625,89.0967580549151
11802,,Existing,095-10-09-12.22-600,381727.03,1488928.67,279.19,0,0, ,67.7171030007,279.183588595,43.4140625,26.7134811815111
11803,,Changed,095-10-09-01.33-4200,382122.98,1489227.28,1561.03,1402.67,11.29, ,188.521546646,1561.02711656,242.77734375,74.3817515081998
11804,,PossiblyChanged,095-10-09-01.33-5500,381800,1489440.81,2593.42,0,0, ,252.351277886,2593.41009747,403.34375,99.5106738302303
11805,,Existing,095-10-09-01.33-3700,382204.25,1489372.65,486.68,0,0, ,88.812795714,486.683163992,75.69140625,35.0326519563063
11806,,Existing,095-10-09-01.33-4100,382165.31,1489219.3,1540.12,0,0, ,165.124341674,1540.11537489,239.5234375,65.1354120372827
11807,,Existing,095-10-09-01.33-4100,382165.32,1489314.82,885.93,0,0, ,127.710653685,885.929506666,137.7734375,50.3537248019325
11808,,Existing,095-10-09-01.33-4300,382054.98,1489318.34,672.33,0,0, ,106.650743647,672.327487398,104.5625,42.0572314270686
11809,,Existing,095-10-09-01.33-3700,382165.2,1489462.08,1617.35,0,0, ,179.658433333,1617.34629963,251.53125,70.8423727949587
11810,,Existing,095-10-09-01.33-4400,381996.56,1489321.84,818.94,0,0, ,116.216328183,818.940743725,127.3671875,45.8157094243504
11811,,Existing,095-10-09-01.33-3600,382067.41,1489365.53,234.72,0,0, ,61.8589849749,234.720420142,36.50390625,24.3883958010867
11812,,Existing,095-10-09-01.33-4500,381917.28,1489314.5,458.76,0,0, ,87.4945378143,458.76299282,71.35546875,34.4953149885983
11813,,Existing,095-10-09-01.33-4500,381908.34,1489226.99,1826.95,0,0, ,186.134949524,1826.92991293,284.1328125,73.4420290458554
11814,,Existing,095-10-09-01.33-4600,381862.93,1489222.21,1343.88,0,0, ,159.504506143,1343.88624839,209,62.9202180475144
11815,,Existing,095-10-09-01.33-4700,381818.87,1489229.94,2122.79,0,0, ,198.859326984,2122.8008991,330.1484375,78.467078529526
11816,,Existing,095-10-09-01.33-4800,381772.64,1489230.35,2180.77,0,0, ,206.358511172,2180.77463765,339.16796875,81.4270325780629
11817,,Existing,095-10-09-01.33-4800,381769.82,1489310.16,654.07,0,0, ,104.963076734,654.063989117,101.71484375,41.3750947689583
11818,,Existing,095-10-09-01.33-5500,381771.99,1489349.14,852.86,0,0, ,117.494168234,852.863663127,132.63671875,46.3256187870309
11819,,Changed,095-11-09-36.33-3800,381640.17,1494593.51,3848.88,2731.15,40.93, ,308.322586956,3848.87930422,598.828125,121.61314813026
11820,,New,095-11-09-36.33-5400,381955.93,1495170.78,2473.32,0,0, ,243.898352396,2288.87693319,356.1484375,96.2339837306797
11821,,Changed,095-11-09-36.33-1400,381604.72,1495126.03,3300.34,2841.94,16.13, ,333.547762943,3300.33924302,513.50390625,131.558629908391
11822,,PossiblyChanged,095-11-09-36.33-1500,381485.85,1495148.93,3342.84,0,0, ,277.652485198,3342.8505941,520.12890625,109.565514665081
11823,,Existing,095-11-09-36.33-3700,381510.6,1494576.16,2846.41,0,0, ,247.27105925,2846.39978182,442.859375,97.4698210009526
11824,,Existing,095-11-09-36.33-3700,381565.1,1494651.16,300.17,0,0, ,70.9405418041,300.17506104,46.703125,27.9942912238118
11825,,Existing,095-11-09-36.33-4200,382096.11,1494577.03,1951.22,0,0, ,192.83374798,1951.21923022,303.578125,76.0215332998561
11826,,Existing,095-11-09-36.33-1300,381690.51,1495163.4,2473.13,0,0, ,234.60534318,2473.12418027,384.8046875,92.5304165284418
11827,,Existing,095-11-09-36.33-1804,381613.72,1494849.94,4298.42,0,0, ,317.793721028,4298.41914103,668.78515625,125.311291065993
11828,,Existing,095-11-09-36.33-3900,381750.63,1494579.38,1618.24,0,0, ,174.461593345,1618.22996179,251.76953125,68.7994454147232
11829,,Existing,095-11-09-36.33-5600,382215.34,1494579.7,1752.88,0,0, ,180.001456823,1752.88205535,272.72265625,70.9555167249161
11830,,Existing,095-11-09-36.33-7900,382180.35,1494857.3,2366.16,0,0, ,223.367432981,2236.87532563,348.046875,88.1494396903875
11831,,Existing,095-11-09-36.33-7600,382123.15,1495134.1,2228.78,0,0, ,218.928457202,2228.77329595,346.7734375,86.3526763686857
11832,,Existing,095-11-09-36.33-7500,382102.38,1495218.78,2282.06,0,0, ,223.212206758,2282.05648776,355.07421875,88.0936414972466
11833,,Existing,095-11-09-36.33-1600,381481.76,1495006.92,2709.77,0,0, ,251.306879322,2709.77069923,421.6171875,99.1555205189155
11834,,Existing,095-11-09-36.33-1807,381507.43,1494849.72,4565.31,0,0, ,342.164455374,4565.31430905,710.31640625,134.944327582654
11835,,New,095-11-09-36.33-7300,382075.94,1495422.06,2843.48,0,0, ,255.393543014,2843.47118481,442.43359375,100.775306286569
11836,,New,095-11-09-36.33-7200,382073.39,1495505.7,2167.23,0,0, ,222.575763013,2167.21436763,337.22265625,87.8478555188933
11837,,New,095-11-09-36.32-7500,382113.88,1496047.92,2762.88,0,0, ,249.675239416,2400.11905442,373.46875,98.4727435378975
11838,,New,095-11-09-36.32-7400,382050.74,1496025.34,2737.66,0,0, ,253.375240666,2435.28453917,378.94140625,99.9313906465215
11839,,Existing,095-11-09-36.32-7300,381960.11,1495965.27,2945.7,0,0, ,250.126716442,2823.227831,439.296875,98.6739479795535
11840,,New,095-11-09-36.32-7300,381834.86,1495996.15,168.29,0,0, ,52.304361455,168.288086861,26.1875,20.6305661497046
11841,,Existing,095-11-09-36.32-6500,381606.83,1496050.63,2440.1,0,0, ,231.805516494,2440.1024917,379.69140625,91.412264195103
11842,,Changed,095-11-09-36.33-4600,381937.73,1495802.39,2895.91,2755.04,5.11, ,265.449307065,2521.32570134,392.32421875,104.728525085359
11843,,New,095-11-09-36.33-4800,381927.22,1495635.05,3165.86,0,0, ,247.942103008,2434.09540598,378.73046875,97.8302311393656
11844,,New,095-11-09-36.33-4900,381931.26,1495566.78,2618.12,0,0, ,266.182920699,2618.11454368,407.375,105.013233774753
11845,,New,095-11-09-36.33-5200,381860.88,1495352.24,151.67,0,0, ,49.2953536237,151.672636193,23.59765625,19.446358111758
11846,,PossiblyChanged,095-11-09-36.33-1100,381599.9,1495326,2544.77,0,0, ,232.15409019,2544.77124824,395.94921875,91.5503745677885
11847,,Existing,095-11-09-36.31-2800,383537.42,1496395.66,7055.94,0,0, ,430.818168319,7055.92256283,1097.9609375,170.092345599319
11848,,Existing,095-11-09-36.31-2800,383452.58,1496218.97,7072.19,0,0, ,436.000761463,7072.17482886,1100.47265625,171.829477552841
11849,,Existing,095-11-09-36.31-3500,383116.37,1496089.22,2135.53,0,0, ,199.490087947,2135.51863975,332.30078125,78.6883390195848
11850,,Existing,095-11-09-36.31-3400,383207.09,1496090.41,1890.26,0,0, ,180.435226607,1890.26755539,294.1328125,71.1650945635135
11851,,Existing,095-11-09-36.31-2500,383099.26,1496233.51,1682.57,0,0, ,172.230858675,1682.55990595,261.8203125,67.9456187746822
11852,,Existing,095-11-09-36.31-2600,383185.62,1496227.46,1449.56,0,0, ,161.562424536,1449.56552969,225.5625,63.7379709957182
11853,,Existing,095-11-09-36.31-2800,383356.32,1496686.37,211.66,0,0, ,58.4121848189,211.661640913,32.93359375,23.0462300497516
11854,,Existing,095-11-09-36.31-5100,383133.78,1497017.35,4804.11,0,0, ,320.088927465,4804.10106128,747.59375,126.347876755137
11855,,Existing,095-11-09-36.31-2800,383233.24,1496972.33,233.69,0,0, ,62.1313096228,233.692233956,36.36328125,24.5170760029174
11856,,Existing,095-11-09-36.31-2800,383291.54,1497050.17,2721.16,0,0, ,221.628471895,2721.15203854,423.44921875,87.4608687878455
11857,,Existing,095-11-09-36.31-2800,383460,1497058.52,4573.49,0,0, ,325.877340487,4573.47288992,711.70703125,128.491297395661
11858,,Existing,095-10-09-01.33-5500,381762.6,1489410.16,195.11,0,0, ,55.9677423274,195.102577313,30.33984375,22.0691878784296
11859,,Existing,095-10-09-01.33-5300,381666.72,1489449.23,1773.85,0,0, ,189.347087338,1773.84702129,275.8828125,74.7128563977355
11860,,Existing,095-10-09-01.33-5200,381610.48,1489445.35,1716.95,0,0, ,206.30259731,1716.94964935,267.02734375,81.4107891305325
11861,,Existing,095-10-09-01.33-5100,381611.78,1489240.7,2128.95,0,0, ,218.104740473,2128.95047141,331.0859375,86.0588544951267
11862,,Existing,095-10-09-12.21-2000,382128.74,1488932.4,1188.64,0,0, ,146.53900033,1188.63684962,184.8515625,57.8282551263716
11863,,Existing,095-10-09-12.21-2100,382101.67,1488941.41,709.15,0,0, ,108.090608309,709.142144545,110.28125,42.6410758445604
11864,,Existing,095-10-09-12.21-2201,382051.07,1488768.53,836.07,0,0, ,116.006869125,836.073771163,130.01953125,45.7551605466112
11865,,Existing,095-10-09-12.22-1000,381846.66,1488765.14,1194.34,0,0, ,152.50407237,1194.33570862,185.7421875,60.1229172782873
11866,,Existing,095-10-09-12.22-800,381842.55,1488840.74,1223.23,0,0, ,145.303364241,1223.22051506,190.2265625,57.294097642737
11867,,Existing,095-10-09-12.22-700,381830.76,1488881.15,1208.3,0,0, ,150.840249494,1208.30301213,187.91015625,59.4835674463244
11868,,Existing,095-10-09-12.22-600,381843.6,1488925.24,1980.88,0,0, ,206.306872678,1980.89522172,308.05859375,81.3318400399358
11869,,Existing,095-10-09-12.22-200,381791.16,1488985.49,477.57,0,0, ,87.808223322,477.566154115,74.265625,34.6346270569411
11870,,Existing,095-10-09-12.22-300,381755.03,1488983.98,647.06,0,0, ,101.890216164,647.068423569,100.6328125,40.1856318319569
11871,,Existing,095-10-09-12.22-400,381719.84,1488970.46,580.2,0,0, ,100.728083097,580.19433367,90.2265625,39.6997975678423
11872,,Existing,095-10-09-12.22-1300,381671.07,1488990.72,673.79,0,0, ,103.83374245,673.79379137,104.7890625,40.9471707161657
11873,,Existing,095-10-09-12.22-200,381800.42,1489070.86,1832.51,0,0, ,182.848673809,1832.51059981,284.98828125,72.1452450097487
11874,,Existing,095-10-09-12.22-300,381760.38,1489058.46,1889.89,0,0, ,198.876124329,1889.88918549,293.91796875,78.4995266855779
11875,,Existing,095-10-09-12.22-1300,381649.99,1489063.63,2510.8,0,0, ,235.215909473,2510.80103542,390.4765625,92.8078807248358
11876,,Existing,095-10-09-12.22-1400,381582.82,1489079.3,2092.63,0,0, ,209.38861231,2092.63662054,325.44140625,82.6106531358024
11877,,Existing,095-10-09-12.22-1400,381566.62,1489040.17,312.03,0,0, ,72.2694031412,312.02967903,48.51953125,28.4881641264632
11878,,Existing,095-10-09-12.22-1500,381521.15,1489073.43,1398.04,0,0, ,169.392907199,1398.0283372,217.41796875,66.8576097250645
11879,,Existing,095-10-09-12.22-1600,381484.7,1489072.83,1440.31,0,0, ,171.936731392,1440.31657191,224,67.8625891344266
11880,,Existing,095-10-09-12.22-500,381697.01,1488902.54,664.92,0,0, ,107.456530419,664.923096755,103.40234375,42.4002808788458
11881,,Existing,095-10-09-12.21-2200,381979.41,1488908.68,1401.72,0,0, ,150.047892522,1401.71138271,217.98828125,59.1652695490032
11882,,Existing,095-10-09-12.21-2201,381982.97,1488796.95,2579.5,0,0, ,236.510103274,2579.5001076,401.1484375,93.2743241002267
11883,,Existing,095-10-09-12.22-900,381846.52,1488801.7,1032.99,0,0, ,134.609144469,1032.98466476,160.64453125,53.0688532679104
11884,,Existing,095-10-09-12.22-400,381714.41,1489068.56,2231.08,0,0, ,218.338494943,2231.0760374,346.98828125,86.1498307649873
11885,,Existing,095-10-09-12.22-100,381843.02,1489043.63,2955.37,0,0, ,337.54628844,2955.37859506,459.625,133.216249701408
11886,,Existing,095-10-09-12.21-2100,382088.62,1489041.82,1530.21,0,0, ,180.45654925,1530.211687,237.984375,71.1850571416445
11887,,Existing,095-10-09-12.21-1700,382204.06,1489043.21,2116.82,0,0, ,219.042756055,2116.81208559,329.1875,86.4327643280546
11888,,Existing,095-10-09-12.21-1700,382219.16,1488965.41,1123.33,0,0, ,138.558623287,1123.32126488,174.6953125,54.669657560134
11889,,Existing,095-10-09-01.33-4300,382073.52,1489228.69,2084.74,0,0, ,203.87650513,2084.73548898,324.2109375,80.4520432233092
11890,,Existing,095-10-09-01.33-4200,382122.97,1489309.77,645.35,0,0, ,101.618482312,645.350111037,100.37109375,40.0746538991055
11891,,Existing,095-10-09-01.33-3800,382244.76,1489457.74,1980.94,0,0, ,207.172970315,1980.94207579,308.078125,81.7071489229303
11892,,Existing,095-10-09-12.21-2200,382020.31,1489023.71,2286.93,0,0, ,220.980294064,2286.93738503,355.66796875,87.1555029429911
11893,,Existing,095-10-09-01.33-3200,382124.76,1489603.42,1795.08,0,0, ,212.374903329,1795.0706772,279.1796875,83.7771948645911
11894,,Existing,095-10-09-01.33-1800,382212.83,1490103.4,686.85,0,0, ,109.90922901,686.864377883,106.83203125,43.3718504447472
11895,,Existing,095-10-09-01.33-2100,382074.08,1490076.88,183.37,0,0, ,54.5437836235,183.361909454,28.515625,21.5158780937577
11896,,Changed,095-10-09-01.33-2200,382048.72,1490008.19,1455.75,998.29,45.82, ,162.566549778,1455.7433108,226.4140625,64.1566633934406
11897,,Unknown,095-10-09-01.33-6100,381666.56,1489706.38,220.25,0,0, ,60.2441479874,220.246913366,34.25,23.7666765078958
11898,,New,095-10-09-01.33-3200,382120.88,1489704.58,836.83,0,0, ,116.21102158,836.837666108,130.15625,45.8387330484926
11899,,New,095-10-09-01.33-6800,381694.37,1490287.23,279.45,0,0, ,67.4680631314,279.444355678,43.4609375,26.6151643207855
11900,,Existing,095-10-09-01.33-2300,382015.22,1490008.01,1960.63,0,0, ,196.268796879,1960.6209481,304.94140625,77.4446285212739
11901,,Existing,095-10-09-01.33-3500,382004.35,1489611.22,2207.66,0,0, ,222.008813579,2207.66865826,343.3515625,87.587587889603
11902,,Existing,095-10-09-01.33-6100,381638.21,1489604.61,1953.6,0,0, ,204.462915922,1953.60257499,303.84375,80.6015961702551
11903,,PossiblyChanged,095-10-09-01.33-8400,381485.87,1489810.43,1851.34,0,0, ,179.614375671,1851.32905255,287.9375,70.8270982367652
11904,,Existing,095-10-09-01.33-6600,381827.14,1489848.7,2288.36,0,0, ,219.02522213,2288.36497883,355.90625,86.4236302975847
11905,,Existing,095-10-09-01.33-5800,381821.79,1489606.17,947.46,0,0, ,132.289463958,947.465613177,147.35546875,52.1916483541274
11906,,Existing,095-10-09-01.33-1500,382230.17,1490263.84,1164.39,0,0, ,146.68345376,1164.38287806,181.1015625,57.8758168915382
11907,,Existing,095-10-09-01.33-1400,382194.18,1490215.29,513.36,0,0, ,90.6763278469,513.368907408,79.84375,35.7585167722783
11908,,Existing,095-10-09-01.33-1200,382088.66,1490256,1399.87,0,0, ,162.425877656,1399.8731391,217.73046875,64.0760347114538
11909,,Existing,095-10-09-01.33-2000,382130.84,1490110.72,602.33,0,0, ,99.6271460357,602.320451757,93.6875,39.28565425672
11910,,Existing,095-10-09-01.33-1900,382177.57,1490099.13,859.37,0,0, ,118.307184341,859.384528744,133.66796875,46.6700390475091
11911,,Existing,095-10-09-01.33-3300,382081.68,1489615.04,2076.89,0,0, ,236.170700477,2076.8838047,323.01171875,93.1965207245533
11912,,Existing,095-10-09-01.33-3400,382047.73,1489604.53,1870.73,0,0, ,205.344611481,1870.71378251,290.94921875,81.0488076643775
11913,,Existing,095-10-09-01.33-5700,381898.01,1489606.21,2110.51,0,0, ,193.961353436,2110.50202255,328.24609375,76.5221750071953
11914,,Existing,095-10-09-01.33-5900,381780.37,1489612.75,1608.7,0,0, ,196.965830207,1608.691499,250.18359375,77.727326052913
11915,,Existing,095-10-09-01.33-8600,381478.6,1489711.68,836.12,0,0, ,117.389442709,836.120744107,130.0390625,46.3108814282913
11916,,Existing,095-10-09-01.33-8500,381485.6,1489759.87,1187.76,0,0, ,142.766824235,1187.76457819,184.7265625,56.2853057780391
11917,,Existing,095-10-09-01.33-6500,381784.72,1489855.32,1315.32,0,0, ,165.111748382,1315.32396093,204.57421875,65.1391358733991
11918,,Existing,095-10-09-01.33-6400,381716.13,1489833.01,2484.09,0,0, ,228.215559356,2484.09285183,386.3515625,90.0518726411481
11919,,Existing,095-10-09-01.33-6300,381616.3,1489848.91,1332.46,0,0, ,157.831974121,1332.46385036,207.2421875,62.246950931192
11920,,Existing,095-10-09-01.33-6200,381619.72,1489768.23,974.21,0,0, ,132.322569996,974.197493112,151.51171875,52.1764040613563
11921,,Existing,095-10-09-01.33-6000,381697.93,1489605.98,1974.58,0,0, ,204.812673576,1974.57645209,307.11328125,80.8003006873852
11922,,PossiblyChanged,095-10-09-01.33-8600,381467.23,1489626.16,3543.78,0,0, ,287.486237176,3543.76784497,551.14453125,113.407297315352
11923,,Existing,095-10-09-01.32-3900,382168.61,1490532.23,463.24,0,0, ,106.882332161,463.22313299,72.0546875,42.1330361860728
11924,,PossiblyChanged,095-10-09-01.32-3600,381860.64,1490610.62,3345.38,0,0, ,241.971826797,3345.38092746,520.33984375,95.4107660580851
11925,,Existing,095-10-09-01.33-600,382049.84,1490477.21,419.83,0,0, ,82.8917395051,419.83353378,65.3046875,32.7008954948413
11926,,Existing,095-10-09-01.33-200,382221.2,1490393.53,1381.2,0,0, ,161.429765328,1381.20776394,214.8359375,63.6868190658422
11927,,New,095-10-09-01.33-200,382210.68,1490479.13,265.83,0,0, ,72.7030002533,265.824043197,41.3359375,28.6920533295687
11928,,New,095-10-09-01.32-3700,382001.98,1490565.06,182.72,0,0, ,54.0855232967,182.714037162,28.41796875,21.3293935999722
11929,,Existing,095-10-09-01.32-4200,382173.74,1490839.27,1568.16,0,0, ,158.811340781,1568.15739565,243.9140625,62.6242527011283
11930,,Existing,095-10-09-01.32-4200,382209.56,1490873.49,561.9,0,0, ,95.0791564045,561.891725425,87.39453125,37.5037398936906
11931,,Existing,095-10-09-01.32-4000,382043.08,1490820.55,3104.52,0,0, ,274.969773799,3104.52635797,482.8828125,108.375049593451
11932,,Existing,095-10-09-01.33-6900,381920.12,1490495.26,645.43,0,0, ,104.138237676,645.423891947,100.39453125,41.088395601249
11933,,Existing,095-10-09-01.33-700,381999.42,1490473.52,448.42,0,0, ,87.1547799648,448.416094471,69.74609375,34.3886075544648
11934,,Existing,095-10-09-01.33-700,382007.88,1490390.64,2131,0,0, ,193.414843895,2131.01168063,331.4453125,76.3248575686518
11935,,Existing,095-10-09-01.33-600,382048.23,1490389,1369.96,0,0, ,164.540353343,1369.95089059,213.08203125,64.9235420142452
11936,,Existing,095-10-09-01.33-6900,381894.97,1490443.78,2607.98,0,0, ,213.087107641,2607.9841793,405.640625,84.0273910546797
11937,,Existing,095-10-09-01.33-500,382090.46,1490393.64,2262.82,0,0, ,209.768227661,2262.80964463,351.94140625,82.7898766487018
11938,,Existing,095-10-09-01.33-400,382130.22,1490387.91,1669.07,0,0, ,173.70148214,1669.06582244,259.59375,68.5362563989563
11939,,Existing,095-10-09-01.33-300,382184.14,1490409.4,1753.49,0,0, ,225.164924402,1753.48369626,272.7265625,88.8518955365895
11940,,Existing,095-10-09-01.33-400,382130.88,1490492.87,604.93,0,0, ,98.3862745138,604.927784937,94.08984375,38.8024077485119
11941,,Existing,095-10-09-01.33-500,382094.16,1490490.13,441.82,0,0, ,84.1066189165,441.823308102,68.7265625,33.1685963288709
11942,,Existing,095-10-09-01.32-3700,382028.91,1490617.19,3647.06,0,0, ,284.495951963,3647.0662855,567.26171875,112.197438337477
11943,,Existing,095-10-09-01.32-3800,382105.43,1490609.87,3238.21,0,0, ,309.411741074,3238.19817127,503.67578125,122.03425358602
11944,,Existing,095-10-09-01.32-3900,382248.68,1490611.17,2630.03,0,0, ,230.138004291,2630.0218869,409.0625,90.7535523981473
11945,,Existing,095-10-09-01.32-900,381863.82,1491388.05,2841.46,0,0, ,283.801961492,2841.47304341,441.98828125,112.028706327749
11946,,Existing,095-10-09-01.32-800,382081.41,1491342.48,3463.5,0,0, ,280.083235047,3463.50042169,538.734375,110.464063596924
11947,,Existing,095-10-09-01.32-500,382082.31,1491489.33,4319.01,0,0, ,317.307812884,4319.00363276,671.8125,125.234867207535
11948,,Existing,095-10-09-01.32-200,382246.94,1491593.62,3050.72,0,0, ,264.156628162,3050.72492248,474.5390625,104.185435908761
11949,,Existing,095-10-09-01.32-400,382075.75,1491635.12,2872.58,0,0, ,285.079625987,2872.57649158,446.828125,112.425560123973
11950,,Existing,095-10-09-01.32-1000,381870.27,1491685.04,11306.49,0,0, ,489.128795588,11306.5066847,1758.75390625,192.894730765158
11951,,Existing,095-10-09-01.32-300,382070.75,1491780.2,2757.88,0,0, ,239.432044528,2757.87638932,428.99609375,94.3844156751491
11952,,Existing,095-10-09-01.32-1900,381462.64,1491184.48,3089.06,0,0, ,263.688615515,3089.0529349,480.48828125,103.990681991075
11953,,Existing,095-10-09-01.32-2000,381648.2,1491212.39,4271.92,0,0, ,362.663507905,4271.92994168,664.4921875,143.010423070309
11954,,Existing,095-10-09-01.23-3300,381828.66,1492778.88,2233.23,0,0, ,213.110965246,2233.2368558,347.421875,84.0783927362086
11955,,Changed,095-10-09-01.23-3500,381844.63,1492589.23,3069.06,2830.29,8.44, ,284.642609209,3069.05674672,477.4296875,112.237242696099
11956,,New,095-10-09-01.23-3500,381894.94,1492611.49,229.69,0,0, ,62.3715186949,229.685849266,35.7265625,24.6119231862631
11957,,Changed,095-10-09-01.23-1600,381608.63,1492156.16,7823.4,4327.83,80.77, ,544.182466748,7823.42403272,1216.98828125,214.30219200805
11958,,Existing,095-10-09-01.23-2500,381679.12,1492598.58,3226.84,0,0, ,293.360218157,3226.837607,501.98046875,115.691953190209
11959,,Existing,095-10-09-01.23-3600,381980.81,1492600.86,3019.73,0,0, ,263.433438642,3019.72387672,469.76171875,103.849074269083
11960,,Existing,095-10-09-01.23-4400,382163.55,1492650.47,165.91,0,0, ,53.2659082524,165.914068544,25.8125,20.9982088100514
11961,,Existing,095-10-09-01.23-4400,382218.65,1492715.61,2547.62,0,0, ,202.061275654,2547.64645634,396.32421875,79.689938076041
11962,,Existing,095-10-09-01.23-3400,381831.26,1492689.85,2502.95,0,0, ,226.557285638,2502.94277599,389.375,89.36122029549
11963,,Existing,095-10-09-01.23-2700,381685.47,1492767,2948.29,0,0, ,264.794880918,2948.29405929,458.65234375,104.408517238634
11964,,Existing,095-10-09-01.23-2600,381616.28,1492704.34,267.62,0,0, ,66.371897953,267.621248404,41.62890625,26.1870017342486
11965,,Existing,095-10-09-01.23-2400,381548.38,1492600.05,3207.61,0,0, ,292.44658118,3207.61093046,498.98828125,115.292715672485
11966,,Existing,095-10-09-01.23-4400,382185.24,1492609.14,1417.31,0,0, ,180.104048948,1417.30132773,220.48046875,70.9951153858189
11967,,Existing,095-10-09-01.23-4300,382197.34,1492799.61,4065.67,0,0, ,336.532971991,4065.65942399,632.4765625,132.71715957292
11968,,Existing,095-10-09-01.23-3800,382009.3,1492803.84,3157.14,0,0, ,254.529574094,3157.14078803,491.14453125,100.454189768968
11969,,Existing,095-10-09-01.23-3700,381999.19,1492694.52,2528.33,0,0, ,238.177672488,2528.34492428,393.3203125,93.9477175843487
11970,,Existing,095-10-09-01.22-6008,382170.98,1493513.82,3146.29,0,0, ,257.755990765,3146.29121615,489.484375,101.676623504042
11971,,Existing,095-10-09-01.22-3600,381563.21,1493508.44,2258.58,0,0, ,215.182281815,2258.58565104,351.375,84.8661076159849
11972,,Existing,095-10-09-01.23-4200,382194.61,1492907.85,1768.85,0,0, ,212.825624489,1768.84963544,275.16796875,83.9766914801295
11973,,Changed,095-10-09-01.22-5700,382033.1,1493354.35,8059.53,2762.14,191.79, ,497.9004331,6071.18898688,944.51171875,196.177287666141
11974,,Existing,095-10-09-01.23-3900,382014.63,1492913.13,2330.07,0,0, ,229.850807691,2330.06808025,362.48046875,90.6744230787854
11975,,Existing,095-10-09-01.23-3100,381857.05,1492945.47,3588.35,0,0, ,241.566779233,2689.21714269,418.359375,95.2988049776932
11976,,Changed,095-10-09-01.22-4500,381551.72,1493184.15,4377.03,3232.83,35.39, ,453.423201161,4377.03980037,680.94140625,178.891121694222
11977,,Existing,095-10-09-01.22-4400,381564.88,1493373.49,2493.79,0,0, ,242.046233792,2493.8070836,387.9609375,95.5351622390705
11978,,Existing,095-10-09-01.22-6007,382006.02,1493500.34,3200.7,0,0, ,279.753678571,3200.69280793,497.9453125,110.344212211296
11979,,Existing,095-10-09-01.22-3700,381476.53,1493506.68,1680.32,0,0, ,173.815809906,1680.31855006,261.41796875,68.574273852531
11980,,Existing,095-10-09-01.22-3600,381569.97,1493456.15,907.43,0,0, ,121.678643407,907.426119658,141.17578125,47.9801215942945
11981,,Existing,095-10-09-01.23-4100,382221.44,1493016.05,2645.95,0,0, ,225.752448808,2645.94605827,411.625,89.049288825179
11982,,Existing,095-10-09-01.23-3200,381840.81,1492854.99,2456.81,0,0, ,224.494298282,2456.81977574,382.19921875,88.5380254434027
11983,,Existing,095-10-09-01.23-2800,381683.63,1492853.63,2674.93,0,0, ,248.999060408,2674.92747158,416.12890625,98.174168987626
11984,,Existing,095-10-09-01.23-3000,381680.35,1493042.12,1957.75,0,0, ,181.643755215,1847.72220972,287.4453125,71.6762894199738
11985,,Existing,095-10-09-01.22-5500,381706.89,1493212.25,2197.08,0,0, ,211.243010952,2197.07643203,341.8046875,83.3103229213181
11986,,Existing,095-10-09-01.22-5300,381475.75,1493358.17,2193.72,0,0, ,201.405117918,2193.72307656,341.27734375,79.4254888768406
11987,,Existing,095-10-09-01.22-5400,381708.71,1493513.88,2416.39,0,0, ,239.455237467,2416.39486204,375.93359375,94.4789538844766
11988,,Existing,095-10-09-01.22-5400,381760.32,1493526.8,916.44,0,0, ,121.405571215,916.436680969,142.57421875,47.8928104249426
11989,,Changed,095-10-09-01.22-200,381822.66,1494281.26,2220.52,2086.86,6.4, ,220.149473172,2220.51957703,345.47265625,86.8735693859003
11990,,New,095-10-09-01.22-200,381758.76,1494299.92,168.42,0,0, ,52.3633135301,168.425598444,26.203125,20.6597944745063
11991,,Existing,095-10-09-01.22-2100,381580.87,1494004.31,3867.71,0,0, ,296.342167073,3867.73496854,601.74609375,116.900916106381
11992,,Existing,095-10-09-01.22-2900,381619.11,1493659.1,3086.11,0,0, ,275.06685078,3086.11962774,480.1328125,108.439448645214
11993,,Existing,095-10-09-01.22-6003,382088.76,1494010.42,3109.37,0,0, ,256.124333133,3109.38077475,483.75390625,101.050802041367
11994,,Existing,095-10-09-01.22-6002,382117.57,1494112.1,3024.35,0,0, ,269.872027162,3024.33599183,470.53515625,106.456186802259
11995,,Existing,095-10-09-01.22-2100,381596.3,1493953.67,252.66,0,0, ,63.9309744909,252.664308938,39.30859375,25.2113895141841
11996,,Existing,095-10-09-01.22-1600,381631.23,1494284.61,155.84,0,0, ,50.4592166692,155.841596672,24.24609375,19.9089486576989
11997,,Existing,095-10-09-01.22-600,381497.78,1494368.52,2338.13,0,0, ,212.922630163,2338.12845432,363.78125,83.9535726312971
11998,,Existing,095-10-09-01.22-1600,381678.43,1494278.83,637.71,0,0, ,102.668377034,637.709589673,99.21875,40.4820558976006
11999,,Existing,095-10-09-01.22-1700,381752.36,1494207.57,2143.41,0,0, ,222.013102312,2143.41962465,333.46875,87.5263265068736
12000,,Existing,095-10-09-01.22-1500,381563.78,1494234.86,569.77,0,0, ,95.5444283262,569.764329129,88.640625,37.6837780826319
12001,,Existing,095-10-09-01.22-1300,381435.46,1494248.96,593.4,0,0, ,97.526707828,593.401175874,92.32421875,38.4652224315336
12002,,Existing,095-10-09-01.22-2000,381667.29,1494029.95,1815.87,0,0, ,183.456814503,1815.86785854,282.51171875,72.3291546937293
12003,,Existing,095-10-09-01.22-3000,381465.14,1493750.84,878.51,0,0, ,119.304223329,878.504401248,136.671875,47.0469542885029
12004,,Existing,095-10-09-01.22-3500,381451.32,1493646.84,2584.45,0,0, ,220.171475664,2584.468069,402.078125,86.8204984519427
12005,,Existing,095-10-09-01.22-2900,381542.96,1493688.92,1120.6,0,0, ,137.239512642,1120.59326243,174.33203125,54.1078298537462
12006,,Existing,095-10-09-01.22-6000,382134,1494362.76,2820.65,0,0, ,242.235472785,2820.64809029,438.84765625,95.5329651625302
12007,,Existing,095-10-09-01.22-6011,382175.04,1493877.44,2637.31,0,0, ,244.940946838,2637.31816892,410.30859375,96.6423517325919
12008,,Existing,095-10-09-01.22-6009,382170.69,1493659.87,2764.44,0,0, ,254.639910661,2764.45763008,430.0859375,100.47097412687
12009,,Existing,095-10-09-01.22-6010,382172.63,1493764.61,2819.79,0,0, ,245.720397042,2819.77764802,438.69921875,96.9528164691633
12010,,Existing,095-10-09-01.22-6004,382026.51,1493863.42,2598.19,0,0, ,217.515281371,2598.18290201,404.21484375,85.8065953934585
12011,,Existing,095-10-09-01.22-6005,382025.21,1493764.34,2771.18,0,0, ,246.614481163,2771.17509459,431.12890625,97.3409551261527
12012,,Existing,095-10-09-01.22-6001,382122.22,1494220.48,2180.75,0,0, ,213.222367064,2180.74570103,339.28515625,84.100195922012
12013,,Existing,095-10-09-01.22-1800,381884.02,1494071.38,2178.33,0,0, ,200.494258008,2178.32392232,338.90625,79.0592998470084
12014,,Existing,095-10-09-01.22-1900,381753.95,1494034.3,1614.67,0,0, ,179.798406764,1614.66412639,251.21484375,70.9084569724604
12015,,Existing,095-10-09-01.22-2000,381636,1493957.34,224.46,0,0, ,60.4985666722,224.455438628,34.921875,23.8693996079233
12016,,Existing,095-10-09-01.22-2200,381501.02,1494017.02,2764.71,0,0, ,231.509478583,2764.70215172,430.1328125,91.3286576493128
12017,,Existing,095-10-09-01.22-1400,381503.58,1494190.25,1565.14,0,0, ,168.926748571,1565.15092012,243.51171875,66.5992716868452
12018,,Existing,095-10-09-01.22-1500,381579.74,1494196.9,1790.29,0,0, ,184.293863261,1790.29144639,278.53515625,72.6853743647461
12019,,Existing,095-10-09-01.22-1600,381659.29,1494199.33,2255.64,0,0, ,211.019494364,2255.63807568,350.9375,83.2062242748955
12020,,Existing,095-10-09-01.22-1700,381717.18,1494274.82,718.93,0,0, ,107.31671451,718.933289452,111.8515625,42.3330752734287
12021,,Existing,095-10-09-01.22-500,381582.65,1494372.36,2649.07,0,0, ,277.594012466,2649.08861813,412.140625,109.464403604302
12022,,Existing,095-10-09-01.22-400,381700.53,1494383.9,1883.34,0,0, ,231.182198142,1883.33547568,293.015625,91.1773020495134
12023,,New,095-10-09-01.22-6006,381969.69,1493622.25,753.78,0,0, ,109.836765775,753.781419604,117.26953125,43.3245251938226
12024,,Existing,095-10-09-01.22-6006,382016.56,1493652.12,2070.06,0,0, ,211.830924116,2070.06241023,322.046875,83.5679144934944
12025,,New,095-11-09-36.33-7700,382142.1,1495041.67,2526.97,0,0, ,224.640183175,2526.95537159,393.171875,88.6248306554057
12026,,New,095-11-09-36.33-6100,382217.5,1495173.1,247.75,0,0, ,64.0307458048,247.749067009,38.55078125,25.2481694709351
12027,,New,095-11-09-36.32-7000,381780.53,1496325.25,160.29,0,0, ,52.3329649917,160.29292406,24.9453125,20.6543581844499
12028,,Existing,095-11-09-36.32-3200,381960.64,1496659.42,348.84,0,0, ,76.7814364952,348.843180649,54.28515625,30.2826074516694
12029,,Existing,095-11-09-36.32-1700,382148.21,1496905.93,2572.83,0,0, ,244.00663371,2572.83947767,400.3671875,96.2503736515078
12030,,Existing,095-11-09-36.32-1000,381758.02,1496879.28,1649.52,0,0, ,169.649039386,1649.52689516,256.6875,66.9496156044211
12031,,Existing,095-11-09-36.32-4500,381605.98,1496898.26,1876.29,0,0, ,187.749913901,1876.28675183,291.97265625,74.0776256949224
12032,,Existing,095-11-09-36.32-2300,382236.92,1496749.13,1688.74,0,0, ,167.466435684,1688.76006159,262.7890625,66.0369907065362
12033,,Existing,095-11-09-36.32-4100,381534.2,1496520.87,2377.24,0,0, ,231.295362898,2377.23457157,369.92578125,91.2593507511925
12034,,Existing,095-11-09-36.32-4400,381601.22,1496821.98,2160.72,0,0, ,208.469235861,2160.71375067,336.24609375,82.2801926042777
12035,,Existing,095-11-09-36.32-4700,381659.76,1497050.46,2248.25,0,0, ,216.080146326,2248.24274867,349.859375,85.1882065457531
12036,,Existing,095-11-09-36.32-300,382213.53,1497049.16,2059.69,0,0, ,225.046137817,2059.69205713,320.5078125,88.7709218516082
12037,,Existing,095-11-09-36.32-400,382161.57,1497018.59,514.57,0,0, ,90.8388491556,514.576578776,80.07421875,35.8377312497752
12038,,New,095-11-09-36.32-1600,382082.18,1496956.71,258.51,0,0, ,64.3961966634,258.506642334,40.23046875,25.4057565676667
12039,,Existing,095-11-09-36.32-500,382082.6,1497022.27,409.62,0,0, ,83.8683207381,409.612907007,63.74609375,33.0972057300378
12040,,Existing,095-11-09-36.32-4700,381615.08,1497055.78,211.98,0,0, ,59.3633983284,211.981450998,32.98828125,23.4270204436381
12041,,Existing,095-11-09-36.32-4700,381659.96,1497017.59,1195.6,0,0, ,150.283031756,1195.60227695,186.0546875,59.2500190439195
12042,,Existing,095-11-09-36.23-300,382152.07,1497723.19,280544.11,0,0, ,4633.29035104,280544.090212,43659.6015625,1828.394482996
12043,,Existing,095-11-09-36.32-4800,381593.06,1497018.03,204.4,0,0, ,58.1816421673,204.392117251,31.8125,22.9601791795374
12044,,Existing,095-11-09-36.32-400,382130.38,1497052.32,1346.14,0,0, ,151.40389666,1346.14230971,209.48046875,59.7136596030685
12045,,Existing,095-11-09-36.32-500,382053.24,1497050.13,1317.4,0,0, ,156.391602937,1317.39862362,205.0078125,61.6999977703011
12046,,Existing,095-11-09-36.32-700,381922.02,1496992.95,587.09,0,0, ,97.0542678311,587.095648592,91.359375,38.2902823326508
12047,,Existing,095-11-09-36.32-800,381802.76,1497018.42,705.05,0,0, ,107.119208328,705.052105797,109.71875,42.2456893003913
12048,,Existing,095-11-09-36.32-900,381786.43,1496958.01,1604.03,0,0, ,167.434914722,1604.03825775,249.61328125,66.0832173812654
12049,,Existing,095-11-09-36.32-1600,382069.98,1496914.85,2155.16,0,0, ,204.264011436,2155.15423725,335.375,80.5772980581227
12050,,Existing,095-11-09-36.32-600,381975.03,1497052.46,1701.4,0,0, ,172.828079569,1701.39510741,264.765625,68.1370533293786
12051,,Existing,095-11-09-36.32-700,381898.53,1497049.47,1582.65,0,0, ,180.289727657,1582.65638834,246.28515625,71.1315738471164
12052,,Existing,095-11-09-36.32-800,381808.29,1497051.54,1370.08,0,0, ,151.351389147,1370.07718322,213.2109375,59.6807530774074
12053,,Existing,095-11-09-36.32-4800,381565.21,1497051.18,1877.21,0,0, ,191.382509979,1877.20332043,292.125,75.4426208679648
12054,,Existing,095-11-09-36.32-4600,381628.42,1496964.06,1581.54,0,0, ,167.15504892,1581.52482331,246.11328125,65.9667508229881
12055,,New,095-10-09-13.21-2300,382828.38,1483439.4,3084.61,0,0, ,242.67255318,2596.20155569,403.5859375,95.6775869572344
12056,,New,095-10-09-13.21-3000,382477.9,1483163.09,3356.85,0,0, ,277.494064804,3521.55400503,547.421875,109.380174536278
12057,,New,095-10-09-13.21-3500,382851.17,1483181.73,2609.76,0,0, ,229.045642212,2609.76835388,405.6796875,90.3079351557444
12058,,New,095-10-09-13.21-5300,383046.64,1483216.69,2920.13,0,0, ,235.097975662,2668.64228504,414.84375,92.693656519784
12059,,New,095-10-09-13.21-800,382961.44,1483714.18,2963.38,0,0, ,246.993552869,2963.37662752,460.66796875,97.3942120898991
12060,,New,095-10-09-13.21-700,383043.02,1483691.67,3592.02,0,0, ,244.594313398,2865.19114468,445.40625,96.4304788015539
12061,,New,095-10-09-13.21-1100,382705.33,1483725.43,3655.25,0,0, ,286.140420552,3423.20178881,532.15234375,112.83751905583
12062,,Existing,095-10-09-13.21-1300,382539.05,1483736.86,3734.65,0,0, ,287.926589489,3734.6504932,580.57421875,113.538054819348
12063,,Existing,095-10-09-13.21-1600,382441.31,1483534.4,2787.05,0,0, ,249.333881922,2787.03149977,433.25,98.3133412047725
12064,,Existing,095-10-09-13.21-1700,382543.39,1483528.56,2472.78,0,0, ,228.497582098,2472.77873434,384.3984375,90.1072418620286
12065,,Existing,095-10-09-13.21-3100,382591.66,1483149,2161.19,0,0, ,203.654069351,2161.19432107,335.953125,80.3281462812753
12066,,Existing,095-10-09-13.21-3800,383037.93,1483364.1,3048.91,0,0, ,251.316664669,3048.91380649,473.953125,99.0719270615773
12067,,New,095-10-09-13.21-2700,382557.05,1483384.9,3445.21,0,0, ,275.204739962,3211.06874264,499.16015625,108.500439114734
12068,,Existing,095-10-09-12.34-4200,382553.38,1483976.52,3909.61,0,0, ,307.888703702,3505.99536735,545.03515625,121.389641174589
12069,,PossiblyChanged,095-10-09-12.34-3900,382795.11,1484166.14,2680.17,0,0, ,221.26029011,2093.69556148,325.484375,87.2325293972582
12070,,Existing,095-10-09-12.34-3400,383015.84,1484465.22,3352.54,0,0, ,313.842040202,3352.53793777,521.203125,123.729690560062
12071,,Existing,095-10-09-12.33-101,382246.45,1484593.23,3115.42,0,0, ,276.682578371,3115.41466081,484.3359375,109.120072696633
12072,,Existing,095-10-09-12.34-3300,382983.1,1484580.04,2027.02,0,0, ,185.318940534,2027.0124097,315.12890625,73.0393183800498
12073,,Existing,095-10-09-12.34-3800,382916.53,1484074.46,4245.63,0,0, ,292.61313968,3871.80450308,601.90625,115.332048278327
12074,,Existing,095-10-09-12.34-4300,382668.22,1483906.99,2434.8,0,0, ,207.427252657,2434.79505814,378.5078125,81.7671304070984
12075,,Existing,095-10-09-12.34-4400,382788.93,1483914.45,3323.24,0,0, ,226.253679249,2692.20316049,418.53125,89.1547464309758
12076,,Existing,095-10-09-12.34-4501,382926.56,1483918.43,2471.13,0,0, ,217.086904468,2376.40639806,369.4296875,85.5364621057652
12077,,Existing,095-10-09-12.34-4500,383067.69,1483920.09,2938.42,0,0, ,266.743629346,2938.4250251,456.80078125,105.102446934341
12078,,Existing,095-10-09-12.34-4100,382564.18,1484109.73,4996.79,0,0, ,332.603334599,4727.4823942,734.93359375,131.122822859751
12079,,Existing,095-10-09-12.34-4000,382673.95,1484248.13,3076.87,0,0, ,252.969930216,2610.0205794,405.74609375,99.6865351181524
12080,,Existing,095-10-09-12.34-2000,382922.55,1485226.23,185.34,0,0, ,55.5317456046,185.344205385,28.81640625,21.889160270183
12081,,New,095-10-09-12.34-2700,382984.44,1484954.93,377.22,0,0, ,77.8679545,377.228054291,58.6484375,30.7073382284701
12082,,New,095-10-09-12.34-2700,382988.66,1484883.51,204.9,0,0, ,57.8548711538,204.907265096,31.859375,22.8185556254509
12083,,Existing,095-10-09-12.34-2800,383026.86,1484880.85,165.74,0,0, ,54.4383131073,165.739900027,25.76171875,21.4526284081434
12084,,Existing,095-10-09-12.34-3400,382869.92,1484589.76,165.28,0,0, ,51.987070724,165.279660727,25.6953125,20.5038966994735
12085,,Existing,095-10-09-12.34-2100,382850.6,1485148.11,3142.65,0,0, ,247.76396517,2538.05321252,394.59765625,97.6502790275247
12086,,Existing,095-10-09-12.33-102,382249.93,1484707.6,3050.94,0,0, ,247.826309854,3050.94859052,474.3203125,97.7503347505034
12087,,Existing,095-10-09-12.31-2400,382420.38,1485356.76,2264.28,0,0, ,227.774311097,2264.29753435,352.05078125,89.8730355200401
12088,,Existing,095-10-09-12.34-2400,382357.32,1485212.07,692.96,0,0, ,106.2402312,692.961509484,107.7421875,41.9019148700965
12089,,Existing,095-10-09-12.34-2400,382411.97,1485153.15,2496.46,0,0, ,241.287822757,2496.46190395,388.1328125,95.1866237548619
12090,,Existing,095-10-09-12.34-2500,382334.22,1485081.58,595.98,0,0, ,102.545726672,595.973539005,92.65234375,40.4336364527961
12091,,Existing,095-10-09-12.34-2500,382449.35,1484938.08,4140.01,0,0, ,365.318589089,4139.99809487,643.62890625,144.043800445354
12092,,Existing,095-10-09-12.31-2500,382643.8,1485287.1,2176.59,0,0, ,200.137936826,1896.21649198,294.8125,78.9275240494989
12093,,Existing,095-10-09-12.31-2500,382730.29,1485271.4,974.1,0,0, ,126.825543813,974.077487818,151.44140625,49.9903006280612
12094,,Existing,095-10-09-12.34-2200,382612.53,1485058.99,960.5,0,0, ,126.406538567,960.497310384,149.33203125,49.825022117412
12095,,Existing,095-10-09-12.34-2100,382891.92,1485190.85,814.59,0,0, ,114.365019766,814.593548676,126.6484375,45.0898619317497
12096,,Existing,095-10-09-12.31-2600,382894.51,1485339.41,3011.55,0,0, ,257.528170869,3011.55553808,468.23046875,101.558761048311
12097,,Existing,095-10-09-12.34-2600,382790.09,1484868.78,2369.87,0,0, ,206.048707873,2183.67405981,339.49609375,81.1969881260629
12098,,Existing,095-10-09-12.34-2600,382753.82,1484813.82,546.16,0,0, ,93.7642495983,546.152846454,84.91015625,36.9650919017879
12099,,Existing,095-10-09-12.34-3000,382945.33,1484761.78,1955.19,0,0, ,186.115697505,1955.1793185,303.96875,73.3510955815638
12100,,Existing,095-10-09-12.34-2900,383068.8,1484787.48,2204.82,0,0, ,207.838335973,2204.8198021,342.7734375,81.9363590777924
12101,,Existing,095-10-09-12.34-2800,383058.57,1484974.12,2279.88,0,0, ,197.471358044,2307.17572428,358.703125,77.8265024684563
12102,,Existing,095-10-09-12.34-1900,383071.03,1485246.63,2498.03,0,0, ,227.895210979,2498.0308959,388.375,89.8394724508732
12103,,Existing,095-10-09-12.31-2700,383005.29,1485408.6,2288.11,0,0, ,223.99861824,2288.12196514,355.7421875,88.308390068703
12104,,Existing,095-10-09-12.34-2300,382646.03,1485182.4,2638.75,0,0, ,231.775709888,2638.74086262,410.25390625,91.4370955509547
12105,,Existing,095-10-09-01.34-9900,382445.82,1489851.75,1704.09,0,0, ,192.719947832,1704.08235024,265.04296875,76.0012404006291
12106,,Existing,095-10-09-01.34-5800,382835.78,1489829.79,204.93,0,0, ,58.0982408697,204.927312875,31.875,22.9201470306292
12107,,Existing,095-10-09-01.34-5900,382872.78,1489872.57,1288.01,0,0, ,152.482846584,1288.01375675,200.32421875,60.148990771564
12108,,Existing,095-10-09-01.34-7500,383022.47,1490269.06,1668.17,0,0, ,170.91774308,1668.1660358,259.453125,67.4430997914085
12109,,Existing,095-10-09-01.34-7300,382925.63,1490273.17,1570.8,0,0, ,183.311764695,1570.79825458,244.3125,72.33134604087
12110,,Existing,095-10-09-01.34-7000,382832.59,1490222.17,1560.54,0,0, ,213.360401572,1560.53318636,242.7265625,84.121624932567
12111,,Existing,095-10-09-01.34-7200,382880.3,1490177.04,739.45,0,0, ,127.440676453,739.454080472,115.015625,50.2845887601742
12112,,Existing,095-10-09-01.34-9500,382662.08,1490034.5,1317.78,0,0, ,160.212531393,1317.77920561,204.953125,63.2161207726648
12113,,New,095-10-09-01.34-9600,382566.46,1490096.99,196.23,0,0, ,62.7517393166,196.23722412,30.5234375,24.7254174110231
12114,,Existing,095-10-09-01.34-6801,382799.74,1490109.11,1381.79,0,0, ,149.547796063,1381.79444177,214.91796875,58.9908831100238
12115,,Existing,095-10-09-01.34-6000,382937.88,1489849.06,247.63,0,0, ,63.6875366718,247.628021432,38.515625,25.1243317936079
12116,,Existing,095-10-09-01.34-11000,382398.57,1489607.97,1347.6,0,0, ,166.120472006,1347.59655716,209.59375,65.5494481981262
12117,,Existing,095-10-09-01.34-10800,382519.61,1489607.43,1658.79,0,0, ,183.724518438,1658.79387071,257.98828125,72.5043101813013
12118,,Existing,095-10-09-01.34-10700,382591.61,1489622.93,2207.58,0,0, ,225.115933577,2207.5885114,343.34375,88.7860469432899
12119,,Existing,095-10-09-01.34-10600,382651.94,1489607.78,996.33,0,0, ,134.581328077,996.325608962,154.953125,53.1077761611661
12120,,Existing,095-10-09-01.34-5600,382804.1,1489622.84,1638.12,0,0, ,175.783097252,1638.11570755,254.765625,69.3429072604439
12121,,Existing,095-10-09-01.34-5500,382919.68,1489615.9,1286.14,0,0, ,152.110918333,1286.14137598,200.03515625,60.0002690033529
12122,,Existing,095-10-09-01.34-5400,382974.5,1489622.62,1671.73,0,0, ,192.45404668,1671.7246746,259.9921875,75.941117205653
12123,,Existing,095-10-09-01.33-1600,382296.2,1490253.05,1742.5,0,0, ,176.719462827,1742.49790166,271.01953125,69.7317325120216
12124,,Existing,095-10-09-01.33-2800,382282.65,1489864.81,1433.16,0,0, ,180.664497779,1433.15896472,222.90234375,71.254380815148
12125,,Existing,095-10-09-01.33-2800,382278.66,1489751.05,377.81,0,0, ,77.7599544008,377.809821996,58.7578125,30.6673252052774
12126,,Existing,095-10-09-01.33-3000,382240.67,1489688.32,851.28,0,0, ,117.277225989,851.277941449,132.3984375,46.2415149078571
12127,,Existing,095-10-09-01.34-9000,382408.39,1490263.09,958.18,0,0, ,129.463247042,958.182300864,149.03125,51.0472921885264
12128,,Existing,095-10-09-01.34-9100,382472.45,1490255.05,1892.73,0,0, ,195.044052468,1892.73147711,294.3828125,76.9275742560588
12129,,Existing,095-10-09-01.34-9200,382526.75,1490261.76,1173.4,0,0, ,164.508429342,1173.40249191,182.515625,64.8809076038539
12130,,Existing,095-10-09-01.34-9300,382599.58,1490165.17,673.1,0,0, ,108.802496978,673.092687408,104.6953125,42.8941551912823
12131,,Existing,095-10-09-01.34-9200,382529.51,1490162.58,798.33,0,0, ,113.589667834,798.330606095,124.16796875,44.8062583892849
12132,,Existing,095-10-09-01.34-9000,382432.65,1490171.19,416.11,0,0, ,82.8782577003,416.114894273,64.72265625,32.6968744441589
12133,,Existing,095-10-09-01.34-9100,382455.32,1490160.25,162.26,0,0, ,50.9919892019,162.262733262,25.234375,20.1116863755252
12134,,Existing,095-10-09-01.34-9800,382457.32,1490112.79,813.8,0,0, ,121.329571099,813.81094505,126.57421875,47.8168834325569
12135,,Existing,095-10-09-01.34-9700,382531.46,1490115.37,496.5,0,0, ,89.7179139947,496.502434152,77.2265625,35.3745446794248
12136,,Existing,095-10-09-01.34-9500,382636.54,1490080.59,775.96,0,0, ,111.515075818,775.964263734,120.6875,43.9824845186978
12137,,Existing,095-10-09-01.34-9500,382709.5,1490069.34,437.86,0,0, ,83.7399900109,437.860193662,68.09765625,33.0230254844635
12138,,Existing,095-10-09-01.34-7100,382822.8,1490278.2,765.8,0,0, ,110.865553276,765.792383227,119.109375,43.7181793806918
12139,,Existing,095-10-09-01.34-7200,382883.98,1490272.75,1635.33,0,0, ,185.174372741,1635.34110863,254.3515625,73.0659804958484
12140,,Existing,095-10-09-01.34-6800,382799.44,1490065.69,849.13,0,0, ,116.630649967,849.135164513,132.06640625,45.9931294564947
12141,,Existing,095-10-09-01.34-6700,382923.74,1490006.95,1268.03,0,0, ,153.63485263,1268.03447052,197.234375,60.6040718672205
12142,,Existing,095-10-09-01.34-6100,382993.9,1489823,396.79,0,0, ,80.5390651331,396.796658605,61.71484375,31.7717033401543
12143,,Existing,095-10-09-01.34-5500,382936.23,1489722.2,258.86,0,0, ,65.5776336125,258.857353908,40.2578125,25.8719063697966
12144,,Existing,095-10-09-01.34-10800,382519.01,1489658.75,608.31,0,0, ,98.678177432,608.299639582,94.60546875,38.9140137326479
12145,,Existing,095-10-09-01.34-10900,382439.41,1489690.82,665.37,0,0, ,103.180911177,665.368186398,103.48046875,40.6910002617741
12146,,Existing,095-10-09-01.34-10400,382703.62,1489717.4,836.86,0,0, ,116.20782975,836.859369908,130.15234375,45.8374664111615
12147,,Existing,095-10-09-01.34-10300,382705.82,1489759.64,642.41,0,0, ,101.997982956,642.410962861,99.91015625,40.2337950957034
12148,,Existing,095-10-09-01.34-10100,382563.89,1489763.08,602.76,0,0, ,102.533259496,602.770747854,93.75,40.4595885342098
12149,,Existing,095-10-09-01.34-9900,382447.32,1489772.46,1055.01,0,0, ,131.60698393,1055.0164328,164.0859375,51.8854646047746
12150,,Existing,095-10-09-01.34-10000,382512.53,1489864.08,1744.54,0,0, ,191.995678991,1744.56239551,271.32421875,75.7580569114186
12151,,Existing,095-10-09-01.34-10200,382624.77,1489855.28,2166.16,0,0, ,230.599213273,2166.15055636,336.90234375,91.0126370911965
12152,,Existing,095-10-09-01.34-5700,382809.49,1489774.03,1489.17,0,0, ,179.088253882,1489.16789598,231.59765625,70.6192188592722
12153,,Existing,095-10-09-01.34-5900,382857.72,1489797.75,1310.6,0,0, ,153.834794651,1310.57545023,203.828125,60.7092970815403
12154,,Existing,095-10-09-01.34-5800,382826.57,1489809.41,578.81,0,0, ,96.8667119652,578.804573083,90.01953125,38.1928048230689
12155,,Existing,095-10-09-01.34-5800,382809.5,1489863.41,2193.63,0,0, ,207.421407146,2193.63522885,341.171875,81.8590085545929
12156,,Existing,095-10-09-01.34-6000,382918.42,1489806.84,1064.01,0,0, ,130.54064534,1064.01437982,165.48046875,51.4848421701853
12157,,Existing,095-10-09-12.31-500,383031.92,1486481.84,202.13,0,0, ,56.9959556737,202.13256137,31.4296875,22.4717019300334
12158,,Existing,095-10-09-12.24-4600,383025.52,1486509.76,153.31,0,0, ,49.7716936318,153.306321073,23.8359375,19.6221426095917
12159,,Changed,095-10-09-12.24-300,382419.76,1487689.81,3516.05,1531.68,129.56, ,316.709168117,3516.03243282,546.7578125,124.921342772154
12160,,Changed,095-10-09-12.24-3800,382596.37,1487221.68,3538.89,2868.49,23.37, ,300.855649993,3538.8890822,550.28515625,118.662310633647
12161,,Changed,095-10-09-12.24-4800,382912.42,1487285.23,4699.58,2992.1,57.07, ,327.267729938,4699.57175523,730.78125,129.051192501527
12162,,New,095-10-09-12.24-4800,382963.95,1487380.74,2570.84,0,0, ,203.021036047,2570.83642063,399.76171875,80.0532144065977
12163,,New,095-10-09-12.24-101,382851.63,1487503.62,2578.14,0,0, ,258.961188196,2578.14693559,400.90625,102.131996410542
12164,,Existing,095-10-09-12.24-400,382278.01,1487712.82,6149.82,0,0, ,426.244811432,6149.81176562,956.3203125,168.229875397058
12165,,Existing,095-10-09-12.24-3400,382254.92,1487462.63,2067.69,0,0, ,191.560511496,2067.70827877,321.53125,75.5520034750289
12166,,Existing,095-10-09-12.24-3500,382330.76,1487427.94,1622.13,0,0, ,185.049697874,1622.13722535,252.2421875,72.9606412233947
12167,,Existing,095-10-09-12.24-2700,382260.32,1487303.15,1680.38,0,0, ,178.535446883,1680.38756588,261.3046875,70.4562713672483
12168,,Existing,095-10-09-12.24-300,382389.91,1487596.93,1845.51,0,0, ,183.792767576,1845.51566103,286.98828125,72.5017139014726
12169,,Existing,095-10-09-12.24-200,382504.63,1487576.51,244.16,0,0, ,63.1587821772,244.154306102,37.96875,24.9096826197702
12170,,Existing,095-10-09-12.24-200,382561.63,1487556.87,840.45,0,0, ,117.776393022,840.445536911,130.6953125,46.433377290478
12171,,Existing,095-10-09-12.24-3600,382399.08,1487397.77,2019.3,0,0, ,196.319708972,2019.30272408,314,77.4164367464966
12172,,Existing,095-10-09-12.24-3800,382480.87,1487230.04,1791.35,0,0, ,189.133262594,1791.36436196,278.5546875,74.6219930210191
12173,,Existing,095-10-09-12.24-3800,382503.57,1487175.55,1166.89,0,0, ,145.204378318,1166.89762811,181.4453125,57.2971563224454
12174,,Existing,095-10-09-12.24-3800,382497.46,1487128.34,158.91,0,0, ,57.1873496107,158.901922355,24.7109375,22.5294978707517
12175,,Existing,095-10-09-12.24-101,382935.06,1487464.95,524.44,0,0, ,92.0902897696,524.438135727,81.546875,36.3160654768391
12176,,Existing,095-10-09-12.21-5201,382532.15,1487896.69,6180.02,0,0, ,368.968077182,6180.02017659,961.02734375,145.540674032662
12177,,Existing,095-10-09-12.24-200,382445.5,1487533.43,1852.2,0,0, ,201.993020198,1852.18826224,288.02734375,79.6604158368548
12178,,Existing,095-10-09-12.21-6500,383221.98,1488462.91,72370.03,0,0, ,1386.38452589,72370.06557,11254.44921875,546.64251489615
12179,,New,095-10-09-12.21-5600,382450.72,1488414.19,153.25,0,0, ,49.5606094232,153.247160183,23.828125,19.5426254233542
12180,,Existing,095-10-09-12.21-6400,382836.05,1488488.05,28184.31,0,0, ,777.306673464,28184.3124166,4383.0234375,306.767881049112
12181,,Existing,095-10-09-12.21-5200,382661.24,1487884.02,840.37,0,0, ,118.492408928,840.376235873,130.6796875,46.7458901489319
12182,,Existing,095-10-09-12.21-2800,382280.34,1488564.71,755.48,0,0, ,114.214895598,755.46802401,117.49609375,45.0413395742859
12183,,Existing,095-10-09-12.21-3100,382290.93,1488449.91,3188.33,0,0, ,270.358449297,3188.32461152,495.82421875,106.734049388337
12184,,Existing,095-10-09-12.21-4600,382261.81,1488216.61,1639.65,0,0, ,180.575875858,1639.64994449,254.98828125,71.1970999106386
12185,,Existing,095-10-09-12.21-4700,382266.26,1488154.4,1306.91,0,0, ,160.157816164,1306.9102909,203.23828125,63.1808966764634
12186,,Existing,095-10-09-12.21-5203,383035.95,1488076.19,6267.34,0,0, ,551.5344398,6267.24427975,974.60546875,217.136944808678
12187,,Existing,095-10-09-12.21-5203,383036.11,1488140.18,6114.02,0,0, ,550.047182727,6114.04972507,950.78515625,216.550286231653
12188,,Existing,095-10-09-12.21-5203,383036.85,1488204.76,6385.57,0,0, ,552.257539336,6385.63090513,993.0234375,217.424152528025
12189,,Existing,095-10-09-12.21-5203,382849.71,1488158.79,5436.81,0,0, ,491.328442056,5436.79372747,845.46875,194.065425228315
12190,,Existing,095-10-09-12.21-5203,382791.17,1488159.58,5653.23,0,0, ,492.373454,5653.22116981,879.125,194.475136922228
12191,,Existing,095-10-09-12.21-5203,382713.21,1488240.23,2147.47,0,0, ,185.564927972,2147.47928352,333.94921875,73.1703477000553
12192,,Existing,095-10-09-12.21-5203,382731.34,1488102.49,2490.1,0,0, ,250.196873147,2490.13150829,387.234375,98.7837614002436
12193,,Existing,095-10-09-12.21-5203,382677.18,1488113.13,1904.8,0,0, ,271.981088956,1904.81933185,296.21484375,107.420133795504
12194,,Existing,095-10-09-12.21-5400,382468.04,1488250.89,8943.22,0,0, ,473.534424185,8943.21762078,1390.7578125,186.621920780876
12195,,Existing,095-10-09-12.21-5500,382426.52,1488366.7,2357.31,0,0, ,209.227704779,2357.30192679,366.59375,82.4472265679987
12196,,Existing,095-10-09-12.21-5600,382387.39,1488406.85,1023.26,0,0, ,135.308838955,1023.25215353,159.125,53.3464108552941
12197,,Existing,095-10-09-12.21-6000,382407.75,1488588.22,1314.13,0,0, ,159.84577544,1314.14131835,204.37109375,62.9947719222977
12198,,Existing,095-10-09-12.21-6300,382624.87,1488411.75,13412.15,0,0, ,484.720455093,13412.1482901,2085.75,191.072113613648
12199,,Existing,095-10-09-12.21-6200,382605.22,1488558.14,11010.55,0,0, ,504.786083136,11010.5308607,1712.29296875,199.14474139798
12200,,Existing,095-10-09-12.21-5300,382464.86,1488118.13,6803.88,0,0, ,392.167285571,6803.88361341,1058.0625,154.612459359136
12201,,Existing,095-10-09-12.21-6100,382402.52,1488655.5,1079.41,0,0, ,148.539767915,1079.40893077,167.859375,58.5457038735354
12202,,Existing,095-10-09-12.21-6110,382447.29,1488623.59,688.3,0,0, ,104.968002012,688.304319355,107.0390625,41.3963096041353
12203,,Existing,095-10-09-12.21-5900,382392.83,1488545.59,1111.5,0,0, ,140.771237655,1111.50337071,172.8515625,55.4876858875741
12204,,Existing,095-10-09-12.21-2700,382280.71,1488641.41,938.87,0,0, ,150.22939723,938.867783628,146.01171875,59.2561193954179
12205,,Existing,095-10-09-12.21-4500,382266.18,1488292.84,1531.91,0,0, ,165.916778483,1531.90252144,238.22265625,65.4055975857741
12206,,Existing,095-10-09-12.21-5800,382389.41,1488504.74,1021.54,0,0, ,136.121188854,1021.53270968,158.8515625,53.6679971116248
12207,,PossiblyChanged,095-10-09-12.21-5700,382392.19,1488448.53,1043.91,0,0, ,144.968840415,1043.91263864,162.34765625,57.1667004959839
12208,,Existing,095-10-09-01.33-3800,382231.67,1489409.78,997.7,0,0, ,137.249963409,997.686488505,155.16796875,54.148677377613
12209,,Existing,095-10-09-01.33-4000,382269.28,1489236.74,2563.75,0,0, ,212.868780634,2563.75586341,398.71875,83.9746753135466
12210,,Existing,095-10-09-12.21-1800,382272.16,1488905.67,1464.61,0,0, ,183.92366618,1464.62566965,227.78125,72.4583190770259
12211,,Existing,095-10-09-12.21-1900,382251.44,1488820.73,151.3,0,0, ,49.460413228,151.303917192,23.53515625,19.5010649067019
12212,,Existing,095-10-09-12.21-1900,382271.21,1488777.22,3018.55,0,0, ,237.527193198,3018.54193123,469.42578125,93.6997394900346
12213,,Existing,095-10-09-12.21-500,383051.13,1489053.02,2188.59,0,0, ,244.069471878,2188.5959894,340.37109375,96.2791850812014
12214,,New,095-10-09-01.34-4700,382983.12,1489368.79,181.48,0,0, ,55.0786299929,181.475014788,28.22265625,21.7301593463794
12215,,New,095-10-09-01.34-4400,382800.54,1489395.38,726.3,0,0, ,108.485249518,726.298989833,112.95703125,42.7733101978723
12216,,New,095-10-09-01.34-4400,382797.95,1489419.73,153.51,0,0, ,49.5613821232,153.515196105,23.87890625,19.5455737194167
12217,,Existing,095-10-09-01.34-4400,382802.77,1489467.42,1756.48,0,0, ,184.932831123,1756.47537316,273.171875,72.9710015311285
12218,,Changed,095-10-09-01.34-11600,382699.73,1489323.6,793.84,1914.17,-58.53, ,112.789812924,793.83348925,123.45703125,44.4839025573751
12219,,Existing,095-10-09-01.34-11400,382562.25,1489437.17,360.77,0,0, ,76.6937049225,360.765621159,56.109375,30.2537427474019
12220,,New,095-10-09-01.34-11300,382521.08,1489352.31,236.15,0,0, ,66.2209961638,236.151757146,36.73046875,26.0957202823368
12221,,Existing,095-10-09-01.34-11800,382514.76,1489235.36,2071.55,0,0, ,209.519379715,2071.54733674,322.1640625,82.6554609221333
12222,,Existing,095-10-09-01.34-12000,382414.89,1489224.89,2839,0,0, ,249.343191796,2838.99564958,441.5234375,98.3248005586255
12223,,Existing,095-10-09-12.21-1000,382829.59,1489063.89,1531.97,0,0, ,184.282388929,1531.95033226,238.25390625,72.7392028463441
12224,,Existing,095-10-09-12.21-1100,383006.08,1488825.24,4894.93,0,0, ,301.550792493,4894.95432658,761.24609375,118.987659212509
12225,,Existing,095-10-09-12.21-1100,383028.72,1488871.19,382.23,0,0, ,88.4364756728,382.234942496,59.44140625,34.8459838751576
12226,,Existing,095-10-09-12.21-1500,382403.57,1489058.9,2201.04,0,0, ,220.593957458,2201.04982696,342.296875,87.0438623339859
12227,,Existing,095-10-09-12.21-1200,382672.44,1489065.3,1665.13,0,0, ,185.631033777,1665.13351253,258.95703125,73.1906468572519
12228,,Changed,095-10-09-01.34-4500,382863.22,1489395.45,2094.37,1276.92,64.02, ,241.011365557,2094.37880068,325.73046875,95.0259591118215
12229,,Existing,095-10-09-01.33-3900,382294.85,1489464.89,1562.09,0,0, ,178.779702935,1562.084765,242.9453125,70.5261627395858
12230,,Existing,095-10-09-01.33-3900,382305.27,1489359.33,649.65,0,0, ,102.328965727,649.651277176,101.02734375,40.3480546146387
12231,,Existing,095-10-09-01.33-4000,382307.06,1489325.53,434.23,0,0, ,83.5239794013,434.230533674,67.53515625,32.9346861974699
12232,,Existing,095-10-09-12.21-1600,382274.15,1489062.58,2215.56,0,0, ,213.457955632,2215.56533089,344.55859375,84.1927978817941
12233,,Existing,095-10-09-12.21-1600,382267,1489004.7,617.38,0,0, ,99.5437552526,617.374733692,96.01171875,39.25165923289
12234,,Existing,095-10-09-01.34-4500,382876.78,1489473.51,1942.31,0,0, ,183.818529993,1942.3015598,302.08203125,72.5124226490327
12235,,Existing,095-10-09-01.34-4800,383005.53,1489385.12,811.08,0,0, ,115.89337245,811.082379894,126.140625,45.7212522818414
12236,,Existing,095-10-09-01.34-4300,382798.57,1489224.35,2086.79,0,0, ,210.229894497,2086.78702039,324.53125,82.9448736318879
12237,,Existing,095-10-09-01.34-4000,382906.06,1489261.08,169.79,0,0, ,53.0659651196,169.781710188,26.40625,20.9193875921565
12238,,Existing,095-10-09-01.34-3900,382971.77,1489209.03,1043.51,0,0, ,138.318729635,1043.50473052,162.2890625,54.5429797784332
12239,,Existing,095-10-09-01.34-11600,382670.77,1489242.12,1936.02,0,0, ,201.0084384,1936.01666916,301.09375,79.304203968175
12240,,Existing,095-10-09-01.34-11700,382607.93,1489320.58,771.04,0,0, ,112.158010472,771.045549358,119.9140625,44.2188138387519
12241,,Existing,095-10-09-01.34-11700,382620.89,1489294.58,232.87,0,0, ,61.5233647838,232.873826989,36.22265625,24.2565239058393
12242,,Existing,095-10-09-01.34-11700,382612.09,1489212.44,1542.55,0,0, ,167.301640015,1542.54373888,239.8984375,66.0006935319858
12243,,Existing,095-10-09-01.34-12000,382443.99,1489210.39,471.5,0,0, ,86.9026461305,471.500472234,73.33203125,34.2689506363928
12244,,Existing,095-10-09-01.34-11900,382406.99,1489296.39,2791.36,0,0, ,243.57153139,2791.36765327,434.12109375,96.0839743366744
12245,,Existing,095-10-09-01.34-11200,382442.66,1489368.34,658.32,0,0, ,103.009484624,658.32651133,102.3828125,40.6303839811727
12246,,Existing,095-10-09-01.34-11200,382437.17,1489460.49,2088.68,0,0, ,210.578912122,2088.68573804,324.83984375,83.1108658815865
12247,,Existing,095-10-09-01.34-11100,382393.64,1489463.98,1883.52,0,0, ,180.961260559,1883.51977665,292.9375,71.3950051737072
12248,,Existing,095-10-09-12.21-1400,382501.2,1489005.78,1037.32,0,0, ,130.905732633,1037.31984452,161.328125,51.605566762824
12249,,Existing,095-10-09-12.21-1501,382398.98,1488925.37,1731.39,0,0, ,183.654488333,1731.39250639,269.26953125,72.459106821851
12250,,Existing,095-10-09-12.21-1400,382469.57,1488943.82,365.58,0,0, ,79.2451128982,365.581590707,56.85546875,31.2345896764756
12251,,Existing,095-10-09-12.21-1502,382397.81,1488805.1,2267.61,0,0, ,211.862084322,2267.61336805,352.66015625,83.6012266105259
12252,,Existing,095-10-09-12.21-1401,382450.89,1488764.05,1300.88,0,0, ,147.068831781,1300.87481886,202.30078125,58.0201550273973
12253,,Existing,095-10-09-12.21-1300,382565.91,1488956.05,780.93,0,0, ,112.830334456,780.924055893,121.4453125,44.4835135525804
12254,,Existing,095-10-09-12.21-1200,382621.03,1488965.69,1069.39,0,0, ,132.85422932,1069.38459272,166.3125,52.4107370737637
12255,,Existing,095-10-09-12.21-1100,382903.75,1488842.63,2455.21,0,0, ,219.665732733,2455.19540721,381.82421875,86.7019509676506
12256,,Existing,095-10-09-12.21-1100,382864.15,1488760.61,3361.62,0,0, ,278.81180269,3361.61426255,522.78515625,109.828497161187
12257,,Existing,095-10-09-12.21-600,382987.32,1489040.1,2730.81,0,0, ,261.80844598,2730.80249633,424.6875,103.303112329145
12258,,Existing,095-10-09-01.34-3700,383051.08,1489213.54,1221.8,0,0, ,153.148917044,1221.7994793,190.0234375,60.4084966904572
12259,,Existing,095-10-09-12.21-800,382906.01,1489076.47,1019.84,0,0, ,131.080485964,1019.84728767,158.6015625,51.7037929847794
12260,,Existing,095-10-09-12.21-900,382867.95,1489066.75,1527.87,0,0, ,174.057616632,1527.88392512,237.609375,68.6798462314019
12261,,Existing,095-10-09-12.21-1000,382824.06,1488999.44,1070.01,0,0, ,133.022610173,1070.01013986,166.4140625,52.4397601552664
12262,,Existing,095-10-09-12.21-900,382860.63,1488966.36,562.77,0,0, ,96.1264472773,562.765019506,87.515625,37.896174301896
12263,,Existing,095-10-09-12.21-800,382901.61,1488971.26,700.74,0,0, ,113.825630441,700.732332268,108.9765625,44.8953296657833
12264,,Existing,095-10-09-12.21-1400,382468.82,1489065.22,1759.63,0,0, ,193.693260695,1759.62427976,273.6640625,76.4326368519988
12265,,Existing,095-10-09-12.21-1300,382565.21,1489066.4,1666.12,0,0, ,184.957872559,1666.12285398,259.125,72.9832430596961
12266,,Existing,095-10-09-01.34-4100,382877.66,1489221.53,1827.44,0,0, ,180.957902556,1827.43367174,284.20703125,71.4101142609544
12267,,Existing,095-10-09-01.34-4000,382920.23,1489216.22,1901.92,0,0, ,196.85816882,1901.91276809,295.78515625,77.6856703592183
12268,,Existing,095-10-09-01.34-3800,383007.83,1489224.16,1890.07,0,0, ,214.583149397,1890.07593969,293.9375,84.6712043739489
12269,,Existing,095-10-09-01.34-4000,382924.73,1489299.41,893.53,0,0, ,135.961368448,893.523902432,138.96484375,53.6247006856416
12270,,Existing,095-10-09-01.34-4200,382838.58,1489309.55,1007.49,0,0, ,143.281314657,1007.48281875,156.6875,56.5117145018144
12271,,Existing,095-10-09-01.34-4300,382795.44,1489318.61,1129.17,0,0, ,145.469911682,1129.17249036,175.609375,57.3600252064802
12272,,Existing,095-10-09-01.34-4600,382918.62,1489474.6,1430.2,0,0, ,156.104160157,1430.20356672,222.43359375,61.5768996177257
12273,,Existing,095-10-09-01.34-4700,382974.89,1489474.07,1406.7,0,0, ,161.568642084,1406.70258534,218.765625,63.7394763167893
12274,,Existing,095-10-09-01.34-4800,383012.58,1489471.33,1763.25,0,0, ,190.236853943,1763.24238204,274.22265625,75.0719886938809
12275,,Existing,095-10-09-01.34-4900,383055.04,1489469.17,1649.43,0,0, ,167.916351069,1649.42161103,256.5234375,66.2464990087975
12276,,Existing,095-10-09-01.34-11300,382518.36,1489483.34,1262.86,0,0, ,155.019568176,1262.86347201,196.3984375,61.1581731831967
12277,,Existing,095-10-09-01.34-11400,382592.26,1489461.7,1717.97,0,0, ,191.6453707,1717.97090636,267.1875,75.6057748895385
12278,,Existing,095-10-09-01.34-11500,382652.93,1489457.85,1795.45,0,0, ,202.484079722,1795.45035808,279.2421875,79.9022373848724
12279,,PossiblyChanged,095-10-09-01.34-4200,382840.22,1489224.35,2253.34,0,0, ,230.991580692,2253.33079986,350.43359375,91.156110829541
12280,,Changed,095-10-09-01.34-10900,382438.27,1489603.41,986.45,930.14,6.05, ,142.642783587,986.440073629,153.421875,56.2876961598319
12281,,Existing,095-10-09-01.34-10400,382696.68,1489620.52,2117.45,0,0, ,197.875105553,2117.46900896,329.3203125,78.0962568424326
12282,,Existing,095-10-09-01.33-1700,382298.2,1490006.88,1490.42,0,0, ,168.444544993,1490.41791454,231.8046875,66.4580976467515
12283,,Changed,095-10-09-01.34-9400,382660.58,1490179.75,1784.04,1521.94,17.22, ,191.044969254,1784.03297667,277.48828125,75.2909868917305
12284,,Existing,095-10-09-01.34-9800,382438.55,1490023.44,1871.75,0,0, ,205.082321055,1871.74956423,291.109375,80.901412133303
12285,,Changed,095-10-09-01.34-9700,382524.3,1490028.52,1811.77,1104.64,64.01, ,209.26536556,1811.76253736,281.79296875,82.589672857594
12286,,Changed,095-10-09-01.34-6500,383012.62,1490115.24,901.07,517.73,74.04, ,121.345221881,901.082680838,140.1484375,47.8418596301294
12287,,Existing,095-10-09-01.34-6100,383022.37,1489861.13,2295.01,0,0, ,243.131335327,2295.0167228,356.94140625,95.9315287798897
12288,,PossiblyChanged,095-10-09-01.34-6100,382976.8,1489815.78,507.98,0,0, ,101.284893548,507.992917851,79.0078125,39.9805425999218
12289,,Existing,095-10-09-01.34-6000,382920.16,1489880.7,1511.2,0,0, ,161.597770802,1511.20360018,235.0390625,63.7215074962179
12290,,Existing,095-10-09-01.34-6500,383016.68,1490022.22,1810.46,0,0, ,205.239011434,1810.45569741,281.57421875,80.9950898463648
12291,,Existing,095-10-09-01.33-3000,382242.76,1489601.79,1607.42,0,0, ,167.848571753,1607.42319107,249.98828125,66.224514278716
12292,,Existing,095-10-09-01.34-7400,382982.54,1490271.96,1611.58,0,0, ,173.38783671,1611.58002799,250.65234375,68.4077211890014
12293,,Existing,095-10-09-01.34-6900,382832.25,1490172.31,1392.66,0,0, ,207.219197027,1392.66076933,216.6015625,81.7039897671059
12294,,Existing,095-10-09-01.34-7300,382921.87,1490173.46,787.68,0,0, ,112.809239036,787.677973687,122.515625,44.4982667482958
12295,,Existing,095-10-09-01.34-7500,383020.98,1490189.95,662.84,0,0, ,102.984878351,662.845562245,103.1015625,40.6149228767754
12296,,Existing,095-10-09-01.34-6800,382814.53,1490016.53,1839.37,0,0, ,182.647499588,1839.35977042,286.07421875,72.06582654461
12297,,Existing,095-10-09-01.34-6600,382978.96,1490028.01,2143.06,0,0, ,224.316169005,2143.05422216,333.30859375,88.532124898403
12298,,Existing,095-10-09-01.34-9600,382591.49,1490029.56,1064.96,0,0, ,136.835685716,1064.96807858,165.63671875,53.9702192746599
12299,,Existing,095-10-09-01.34-9300,382591.73,1490250.1,1079.82,0,0, ,149.037876704,1079.82040339,167.94921875,58.7935919586351
12300,,Existing,095-10-09-01.34-9400,382698.6,1490257.58,1538.93,0,0, ,177.998166388,1538.91723534,239.3515625,70.2346046329484
12301,,Existing,095-10-09-01.34-5500,382916.75,1489666.25,722.87,0,0, ,107.561515119,722.864277297,112.421875,42.4204790243576
12302,,Existing,095-10-09-01.34-5300,383015.37,1489607.19,978.71,0,0, ,126.838599559,978.719007906,152.21484375,50.024915758436
12303,,Existing,095-10-09-01.34-5400,382972.19,1489715.78,619.07,0,0, ,99.5477011725,619.071484117,96.28515625,39.2570090219694
12304,,Existing,095-10-09-01.34-5600,382810.92,1489722.14,1680.12,0,0, ,182.69083266,1680.12817315,261.3046875,71.984230477268
12305,,Existing,095-10-09-01.34-10300,382677.85,1489869.07,1651.8,0,0, ,195.084971599,1651.7935035,256.91015625,76.9663244187081
12306,,Existing,095-10-09-01.34-10100,382578.43,1489857.96,1768.37,0,0, ,197.754687247,1768.37277815,275.03515625,78.0427775097787
12307,,Changed,095-10-09-01.33-2900,382292.26,1489605.34,2751.93,1517.1,81.39, ,282.320746833,2751.92773278,428.015625,111.360814436332
12308,,Changed,095-10-09-01.31-6700,382494.04,1491139.05,3546.46,3094.3,14.61, ,312.444294234,3546.46779127,551.640625,123.235014254509
12309,,Existing,095-10-09-01.31-4700,382702.84,1490865.67,2407.49,0,0, ,218.834611559,2407.48037732,374.46875,86.2980994977609
12310,,PossiblyChanged,095-10-09-01.31-3700,383021.63,1490550.54,2832.48,0,0, ,239.014098929,2832.496449,440.56640625,94.2727563059803
12311,,Existing,095-10-09-01.31-3700,382940.16,1490523.97,172.86,0,0, ,54.1283347158,172.857015882,26.88671875,21.337149266732
12312,,New,095-10-09-01.34-8200,382822.47,1490493.27,160.83,0,0, ,55.4985766634,160.832974147,25.0078125,21.895263101637
12313,,Existing,095-10-09-01.34-8900,382411.28,1490500.66,490.69,0,0, ,90.0263475169,490.692864326,76.32421875,35.4922240082917
12314,,Existing,095-10-09-01.34-8800,382443.54,1490496.95,432.5,0,0, ,83.521086997,432.497707064,67.265625,32.9452138567178
12315,,Existing,095-10-09-01.34-8400,382623.17,1490397.83,1709.91,0,0, ,181.399814147,1709.90548341,265.94921875,71.5780686675494
12316,,PossiblyChanged,095-10-09-01.34-8600,382527.17,1490399,1439.57,0,0, ,160.430342275,1439.56642522,223.8984375,63.3068264541801
12317,,PossiblyChanged,095-10-09-01.34-8900,382411.81,1490399.22,1133.84,0,0, ,163.052896933,1133.83768059,176.35546875,64.3273384980725
12318,,Existing,095-10-09-01.31-3900,382946.3,1490740.7,2638.08,0,0, ,232.266792118,2638.06329365,410.32421875,91.5847724879246
12319,,Existing,095-10-09-01.31-4300,382675.18,1490537.19,204.37,0,0, ,60.2312670172,204.370072495,31.7890625,23.7392232659626
12320,,Existing,095-10-09-01.31-4900,382902.81,1490948.09,1835.01,0,0, ,189.063370255,1835.01371203,285.4296875,74.5562360537886
12321,,PossiblyChanged,095-10-09-01.34-8300,382702.49,1490404.98,1659.61,0,0, ,216.073752279,1659.61379,258.12890625,85.2405479319904
12322,,Existing,095-10-09-01.33-100,382281.15,1490421.34,2024.01,0,0, ,251.646257091,2024.00677302,314.8046875,99.2139604599278
12323,,Existing,095-10-09-01.32-4300,382422.8,1491044.99,717.27,0,0, ,107.135819761,717.271008057,111.5625,42.2535563910356
12324,,Existing,095-10-09-01.31-4600,382549.32,1491034.3,797.66,0,0, ,113.245932585,797.657472598,124.0703125,44.6684726154282
12325,,Existing,095-10-09-01.31-4600,382553.6,1490921.59,2244.12,0,0, ,199.321291846,2244.113314,349.0546875,78.5665938664164
12326,,Existing,095-10-09-01.31-5000,382907.13,1491029.22,1235.54,0,0, ,148.425667964,1235.53787758,192.1796875,58.5579649573093
12327,,Existing,095-10-09-01.31-4900,382840.76,1490983.03,643.53,0,0, ,101.473198903,643.524785109,100.09375,40.019537669961
12328,,Existing,095-10-09-01.31-4700,382758.1,1490982.75,378.17,0,0, ,80.8970154478,378.172952263,58.8203125,31.9226198483564
12329,,Existing,095-10-09-01.31-4800,382833.45,1490853.36,2683.7,0,0, ,257.678325835,2683.69875018,417.4296875,101.676166519012
12330,,Existing,095-10-09-01.31-3800,382991.75,1490637.32,2728.23,0,0, ,238.513677648,2728.22902266,424.34765625,94.0809284421371
12331,,Existing,095-10-09-01.34-7900,383054.4,1490480.18,2120.76,0,0, ,204.829739811,2120.75847182,329.8515625,80.80236065326
12332,,Existing,095-10-09-01.34-8000,382964.99,1490502.32,351.89,0,0, ,75.6222691574,351.889991737,54.73046875,29.8166735301216
12333,,Existing,095-10-09-01.31-4000,382898.38,1490619.72,463.59,0,0, ,86.2749490461,463.587038986,72.10546875,34.029498730307
12334,,Existing,095-10-09-01.31-4000,382839.35,1490641.98,2352.61,0,0, ,208.54793178,2352.62201697,365.9296875,82.2922197266085
12335,,Existing,095-10-09-01.31-4100,382833.32,1490555.66,2479.87,0,0, ,215.663952766,2479.89427142,385.71875,85.0988892710801
12336,,Existing,095-10-09-01.34-8100,382848.09,1490489.17,859.27,0,0, ,117.674558442,859.275961088,133.6484375,46.4009480239309
12337,,Existing,095-10-09-01.34-8200,382805.5,1490417.58,1471.03,0,0, ,187.005395185,1471.02977129,228.79296875,73.7634413410064
12338,,Existing,095-10-09-01.34-8100,382849.92,1490421.76,1399.19,0,0, ,173.111857729,1399.19133685,217.640625,68.2802203197222
12339,,Existing,095-10-09-01.34-8000,382971.94,1490431.6,202.04,0,0, ,57.9585454985,202.033900299,31.421875,22.8488700655582
12340,,Existing,095-10-09-01.34-7800,383060.74,1490401.36,2599.34,0,0, ,253.873025648,2599.34709963,404.2890625,100.127262829184
12341,,Existing,095-10-09-01.31-4200,382675.66,1490619.32,2383.13,0,0, ,222.098544604,2383.13942994,370.67578125,87.5890712267868
12342,,Existing,095-10-09-01.31-4400,382601.89,1490612.93,2618.18,0,0, ,223.195265585,2618.17772523,407.23046875,88.011705621946
12343,,Existing,095-10-09-01.31-4500,382430.35,1490621.07,2393.5,0,0, ,253.338410544,2393.49162306,372.265625,99.9536502652659
12344,,Existing,095-10-09-01.34-8600,382522.93,1490490.1,737.54,0,0, ,122.185451157,737.550279347,114.71484375,48.2001968383595
12345,,Existing,095-10-09-01.34-8500,382574.86,1490502.6,329.25,0,0, ,72.891977582,329.24309637,51.203125,28.7420691229719
12346,,Existing,095-10-09-01.34-8700,382488.76,1490396.59,1331.33,0,0, ,164.847675791,1331.34307622,207.0625,65.0326019936322
12347,,Existing,095-10-09-01.34-8500,382581.46,1490393.65,1249.76,0,0, ,154.443528658,1249.7585824,194.38671875,60.9268356786539
12348,,Existing,095-10-09-01.34-8000,382917.71,1490419.08,2127.82,0,0, ,219.026321758,2127.81492277,330.94921875,86.3984838094037
12349,,Existing,095-10-09-01.34-8800,382446.99,1490392.98,1466.83,0,0, ,157.832656496,1466.82760708,228.14453125,62.2637115467421
12350,,Existing,095-10-09-01.32-4300,382392.91,1491006.84,474.59,0,0, ,87.2102404955,474.601778184,73.82421875,34.3976562957086
12351,,Existing,095-10-09-01.31-5100,382889.32,1491110.24,638.26,0,0, ,101.124252849,638.265585386,99.28125,39.8855678379533
12352,,Existing,095-10-09-01.31-5100,382901.44,1491151.99,1254.54,0,0, ,147.477779498,1254.54097026,195.13671875,58.1671104941402
12353,,PossiblyChanged,095-10-09-01.32-4300,382361.19,1490959.27,2384.51,0,0, ,275.231759338,2384.50353315,370.890625,108.560249271985
12354,,Changed,095-10-09-01.31-5900,382916.11,1491724.93,2608.16,2426.38,7.49, ,252.654981697,2608.16340687,405.70703125,99.6767302652458
12355,,New,095-10-09-01.31-5500,382822.69,1491395.59,496.97,0,0, ,117.904497482,496.967221125,77.3046875,46.5340589238056
12356,,Changed,095-10-09-01.32-100,382262.88,1491803.8,3055.09,2849.06,7.23, ,268.464622347,3055.07968067,475.22265625,105.829098680885
12357,,Existing,095-10-09-01.31-6700,382508.23,1491253.98,362.83,0,0, ,76.3730295641,362.831705745,56.43359375,30.1215123975331
12358,,Existing,095-10-09-01.31-6700,382340.13,1491198.08,287.58,0,0, ,67.9254888571,287.58321719,44.734375,26.7867029140429
12359,,Existing,095-10-09-01.31-6500,382539.88,1491528.72,349.3,0,0, ,75.7091699815,349.301822567,54.33203125,29.869056005155
12360,,Existing,095-10-09-01.31-5700,382889.61,1491553.41,2200.12,0,0, ,218.836269219,2200.13058884,342.23828125,86.3214028962831
12361,,Existing,095-10-09-01.31-5600,382827.01,1491503.29,223.54,0,0, ,60.2426616773,223.537905087,34.76953125,23.7538528618188
12362,,Existing,095-10-09-01.31-5600,382888.19,1491473.3,2382.32,0,0, ,223.160619826,2382.32663964,370.5625,88.019514083128
12363,,Existing,095-10-09-01.31-5500,382891.83,1491389.82,3465.35,0,0, ,272.967707278,3465.36163487,539.0390625,107.639998721356
12364,,Existing,095-10-09-01.31-6000,382699.91,1491785.92,2841.14,0,0, ,231.257514126,2841.13311845,441.9453125,91.1871472075544
12365,,Existing,095-10-09-01.31-6100,382553.06,1491764.83,3981.04,0,0, ,289.429363772,3981.02751906,619.25390625,114.148380904053
12366,,Existing,095-10-09-01.31-6200,382395.15,1491751.89,1874.81,0,0, ,185.143986665,1874.80163508,291.6328125,72.9692858047484
12367,,Existing,095-10-09-01.31-6300,382370.02,1491596.1,2224.82,0,0, ,216.277404895,2224.82349397,346.06640625,85.2355176603974
12368,,Existing,095-10-09-01.31-6400,382476.54,1491592.79,2097.77,0,0, ,197.224842864,2097.76872526,326.30859375,77.7329436577205
12369,,Existing,095-10-09-01.22-6016,382401.48,1493805.83,1194.36,0,0, ,140.695912831,1194.36613434,185.81640625,55.5159831197428
12370,,Existing,095-10-09-01.22-6016,382327.62,1493759.05,2758.34,0,0, ,244.844102001,2758.33297186,429.13671875,96.5694387307739
12371,,Existing,095-10-09-01.22-6012,382293.79,1494376.79,3540.21,0,0, ,276.243658257,3540.19913069,550.796875,108.951449305725
12372,,Existing,095-10-09-01.22-6015,382289.53,1494165.7,2690.66,0,0, ,213.439360407,2690.64790048,418.61328125,84.2284140462633
12373,,Changed,095-11-09-36.34-1200,382433.64,1495105.47,2665.48,2498.63,6.68, ,285.307828322,2665.46622017,414.734375,112.5430106466
12374,,Changed,095-11-09-36.34-1000,382436.34,1495267.18,2452.33,2298.74,6.68, ,217.764108484,2452.33506376,381.5703125,85.8922578521208
12375,,New,095-11-09-36.34-1000,382459.19,1495233.45,192.7,0,0, ,57.5720633343,192.700006276,29.984375,22.6975640951909
12376,,Changed,095-11-09-36.00-1000,382843.1,1495123.22,14641.73,8243.23,77.62, ,597.688601763,14641.7045791,2278.1484375,236.038714097267
12377,,New,095-11-09-36.00-400,383053.28,1494866.59,12273.45,0,0, ,490.434080015,12273.4575779,1909.63671875,193.532116001212
12378,,New,095-11-09-36.33-5900,382267.56,1494960.79,2491.65,0,0, ,219.182865381,2491.65033851,387.6796875,86.4435295522878
12379,,New,095-11-09-36.00-1200,382845.75,1494651.93,11699.41,0,0, ,444.135121162,11699.4109186,1820.28125,175.108139200116
12380,,New,095-11-09-36.34-201,382392.78,1494571.04,2381.59,0,0, ,207.671243257,2279.54356104,354.65625,81.9619150548406
12381,,Existing,095-11-09-36.33-5700,382257.97,1494784.78,1380.81,0,0, ,159.560048342,1380.80730063,214.8359375,62.9318302306984
12382,,Existing,095-11-09-36.00-1300,382604.98,1494666.7,9375.7,0,0, ,427.208130541,8806.48184861,1370.1796875,168.429782321441
12383,,Existing,095-11-09-36.34-1700,382384.54,1494701.86,2322.35,0,0, ,222.309999462,2322.36331191,361.328125,87.6998064316414
12384,,Existing,095-11-09-36.00-1400,382635.21,1494909.39,3667.36,0,0, ,242.273212519,3667.35224657,570.60546875,95.5682636409346
12385,,Existing,095-11-09-36.34-1100,382434,1495183.22,2263.59,0,0, ,218.419040078,2263.58211859,352.19921875,86.1589686985706
12386,,Existing,095-11-09-36.00-802,382624.57,1495229.76,4063.15,0,0, ,261.393510276,4063.14040675,632.20703125,103.153811456818
12387,,Existing,095-11-09-36.00-500,383028.36,1495056.51,8155.77,0,0, ,376.716065989,8155.75946328,1268.9765625,148.556383596732
12388,,Existing,095-11-09-36.00-1100,382875.34,1494865.84,5935.88,0,0, ,364.291938197,5935.86771473,923.55859375,143.816983228419
12389,,Existing,095-11-09-36.00-300,383049.78,1494665.88,6832.65,0,0, ,353.473566173,6832.63801491,1063.07421875,139.512457690422
12390,,Existing,095-11-09-36.33-6100,382283.52,1495142.52,2245.45,0,0, ,221.84730492,2245.44899404,349.375,87.5575279215664
12391,,Existing,095-11-09-36.33-6200,382288.86,1495226.79,2255.56,0,0, ,209.788435392,2255.55253598,350.953125,82.7473048960427
12392,,Existing,095-11-09-36.00-1500,382614.35,1495048.98,6055.12,0,0, ,321.633764888,6055.10426346,942.125,126.805102141487
12393,,New,095-11-09-36.33-6800,382282.42,1495741.47,2595.27,0,0, ,208.017364284,2468.19227705,384.0546875,82.0520052944548
12394,,New,095-11-09-36.33-6300,382248.51,1495282.56,229.27,0,0, ,61.5323576055,229.273709404,35.671875,24.2632255937671
12395,,New,095-11-09-36.34-900,382453.36,1495318.45,200.82,0,0, ,58.1626133472,200.816898836,31.25,22.932313854655
12396,,Existing,095-11-09-36.31-3600,382983.86,1496013.08,150.16,0,0, ,49.1094058921,150.160766486,23.3671875,19.3742725503576
12397,,Changed,095-11-09-36.00-800,382654.52,1495517.21,79436.84,40378.82,96.73, ,1441.39685102,108036.668295,16810.375,568.921940182507
12398,,Changed,095-11-09-36.33-6300,382275.69,1495324.84,3105.25,2560.54,21.27, ,316.069193047,3105.25042466,483.15234375,124.647677958062
12399,,New,095-11-09-36.31-5900,382396.41,1495892.19,2519.82,0,0, ,256.602923379,2519.81796143,392.08984375,101.238106092217
12400,,Existing,095-11-09-36.00-800,382937.42,1495512.91,303.14,0,0, ,69.6448738426,303.137380194,47.1640625,27.4724770004659
12401,,Existing,095-11-09-36.34-600,382440.21,1495565.33,2463.73,0,0, ,266.482406676,2463.72124599,383.34375,105.13053623095
12402,,Existing,095-11-09-36.34-300,382419.22,1495809.03,2174.82,0,0, ,200.148641572,2174.82181916,338.40234375,78.9798842990212
12403,,Existing,095-11-09-36.31-3600,383029.25,1496092.55,2963.37,0,0, ,259.460261438,2963.36950122,461.1171875,102.35823710634
12404,,Existing,095-11-09-36.31-3700,382851.31,1495991.44,293.26,0,0, ,68.5484412459,293.259510421,45.62890625,27.0414057356659
12405,,Existing,095-11-09-36.34-900,382435.24,1495347.06,2173.25,0,0, ,208.716910044,2154.99878024,335.31640625,82.3218180242775
12406,,Existing,095-11-09-36.31-5700,382291.79,1496034.22,2571.5,0,0, ,239.19040169,2440.58990538,379.765625,94.343858474136
12407,,Existing,095-11-09-36.32-2500,382251.36,1496687.64,151.45,0,0, ,49.3325925172,151.453474729,23.56640625,19.4617668725582
12408,,Existing,095-11-09-36.31-500,382403.57,1496483.14,3013.78,0,0, ,234.532052748,3013.79371184,468.98046875,92.5423443099878
12409,,Existing,095-11-09-36.32-2100,382413.64,1496678.45,150.96,0,0, ,50.721919317,150.962295195,23.4921875,20.0155891258964
12410,,Changed,095-11-09-36.31-4700,382632.95,1496860.85,1879.53,1777.51,5.74, ,195.916332776,1879.52620871,292.48828125,77.2649927666169
12411,,Existing,095-11-09-36.31-800,382781.69,1496862.1,1980.61,0,0, ,209.582104871,1980.60346548,308.22265625,82.6459784354874
12412,,Existing,095-11-09-36.31-4200,382548.68,1496468.5,183.04,0,0, ,55.4664244875,183.042040069,28.484375,21.8704558403994
12413,,Existing,095-11-09-36.31-4100,382620.05,1496260.48,235.73,0,0, ,61.895509388,235.729308699,36.68359375,24.414828822791
12414,,Changed,095-11-09-36.31-3900,382797.75,1496198.06,3050.14,2555.87,19.34, ,251.791291606,3050.13440865,474.6171875,99.3307582598063
12415,,Changed,095-11-09-36.31-1400,383069.53,1496509.98,2383.59,2592.9,-8.07, ,219.188806369,2383.58650834,370.90234375,86.46863663076
12416,,Existing,095-11-09-36.31-1100,382861.24,1496631.71,160.95,0,0, ,50.7544916645,160.953694046,25.046875,20.0207964631529
12417,,Changed,095-11-09-36.31-4400,382636.14,1496612.62,1742.13,1494.52,16.57, ,203.339488335,1742.11562729,271.08984375,80.2080355481675
12418,,Existing,095-11-09-36.31-4300,382635.54,1496525.43,2284.96,0,0, ,188.947211888,2080.29174641,323.71484375,74.5541758354604
12419,,Existing,095-11-09-36.31-4000,382709.03,1496248.31,1831.21,0,0, ,215.038928309,1831.19806911,284.94921875,84.8291225622286
12420,,Existing,095-11-09-36.32-2200,382318.13,1496746.14,1669.36,0,0, ,184.37763195,1669.35655332,259.7734375,72.7183659288504
12421,,Existing,095-11-09-36.31-3800,382871.53,1496164.94,2692.74,0,0, ,223.654814175,2692.76102672,419.0078125,88.2153227130053
12422,,Existing,095-11-09-36.32-1900,382284.99,1496900.54,1926,0,0, ,199.670129252,1925.99828387,299.71875,78.8058792307592
12423,,Existing,095-11-09-36.32-2700,382254.02,1496463.04,1831.04,0,0, ,172.381525313,1831.0501122,284.9296875,68.0115540461323
12424,,Existing,095-11-09-36.32-2600,382311.91,1496627.3,2777.03,0,0, ,218.733217928,2777.02426943,432.140625,86.2826459708353
12425,,Existing,095-11-09-36.31-400,382359.85,1496564.92,1661.65,0,0, ,165.906346159,1661.65400082,258.57421875,65.4557298869296
12426,,Existing,095-11-09-36.32-2100,382391.89,1496768.96,1422.43,0,0, ,157.707871832,1422.43000124,221.3515625,62.189813437071
12427,,Existing,095-11-09-36.31-4600,382628.63,1496779.61,2353.06,0,0, ,215.491491342,2353.0566156,366.1640625,85.0018508568064
12428,,Existing,095-11-09-36.31-4500,382634.39,1496689.84,1742.74,0,0, ,176.151497199,1742.73560236,271.19140625,69.4844197703129
12429,,Existing,095-11-09-36.31-900,382777.02,1496773.72,2153.07,0,0, ,203.342639465,2153.06455897,335.04296875,80.2231345517973
12430,,Existing,095-11-09-36.31-1000,382777.04,1496684.66,1659.23,0,0, ,178.579513198,1659.22005367,258.19921875,70.4297372693213
12431,,Existing,095-11-09-36.31-2100,382778.29,1496459.08,1927.72,0,0, ,195.48648566,1927.74155427,299.9765625,77.1139067386054
12432,,Existing,095-11-09-36.31-2200,382829.04,1496348.81,1771.83,0,0, ,187.925866349,1771.83118736,275.703125,74.1360652574458
12433,,Existing,095-11-09-36.31-2300,382923.32,1496292.23,2081.4,0,0, ,191.396277343,2081.40261383,323.87890625,75.4789808153877
12434,,Existing,095-11-09-36.31-2400,383011.99,1496253.83,1365.85,0,0, ,157.632219007,1365.83501547,212.53515625,62.1878154987396
12435,,Existing,095-11-09-36.31-2000,382891.31,1496433.55,1813.42,0,0, ,190.394931999,1813.42061038,282.1875,75.1095217012465
12436,,Existing,095-11-09-36.31-1900,382974.52,1496395.2,1863.82,0,0, ,187.152249585,1863.8213618,290.03515625,73.8268399780649
12437,,Existing,095-11-09-36.31-1800,383051.99,1496355.31,2140.93,0,0, ,201.604539359,2140.93535545,333.15234375,79.5244362502387
12438,,Existing,095-11-09-36.31-1300,382994.71,1496544.19,1824.51,0,0, ,183.44578577,1824.51440151,283.91796875,72.3682574658391
12439,,Existing,095-11-09-36.31-1200,382920.56,1496583.87,1821.38,0,0, ,190.608140189,1821.37591313,283.421875,75.1934616002789
12440,,Existing,095-11-09-36.31-1100,382780.75,1496612.41,1987.69,0,0, ,197.411928131,1987.68307895,309.30859375,77.8701603174707
12441,,New,095-10-09-13.24-7700,383514.24,1482665.88,3147.03,0,0, ,260.516821872,3147.02417945,489.16796875,102.700153558534
12442,,Existing,095-10-09-13.24-7600,383348.61,1482800.64,4917.65,0,0, ,340.080562511,4917.6547693,764.43359375,134.072181268453
12443,,Existing,095-10-09-13.24-7500,383537.67,1482819.6,3750.27,0,0, ,280.797406943,3750.27817711,582.94921875,110.662660754842
12444,,New,095-10-09-13.21-500,383212.55,1483681.72,3099.66,0,0, ,258.412868999,3099.67456974,481.859375,101.893075055377
12445,,New,095-10-09-13.21-600,383134.83,1483656.9,2794.24,0,0, ,242.567497472,2794.25365016,434.3671875,95.6322296977986
12446,,Existing,095-10-09-13.21-5200,383240.68,1483243.93,3916.51,0,0, ,262.787148752,3268.01979909,508.0078125,103.605033712262
12447,,Existing,095-10-09-13.21-4200,383375.17,1483310.19,2142.76,0,0, ,189.004054098,1959.28205909,304.5703125,74.5100987332781
12448,,New,095-10-09-13.21-4300,383479.73,1483305.46,3117.27,0,0, ,267.960622824,3117.27037278,484.57421875,105.637529026937
12449,,New,095-10-09-13.21-3900,383197.8,1483353.97,2658.45,0,0, ,241.074548964,2658.45899233,413.26171875,95.0268643188024
12450,,New,095-10-09-13.21-7200,383349.5,1483018.1,3407.11,0,0, ,268.608297599,3407.11225502,529.609375,105.882094143319
12451,,New,095-10-09-13.21-4800,383554.23,1483592.63,2706.57,0,0, ,223.407579873,2706.56546923,420.7421875,88.0199242036674
12452,,Existing,095-10-09-13.21-4900,383554.08,1483175,2918.08,0,0, ,216.642463617,2573.56409227,400.05078125,85.4051775791478
12453,,Existing,095-10-09-13.21-5000,383460.45,1483164.36,2311.4,0,0, ,206.205654909,2311.40258168,359.30078125,81.280894180102
12454,,Existing,095-10-09-13.21-4100,383309.06,1483388.31,2585.4,0,0, ,214.958076299,2585.39260111,401.90234375,84.7417731655859
12455,,Existing,095-10-09-13.21-5100,383345.03,1483192.85,2781.4,0,0, ,240.604172455,2781.39201801,432.36328125,94.8521466834837
12456,,Existing,095-10-09-13.21-300,383385.23,1483732.61,1985.95,0,0, ,187.349883755,1985.95070232,308.73046875,73.8429224673356
12457,,Existing,095-10-09-13.21-400,383304.09,1483723.39,2170.09,0,0, ,192.458329808,1883.07894042,292.7421875,75.8605221882586
12458,,Changed,095-10-09-12.34-800,383545.08,1484390.06,3374.42,2219.19,52.06, ,274.142150846,3374.43250826,524.609375,108.077660524728
12459,,New,095-10-09-12.43-913,383740.4,1484245.97,2224.84,0,0, ,211.333740761,2224.84125776,345.8828125,83.4015954062496
12460,,Existing,095-10-09-12.34-3700,383121.26,1484060.77,3326.34,0,0, ,238.974351628,2797.50627916,434.8984375,94.1714837573845
12461,,Existing,095-10-09-12.34-4800,383535.11,1483958.95,2315.07,0,0, ,217.997863901,2315.09503658,359.90234375,85.9682240597968
12462,,Unknown,095-10-09-12.34-3600,383287.82,1484117.49,195.36,0,0, ,56.6887467403,195.363317546,30.375,22.357337873588
12463,,Existing,095-10-09-12.43-700,383741.4,1484466.42,2108.02,0,0, ,229.491514203,2108.01915412,327.71484375,90.4512741359353
12464,,Existing,095-10-09-12.34-3200,383195.35,1484448.51,201.27,0,0, ,56.7557892178,201.274831832,31.2890625,22.3789504508611
12465,,Existing,095-10-09-12.34-1100,383337.53,1484479.9,2347.84,0,0, ,219.767687604,2347.85829836,365.01171875,86.6664155185876
12466,,Existing,095-10-09-12.34-1000,383367.35,1484377.47,2019.33,0,0, ,190.588407487,2019.33623534,313.93359375,75.1144568779356
12467,,Existing,095-10-09-12.34-1000,383433.79,1484401.6,430.69,0,0, ,83.0879909867,430.692638798,66.9609375,32.7578876395765
12468,,Existing,095-10-09-12.34-600,383550.12,1484578.71,1564.35,0,0, ,175.789328828,1564.34307659,243.19921875,69.329732362577
12469,,Existing,095-10-09-12.34-900,383551.09,1484235.64,2163.1,0,0, ,214.043892718,2163.11860417,336.28515625,84.4596039027017
12470,,Existing,095-10-09-12.34-900,383484.33,1484226.57,836.01,0,0, ,117.079818346,836.008114974,129.96484375,46.1485427881716
12471,,Existing,095-10-09-12.34-3500,383394.33,1484116.35,2955.74,0,0, ,256.682477299,2955.72682231,459.4921875,101.180964108758
12472,,Existing,095-10-09-12.34-4600,383178.7,1483918.85,3148.02,0,0, ,259.265839783,3148.00534445,489.390625,102.191500326737
12473,,Existing,095-10-09-12.34-4700,383313.77,1483938.57,3223.46,0,0, ,282.610674642,3223.45557333,501.10546875,111.402429023073
12474,,Existing,095-10-09-12.43-902,383860.59,1484507.78,276.55,0,0, ,66.7583966553,276.55248118,42.9921875,26.3266980561217
12475,,Existing,095-10-09-12.34-3200,383141.49,1484425.32,2297.82,0,0, ,210.10856995,2297.81739374,357.2265625,82.84037182198
12476,,Existing,095-10-09-12.43-700,383799.83,1484461.51,1033.91,0,0, ,131.945729606,1033.91406435,160.734375,52.0015283654597
12477,,Existing,095-10-09-12.34-1200,383316.57,1484586.11,1829.08,0,0, ,175.886608804,1829.07661939,284.35546875,69.3808751953852
12478,,Existing,095-10-09-12.34-700,383550.13,1484475.27,1419.96,0,0, ,152.134666369,1419.95718682,220.74609375,60.0015927642711
12479,,New,095-10-09-12.34-3100,383068.76,1484557.47,588.87,0,0, ,98.3353438185,588.874969703,91.5546875,38.78470951494
12480,,Existing,095-10-09-12.34-1300,383311.92,1484689.66,2264.04,0,0, ,214.37556629,2264.04313833,351.98828125,84.5415773793888
12481,,Changed,095-10-09-12.34-1800,383175.64,1485289.08,3100.41,2740.08,13.15, ,257.769365354,3100.43265742,482.03515625,101.620307583264
12482,,Existing,095-10-09-12.34-100,383531.56,1485122.45,2165.8,0,0, ,211.30498662,2165.79694763,336.72265625,83.3562354124741
12483,,PossiblyChanged,095-10-09-12.34-1600,383383.61,1485137.79,2993.9,0,0, ,293.681827322,2993.91330393,465.4609375,115.724603486564
12484,,Unknown,095-10-09-12.34-500,383470.54,1484670.51,161.15,0,0, ,51.0556721687,161.148134835,25.0546875,20.1266880837939
12485,,Existing,095-10-09-12.31-3400,383394.54,1485353.31,3542.64,0,0, ,295.493273203,3142.18542012,488.53515625,116.532324670086
12486,,Changed,095-10-09-12.31-1700,383425.78,1485824.86,1569.55,1445.12,8.61, ,179.123288285,1569.54378437,244.03125,70.6217731353624
12487,,New,095-10-09-12.31-1800,383298.93,1485895.96,178.36,0,0, ,54.1340495592,178.362039856,27.73046875,21.3499835637943
12488,,PossiblyChanged,095-10-09-12.31-1500,383254.92,1486004.57,3355.28,0,0, ,316.245548643,3283.67258594,510.55078125,124.689849926026
12489,,New,095-10-09-12.42-5700,383714.32,1485527,1842.62,0,0, ,196.72457648,1912.56862232,297.359375,77.5596148862585
12490,,Existing,095-10-09-12.42-2700,383719.62,1486008.63,656.14,0,0, ,104.026721135,656.145071482,102.0234375,41.0123576560518
12491,,Existing,095-10-09-12.42-2600,383837.06,1486076.77,2630.35,0,0, ,224.487837274,2630.36972908,408.984375,88.4808600506855
12492,,Existing,095-10-09-12.42-5600,383650.31,1485699.02,736.28,0,0, ,111.312810576,736.287254333,114.48046875,43.9112341733863
12493,,Existing,095-10-09-12.42-5600,383666.01,1485761.27,1291.37,0,0, ,153.926196764,1291.36630645,200.78125,60.6938821678102
12494,,Existing,095-10-09-12.31-3000,383370.23,1485587.16,1747.96,0,0, ,229.471674609,1747.96565293,271.76953125,90.461388769184
12495,,Existing,095-10-09-12.31-2900,383249.68,1485531.18,2182.66,0,0, ,206.38026042,2182.66150775,339.3515625,81.3427349861799
12496,,Existing,095-10-09-12.31-1700,383460.47,1485911.77,2678.49,0,0, ,265.559002014,2678.4771944,416.45703125,104.799281031638
12497,,Existing,095-10-09-12.31-1500,383246.2,1485932.73,600.07,0,0, ,98.0659409521,600.080776233,93.30078125,38.6693580727071
12498,,Existing,095-10-09-12.31-1600,383412.55,1486091.67,999.43,0,0, ,127.126509088,999.430552457,155.39453125,50.1337002502305
12499,,Existing,095-10-09-12.31-300,383590.37,1486250.32,3268.22,0,0, ,267.719383373,3268.20765324,508.16015625,105.595188105825
12500,,Existing,095-10-09-12.42-2700,383682.48,1486076.51,3374.43,0,0, ,277.736417942,3374.4224507,524.66796875,109.55158326722
12501,,Existing,095-10-09-12.31-3200,383527.96,1485500.19,1984.86,0,0, ,210.244762372,1984.86173425,308.60546875,82.9018938593911
12502,,Existing,095-10-09-12.31-3100,383500.21,1485653.56,2522.31,0,0, ,234.375142208,2522.32063866,392.1640625,92.3939429966185
12503,,Existing,095-10-09-12.42-5601,383698.65,1485631.11,1666.06,0,0, ,179.74632701,1666.06007585,259.03515625,70.905881915832
12504,,Existing,095-10-09-12.42-2900,383863.86,1485898.63,2567.74,0,0, ,222.620239644,2567.73443996,399.23046875,87.7722024276261
12505,,Existing,095-10-09-12.31-1800,383292.52,1485818.15,2035.82,0,0, ,203.240611244,2035.82248991,316.5234375,80.113554844012
12506,,Changed,095-10-09-12.24-5400,383467.46,1486610.04,6035.45,5579.22,8.18, ,461.328669178,6035.44921017,938.4375,181.956670604923
12507,,New,095-10-09-12.24-5200,383463.44,1487040.56,2855.32,0,0, ,225.685722176,2855.32242242,443.98828125,89.0058296530936
12508,,New,095-10-09-12.24-5200,383419.24,1487044.89,192.09,0,0, ,56.3030180874,192.092960768,29.87109375,22.2069179679226
12509,,Existing,095-10-09-12.13-330,383590.5,1486783.85,2552.79,0,0, ,224.864619452,2391.73165223,371.89453125,88.7105253348044
12510,,Existing,095-10-09-12.13-327,383855.78,1486683.86,3402.54,0,0, ,257.929302161,3402.54073545,529.07421875,101.702284476625
12511,,Existing,095-10-09-12.31-500,383079.32,1486287.85,2962.08,0,0, ,250.294437806,2962.08942675,460.55859375,98.6808094963123
12512,,Existing,095-10-09-12.31-400,383161.17,1486367.36,668.33,0,0, ,103.426687851,668.329143269,103.91015625,40.7840467734683
12513,,Existing,095-10-09-12.31-400,383247.74,1486348.41,2018.23,0,0, ,199.328371603,2018.22687401,313.80078125,78.5789227111015
12514,,Existing,095-10-09-12.31-200,383540.43,1486370.89,1795.32,0,0, ,194.119197004,1795.31836348,279.15234375,76.5522965060123
12515,,Existing,095-10-09-12.31-100,383591.7,1486450.36,916.63,0,0, ,121.654900923,916.627387818,142.5234375,47.9639606157276
12516,,Existing,095-10-09-12.31-100,383471.51,1486455.17,1966.25,0,0, ,188.779628242,1966.24487208,305.73046875,74.4418999901357
12517,,Existing,095-10-09-12.42-105,383792.39,1486490.44,3892.09,0,0, ,281.369391533,3892.09275882,605.17578125,110.898869831102
12518,,Existing,095-10-09-12.13-337,383700.76,1486552.73,3662.33,0,0, ,276.785527588,3662.32002569,569.453125,109.131969986305
12519,,Existing,095-10-09-12.13-338,383597.57,1486604.97,3670.01,0,0, ,276.672811718,3670.01487368,570.640625,109.071530767588
12520,,Existing,095-10-09-12.13-328,383776.54,1486727.21,2562.1,0,0, ,213.771809071,2562.08733228,398.375,84.2835331202915
12521,,Existing,095-10-09-12.13-329,383693.2,1486755.56,2435.33,0,0, ,223.634781104,2435.34743372,378.67578125,88.1567900271842
12522,,Existing,095-10-09-12.13-311,383595.29,1486873.71,2760.9,0,0, ,228.292211258,2607.54311704,405.4609375,90.064792216701
12523,,Existing,095-10-09-12.13-312,383608.98,1486951.88,2677.44,0,0, ,227.771153666,2498.72599098,388.53515625,89.8122277040949
12524,,Existing,095-10-09-12.42-104,383721.93,1486273.07,3759.61,0,0, ,271.918462008,3759.62552493,584.5625,107.202422951521
12525,,Existing,095-10-09-12.42-200,383874.92,1486272.79,3253.41,0,0, ,264.480909254,3253.42096408,505.86328125,104.196973462879
12526,,Existing,095-10-09-12.42-100,383847.8,1486361.85,4125.21,0,0, ,289.83351526,4125.20825032,641.41796875,114.206207319905
12527,,Existing,095-10-09-12.13-313,383701.67,1486876.84,3652,0,0, ,258.855936522,3479.02027073,540.97265625,102.084584389599
12528,,Existing,095-10-09-12.13-314,383797.37,1486850.19,3121.98,0,0, ,270.704134152,3121.97098756,485.45703125,106.749315428922
12529,,Existing,095-10-09-12.13-306,383793.5,1487038.55,3125.74,0,0, ,254.45467429,2948.90157028,458.53515625,100.338782377296
12530,,Existing,095-10-09-12.24-4600,383109.86,1486564.03,2309.34,0,0, ,224.487817581,2309.33781633,359.07421875,88.500904484774
12531,,Existing,095-10-09-12.24-5100,383511.32,1487121.49,3093,0,0, ,246.520966004,3093.00967494,480.953125,97.2266530180032
12532,,Existing,095-10-09-12.24-5000,383568,1487207.41,3628.87,0,0, ,274.083475523,3628.86850443,564.28125,108.088413808243
12533,,Existing,095-10-09-12.21-6500,383305.6,1488551.49,425.08,0,0, ,86.4107421696,425.089508794,66.10546875,34.0558976251456
12534,,Existing,095-10-09-12.21-6500,383299.92,1488601.82,160.23,0,0, ,52.0266149701,160.234738879,24.9140625,20.5074028608622
12535,,New,095-10-09-12.12-300,383610.21,1488158.8,2502.96,0,0, ,281.277458924,2502.95370178,389.23046875,111.077684786832
12536,,New,095-10-09-12.12-300,383565.01,1488163.68,6297.88,0,0, ,479.440302946,6297.89987526,979.37890625,189.350846970107
12537,,New,095-10-09-12.12-300,383505.02,1488163.98,6334.66,0,0, ,481.89215668,6334.69051723,985.09765625,190.319688259179
12538,,New,095-10-09-12.12-300,383444.68,1488164.39,6402.55,0,0, ,480.657623809,6402.53379587,995.65625,189.83035533987
12539,,New,095-10-09-12.12-300,383382.29,1488164.49,6541.43,0,0, ,484.971022974,6541.42177644,1017.25,191.533469253005
12540,,New,095-10-09-12.12-300,383320.45,1488164.94,6464.79,0,0, ,483.728837965,6464.77443874,1005.32421875,191.043665439252
12541,,New,095-10-09-12.12-300,383257.06,1488164.93,6460.54,0,0, ,483.838745534,6460.56397759,1004.6796875,191.087214540456
12542,,New,095-10-09-12.12-300,383204.5,1488138.08,2521.1,0,0, ,344.909361603,2521.09609291,392.05078125,136.236284034944
12543,,Existing,095-10-09-12.21-6500,383490.75,1488588.11,4269.28,0,0, ,284.993453583,4269.28128602,663.9375,112.334238484911
12544,,New,095-10-09-01.43-2800,383710.89,1489403.59,999.26,0,0, ,130.421387001,999.261958696,155.41015625,51.4591035224163
12545,,Existing,095-10-09-01.43-3500,383787.66,1489276.99,13175.55,0,0, ,638.11037156,13175.5629978,2049.08984375,251.754160595499
12546,,Changed,095-10-09-01.34-3400,383390.45,1489245.34,6307.44,3873.93,62.82, ,407.362425288,6307.46612507,980.94921875,160.736049011874
12547,,Existing,095-10-09-01.34-2600,383453.78,1489385.66,600.86,0,0, ,98.4781495035,600.863136608,93.4453125,38.8291304222494
12548,,Existing,095-10-09-01.34-2700,383422.1,1489415.52,196.44,0,0, ,57.2761078756,196.445778241,30.546875,22.5969203263491
12549,,Existing,095-10-09-01.34-2600,383453.89,1489406.2,178.59,0,0, ,54.0465096312,178.595047413,27.77734375,21.3077863671135
12550,,Existing,095-10-09-01.43-3200,383547.72,1489369.43,865.46,0,0, ,125.977209886,865.455229269,134.59765625,49.6888881585174
12551,,Changed,095-10-09-12.12-100,383539.75,1489003.72,5296.13,3171.9,66.97, ,370.720493982,5296.14254315,823.6484375,146.370100277203
12552,,New,095-10-09-12.12-100,383460.1,1488853.56,4444.82,0,0, ,277.822026397,4444.80829979,691.24609375,109.623009386593
12553,,New,095-10-09-12.21-300,383264.68,1488800.27,1073.07,0,0, ,132.860186831,1073.07176647,166.87890625,52.3995340670343
12554,,New,095-10-09-12.21-300,383153.31,1488902.98,5654.46,0,0, ,357.760125404,5654.45570112,879.375,141.070398040129
12555,,New,095-10-09-01.34-4900,383071.08,1489362.82,185.86,0,0, ,54.5412295088,185.860979762,28.91015625,21.5083930310299
12556,,Changed,095-10-09-01.34-5000,383100.41,1489466.04,1922.66,1113.76,72.63, ,204.90772666,1922.6517508,299.01171875,80.8563418452425
12557,,Existing,095-10-09-12.21-200,383300.99,1489021.35,488.84,0,0, ,93.7634034261,488.834001981,76.0234375,36.9808741156865
12558,,PossiblyChanged,095-10-09-01.34-2900,383312.61,1489465.09,2104.68,0,0, ,244.320871912,2104.68850335,327.3359375,96.355842496709
12559,,PossiblyChanged,095-10-09-01.34-2800,383369.76,1489468.96,1624.17,0,0, ,195.47341659,1624.18965111,252.59765625,77.1719602024805
12560,,Existing,095-10-09-01.43-2600,383821.36,1489481.63,1293.96,0,0, ,173.30827234,1293.95670579,201.2421875,68.3731239283264
12561,,Existing,095-10-09-01.43-2500,383861.14,1489480.04,1190.09,0,0, ,148.143404499,1190.08729244,185.08984375,58.4300991208445
12562,,Existing,095-10-09-01.43-2700,383758.69,1489483.66,836.6,0,0, ,131.215978944,836.591704748,130.109375,51.7851204500472
12563,,Existing,095-10-09-01.43-2700,383772.55,1489432.26,305.58,0,0, ,71.5029871146,305.571212082,47.515625,28.1865437382068
12564,,Existing,095-10-09-01.43-2800,383713.36,1489479.77,1224.32,0,0, ,145.30810833,1224.31013048,190.4140625,57.3020860477204
12565,,Existing,095-10-09-01.43-3400,383669.6,1489237.11,2136.5,0,0, ,195.777216665,2136.52014397,332.2734375,77.156306614234
12566,,Existing,095-10-09-01.43-3401,383581.42,1489250.17,2492.18,0,0, ,209.237249562,2492.17383714,387.58984375,82.5450677275615
12567,,Existing,095-10-09-01.34-3300,383254.71,1489255.62,9741.36,0,0, ,539.969807564,9741.34227612,1515,212.940526540394
12568,,Existing,095-10-09-01.34-3200,383196.67,1489365.92,702.96,0,0, ,106.058128197,702.96066491,109.32421875,41.8264368232811
12569,,Existing,095-10-09-01.34-2800,383368.92,1489369.01,829.29,0,0, ,115.675612854,829.291447433,128.97265625,45.6268692235741
12570,,Existing,095-10-09-01.34-3200,383195.55,1489475.75,1678.1,0,0, ,169.30783915,1678.09492815,260.98046875,66.7811055347354
12571,,Existing,095-10-09-01.34-3000,383276.13,1489465,1860.35,0,0, ,206.697501281,1860.34950496,289.3359375,81.5734349238201
12572,,Existing,095-10-09-01.34-2700,383409.42,1489487.68,800.65,0,0, ,120.508509638,800.651446087,124.5234375,47.5422842012898
12573,,Existing,095-10-09-01.43-3200,383555.84,1489474.38,1752.91,0,0, ,186.240101349,1752.90911363,272.6171875,73.4952962246861
12574,,Existing,095-10-09-01.43-3100,383580.36,1489434.8,292.7,0,0, ,69.3542995437,292.697968517,45.5234375,27.3599453668994
12575,,Existing,095-10-09-12.21-200,383267.08,1489056.35,1995.72,0,0, ,179.17129981,1995.71635197,310.375,70.6610424856462
12576,,Existing,095-10-09-01.34-3600,383092.93,1489226.5,2194.19,0,0, ,227.665179649,2194.1827201,341.24609375,89.8429753863425
12577,,Existing,095-10-09-01.34-3700,383063.54,1489295.52,434.69,0,0, ,88.051661171,434.694366993,67.60546875,34.7468492736938
12578,,Existing,095-10-09-01.34-4900,383055.92,1489392.87,1049.45,0,0, ,129.673925144,1049.44402536,163.21875,51.1428753471553
12579,,Existing,095-10-09-01.34-3600,383091.17,1489321.97,865.52,0,0, ,118.251988423,865.521498077,134.609375,46.6252078254418
12580,,Existing,095-10-09-01.34-3100,383235.36,1489485.88,1120.01,0,0, ,136.236332071,1120.01146891,174.1875,53.7332278455021
12581,,Existing,095-10-09-01.34-2600,383453.54,1489470.42,1762.19,0,0, ,186.605860181,1762.18328426,274.0625,73.6557814402633
12582,,Existing,095-10-09-01.43-3100,383597.04,1489477.24,1384.12,0,0, ,179.094274717,1384.11596159,215.2578125,70.6590264863325
12583,,Existing,095-10-09-01.43-3000,383631.9,1489482.15,1279.63,0,0, ,153.411806897,1279.62268483,199.01171875,60.5055159074964
12584,,Existing,095-10-09-01.43-2900,383674.28,1489480.52,1111.08,0,0, ,150.407524121,1111.07472048,172.80078125,59.3263379974465
12585,,Existing,095-10-09-01.34-2500,383489.68,1489488.61,829.26,0,0, ,124.525917955,829.257929981,128.96875,49.1277670106606
12586,,Changed,095-10-09-01.34-2500,383482.27,1489449.22,347.23,128.87,169.44, ,90.1130008592,347.229971236,53.99609375,35.563370206252
12587,,Changed,095-10-09-01.34-3500,383482.09,1489221.7,2366.51,2255.93,4.9, ,245.061599693,2366.50719913,368.046875,96.6831377157196
12588,,Existing,095-10-09-12.21-100,383358.89,1489027.86,4310.07,0,0, ,276.134901789,4310.06836518,670.29296875,108.964320375489
12589,,Existing,095-10-09-01.43-600,383726.43,1490237.69,984.17,0,0, ,133.623034569,984.169739427,153.0703125,52.6939260202093
12590,,Unknown,095-10-09-01.43-400,383805.4,1490173.35,203.1,0,0, ,58.1925511178,203.099110371,31.59765625,22.9520501003971
12591,,Existing,095-10-09-01.34-2200,383398.43,1489681.84,243.65,0,0, ,66.0830175961,243.652710987,37.89453125,26.078348465489
12592,,New,095-10-09-01.43-2100,383740.49,1489681.14,738.6,0,0, ,108.734039803,738.596352944,114.875,42.8833386662904
12593,,Changed,095-10-09-01.34-1300,383374.16,1489870.95,1997.6,1710.73,16.77, ,197.370550156,1997.60205504,310.68359375,77.8809020981394
12594,,New,095-10-09-01.34-2300,383455.09,1489703.43,686.31,0,0, ,104.78981667,686.305302432,106.73828125,41.3259096216554
12595,,Existing,095-10-09-01.43-1800,383554.74,1489721.7,1078.15,0,0, ,147.328478212,1078.14782594,167.6796875,58.0995481661388
12596,,Existing,095-10-09-01.34-1600,383208.42,1489865.09,1658.05,0,0, ,185.292781299,1658.0612459,257.88671875,73.1329257552189
12597,,Changed,095-10-09-01.34-910,383367.53,1490093.49,889.89,1820.66,-51.12, ,128.218072307,889.901108211,138.40625,50.5976120227912
12598,,Existing,095-10-09-01.34-910,383393.79,1490054.37,1091,0,0, ,141.010796074,1091.00300717,169.6953125,55.6125778607143
12599,,Existing,095-10-09-01.34-800,383258.21,1490009.37,1040.25,0,0, ,129.879426645,1040.26374195,161.7890625,51.2094746437531
12600,,PossiblyChanged,095-10-09-01.34-7600,383062.65,1490271.21,1763.42,0,0, ,205.532300105,1763.42991718,274.28125,81.1105170214412
12601,,Existing,095-10-09-01.34-1800,383211.13,1489603.82,982.33,0,0, ,127.227550543,982.338798691,152.77734375,50.1574343205609
12602,,Existing,095-10-09-01.34-1900,383275.05,1489604.39,1195.63,0,0, ,140.243157834,1195.63012782,185.95703125,55.3259708566561
12603,,Existing,095-10-09-01.34-2000,383318.36,1489612.29,1848.5,0,0, ,182.371854363,1848.49976455,287.49609375,71.9479878785555
12604,,Existing,095-10-09-01.34-2100,383371.77,1489610.94,1693.4,0,0, ,179.378657392,1693.40727812,263.3671875,70.7807301102822
12605,,Existing,095-10-09-01.34-2200,383413.75,1489609.73,1210.02,0,0, ,145.649134075,1210.01668014,188.1875,57.4518206903488
12606,,Existing,095-10-09-01.34-2300,383453.19,1489615.66,1323.12,0,0, ,151.895547152,1323.12411369,205.78125,59.9375247399061
12607,,Existing,095-10-09-01.43-400,383857.82,1490202.64,462.05,0,0, ,87.4501478498,462.048100362,71.86328125,34.5010913864424
12608,,Existing,095-10-09-01.43-700,383677.4,1490273.91,1843.48,0,0, ,199.698463272,1843.4764706,286.71484375,78.79972243289
12609,,Existing,095-10-09-01.43-900,383562.05,1490265.87,1589.02,0,0, ,170.654548786,1589.02793764,247.15234375,67.350723737966
12610,,Existing,095-10-09-01.34-500,383325.76,1490270.57,1706.02,0,0, ,174.095135464,1706.03564548,265.34765625,68.687107939021
12611,,Existing,095-10-09-01.34-400,383447.68,1490190.71,802.63,0,0, ,113.650251156,802.633852327,124.83984375,44.8143919140149
12612,,Existing,095-10-09-01.34-700,383246.51,1490239.89,3601.86,0,0, ,276.097960168,3601.87448875,560.21484375,108.995374846509
12613,,Existing,095-10-09-01.34-7700,383097.47,1490173.97,313.53,0,0, ,72.2146192314,313.52906738,48.765625,28.4910233531812
12614,,Existing,095-10-09-01.34-6400,383055.55,1490104.58,724.44,0,0, ,107.668639588,724.431531338,112.66796875,42.4630276972808
12615,,Existing,095-10-09-01.34-6300,383107.32,1490074.29,541.98,0,0, ,99.1235000284,541.9797118,84.2890625,39.0966892355451
12616,,Existing,095-10-09-01.34-800,383259.45,1490124.09,603.31,0,0, ,106.586881688,603.313266749,93.83984375,42.0154501547082
12617,,Existing,095-10-09-01.34-801,383309.57,1490130.31,303.84,0,0, ,71.3653417012,303.84401022,47.2578125,28.136753079175
12618,,Existing,095-10-09-01.43-1200,383794.37,1490087.95,1599.04,0,0, ,161.924242808,1599.03659358,248.69921875,63.8791021290884
12619,,Existing,095-10-09-01.43-1200,383795.53,1490027.86,1935.14,0,0, ,179.795216911,1935.15737232,300.97265625,70.9360928343952
12620,,Existing,095-10-09-01.43-1200,383737.03,1490025.48,1848.66,0,0, ,174.940595001,1848.65320897,287.5234375,69.0176989347138
12621,,Existing,095-10-09-01.43-1200,383736.47,1490083.33,1573.05,0,0, ,160.714901678,1573.04277079,244.65234375,63.4025582457465
12622,,Existing,095-10-09-01.43-1000,383568.66,1490117.36,786.24,0,0, ,112.369197823,786.249361763,122.28515625,44.3103931081849
12623,,Existing,095-10-09-01.43-1300,383863.71,1489882.48,1658.02,0,0, ,174.300633963,1658.03113518,257.875,68.6998615975544
12624,,Existing,095-10-09-01.34-6200,383101.74,1489875.44,1539.28,0,0, ,163.621833259,1539.28267388,239.40234375,64.5549428234182
12625,,Existing,095-10-09-01.34-5100,383098.09,1489718.74,1151.57,0,0, ,137.154393038,1151.58390957,179.1015625,54.0741175409686
12626,,Existing,095-10-09-01.34-1800,383196.24,1489674.48,857.99,0,0, ,117.277700984,857.987089274,133.44140625,46.2467634286348
12627,,Existing,095-10-09-01.34-1600,383228.95,1489765.4,670.2,0,0, ,104.252931501,670.205383367,104.23828125,41.104879655329
12628,,Existing,095-10-09-01.34-1500,383283.87,1489782.21,863.6,0,0, ,117.821108858,863.600838727,134.3125,46.47168190287
12629,,Existing,095-10-09-01.34-1400,383312.89,1489791.25,617.19,0,0, ,102.113578276,617.191722038,95.9921875,40.2893732073681
12630,,Existing,095-10-09-01.34-2400,383492.92,1489641.67,2546.98,0,0, ,231.942845046,2546.9989966,396.12109375,91.5482325152272
12631,,Existing,095-10-09-01.43-1400,383704.58,1489887.4,1682.53,0,0, ,173.673537165,1682.5057389,261.67578125,68.4988260512407
12632,,Existing,095-10-09-01.43-1500,383653.91,1489874.31,1508.18,0,0, ,223.921964208,1508.19001551,234.58203125,88.3540807849764
12633,,Existing,095-10-09-01.43-1600,383602.57,1489873.27,1553.18,0,0, ,202.459641913,1553.18145953,241.57421875,79.8571391556101
12634,,Existing,095-10-09-01.43-1700,383553.03,1489868,1609.34,0,0, ,169.891373266,1609.34307138,250.30078125,67.044850086023
12635,,Existing,095-10-09-01.34-1000,383496.04,1489869.19,1600.36,0,0, ,169.259843467,1600.36314415,248.90625,66.7951864071664
12636,,Existing,095-10-09-01.34-1100,383456.49,1489870.81,1568.05,0,0, ,168.38012869,1568.04834134,243.875,66.449593821095
12637,,Existing,095-10-09-01.34-1200,383416.11,1489874.03,1467.04,0,0, ,160.160252229,1467.05041383,228.16796875,63.1997926209864
12638,,Existing,095-10-09-01.34-1100,383451.47,1489774.69,672.01,0,0, ,103.726919973,672.012124292,104.51171875,40.9048516882753
12639,,Existing,095-10-09-01.43-2200,383798.58,1489636.27,3023.03,0,0, ,263.990166,3023.02060994,470.16796875,104.121059684278
12640,,Existing,095-10-09-01.43-2100,383723.8,1489631.23,1862.99,0,0, ,185.039656177,1862.99972759,289.74609375,72.943892555012
12641,,Existing,095-10-09-01.43-2000,383654.01,1489649.56,1454.18,0,0, ,175.556020952,1454.17149012,226.1640625,69.2431473858341
12642,,Existing,095-10-09-01.34-1900,383283.85,1489714.39,780.79,0,0, ,111.986223383,780.783598184,121.4375,44.1695641739115
12643,,Existing,095-10-09-01.34-2000,383318.76,1489718.22,826.06,0,0, ,115.788919412,826.072944729,128.48046875,45.6747008462533
12644,,Existing,095-10-09-01.34-1700,383206.72,1489712.61,1223.2,0,0, ,148.971976387,1223.19699766,190.24609375,58.7095894030169
12645,,Existing,095-10-09-01.34-5200,383056.92,1489617.16,1167.39,0,0, ,152.805603007,1167.3958498,181.5625,60.279392467261
12646,,Existing,095-10-09-01.34-5100,383096.76,1489605.01,1318.26,0,0, ,154.307051279,1318.26215401,205.015625,60.8754551913651
12647,,Existing,095-10-09-01.34-6200,383055.27,1489791.99,788.05,0,0, ,112.736588865,788.043070569,122.55859375,44.4681253594566
12648,,Existing,095-10-09-01.34-1500,383279.07,1489874.67,1639.83,0,0, ,165.812814235,1639.8228414,255.0390625,65.4152480899388
12649,,Existing,095-10-09-01.34-1400,383320.25,1489880.26,1685.23,0,0, ,174.462449773,1685.23732792,262.109375,68.8334198585532
12650,,Existing,095-10-09-01.43-1400,383693.39,1489814.85,1072.3,0,0, ,131.002573892,1072.29718437,166.77734375,51.6620833716314
12651,,Existing,095-10-09-01.43-1200,383669.71,1490082.49,1583.18,0,0, ,160.840680833,1583.18986955,246.2421875,63.4501824151447
12652,,Existing,095-10-09-01.43-1200,383670.75,1490024.95,1810.16,0,0, ,173.457925682,1810.15681876,281.53515625,68.4341655140783
12653,,Existing,095-10-09-01.43-1100,383611.1,1490024.42,1676.97,0,0, ,170.182833732,1676.96471073,260.8203125,67.1525099984988
12654,,Existing,095-10-09-01.43-1000,383565.16,1490032.56,1581.98,0,0, ,167.645933964,1581.98547546,246.046875,66.1060367495702
12655,,Existing,095-10-09-01.34-6400,383057.16,1490019.96,1744.23,0,0, ,196.412009289,1744.23824373,271.2890625,77.507254842853
12656,,Existing,095-10-09-01.34-6300,383097.99,1490020.56,1662.23,0,0, ,184.409482559,1662.22274646,258.52734375,72.7684379887735
12657,,Existing,095-10-09-01.34-7700,383102.82,1490274.35,1667.11,0,0, ,183.476531229,1667.10654987,259.29296875,72.3975123747125
12658,,Existing,095-10-09-01.34-500,383325.38,1490187.69,847.29,0,0, ,117.263151317,847.285289472,131.78515625,46.2570378219084
12659,,Existing,095-10-09-01.34-400,383446,1490264.11,1971.54,0,0, ,196.591174615,1971.54466468,306.64453125,77.5340152777863
12660,,Existing,095-10-09-01.34-300,383499.7,1490277.81,1214.78,0,0, ,150.086185083,1214.77975617,188.9375,59.1877655582323
12661,,Existing,095-10-09-01.43-800,383604.15,1490269.47,1586.93,0,0, ,176.398237657,1586.9320156,246.82421875,69.5837577684603
12662,,Existing,095-10-09-01.43-600,383750.73,1490282.44,789.24,0,0, ,116.379803569,789.236951851,122.75,45.900299911699
12663,,Existing,095-10-09-01.34-7600,383061.73,1490190.71,1453.96,0,0, ,154.221981337,1453.95893053,226.140625,60.8398659203241
12664,,Existing,095-10-09-01.34-800,383219.71,1490019.58,2189.07,0,0, ,232.994500838,2189.07632961,340.46875,91.9324094692749
12665,,Existing,095-10-09-01.31-2900,383310.65,1490901.92,2747.27,0,0, ,237.764584549,2747.27640162,427.32421875,93.7462220573444
12666,,Existing,095-10-09-01.31-3100,383517.04,1490880.73,3771.8,0,0, ,311.976207149,3771.81229373,586.66796875,123.05721624252
12667,,New,095-10-09-01.31-2600,383118,1490949.3,172.29,0,0, ,53.2151996126,172.28751585,26.79296875,20.9942133678187
12668,,Existing,095-10-09-01.31-2700,383101.41,1490828.22,3069.03,0,0, ,253.240701379,3069.0279086,477.36328125,99.9044828161084
12669,,Existing,095-10-09-01.31-3300,383620.83,1490682.87,174.27,0,0, ,54.6645888388,174.26550244,27.1015625,21.5477112424585
12670,,Existing,095-10-09-01.31-1000,383576.57,1491017.62,2581.8,0,0, ,216.018503206,2581.81638238,401.5859375,85.2089570822903
12671,,Existing,095-10-09-01.31-1200,383437.51,1491130.04,3000.23,0,0, ,236.182901369,3000.23087004,466.671875,93.1752702754893
12672,,Changed,095-10-09-01.42-100,383782.45,1491834.7,6486.8,5884.6,10.23, ,370.629864197,6486.80721766,1009.05078125,146.204185767194
12673,,Changed,095-10-09-01.31-400,383318.56,1491486.62,2784.19,2555.66,8.94, ,236.723955738,2784.19183537,433.08203125,93.3352766915773
12674,,Existing,095-10-09-01.31-2300,383073.59,1491233.31,3277.51,0,0, ,271.019399148,3277.52736861,509.796875,106.887993766351
12675,,Existing,095-10-09-01.31-2100,383199.4,1491227.97,2529.6,0,0, ,238.190669828,2529.59982838,393.46875,93.9763324571948
12676,,Existing,095-10-09-01.31-1600,383327.4,1491229.49,2648.03,0,0, ,223.756302075,2648.02402294,411.890625,88.3090500534627
12677,,Existing,095-10-09-01.31-1300,383449.46,1491226.87,2584.58,0,0, ,217.913696781,2584.5783631,402.01953125,85.9865804240215
12678,,Existing,095-10-09-01.31-100,383587.18,1491706.87,7990.34,0,0, ,473.590474603,7990.33082229,1242.91015625,186.956816291327
12679,,Existing,095-10-09-01.31-100,383191.69,1491812.94,7307.4,0,0, ,537.444453473,7307.38100854,1136.68359375,211.759210379411
12680,,Existing,095-10-09-01.31-100,383428.14,1491707.73,5524.12,0,0, ,335.73191816,5524.12276536,859.28515625,132.289407910383
12681,,Existing,095-10-09-01.31-100,383198.15,1491602.35,7810.52,0,0, ,566.945413761,7810.49857768,1214.9375,223.418125870453
12682,,Existing,095-10-09-01.31-500,383440.12,1491533.55,1005.06,0,0, ,129.931156949,1005.0627591,156.33203125,51.2372090784483
12683,,Existing,095-10-09-01.31-500,383426.28,1491482.33,2447.61,0,0, ,229.706634975,2447.59832886,380.7265625,90.554016469688
12684,,Existing,095-10-09-01.31-400,383357.44,1491545.84,216.78,0,0, ,61.2452484835,216.779844177,33.71875,24.1417279515456
12685,,Existing,095-10-09-01.31-600,383560.06,1491479.52,2198.77,0,0, ,200.354631606,2198.78070971,342.00390625,79.0183308021312
12686,,Existing,095-10-09-01.31-2390,383071.91,1491333.62,3496.23,0,0, ,280.654659549,3496.23337468,543.82421875,110.735871069511
12687,,Existing,095-10-09-01.31-300,383207.9,1491484.01,2411.37,0,0, ,207.435662424,2411.37048059,375.0859375,81.775783449924
12688,,Existing,095-10-09-01.31-600,383632.39,1491414.34,282.42,0,0, ,72.7298214996,282.431771336,43.9296875,28.6624365276716
12689,,Existing,095-10-09-01.31-700,383585.56,1491336.87,2616.38,0,0, ,218.316234867,2616.39087303,406.96875,86.1482577861325
12690,,Existing,095-10-09-01.31-800,383587.18,1491236.05,2855.66,0,0, ,251.435886488,2855.66273731,444.1875,99.2012786154014
12691,,Existing,095-10-09-01.31-1400,383440.37,1491350.45,2753.56,0,0, ,227.683051293,2753.53950953,428.3046875,89.7525931877675
12692,,Existing,095-10-09-01.31-1500,383330.94,1491343.25,2269.05,0,0, ,193.474080552,2269.05450866,352.94921875,76.327096043688
12693,,New,095-10-09-01.13-100,383773.22,1492300.13,198.69,0,0, ,56.3981811702,198.692849723,30.91015625,22.2430092923712
12694,,New,095-10-09-01.13-100,383771.51,1492343.5,173.49,0,0, ,62.8008788693,173.489506159,26.984375,24.7964763284754
12695,,New,095-10-09-01.13-100,383770.29,1492259.46,170.96,0,0, ,62.2642535643,170.956793945,26.59375,24.5844369293648
12696,,New,095-10-09-01.02-101,383207.82,1493343.12,172.9,0,0, ,53.711131757,172.894796625,26.8984375,21.1937335272652
12697,,Existing,095-10-09-01.02-101,383293.08,1493235.92,13091.73,0,0, ,416.577284379,13091.7056863,2036.6796875,164.307366483851
12698,,Existing,095-10-09-01.02-102,383339.03,1493461.67,2631.87,0,0, ,183.043161227,2631.87493221,409.44921875,72.1974592708169
12699,,Existing,095-10-09-01.02-100,383958.86,1494038.58,80736.19,0,0, ,1379.62934652,80736.114765,12560.9296875,544.119794550722
12700,,Existing,095-10-09-01.02-200,383289.03,1494350.49,4476.43,0,0, ,283.688542347,4476.42554116,696.4609375,111.97333140971
12701,,Existing,095-11-09-36.00-200,383347.26,1495101.33,20288.6,0,0, ,628.331226798,20288.6230937,3156.76953125,247.637471799716
12702,,Existing,095-11-09-36.00-120,383377.23,1494742.24,15667.52,0,0, ,522.993453801,15667.4789047,2437.68359375,206.326922617907
12703,,Existing,095-11-09-36.31-3000,383511.03,1495990.91,188.13,0,0, ,59.56194978,188.130826343,29.2734375,23.5135984833189
12704,,Existing,095-11-09-36.31-3100,383495.24,1495983.37,194.69,0,0, ,60.4700648345,194.686547908,30.29296875,23.8719007874963
12705,,Existing,095-11-09-36.31-3300,383252.3,1495966.47,170.37,0,0, ,52.5136745051,170.369299984,26.51171875,20.719377087342
12706,,Existing,095-11-09-36.31-3000,383551.64,1496072.01,1772.78,0,0, ,197.495862758,1695.87735202,263.8828125,77.8910369015682
12707,,Changed,095-11-09-36.00-700,383327.27,1495502.72,80623.12,29839.86,170.19, ,1350.95677746,100831.868626,15689.27734375,533.211878542686
12708,,Existing,095-11-09-36.31-3100,383463.51,1496074.62,1663.69,0,0, ,199.637864501,2394.67496236,372.62890625,78.7727153393725
12709,,Existing,095-11-09-36.31-3200,383378.2,1496083.45,1504.09,0,0, ,179.71088849,1504.08833346,234.04296875,70.8861791563415
12710,,Existing,095-11-09-36.31-3300,383286.07,1496082.17,2203.01,0,0, ,207.143497559,2203.00081543,342.79296875,81.6891638796558
12711,,Existing,095-11-09-36.31-UNK,383070.66,1496584.58,195.25,0,0, ,56.6930856004,195.24357167,30.37890625,22.369427438193
12712,,Existing,095-11-09-36.31-2800,383350.04,1496286.04,240.13,0,0, ,62.9001366571,240.128824086,37.3671875,24.8208119619425
12713,,Changed,095-11-09-36.00-105,383802.34,1496779.92,14685.77,10793.05,36.07, ,554.999985248,14685.7681684,2285.30078125,218.946364152087
12714,,Existing,095-11-09-36.31-2800,383542.96,1496953.74,7345.54,0,0, ,436.894231313,7345.53191439,1143.078125,172.492485376311
12715,,Existing,095-11-09-36.31-2700,383276.1,1496227.64,1705.38,0,0, ,179.581354431,1705.37049996,265.36328125,70.8540575395075
12716,,Existing,095-11-09-36.31-1700,383156.81,1496326.52,2011.45,0,0, ,198.531850123,2011.4533194,313,78.321733325363
12717,,Existing,095-11-09-36.31-1600,383222.56,1496396.15,1474.54,0,0, ,185.34006643,1474.54288285,229.4453125,73.1170277787209
12718,,Existing,095-11-09-36.31-1500,383195.02,1496499.42,2163.2,0,0, ,196.403130641,2163.19064014,336.61328125,77.4750130580566
12719,,Existing,095-11-09-36.31-2800,383351.16,1496397.08,6902.95,0,0, ,442.411953495,6902.96142272,1074.16015625,174.66058238416
12720,,Existing,095-11-09-36.31-2800,383352.94,1496587.87,7123.25,0,0, ,454.300736891,7123.25108497,1108.453125,179.343780793202
12721,,Existing,095-11-09-36.31-2800,383341.37,1496871.57,7113.37,0,0, ,441.902534789,7113.37248267,1106.94140625,174.389539898319
12722,,Existing,095-11-09-36.31-2800,383539.51,1496769.47,6887.21,0,0, ,430.895709249,6887.20018874,1071.7421875,170.120333561561
12723,,Existing,095-11-09-36.31-2800,383539.08,1496584.5,7116.54,0,0, ,437.199379069,7116.54138703,1107.4140625,172.606522367484
12724,,Existing,095-10-09-12.13-806,384386.64,1486851.71,3597.32,0,0, ,318.205383119,3597.3160021,559.36328125,125.506746132243
12725,,Existing,095-10-09-12.13-400,384585.33,1486732.65,2907.82,0,0, ,247.07587787,2907.82006449,452.140625,97.4257714103005
12726,,Existing,095-10-09-12.13-320,384462.2,1486737.34,1755,0,0, ,180.773049838,1754.99544498,272.89453125,71.2536183485983
12727,,Existing,095-10-09-12.13-322,384274.97,1486716.62,3075.2,0,0, ,240.685697991,3075.19234264,478.171875,94.8649658433972
12728,,Existing,095-10-09-12.13-323,384184.36,1486675.96,2567.75,0,0, ,217.71170613,2567.74507741,399.2578125,85.818256727609
12729,,Existing,095-10-09-12.13-324,384094.41,1486654.13,3238.49,0,0, ,242.502030516,3238.47552728,503.5546875,95.6141888396753
12730,,PossiblyChanged,095-10-09-12.42-900,384504.28,1486373.45,2403.32,0,0, ,230.040279798,2403.32300421,373.6875,90.7484084294106
12731,,Existing,095-10-09-12.13-319,384285.16,1486847.46,3822.26,0,0, ,284.738430004,3822.27914601,594.34375,112.331934497958
12732,,New,095-10-09-12.00-122,384602.27,1487147.38,1802.61,0,0, ,177.997351593,1802.61689897,280.3046875,70.1709927084274
12733,,Existing,095-10-09-01.43-4000,383939.84,1489328.79,206.08,0,0, ,58.0119659042,206.07808863,32.05078125,22.8713295005956
12734,,Existing,095-10-09-01.43-3900,384040.4,1489361.23,276.04,0,0, ,69.2207927843,276.028329889,42.92578125,27.3136377170502
12735,,Existing,095-10-09-01.43-3700,383946.36,1489464.97,2037.49,0,0, ,246.400004771,2037.48720959,316.8671875,97.2159423789978
12736,,Existing,095-10-09-01.43-2400,383900.56,1489477.98,1656.12,0,0, ,203.465183378,1656.12465992,257.56640625,80.2909652483011
12737,,Existing,095-10-09-01.43-4100,383961.84,1489313.07,439.11,0,0, ,84.3145150095,439.105569897,68.29296875,33.2578957717263
12738,,Existing,095-10-09-01.43-3900,384095.58,1489431.72,2951.46,0,0, ,256.497362098,2951.47695955,459.02734375,101.140431731049
12739,,Existing,095-10-09-01.43-4200,384063.67,1489219.94,2792.66,0,0, ,260.200551128,2792.66110194,434.3125,102.68458795537
12740,,Existing,095-10-09-01.43-301,384330.33,1489364.13,22637.68,0,0, ,790.537134814,22637.6703674,3520.67578125,311.774492450968
12741,,Existing,095-10-09-01.43-3800,384007.2,1489475.81,1680.88,0,0, ,189.102206997,1680.88262301,261.41015625,74.6101813805865
12742,,Existing,095-10-09-01.43-2400,383891.13,1489408.21,313.33,0,0, ,81.0464228547,313.330592496,48.7265625,31.9643860338797
12743,,Existing,095-10-09-01.43-3600,383882.35,1489234.83,3486.82,0,0, ,248.842160857,3486.82596312,542.2734375,98.1916218504058
12744,,Existing,095-10-09-01.43-4100,383997.08,1489208.9,2372.53,0,0, ,212.959695242,2372.54318625,368.9765625,84.015980687475
12745,,Unknown,095-10-09-01.43-304,384475.75,1490242.26,155.89,0,0, ,45.5587193218,155.891135137,24.25,17.9666987621385
12746,,Changed,095-10-09-01.43-304,384522.73,1490165.89,38545.92,39707.75,-2.93, ,1559.35364629,38545.8611929,5995.15234375,615.11402979637
12747,,Existing,095-10-09-01.43-1200,383881.82,1490039.47,1917.34,0,0, ,186.176126793,1917.32141166,298.20703125,73.4734127049686
12748,,Existing,095-10-09-01.43-2300,383881.45,1489638.27,1565.59,0,0, ,177.451599739,1565.58852982,243.4921875,70.0269182896584
12749,,Existing,095-10-09-01.43-400,383884.92,1490271.49,1633.23,0,0, ,172.660148863,1633.23570486,254.015625,68.1273070344276
12750,,Existing,095-10-09-01.42-200,384271.03,1491191.43,35491.04,0,0, ,825.71301871,35491.0502586,5520.47265625,325.388090603695
12751,,Existing,095-10-09-01.42-200,384045.83,1491347.86,445.44,0,0, ,101.587071919,445.429916661,69.28515625,40.0207067076673
12752,,New,095-10-09-01.42-100,384385.79,1491749.75,1388.94,0,0, ,157.335643336,1388.93247044,216.046875,62.013576085985
12753,,Existing,095-10-09-01.42-200,383940.18,1491353.51,527.02,0,0, ,94.63095183,527.011918643,81.9765625,37.3039241486237
12754,,Existing,095-10-09-01.42-200,384270.56,1491368.72,7898.79,0,0, ,393.715610627,7898.79981279,1228.640625,155.145784290778
12755,,Existing,095-10-09-01.42-100,384514.2,1491496.73,466.63,0,0, ,86.407340856,466.637826814,72.58984375,34.0789568299023
12756,,Existing,095-10-09-01.42-100,384598.5,1491487.14,392.48,0,0, ,96.4888952706,392.479736339,61.05078125,38.0113666442096
12757,,Existing,095-10-09-01.42-200,384505.58,1491581.72,410.17,0,0, ,97.6194307936,410.165728473,63.80859375,38.5442515376994
12758,,New,095-10-09-01.13-100,384556.46,1492008.76,331.19,0,0, ,85.327170893,331.186565362,51.515625,33.6184641155399
12759,,New,095-10-09-01.13-100,384475.52,1492097.4,335.72,0,0, ,85.0634129003,335.710942241,52.2265625,33.583781224677
12760,,New,095-10-09-01.13-100,384292.41,1492448.43,293.11,0,0, ,78.6730867757,293.113552235,45.59765625,31.0330556640247
12761,,Existing,095-10-09-01.13-100,384439.07,1492112.96,413.58,0,0, ,98.2615288558,413.575845396,64.33203125,38.798781981106
12762,,Existing,095-10-09-01.13-100,384428.42,1492029.01,461.7,0,0, ,85.9497531579,461.697081531,71.8203125,33.89918815737
12763,,Existing,095-10-09-01.13-100,384343.5,1492019.98,407.86,0,0, ,97.1988377798,407.863540735,63.4453125,38.2929489989731
12764,,Existing,095-10-09-01.13-100,384338.24,1492501.27,752.53,0,0, ,110.014287708,752.533210388,117.06640625,43.3848470386864
12765,,New,095-10-09-01.02-100,384016.05,1494197.5,406.25,0,0, ,80.7288411632,406.256616857,63.19921875,31.8393802410662
12766,,New,095-10-09-01.02-100,384320.75,1493943.77,494.78,0,0, ,89.2130761594,494.787192351,76.9765625,35.1836591725067
12767,,New,095-10-09-01.02-100,384543.17,1493693.62,395.59,0,0, ,79.8016354983,395.588059762,61.55078125,31.4713601928739
12768,,Existing,095-10-09-12.43-920,384217.81,1484279.07,3260.98,0,0, ,242.133175797,3260.97447804,506.95703125,95.4731539743521
12769,,New,095-10-09-12.43-933,384169.18,1484219.48,3463.67,0,0, ,250.633438547,3463.66427739,538.4609375,98.8230020142454
12770,,New,095-10-09-12.43-928,384115.59,1484160.23,3586.04,0,0, ,253.897889015,3586.0540878,557.48828125,100.106541104471
12771,,New,095-10-09-12.43-943,384017.04,1484314.03,3527.95,0,0, ,253.898834108,3527.95187875,548.453125,100.093711132595
12772,,New,095-10-09-12.43-945,384098.4,1484340.64,3479.5,0,0, ,250.728249031,3479.48976031,540.921875,98.8623749909519
12773,,New,095-10-09-12.43-942,384148.9,1484402.85,3484.18,0,0, ,248.406678313,3484.18074809,541.65625,97.9479152155639
12774,,New,095-10-09-12.43-930,384233.06,1484609.08,3305.9,0,0, ,246.087177551,3305.89164177,513.94921875,97.0341368723246
12775,,New,095-10-09-12.43-927,384193.89,1484550.86,3337.05,0,0, ,247.200267162,3337.04502205,518.796875,97.4675876928173
12776,,New,095-10-09-12.43-925,384263.44,1484504.2,3409.79,0,0, ,251.569697077,3409.80042554,530.09375,99.1901818877734
12777,,Existing,095-10-09-12.43-1800,384077.73,1484003.1,223.32,0,0, ,61.2333414989,223.317945334,34.72265625,24.1513268115119
12778,,Existing,095-10-09-12.43-1900,384383.17,1483930.72,3514.28,0,0, ,284.112687338,3514.28157786,546.3203125,112.055420003486
12779,,Existing,095-10-09-12.43-1901,384272.05,1483947.01,3303.72,0,0, ,285.112120547,3303.72055531,513.57421875,112.379384055813
12780,,Existing,095-10-09-12.43-1700,384226.76,1484185.57,157.25,0,0, ,50.17396922,157.257606074,24.4453125,19.7826336920324
12781,,Existing,095-10-09-12.43-902,383987.39,1484563.08,16608.23,0,0, ,776.82542449,16608.2319872,2581.98828125,306.472284729009
12782,,Existing,095-10-09-12.43-1200,384653.68,1484573.22,2289.82,0,0, ,227.991685167,2289.81118245,355.98828125,89.8996811792082
12783,,Existing,095-10-09-12.43-910,384331.38,1484428.52,3525.24,0,0, ,254.67867769,3525.23215313,548.04296875,100.434488545535
12784,,Existing,095-10-09-12.43-915,384269.49,1484340.5,3572.25,0,0, ,255.533332822,3572.23364554,555.35546875,100.75774424729
12785,,Existing,095-10-09-12.43-906,384019.97,1484148.63,3338.4,0,0, ,254.48745627,3338.38805778,518.984375,100.328364275254
12786,,Existing,095-10-09-12.43-800,383946.71,1483992.5,1971.86,0,0, ,184.098110039,1971.84990112,306.54296875,72.6227165709524
12787,,Existing,095-10-09-12.43-1800,384148.41,1483990.9,2422.52,0,0, ,214.473714909,2422.51073014,376.59765625,84.5760540656264
12788,,Existing,095-10-09-12.43-2000,384639.28,1483930.68,2887.52,0,0, ,234.545601408,2887.52294345,448.88671875,92.4316279013619
12789,,Existing,095-10-09-12.43-2600,384648.75,1484067.33,2765.76,0,0, ,244.634202301,2765.75994764,429.96875,96.4114896710769
12790,,Existing,095-10-09-12.43-3000,384695.45,1484378.49,2371.85,0,0, ,226.177742225,2371.84772214,368.734375,89.191018556124
12791,,Existing,095-10-09-12.43-2800,384541.65,1484197.1,2986.54,0,0, ,248.582567939,2986.52908902,464.29296875,98.0184570750016
12792,,Existing,095-10-09-12.43-2700,384476.16,1484113.31,3684.62,0,0, ,294.619746792,3684.62487266,572.80859375,116.169183784793
12793,,Existing,095-10-09-12.43-1600,384338.79,1484190.96,3021.87,0,0, ,237.084685241,3021.88821021,469.78515625,93.4925981862653
12794,,Existing,095-10-09-12.43-1500,384443.83,1484312.57,2250.42,0,0, ,214.595903256,2250.43218628,349.83984375,84.6226037994874
12795,,Existing,095-10-09-12.43-1300,384583.64,1484478.83,2662.45,0,0, ,232.208283919,2662.46165522,413.9140625,91.5647080166545
12796,,Existing,095-10-09-12.43-2900,384616.41,1484283.38,3458.59,0,0, ,300.137941614,3458.60387729,537.6796875,118.353098852104
12797,,Existing,095-10-09-12.43-1700,384248.01,1484119.87,3141.55,0,0, ,251.79788278,3141.54063592,488.37890625,99.2553425997372
12798,,Existing,095-10-09-12.43-1400,384516.88,1484396.35,2525.15,0,0, ,249.510604598,2525.15652671,392.56640625,98.3875798066699
12799,,Changed,095-10-09-12.43-3500,384574.39,1485296.91,2851.45,2411.83,18.23, ,249.883546549,2851.46471879,443.32421875,98.5202437122722
12800,,New,095-10-09-12.43-3600,384643.45,1485231.62,218.68,0,0, ,60.1739768757,218.682216824,34,23.7354721876337
12801,,Existing,095-10-09-12.43-200,384693.3,1484908.92,3512.93,0,0, ,277.626820237,3512.93883338,546.15234375,109.452397110703
12802,,New,095-10-09-12.43-923,384281.64,1484668.3,3465.3,0,0, ,249.582101067,3465.29643809,538.73828125,98.4120604292582
12803,,New,095-10-09-12.43-938,384332.35,1484728.68,3499.34,0,0, ,248.968644173,3499.32951188,544.04296875,98.1706889426691
12804,,New,095-10-09-12.43-940,384383.85,1484789.24,3480.76,0,0, ,249.313540957,3480.76044176,541.1484375,98.3060124295078
12805,,New,095-10-09-12.43-936,384435.12,1484848.84,3476.18,0,0, ,246.930049046,3476.18061378,540.43359375,97.3663573677852
12806,,Existing,095-10-09-12.43-404,384011.15,1485172.37,4538.6,0,0, ,307.935589951,4538.61841971,705.63671875,121.422607474516
12807,,Changed,095-10-09-12.43-202,384561.32,1485056,3070.57,2598.61,18.16, ,280.809224566,3070.57059345,477.38671875,110.725155719286
12808,,Changed,095-10-09-12.42-6800,384502.85,1485381.11,2793.36,2611.25,6.97, ,234.099227952,2793.36512796,434.30078125,92.2977112816475
12809,,Existing,095-10-09-12.43-3600,384690.37,1485300.75,3169.35,0,0, ,294.500166698,3169.35985987,492.74609375,116.091568673815
12810,,Existing,095-10-09-12.43-1000,384523.57,1484700,8063.22,0,0, ,471.065993075,8063.24934883,1253.56640625,185.749815980982
12811,,Existing,095-10-09-12.43-904,384335.43,1484932.85,3332.63,0,0, ,257.26545405,3332.65237762,518.125,101.441916898207
12812,,Existing,095-10-09-12.43-907,384285.26,1484871.59,3198.84,0,0, ,246.298460157,3198.83738055,497.3203125,97.1177971440252
12813,,Existing,095-10-09-12.43-919,384235.21,1484812.9,3451.26,0,0, ,248.9663261,3451.28380476,536.5703125,98.1694895074242
12814,,Existing,095-10-09-12.43-3700,384393.59,1485291.41,2217.77,0,0, ,202.109910021,2217.77483548,344.80859375,79.692696316664
12815,,Existing,095-10-09-12.43-500,384154.49,1485119.72,1487.05,0,0, ,166.545207948,1487.03865699,231.1875,65.6693603062245
12816,,Existing,095-10-09-12.43-500,384074.66,1485126.58,948.22,0,0, ,124.654727616,948.214177223,147.421875,49.1574481925695
12817,,Existing,095-10-09-12.43-916,384184.38,1484752.02,3320.82,0,0, ,251.311550275,3320.81488029,516.27734375,99.094841653643
12818,,Existing,095-10-09-12.43-911,384130.42,1484691.92,3394.15,0,0, ,251.782357759,3394.16040102,527.69140625,99.2801696375906
12819,,Existing,095-10-09-12.42-5900,384265.8,1485373.64,4340.94,0,0, ,379.977193705,4340.92977625,674.92578125,149.855862708087
12820,,Existing,095-10-09-12.43-403,383936,1485257.64,4543.67,0,0, ,314.676105262,4543.66152782,706.41796875,124.077788007301
12821,,Existing,095-10-09-12.42-UNK,384084.64,1485535.9,901.31,0,0, ,125.417164724,901.302756861,140.12890625,49.4450196708963
12822,,Existing,095-10-09-12.42-5804,384019.08,1485546.11,3056.26,0,0, ,275.648415899,3056.26181818,475.18359375,108.705191552908
12823,,Existing,095-10-09-12.42-5100,384206.71,1485750.49,2151.66,0,0, ,215.258731088,2151.65615906,334.5390625,84.8616750235474
12824,,PossiblyChanged,095-10-09-12.42-6200,384623.79,1485458.67,2692.97,0,0, ,232.025005662,2692.95897539,418.6875,91.4867877996023
12825,,PossiblyChanged,095-10-09-12.42-6300,384558.09,1485544.89,2509.24,0,0, ,225.600009854,2509.23791972,390.1328125,88.9524258919674
12826,,New,095-10-09-12.42-2300,384175.54,1485986.16,458.66,0,0, ,87.2882091262,458.657987938,71.31640625,34.4056235099486
12827,,New,095-10-09-12.42-2400,384073.87,1485981.97,183.72,0,0, ,54.4016610401,183.716284496,28.56640625,21.4477552139063
12828,,Existing,095-10-09-12.42-2600,383880.33,1486022.19,182.06,0,0, ,54.405883018,182.065142751,28.3046875,21.4583777534776
12829,,Changed,095-10-09-12.42-5000,384293.73,1485742.82,2789.39,2098.93,32.9, ,269.06374582,2789.39064307,433.6953125,106.125951360773
12830,,Existing,095-10-09-12.42-2100,384387.73,1486056.2,3122.33,0,0, ,280.507963829,3122.32443842,485.46484375,110.608382457258
12831,,Existing,095-10-09-12.42-5900,384229.71,1485469.52,1447.1,0,0, ,160.318876412,1447.1002491,224.98046875,63.2068834584949
12832,,Existing,095-10-09-12.42-5400,383924.79,1485691.26,707.81,0,0, ,106.418544354,707.806661365,110.05078125,41.9617844721872
12833,,Existing,095-10-09-12.42-5400,383969.64,1485745.66,2310.88,0,0, ,234.529070614,2310.88617008,359.2890625,92.4717996511373
12834,,Existing,095-10-09-12.42-5300,384046.53,1485751.26,1970.84,0,0, ,191.650088777,1970.83593856,306.42578125,75.529709460252
12835,,Existing,095-10-09-12.42-5300,384070.87,1485695.32,805.11,0,0, ,114.412676966,805.115635195,125.18359375,45.1254019551829
12836,,Existing,095-10-09-12.42-5200,384130.94,1485747.13,2575.12,0,0, ,241.606543265,2575.11914101,400.3828125,95.2650751311371
12837,,Existing,095-10-09-12.42-5000,384261.26,1485692.82,733.25,0,0, ,108.806863621,733.244579688,114.00390625,42.911607112379
12838,,Existing,095-10-09-12.42-4900,384371.9,1485739.95,3306.58,0,0, ,290.048704159,3306.58604316,514.10546875,114.362704466197
12839,,Existing,095-10-09-12.42-4800,384472.7,1485750.46,2538.1,0,0, ,227.638345636,2538.10015973,394.6328125,89.7204321812541
12840,,Existing,095-10-09-12.42-4600,384704.57,1485758.19,2547.44,0,0, ,229.554659002,2547.4613462,396.08203125,90.4788356623561
12841,,Existing,095-10-09-12.42-6400,384517.8,1485632.84,2325.95,0,0, ,208.877542094,2325.94787749,361.62890625,82.3467772091043
12842,,Existing,095-10-09-12.42-6700,384456.74,1485463.71,2571.17,0,0, ,229.202079587,2571.17045208,399.74609375,90.3904453729103
12843,,Existing,095-10-09-12.42-3700,384629.83,1485897.93,2731.36,0,0, ,246.694474191,2731.3632287,424.6875,97.2471540426835
12844,,Existing,095-10-09-12.42-3600,384482.21,1485897.14,2572.82,0,0, ,224.772359424,2572.82013558,400.0234375,88.5904419479503
12845,,Existing,095-10-09-12.42-3300,384192.49,1485893.01,1937.84,0,0, ,186.923030413,1937.84023639,301.30078125,73.6764917812575
12846,,Existing,095-10-09-12.42-3200,384080.28,1485890.71,3465.28,0,0, ,294.610745624,3465.27078644,538.80078125,116.086399595373
12847,,Existing,095-10-09-12.42-3000,383952.17,1485884.76,2247.98,0,0, ,200.254796992,2247.97031005,349.515625,78.9228489857566
12848,,Existing,095-10-09-12.42-2500,383933.47,1486063.12,3394.98,0,0, ,277.71030771,3394.98796529,527.859375,109.502514826515
12849,,Existing,095-10-09-12.42-2500,383976.98,1486026.61,239.9,0,0, ,70.6369978413,239.903481654,37.296875,27.85939552609
12850,,Existing,095-10-09-12.42-2400,384038.69,1486069.79,2484.08,0,0, ,211.918767647,2484.07866376,386.23046875,83.5093404457854
12851,,Existing,095-10-09-12.42-2300,384136.56,1486069.2,2368.97,0,0, ,211.983815294,2368.970114,368.3359375,83.5394552174973
12852,,Existing,095-10-09-12.42-2200,384258.15,1486065.1,3634.99,0,0, ,310.406210725,3634.98249728,565.1796875,122.354396406251
12853,,Existing,095-10-09-12.42-1900,384676.83,1486072.1,2857.48,0,0, ,234.487695493,2857.47594529,444.296875,92.4082349010716
12854,,Existing,095-10-09-12.42-3500,384376.1,1485892.39,2738.11,0,0, ,247.264377375,2738.11007509,425.72265625,97.4653344648222
12855,,Existing,095-10-09-12.42-4700,384592.41,1485747.8,2740.87,0,0, ,246.760495377,2740.86382055,426.140625,97.2629046005323
12856,,Existing,095-10-09-12.42-3400,384280.3,1485894.5,2001.02,0,0, ,198.073705376,2001.00946547,311.12109375,78.0903999366705
12857,,Existing,095-10-09-12.42-2000,384531,1486072.02,1907.92,0,0, ,181.795555075,1907.92334806,296.6484375,71.6448330270084
12858,,New,095-10-09-12.42-1100,384609.86,1486314.35,179.52,0,0, ,54.0522904917,179.519273903,27.91796875,21.3082430331004
12859,,Existing,095-10-09-12.42-600,384338.89,1486367.1,4224.79,0,0, ,358.896128744,4224.76723971,656.90234375,141.519647842982
12860,,Changed,095-10-09-12.42-700,384345.91,1486460.91,2714.98,2095.95,29.53, ,228.785496596,2714.98407726,422.1484375,90.2330255318548
12861,,Existing,095-10-09-12.42-101,383985.51,1486456.13,2915.74,0,0, ,271.784535152,2915.74663146,453.37109375,107.114780903248
12862,,Existing,095-10-09-12.13-331,384301.88,1486544.08,2747.94,0,0, ,241.446444456,2747.9343941,427.265625,95.1861707642333
12863,,Existing,095-10-09-12.13-500,384574.62,1486555,4563.48,0,0, ,334.067300768,4563.45918999,709.57421875,131.719725313961
12864,,Existing,095-10-09-12.13-303,384085.65,1487027.63,3131.55,0,0, ,254.795549986,3131.54403522,486.94921875,100.457012385644
12865,,Existing,095-10-09-12.13-318,384186.63,1486851.93,3816.82,0,0, ,307.249385491,3816.79017849,593.47265625,121.13719388159
12866,,Existing,095-10-09-12.13-808,384569.98,1486859.91,2762.69,0,0, ,248.138152894,2762.68350698,429.578125,97.832628669585
12867,,Existing,095-10-09-12.13-700,384690.21,1486742.58,3056.8,0,0, ,311.260978024,3056.81959293,475.31640625,122.744753200784
12868,,Existing,095-10-09-12.13-325,384005.4,1486637.27,3729.93,0,0, ,287.455916265,3729.92117594,579.9609375,113.371186747339
12869,,Existing,095-10-09-12.13-807,384484.56,1486856.41,2957.18,0,0, ,245.28308826,2957.17232042,459.8203125,96.730393998976
12870,,Existing,095-10-09-12.13-800,384679.52,1486860.19,3622.41,0,0, ,285.92374492,3622.41351419,563.265625,112.715160263425
12871,,Existing,095-10-09-12.42-1100,384668.61,1486267.04,3038.15,0,0, ,240.527479171,3038.14866024,472.390625,94.7679701642508
12872,,Existing,095-10-09-12.42-1000,384516.53,1486275.6,2285.8,0,0, ,214.661909486,2285.77780791,355.4140625,84.5898386555468
12873,,Existing,095-10-09-12.42-500,384327.38,1486271.06,2485.18,0,0, ,226.666454566,2485.18352593,386.41015625,89.3343232500057
12874,,Existing,095-10-09-12.42-400,384174.32,1486277.2,2364.45,0,0, ,229.967328085,2364.46252012,367.6484375,90.6519567678267
12875,,Existing,095-10-09-12.42-300,384018.16,1486273.34,2917.22,0,0, ,255.965356117,2917.23134236,453.58203125,100.869424341663
12876,,Existing,095-10-09-12.13-326,383923.27,1486652.87,2504.48,0,0, ,229.921301629,2504.48842672,389.41796875,90.6913400154451
12877,,Existing,095-10-09-12.13-315,383886.98,1486849.31,2894.58,0,0, ,235.92647449,2894.57234823,450.08203125,93.0277025629383
12878,,Existing,095-10-09-12.13-316,383982.33,1486849.92,2598.09,0,0, ,224.60138978,2598.10857935,403.98828125,88.529340515129
12879,,Existing,095-10-09-12.13-305,383887.9,1487020.71,2974.22,0,0, ,234.124002238,2974.22064919,462.47265625,92.3088042114931
12880,,Existing,095-10-09-12.13-304,383985.37,1487022.44,2778.25,0,0, ,226.366631315,2778.24067569,432,89.2095235079805
12881,,Existing,095-10-09-12.42-800,384501.66,1486467.32,2083.4,0,0, ,198.342991458,2083.38543869,323.9375,78.2421549244535
12882,,Existing,095-10-09-12.42-1200,384685.35,1486372.76,2494.84,0,0, ,224.07021179,2494.82300297,387.91796875,88.3852228194181
12883,,Existing,095-10-09-12.42-1300,384684.19,1486464.78,2090.98,0,0, ,209.624858993,2091.00470186,325.12890625,82.6845931269194
12884,,Existing,095-10-09-12.42-102,384093.24,1486462.86,2990.34,0,0, ,245.521855508,2990.34527543,464.95703125,96.810628701245
12885,,Existing,095-10-09-12.42-103,384201.14,1486501.5,2826.17,0,0, ,253.431943067,2826.16016772,439.44140625,99.9161682215163
12886,,Existing,095-10-09-12.13-332,384395.58,1486565.5,2416.56,0,0, ,220.866330722,2416.54991904,375.75,87.0631928709373
12887,,Existing,095-10-09-12.13-333,384490.2,1486570.91,2910.54,0,0, ,251.650127127,2910.5275565,452.546875,99.1994070108733
12888,,Existing,095-10-09-12.13-600,384682.24,1486557.31,2725.74,0,0, ,241.283822486,2725.74561322,423.8203125,95.1913759003283
12889,,Existing,095-10-09-12.13-805,384677.93,1487020.78,2531.7,0,0, ,259.792552181,2531.70468811,393.67578125,102.381612930522
12890,,Existing,095-10-09-12.13-804,384574.51,1487021.12,2005.21,0,0, ,206.93045234,2005.20776705,311.79296875,81.583144041966
12891,,Existing,095-10-09-12.13-803,384483.55,1487017.98,2528,0,0, ,239.378959779,2527.98600301,393.0859375,94.3650413606564
12892,,Existing,095-10-09-12.13-301,384285,1487022.21,3149.27,0,0, ,263.04706995,3149.26019206,489.69140625,103.723194516543
12893,,Existing,095-10-09-12.13-302,384184.81,1487022.38,2889.28,0,0, ,225.857963484,2889.27734607,449.26953125,89.032183380008
12894,,Existing,095-10-09-12.13-317,384084.81,1486853.41,3129.78,0,0, ,262.109494021,3129.77037562,486.6640625,103.315860236204
12895,,Existing,095-10-09-12.43-3000,384769.25,1484374.16,173.81,0,0, ,54.9581899155,173.816981772,27.02734375,21.6718548065883
12896,,Existing,095-10-09-12.43-2200,384872.91,1484066.35,3073.63,0,0, ,260.759305183,3073.63125945,477.8125,102.816148360983
12897,,Existing,095-10-09-12.43-2200,384995.92,1484047.4,156.87,0,0, ,50.1007884336,156.862290571,24.3828125,19.7540382674524
12898,,Existing,095-10-09-12.43-3200,384843.86,1484542.05,2726.53,0,0, ,244.964886328,2726.53072701,423.8828125,96.5928716583412
12899,,Existing,095-10-09-12.43-3100,384774.87,1484462.32,2772.33,0,0, ,240.171529841,2772.33044428,431,94.6992913174196
12900,,Existing,095-10-09-12.43-2400,384797.5,1484234.72,2448.18,0,0, ,224.637648383,2448.18090681,380.6015625,88.5808890515245
12901,,Existing,095-10-09-12.43-2500,384749.59,1484141.99,2827.24,0,0, ,231.752242977,2827.24164778,439.52734375,91.3882046956046
12902,,Existing,095-10-09-12.43-2100,384782.36,1483971.29,3203.87,0,0, ,248.220812647,3203.87658285,498.06640625,97.8745269223735
12903,,Existing,095-10-09-12.43-200,384814.72,1484919.06,154.39,0,0, ,51.6403166577,154.392618583,24.00390625,20.3505016062799
12904,,Existing,095-10-09-12.43-201,384744.71,1485035.3,3652.61,0,0, ,287.62088042,3652.60722844,567.875,113.448002986874
12905,,Existing,095-10-09-12.43-1100,384726.38,1484644.78,2440.36,0,0, ,231.837198222,2440.36456866,379.39453125,91.4162833167218
12906,,Existing,095-10-09-12.43-100,384922.46,1484712.27,1520.65,0,0, ,161.690657227,1520.64711769,236.4140625,63.7518586138442
12907,,Existing,095-10-09-12.43-100,384942.58,1484782.67,665.34,0,0, ,103.198706754,665.334372306,103.4375,40.6892498857086
12908,,Unknown,095-10-09-12.42-4300,384933.99,1485445.97,190.56,0,0, ,59.5063124989,190.55734004,29.625,23.4643557208429
12909,,PossiblyChanged,095-10-09-12.42-4200,384867.47,1485527.35,3270.11,0,0, ,257.954623655,3270.12956788,508.42578125,101.745597679155
12910,,Existing,095-10-09-12.42-1700,384886.31,1486125.86,2630.89,0,0, ,247.782312825,2630.88948448,409.0625,97.7236306795958
12911,,Existing,095-10-09-12.42-4600,384743.17,1485691.54,259.18,0,0, ,67.8163027741,259.181886651,40.30078125,26.7237032228666
12912,,Existing,095-10-09-12.42-4500,384715.3,1485634.4,2575.09,0,0, ,224.13159956,2575.09332471,400.375,88.4157251424342
12913,,Existing,095-10-09-12.42-4400,384708.62,1485547.29,2711.57,0,0, ,241.778224743,2711.56290353,421.58984375,95.3490632076452
12914,,Existing,095-10-09-12.42-4200,384942.61,1485467.03,232.27,0,0, ,61.0897090854,232.271793061,36.11328125,24.0848692896296
12915,,Existing,095-10-09-12.42-4100,384855.12,1485613.1,1763.75,0,0, ,186.528938031,1763.7574321,274.22265625,73.5809901571276
12916,,Existing,095-10-09-12.42-4000,384871.73,1485699.36,3441.7,0,0, ,283.026672191,3441.70251333,535.109375,111.596490988025
12917,,Existing,095-10-09-12.42-3900,384943.13,1485776.86,395.15,0,0, ,79.6135058984,395.149961807,61.43359375,31.3893018595775
12918,,Existing,095-10-09-12.42-3800,384713.07,1485902.76,2149.43,0,0, ,210.994864043,2149.4323071,334.203125,83.1997648483191
12919,,Existing,095-10-09-12.42-1900,384704.88,1486036.16,257.6,0,0, ,64.2131538071,257.599366734,40.0546875,25.3191837077366
12920,,Existing,095-10-09-12.42-1800,384889.55,1486028.21,2847.92,0,0, ,253.285452285,2847.91937142,442.8046875,99.8732753732432
12921,,Existing,095-10-09-12.42-3900,384888.17,1485906.25,3276.31,0,0, ,295.274774402,3276.31250086,509.40625,116.490220146156
12922,,Existing,095-10-09-12.42-1600,384879.5,1486241.46,2587.75,0,0, ,237.199415134,2587.76263208,402.3671875,93.5835438409973
12923,,Existing,095-10-09-12.14-1201,385072.33,1486573.95,2939.99,0,0, ,253.361921367,2939.9833931,457.14453125,99.894184243445
12924,,Existing,095-10-09-12.14-300,385449.88,1486747.5,2643.3,0,0, ,252.515803557,2643.32280477,411.01171875,99.6078677546262
12925,,Changed,095-10-09-12.14-2005,385171.59,1487025.12,3002.96,2627.91,14.27, ,265.710777712,3002.95410314,466.94921875,104.763281170278
12926,,Existing,095-10-09-12.14-2002,384893.52,1487037.05,6257.04,0,0, ,405.968231954,6257.02863814,972.93359375,160.042838268317
12927,,New,095-10-09-12.14-2000,385270.14,1486863.67,2255.08,0,0, ,211.004002534,2255.07289629,350.65625,83.2047050193056
12928,,Existing,095-10-09-12.14-2007,385372.67,1487046.73,2603.25,0,0, ,220.292511783,2088.7250535,324.7890625,86.8814060632522
12929,,Changed,095-10-09-12.14-2006,385265.74,1487027.68,2234.66,1857.07,20.33, ,210.653097989,1835.91550349,285.47265625,83.0367976995827
12930,,Existing,095-10-09-12.42-1600,384939.41,1486268.31,167.75,0,0, ,53.6623534861,167.745971066,26.0859375,21.1489185461371
12931,,Existing,095-10-09-12.42-1500,384936.68,1486325.84,343.26,0,0, ,76.0682617659,343.270791655,53.37109375,29.9815263780218
12932,,Existing,095-10-09-12.42-1500,384876.64,1486348.03,2203.34,0,0, ,224.787177079,2203.33443298,342.5859375,88.661484899152
12933,,Existing,095-10-09-12.42-1400,384884.5,1486455.08,2677.97,0,0, ,230.172544278,2677.97645675,416.39453125,90.7816590440089
12934,,Existing,095-10-09-12.14-1000,384874.23,1486563.51,2465.36,0,0, ,226.61705431,2465.36126301,383.328125,89.3946151781933
12935,,Existing,095-10-09-12.14-1200,385174.47,1486584.18,2674.68,0,0, ,240.962228435,2674.68956869,415.87890625,94.9586166411924
12936,,Existing,095-10-09-12.14-1400,385363.35,1486570.43,2537.18,0,0, ,234.614517279,2537.17093125,394.50390625,92.4873087041864
12937,,Existing,095-10-09-12.14-400,385447.72,1486850.71,2564.49,0,0, ,244.459913335,2564.4815457,398.74609375,96.4538811124118
12938,,Existing,095-10-09-12.14-2004,385069.91,1487026.72,3324.4,0,0, ,261.85901157,3324.39601976,516.9296875,103.239739970888
12939,,Existing,095-10-09-12.14-2009,384973.84,1486860.55,3222.15,0,0, ,246.613469017,3222.13245017,501.01171875,97.2351240160444
12940,,Existing,095-10-09-12.14-2010,385070.93,1486864.07,3202.34,0,0, ,259.139020344,3202.32735032,497.94140625,102.15675539698
12941,,Existing,095-10-09-12.14-2011,385174.8,1486858.3,4015.58,0,0, ,293.184624308,4015.58252775,624.39453125,115.587441987187
12942,,Existing,095-10-09-12.14-500,385282.88,1486741.47,2378.03,0,0, ,251.968572511,2378.01208913,369.76171875,99.3691006159531
12943,,Existing,095-10-09-12.14-700,385072.27,1486739.14,2897.56,0,0, ,254.871228898,2897.55853854,450.55078125,100.461185256258
12944,,Existing,095-10-09-12.14-800,384973.11,1486731.01,2660.95,0,0, ,222.286424467,2660.95366479,413.7578125,87.6100896029584
12945,,Existing,095-10-09-12.14-2008,384863.43,1486868.97,2649.47,0,0, ,241.823622732,2649.46777814,411.9765625,95.3193710803623
12946,,Existing,095-10-09-12.14-600,385173.38,1486733.02,2501.65,0,0, ,227.322605135,2501.66120757,388.984375,89.6069348623572
12947,,Existing,095-10-09-12.14-900,384864.75,1486731.54,2243.39,0,0, ,210.284636382,2243.39790408,348.828125,82.8643866224934
12948,,Existing,095-10-09-12.14-1100,384969.5,1486567.87,3501.29,0,0, ,285.381838621,3501.29371247,544.4140625,112.534878391906
12949,,Existing,095-10-09-12.14-1300,385267.91,1486577.24,2427.84,0,0, ,216.855356963,2427.84501239,377.50390625,85.4442115465251
12950,,Existing,095-10-09-12.14-1902,385518.21,1486943.38,2514.07,0,0, ,219.082521253,2276.45081902,353.9765625,86.4164767085971
12951,,PossiblyChanged,095-10-09-12.14-1500,385478.86,1486564.52,2284.6,0,0, ,211.394415458,2284.5960251,355.2421875,83.3441754189206
12952,,Existing,095-10-09-01.43-304,384725.04,1490217.39,170.93,0,0, ,49.0109869187,170.929707252,26.5859375,19.3217099577337
12953,,Existing,095-10-09-01.44-100,385474.3,1489920.62,703.58,0,0, ,108.878270801,703.573868973,109.43359375,42.9351925332749
12954,,Existing,095-10-09-01.44-100,385308.99,1489765.27,171.12,0,0, ,52.4877325812,171.122473556,26.61328125,20.6963905005122
12955,,Existing,095-10-09-01.44-100,384975.67,1490276.55,1153.75,0,0, ,138.851285259,1153.76583278,179.44921875,54.7827800441366
12956,,Existing,095-10-09-01.44-100,385247.04,1490353.99,1820.54,0,0, ,180.410199448,1820.53214171,283.15234375,71.1683456413715
12957,,Existing,095-10-09-01.44-100,385234.91,1489802.76,627.07,0,0, ,101.886905377,627.06784378,97.5234375,40.1923565236954
12958,,Existing,095-10-09-01.44-100,385158.46,1489950.02,434.62,0,0, ,87.33241395,434.627359765,67.59765625,34.4211221939638
12959,,Existing,095-10-09-01.41-900,385159.63,1490640.75,177.96,0,0, ,56.9165492792,177.962686329,27.6796875,22.4378016197665
12960,,PossiblyChanged,095-10-09-01.41-700,385394.47,1490583.51,2172.65,0,0, ,217.016270679,2172.64328062,337.92578125,85.6151488002552
12961,,Changed,095-10-09-01.41-6400,385279.28,1490949.29,3186.5,2608.55,22.16, ,266.047618656,3186.49489186,495.6328125,104.958858173736
12962,,Existing,095-10-09-01.41-8000,385139.97,1490641.39,217.2,0,0, ,59.6242087917,217.202856108,33.78515625,23.5219681912402
12963,,Existing,095-10-09-01.41-7500,385022.81,1491153.73,3831.42,0,0, ,300.950887846,3831.41956277,595.953125,118.715969101344
12964,,Existing,095-10-09-01.41-7600,385039.16,1491055.06,2554.9,0,0, ,223.617649244,2554.92400694,397.40625,88.26519410415
12965,,Existing,095-10-09-01.41-7700,385025.63,1490963.19,2372.8,0,0, ,227.504188943,2372.79562844,369.0703125,89.7058049556775
12966,,Existing,095-10-09-01.41-7800,385035.18,1490865.23,2199.16,0,0, ,209.670483887,2199.14997851,342.0625,82.7447427936336
12967,,Existing,095-10-09-01.41-8000,385048.68,1490589.26,3501.27,0,0, ,262.646365823,3501.28918121,544.58984375,103.541828521462
12968,,Existing,095-10-09-01.41-900,385215.09,1490686.03,2885.95,0,0, ,241.465787165,2885.95658062,448.87890625,95.2623255891177
12969,,Existing,095-10-09-01.41-800,385215.92,1490582.96,2836.41,0,0, ,239.294529673,2836.42156659,441.16796875,94.3998752694922
12970,,Existing,095-10-09-01.41-1100,385522.58,1490696.62,2838.38,0,0, ,242.589786698,2838.37752309,441.48046875,95.6349710071381
12971,,Existing,095-10-09-01.41-5300,385499.63,1490840.17,2441.62,0,0, ,212.584505728,2441.62922377,379.77734375,83.7787326529383
12972,,Existing,095-10-09-01.41-5400,385410.59,1490839.33,2352.9,0,0, ,212.517286286,2352.89201674,365.97265625,83.75108724539
12973,,Existing,095-10-09-01.41-6500,385235.5,1490840.44,3491.58,0,0, ,252.51844053,3491.60982492,543.08984375,99.5505677684183
12974,,Existing,095-10-09-01.41-6500,385268.92,1490883.74,200.51,0,0, ,56.9699942234,200.509774898,31.18359375,22.4639592622664
12975,,Existing,095-10-09-01.41-6600,385177.6,1490968.13,2883.48,0,0, ,229.973698832,2883.47721411,448.50390625,90.7505330404074
12976,,Existing,095-10-09-01.41-6300,385305.53,1491036.64,2588.09,0,0, ,234.270714942,2588.08536321,402.55859375,92.4071458719898
12977,,Existing,095-10-09-01.41-6700,385173.95,1491084.43,2663.62,0,0, ,222.736424727,2663.61975518,414.31640625,87.8995633350698
12978,,Existing,095-10-09-01.41-6200,385322.48,1491122.39,2793.55,0,0, ,229.084269542,2793.54243504,434.5234375,90.3500135870877
12979,,Existing,095-10-09-01.41-5600,385452.29,1491036.21,2518.08,0,0, ,217.281574537,2518.09074697,391.66796875,85.7008534103081
12980,,Existing,095-10-09-01.41-5500,385428.43,1490943.24,2542.78,0,0, ,225.559822457,2542.78396033,395.50390625,88.9678036485017
12981,,Existing,095-10-09-01.44-100,385071.42,1490393.34,521.23,0,0, ,95.4502015902,521.23615164,81.07421875,37.6242955668749
12982,,Existing,095-10-09-01.41-600,385529.1,1490574.45,2864.9,0,0, ,236.430606219,2864.89495416,445.59765625,93.2152005247521
12983,,Existing,095-10-09-01.41-1000,385394.47,1490684.01,2724.23,0,0, ,250.390968719,2724.23708679,423.7265625,98.7965121603898
12984,,Existing,095-10-09-01.41-7900,385031.57,1490678.72,165.31,0,0, ,52.2411718569,165.308170342,25.7109375,20.5958790755956
12985,,Existing,095-10-09-01.41-5700,385464.24,1491128.45,2704.38,0,0, ,243.104290581,2704.37473494,420.64453125,95.9150689818228
12986,,Existing,095-10-09-01.41-7900,385074.75,1490749.27,4467.2,0,0, ,342.887524004,4467.18493947,694.828125,135.229009940864
12987,,New,095-10-09-01.42-100,384754.85,1491167.23,252.31,0,0, ,65.5099867715,252.312149701,39.2421875,25.8493362709341
12988,,Changed,095-10-09-01.41-6100,385335.58,1491205.82,2903.16,2683.66,8.18, ,257.828859498,2903.16055007,451.578125,101.665944211238
12989,,Existing,095-10-09-01.41-5900,385352.27,1491517.79,159.7,0,0, ,51.8969776192,159.702352114,24.84375,20.4774004414079
12990,,Existing,095-10-09-01.41-5800,385487.33,1491212.04,2659.46,0,0, ,241.75117786,2659.45377788,413.6640625,95.3748291925875
12991,,Existing,095-10-09-01.41-7200,385033.07,1491457.66,2403.84,0,0, ,232.553039177,2403.84871907,373.90625,91.7578772004929
12992,,Existing,095-10-09-01.41-7000,385280.35,1491452.37,2899.38,0,0, ,246.556085655,2899.37459691,451,97.1818606657796
12993,,Existing,095-10-09-01.41-6000,385359.1,1491297.65,2588.71,0,0, ,225.474535867,2588.72275284,402.67578125,88.9461636317971
12994,,Existing,095-10-09-01.41-6900,385178.07,1491302.65,3332.73,0,0, ,289.032987242,3332.72073953,518.39453125,113.993439517182
12995,,Existing,095-10-09-01.41-7300,385021.83,1491353.44,3563.71,0,0, ,267.500901037,3563.70798322,554.328125,105.519622337421
12996,,Existing,095-10-09-01.41-7400,385029.67,1491255.15,3114.99,0,0, ,256.105156343,3114.9877624,484.53125,101.06406329019
12997,,Existing,095-10-09-01.41-7100,385179.53,1491452.87,2315.7,0,0, ,212.115472792,2315.69747301,360.203125,83.6367259336958
12998,,Existing,095-10-09-01.41-5900,385386.67,1491449.56,2734.87,0,0, ,231.954922423,2734.86129462,425.40234375,91.4089337896605
12999,,Existing,095-10-09-01.41-6800,385173.65,1491196.63,3419.49,0,0, ,266.009369832,3419.49811663,531.87890625,104.971907786896
13000,,Existing,095-10-09-01.41-7200,384961.7,1491516.14,171,0,0, ,53.3852595583,170.999102471,26.59765625,21.0465930865197
13001,,Existing,095-11-09-36.00-103,385303.89,1494934.79,249.07,0,0, ,63.4616903239,249.07388868,38.75390625,25.0273662598377
13002,,Existing,095-11-09-36.00-103,385654.07,1495292.55,406733.46,0,0, ,3347.95975891,406516.743184,63252.0078125,1320.84697384368
13003,,Changed,095-11-09-36.00-114,385146.39,1495963.74,11564.17,9957.1,16.14, ,488.028713043,11564.1849178,1799.4296875,192.413998519047
13004,,Existing,095-11-09-36.00-114A,385527.65,1495863.2,7619.78,0,0, ,544.904932712,7619.80692935,1185.65625,214.614353151448
13005,,Existing,095-11-09-36.00-115,384853.24,1496400,11686.72,0,0, ,479.03537873,11686.730134,1818.55859375,189.093213899629
13006,,Existing,095-11-09-36.00-113,385441.54,1496205.26,33440.95,0,0, ,818.529627005,33440.9637878,5203.62109375,322.873791193861
13007,,New,095-11-09-36.00-117,385194.66,1496936.22,357.68,0,0, ,84.0993898797,357.681062732,55.66015625,33.1687690186033
13008,,Existing,095-11-09-36.00-117,385170.88,1496902.03,361.8,0,0, ,83.9555785265,361.803354918,56.3046875,33.1127380927428
13009,,Existing,090-10-10-18.00-500,386323.79,1481566.49,293.05,0,0, ,71.2213428482,293.043482228,45.546875,28.0942172364017
13010,,Existing,095-10-09-01.41-2100,386189.69,1491021.97,3653.11,0,0, ,299.950914256,3653.12780363,568.21484375,118.30100973903
13011,,Existing,095-10-09-01.41-1900,385976.38,1490989.66,2753.32,0,0, ,246.475583662,2753.32277159,428.2578125,97.2627600115933
13012,,Existing,095-10-09-01.41-1800,385979.79,1490853.71,4089.52,0,0, ,344.073608002,4089.52982739,636.08984375,135.739140036365
13013,,New,095-10-09-01.41-3700,385794.4,1490887.24,155.47,0,0, ,50.7025461009,155.471660781,24.18359375,19.9892703840513
13014,,New,095-10-09-01.41-3800,385729.68,1490846.71,2520.98,0,0, ,218.439225263,2520.97700868,392.12109375,86.1750455556704
13015,,Existing,095-10-09-01.41-1200,385830.05,1490694.01,3396.24,0,0, ,293.672683148,3396.25153304,528.25,115.828146570403
13016,,New,095-10-09-01.41-600,385572.23,1490569.23,196.07,0,0, ,56.8162940353,196.0701785,30.4921875,22.4149868515115
13017,,New,095-10-09-01.41-1100,385568.71,1490653.57,171.93,0,0, ,54.0822042674,171.927120134,26.7421875,21.3187482574424
13018,,Changed,095-10-09-01.41-1300,385993.75,1490680.46,3737.92,3775.36,-0.99, ,312.676550252,3737.92463989,581.39453125,123.338784881286
13019,,Existing,095-10-09-01.41-3400,385831.43,1491119.14,2280.37,0,0, ,205.258850864,2280.36111633,354.703125,80.9643367736742
13020,,Existing,095-10-09-01.41-5100,385590.55,1490937.69,2395.97,0,0, ,215.148043214,2395.96188494,372.6796875,84.886831250985
13021,,Existing,095-10-09-01.41-5000,385589.05,1491024.5,2528.75,0,0, ,212.819056549,2528.73517691,393.32421875,83.9648545934452
13022,,Existing,095-10-09-01.41-4900,385593.19,1491113.85,2275.12,0,0, ,209.766515021,2275.11266532,353.8828125,82.7626134482871
13023,,Existing,095-10-09-01.41-400,385826.41,1490577,2526.59,0,0, ,244.485626835,2526.59176475,392.984375,96.3900462244722
13024,,Existing,095-10-09-01.41-1200,385781.45,1490659.78,179.64,0,0, ,54.1211720798,179.63876363,27.94140625,21.3387078041336
13025,,Existing,095-10-09-01.41-1400,386093.99,1490642.8,179.59,0,0, ,54.2615709108,179.584610597,27.93359375,21.406603577796
13026,,Existing,095-10-09-01.41-1600,386178.89,1490847.54,2999.49,0,0, ,258.783299396,2999.50614925,466.55078125,102.079663317186
13027,,Existing,095-10-09-01.41-2200,386184.76,1491156.9,2543.88,0,0, ,220.247243816,2543.87526251,395.68359375,86.8669613241355
13028,,Existing,095-10-09-01.41-2400,385976.41,1491164.87,3589.92,0,0, ,274.837024902,3589.90992456,558.390625,108.456313732614
13029,,Existing,095-10-09-01.41-1900,386016.77,1491034.57,164.31,0,0, ,51.2736104003,164.311430978,25.55859375,20.2218365833484
13030,,Existing,095-10-09-01.41-3700,385839.29,1490843.03,2778.34,0,0, ,238.34106496,2778.34827778,432.15234375,94.0245848458242
13031,,Existing,095-10-09-01.41-3600,385845.73,1490941.37,2149.43,0,0, ,208.007077142,2149.43396198,334.328125,82.0958762248444
13032,,Existing,095-10-09-01.41-3500,385843.69,1491032.85,2448.57,0,0, ,222.280008567,2448.58519353,380.859375,87.7241953843082
13033,,Existing,095-10-09-01.41-4100,385766.82,1491142.9,312.46,0,0, ,70.7065060085,312.460279897,48.59765625,27.8859489041131
13034,,Existing,095-10-09-01.41-3900,385724.57,1490934.61,2560.51,0,0, ,241.562273933,2560.51667458,398.265625,95.3028631448134
13035,,Existing,095-10-09-01.41-100,386192.66,1490590.71,2246.54,0,0, ,208.983997586,2246.5514369,349.421875,82.4074705389552
13036,,Existing,095-10-09-01.41-200,386094.42,1490585.26,2318.06,0,0, ,222.64480271,2318.05476904,360.55078125,87.7670382831116
13037,,Existing,095-10-09-01.41-300,385987.35,1490584.07,2867.58,0,0, ,249.245012006,2867.58802696,446.01953125,98.2475640591649
13038,,Existing,095-10-09-01.41-500,385673.55,1490610.54,3747.1,0,0, ,299.329581856,3747.11014575,582.8203125,117.988881414836
13039,,Existing,095-10-09-01.41-4100,385720.58,1491114.89,2749.49,0,0, ,241.675278789,2749.47817284,427.66796875,95.344938913354
13040,,Existing,095-10-09-01.41-4000,385722.95,1491026.44,2516.87,0,0, ,242.963164527,2516.86777904,391.48828125,95.8485978272573
13041,,Existing,095-10-09-01.41-5200,385581.86,1490837.86,2592.02,0,0, ,223.038184962,2592.0277897,403.16796875,87.93240594068
13042,,Existing,095-10-09-01.41-2500,385974.55,1491298.78,3290.45,0,0, ,267.604357881,3290.448386,511.82421875,105.591521198842
13043,,New,095-10-09-01.41-8100,385840.06,1491981.18,135206.69,0,0, ,3222.68897205,135206.607829,21032.0625,1271.06536368359
13044,,Existing,095-10-09-01.41-4800,385587.63,1491202.28,2252.24,0,0, ,221.754269913,2252.23555806,350.32421875,87.4814575600961
13045,,Existing,095-10-09-01.41-3300,385841.81,1491209.5,2299.21,0,0, ,213.031564002,2299.21256266,357.62890625,84.0856674634454
13046,,Existing,095-10-09-01.41-4200,385718.33,1491203.46,2788.81,0,0, ,243.825568675,2788.81743309,433.78125,96.2046502803135
13047,,Existing,095-10-09-01.41-4600,385543.57,1491464.68,3097.43,0,0, ,261.575603064,3097.4209211,481.8046875,103.141431972074
13048,,Existing,095-10-09-01.41-3200,385834.71,1491302.06,2799.07,0,0, ,230.339214425,2799.08930468,435.390625,90.8946054815751
13049,,Existing,095-10-09-01.41-2600,386078.44,1491279.26,3203.36,0,0, ,257.376157382,3203.35019911,498.26953125,101.453202076108
13050,,Existing,095-10-09-01.41-2700,386176.71,1491325.76,2478.68,0,0, ,230.806739504,2478.68478313,385.5625,91.0512555135226
13051,,Existing,095-10-09-01.41-2800,386190.14,1491454.2,2590.23,0,0, ,236.860212928,2590.22111417,402.90234375,93.4197006083637
13052,,Existing,095-10-09-01.41-3000,385972.67,1491463.08,2988.09,0,0, ,254.150901696,2988.08049334,464.7890625,100.178292817274
13053,,Existing,095-10-09-01.41-4500,385641.32,1491462.14,1919.7,0,0, ,196.348625101,1919.70010135,298.60546875,77.4455119211137
13054,,Existing,095-10-09-01.41-4400,385733.39,1491458.92,2945.77,0,0, ,253.835207087,2945.76172436,458.2109375,100.083110281026
13055,,Existing,095-10-09-01.41-3100,385822.69,1491457.85,2551.65,0,0, ,229.658235011,2551.64689949,396.90625,90.5148080261881
13056,,Existing,095-10-09-01.41-2900,386069.54,1491472.27,2806.6,0,0, ,245.810211756,2806.58996123,436.5625,96.9267047643057
13057,,Existing,095-10-09-01.41-4300,385718.47,1491299.03,3060.13,0,0, ,265.254655883,3060.12904067,475.99609375,104.660289511442
13058,,Existing,095-10-09-01.41-4700,385553.83,1491316.71,2307.61,0,0, ,221.765780001,2307.60491664,358.9375,87.4560721629303
13059,,Existing,095-11-09-36.00-103,386015.54,1495159.68,4378.77,0,0, ,296.506439673,4378.76325345,681.30859375,117.050224576665
13060,,Existing,095-11-09-36.00-103,386019.39,1494995.76,1026.53,0,0, ,131.152199312,1026.52999862,159.72265625,51.7111080139427
13061,,Existing,095-11-09-36.00-103,386013.76,1495327.3,1381.58,0,0, ,148.680148825,1381.55824266,214.96484375,58.6486293521813
13062,,Existing,095-11-09-36.00-103,385896.54,1495435.33,746.8,0,0, ,97.5045320965,746.806017097,116.203125,38.4615240896977
13063,,Existing,095-11-09-36.00-103,385896.03,1495394.78,720.64,0,0, ,95.7808182976,720.634892035,112.140625,37.7815386902903
13064,,Unknown,090-10-10-18.00-500,387108.78,1481228.08,151.51,0,0, ,52.9240030958,151.512253467,23.55078125,20.8699262175275
13065,,Unknown,090-10-10-18.00-500,387285.47,1479182.25,257.16,0,0, ,66.5603156079,257.165105531,39.9609375,26.2278016948651
13066,,Existing,095-10-09-11.24-1200,377870.91,1486671.33,65327.16,0,0, ,2797.30872737,65327.0916605,10157.78515625,1103.38512886581
13067,,Existing,095-10-09-11.24-100,378082.73,1487632.42,39198.7,0,0, ,1151.4497722,39198.7364286,6095.51171875,454.232007789692
13068,,PossiblyChanged,095-10-09-02.44-7500,380198.35,1489420.9,17622.36,0,0, ,639.768045667,17622.3623676,2740.71484375,252.207698346011
13069,,Changed,095-10-09-01.33-6800,381692.01,1490108.24,99388.37,92537.97,7.4, ,2165.73895487,99388.3513579,15458.140625,853.884906415166
13070,,Changed,095-10-09-01.42-200,384189.93,1490834.69,172478.32,177514.81,-2.84, ,2445.62383968,172478.291402,26827.4765625,964.433803475015
13071,,Changed,095-10-09-01.02-100,384536.09,1493938.15,273744.83,266239.25,2.82, ,3418.90796431,273744.884393,42588.8828125,1348.79741268907
13072,, , ,0,0,0,0,0, ,185.349809704,2733.84838086,423.1796875,73.0161655854362
13073,, , ,0,0,0,0,0, ,79.1831878504,498.948935263,77.23046875,31.193265791841
13074,, , ,0,0,0,0,0, ,90.4125733574,423.476953854,65.88671875,35.632510336057
13075,, , ,0,0,0,0,0, ,107.428174177,918.388686851,142.16796875,42.3199911234571
13076,, , ,0,0,0,0,0, ,102.46086954,835.422582146,129.2890625,40.3631829970179
13077,, , ,0,0,0,0,0, ,133.291047205,1075.23994345,167.2890625,52.5561104833304
13078,, , ,0,0,0,0,0, ,125.800193391,865.27725023,134.6171875,49.655370940272
13079,, , ,0,0,0,0,0, ,495.033100769,13149.9833882,2046.28515625,195.391905234846
13080,, , ,0,0,0,0,0, ,415.325582772,9304.99914698,1447.94921875,163.745260364953
13081,, , ,0,0,0,0,0, ,2431.91507993,67163.2827512,10452.09765625,959.104365648745
13082,, , ,0,0,0,0,0, ,199.996763725,2480.50824235,386.01171875,78.8822191098363
13083,, , ,0,0,0,0,0, ,371.272208762,4878.0860349,759.140625,146.474672068408
13084,, , ,0,0,0,0,0, ,182.705689253,1764.30068831,274.5546875,72.0181508415274
13085,, , ,0,0,0,0,0, ,183.176351865,1782.15103322,277.33984375,72.2048900363501
13086,, , ,0,0,0,0,0, ,184.572132508,1818.39540623,282.9765625,72.7553617244128
13087,, , ,0,0,0,0,0, ,342.115996111,5054.12479999,786.51171875,134.947385572916
13088,, , ,0,0,0,0,0, ,342.01045556,5052.54512296,786.26953125,134.906319726329
13089,, , ,0,0,0,0,0, ,339.921255369,5038.1622886,784.03515625,134.0829058166
13090,, , ,0,0,0,0,0, ,340.66216262,5049.80063165,785.84765625,134.37465984563
13091,, , ,0,0,0,0,0, ,345.542988557,5095.26675054,792.93359375,136.303151774272
13092,, , ,0,0,0,0,0, ,338.523948513,5020.8807788,781.34765625,133.529511736586
13093,, , ,0,0,0,0,0, ,339.366171387,4977.47982184,774.59375,133.869016576235
13094,, , ,0,0,0,0,0, ,198.999921004,2085.80290868,324.578125,78.5123861108281
13095,, , ,0,0,0,0,0, ,221.800914678,2377.4391062,369.953125,87.5036675312867
13096,, , ,0,0,0,0,0, ,66.9889345795,278.45952328,43.33203125,26.4301195296459
13097,, , ,0,0,0,0,0, ,48.1880531428,144.220398023,22.4453125,19.0121167806077
13098,, , ,0,0,0,0,0, ,51.2341628855,163.534772784,25.453125,20.2084263792013
13099,, , ,0,0,0,0,0, ,39.153688483,94.6782857514,14.734375,15.448783472443
13100,, , ,0,0,0,0,0, ,38.0455832604,82.1958941389,12.7890625,14.9991598302388
13101,, , ,0,0,0,0,0, ,52.2124939933,170.329159299,26.50390625,20.5976373469715
13102,, , ,0,0,0,0,0, ,44.5513067896,118.716630819,18.47265625,17.5819971162396
13103,, , ,0,0,0,0,0, ,42.0288149549,108.080585894,16.82421875,16.5844223884139
13104,, , ,0,0,0,0,0, ,52.0345674059,159.698526793,24.8515625,20.5364668081736
13105,, , ,0,0,0,0,0, ,41.9334329814,109.488698095,17.03515625,16.5399315122646
13106,, , ,0,0,0,0,0, ,39.8477916342,99.1815185864,15.4296875,15.7199933104795
13107,, , ,0,0,0,0,0, ,55.8887267475,192.588482398,29.96875,22.0522274355858
13108,, , ,0,0,0,0,0, ,41.6199955046,106.822510931,16.62890625,16.4145209477434
13109,, , ,0,0,0,0,0, ,36.5926917751,82.1653892588,12.7890625,14.431253517618
13110,, , ,0,0,0,0,0, ,42.1018509625,108.837341636,16.94140625,16.612831542684
13111,, , ,0,0,0,0,0, ,36.0176444873,79.8681971439,12.4296875,14.2048215686974
13112,, , ,0,0,0,0,0, ,44.821432665,122.316993004,19.03515625,17.6869447580879
13113,, , ,0,0,0,0,0, ,146.814784542,1250.44268681,194.578125,57.9204526433029
13114,, , ,0,0,0,0,0, ,34.7500926633,75.1753675637,11.69921875,13.7063588003816
13115,, , ,0,0,0,0,0, ,135.562985243,1060.69477532,165.046875,53.4739271821624
13116,, , ,0,0,0,0,0, ,30.2138503343,56.8521796854,8.84765625,11.9172377747165
13117,, , ,0,0,0,0,0, ,189.161458528,2052.77450774,319.44140625,74.6187030326283
13118,, , ,0,0,0,0,0, ,222.337437559,2746.0063476,427.3125,87.7341370332625
13119,, , ,0,0,0,0,0, ,43.2006056441,113.346936071,17.640625,17.0474105159724
13120,, , ,0,0,0,0,0, ,43.0190059155,111.334465367,17.328125,16.976619348978
13121,, , ,0,0,0,0,0, ,43.2619594971,113.490734923,17.66015625,17.0717833197665
13122,, , ,0,0,0,0,0, ,40.749850188,98.1435826708,15.265625,16.0824201061214
13123,, , ,0,0,0,0,0, ,55.4112710885,186.710066968,29.0546875,21.8656819938469
13124,, , ,0,0,0,0,0, ,41.4388915962,103.141424012,16.05078125,16.3530443543623
13125,, , ,0,0,0,0,0, ,40.0202611759,92.2538283045,14.35546875,15.7958542483186
13126,, , ,0,0,0,0,0, ,60.7294561516,218.964082567,34.07421875,23.9454803731801
13127,, , ,0,0,0,0,0, ,51.720951338,152.856152955,23.78515625,20.4145777316667
13128,, , ,0,0,0,0,0, ,64.4087629224,239.038310867,37.1953125,25.421853749137
13129,, , ,0,0,0,0,0, ,50.8676278519,151.279902522,23.54296875,20.0557118068366
13130,, , ,0,0,0,0,0, ,40.941031829,98.9395947008,15.390625,16.1578033501913
13131,, , ,0,0,0,0,0, ,228.187084783,2864.10240286,445.69140625,90.0443218822635
13132,, , ,0,0,0,0,0, ,98.6964058253,542.438914867,84.40625,38.9587909021012
13133,, , ,0,0,0,0,0, ,225.491400497,2414.36805031,375.69921875,88.9724771408967
13134,, , ,0,0,0,0,0, ,49.0980503402,134.927995655,21,19.3554765070541
13135,, , ,0,0,0,0,0, ,44.7035327443,122.930748326,19.12890625,17.6300701308884
13136,, , ,0,0,0,0,0, ,44.9434796572,126.006124766,19.60546875,17.7276138237731
13137,, , ,0,0,0,0,0, ,44.9441358373,123.325021568,19.1875,17.7348466899503
13138,, , ,0,0,0,0,0, ,25.4021801651,39.792464405,6.19140625,10.022897575055
13139,, , ,0,0,0,0,0, ,155.899753165,1426.74289784,222.015625,61.5053545454573
13140,, , ,0,0,0,0,0, ,145.883998761,1242.83763648,193.40234375,57.5517751519983
13141,, , ,0,0,0,0,0, ,156.394099353,1430.31665189,222.5703125,61.7017104563111
13142,, , ,0,0,0,0,0, ,155.280870991,1405.7947033,218.7578125,61.2328259893701
13143,, , ,0,0,0,0,0, ,153.171579792,1386.24062405,215.7109375,60.4283788933616
13144,, , ,0,0,0,0,0, ,147.440447246,1250.75422707,194.625,58.1677104451287
13145,, , ,0,0,0,0,0, ,149.476045273,1296.46334403,201.75,58.946960121505
13146,, , ,0,0,0,0,0, ,146.012150554,1252.14097496,194.84765625,57.6034401476908
13147,, , ,0,0,0,0,0, ,166.165122178,1025.90858436,159.6484375,65.5633407173792
13148,, , ,0,0,0,0,0, ,172.440913557,1851.45318609,288.11328125,68.0251128240555
13149,, , ,0,0,0,0,0, ,67.218197207,282.370849811,43.94140625,26.5165149190566
13150,, , ,0,0,0,0,0, ,43.4585745111,115.346822672,17.94921875,17.1486791191298
13151,, , ,0,0,0,0,0, ,185.214898167,1107.38048903,172.3203125,72.9965893487434
13152,, , ,0,0,0,0,0, ,44.8944424567,124.862855822,19.4296875,17.7065705861802
13153,, , ,0,0,0,0,0, ,46.4159240138,124.133551304,19.31640625,18.2998988516995
13154,, , ,0,0,0,0,0, ,68.3915955052,275.09583061,42.80859375,26.9652213282637
13155,, , ,0,0,0,0,0, ,298.347857367,4404.48129334,685.37109375,117.788430417082
13156,, , ,0,0,0,0,0, ,64.972311005,249.503160436,38.82421875,25.6415941493222
13157,, , ,0,0,0,0,0, ,75.3571946815,347.509729132,54.078125,29.7173937655398
13158,, , ,0,0,0,0,0, ,435.512462477,8547.49142947,1330.0390625,171.939794874385
13159,, , ,0,0,0,0,0, ,463.839595121,13347.0784512,2077.0703125,182.947380864419
13160,, , ,0,0,0,0,0, ,294.732548846,4426.38499873,688.83984375,116.29999762186
13161,, , ,0,0,0,0,0, ,336.125427055,3474.8139749,540.71484375,132.601862837882
13162,, , ,0,0,0,0,0, ,361.909164331,7802.21832359,1214.08984375,142.766260961432
13163,, , ,0,0,0,0,0, ,332.582649373,4289.17166102,667.38671875,131.177961580114
13164,, , ,0,0,0,0,0, ,468.838145563,11270.096603,1753.58984375,185.020996946314
13165,, , ,0,0,0,0,0, ,170.675072622,1482.98212684,230.74609375,67.2881800424775
13166,, , ,0,0,0,0,0, ,259.174908297,2651.36028503,412.55078125,102.244056218954
13167,, , ,0,0,0,0,0, ,229.117977208,2699.79544339,420.0859375,90.3827988650855
13168,, , ,0,0,0,0,0, ,275.928850454,4197.90883705,653.19921875,108.841810112889
13169,, , ,0,0,0,0,0, ,326.953765768,6138.91035257,955.1796875,128.963088599356
13170,, , ,0,0,0,0,0, ,201.011785161,2391.2161682,372.0546875,79.2846309895908
13171,, , ,0,0,0,0,0, ,181.733488378,1735.9771573,270.10546875,71.6806605866922
13172,, , ,0,0,0,0,0, ,39.9980604891,96.189047575,14.9609375,15.7782149557138
13173,, , ,0,0,0,0,0, ,725.936257356,27180.6558575,4228.74609375,286.310239295242
13174,, , ,0,0,0,0,0, ,44.2465857637,120.651157095,18.76953125,17.4566672488129
13175,, , ,0,0,0,0,0, ,46.9762620858,136.405837685,21.22265625,18.533121895446
13176,, , ,0,0,0,0,0, ,42.3901823099,111.786577181,17.3984375,16.7227993272254
13177,, , ,0,0,0,0,0, ,125.86129684,931.487625817,144.921875,49.6208030826074
13178,, , ,0,0,0,0,0, ,115.585005924,755.060043872,117.4765625,45.5634307176487
13179,, , ,0,0,0,0,0, ,89.9135071876,405.855817366,63.1484375,35.4341818940303
13180,, , ,0,0,0,0,0, ,49.7159026474,135.73028386,21.1171875,19.5963564873418
13181,, , ,0,0,0,0,0, ,46.2728733346,132.626493867,20.63671875,18.2485577280403
13182,, , ,0,0,0,0,0, ,37.830633007,84.9928357397,13.21875,14.9287412490631
13183,, , ,0,0,0,0,0, ,205.481978872,2437.44747531,379.25390625,81.0542973442086
13184,, , ,0,0,0,0,0, ,203.685252864,2421.57444847,376.78125,80.345288586284
13185,, , ,0,0,0,0,0, ,207.891340665,2546.01927476,396.1484375,82.0052269727311
13186,, , ,0,0,0,0,0, ,225.483218002,2759.65767485,429.41015625,88.9442472361501
13187,, , ,0,0,0,0,0, ,244.674355185,2617.58471321,407.29296875,96.5270966879062
13188,, , ,0,0,0,0,0, ,229.155937535,2709.49691241,421.609375,90.3959909467338
13189,, , ,0,0,0,0,0, ,224.269977582,2620.35343133,407.7265625,88.4702641163823
13190,, , ,0,0,0,0,0, ,40.5593795106,101.273018927,15.75,15.995274547584
13191,, , ,0,0,0,0,0, ,43.8708785396,116.705454533,18.16015625,17.2994663248623
13192,, , ,0,0,0,0,0, ,43.5764502675,116.05536168,18.0546875,17.1944602614758
13193,, , ,0,0,0,0,0, ,45.6856843306,115.052525248,17.90234375,18.0089351117723
13194,, , ,0,0,0,0,0, ,58.5612201882,211.303452287,32.87890625,23.1057810126777
13195,, , ,0,0,0,0,0, ,60.8369324947,206.29712591,32.09375,23.9821129937467
13196,, , ,0,0,0,0,0, ,45.9790060042,130.924518291,20.37109375,18.1335780513211
13197,, , ,0,0,0,0,0, ,428.154741889,4587.80669054,713.87109375,168.885790381086
13198,, , ,0,0,0,0,0, ,206.729616548,2139.96480836,332.9921875,81.5734450862303
13199,, , ,0,0,0,0,0, ,225.207182171,2608.31870547,405.86328125,88.8337948072714
13200,, , ,0,0,0,0,0, ,235.421669609,2374.95259441,369.5546875,92.8518958649094
13201,, , ,0,0,0,0,0, ,228.063594088,2697.5388108,419.73828125,89.9601564758538
13202,, , ,0,0,0,0,0, ,246.935704337,2849.96930974,443.4609375,97.4131366371842
13203,, , ,0,0,0,0,0, ,213.993496104,2266.0111315,352.5859375,84.4082454249432
13204,, , ,0,0,0,0,0, ,199.187893591,2180.15113274,339.234375,78.5830580814822
13205,, , ,0,0,0,0,0, ,253.041756903,2742.24664944,426.6953125,99.8238904310791
13206,, , ,0,0,0,0,0, ,205.582629797,2328.9593794,362.390625,81.0945537362869
13207,, , ,0,0,0,0,0, ,211.914053011,2382.1043023,370.65234375,83.5741006504113
13208,, , ,0,0,0,0,0, ,273.838450101,3516.89583977,547.2265625,108.036630451947
13209,, , ,0,0,0,0,0, ,260.579041387,3903.78624252,607.421875,102.773801826818
13210,, , ,0,0,0,0,0, ,264.529652805,3989.07965333,620.70703125,104.349074624342
13211,, , ,0,0,0,0,0, ,259.251174292,3902.16293051,607.18359375,102.277444854028
13212,, , ,0,0,0,0,0, ,258.134380308,3843.18985956,598.0078125,101.837891144223
13213,, , ,0,0,0,0,0, ,254.64718271,3723.62991525,579.40234375,100.463559519936
13214,, , ,0,0,0,0,0, ,257.143719165,3833.62010006,596.5234375,101.44703133379
13215,, , ,0,0,0,0,0, ,256.928062237,3805.60967827,592.16796875,101.363232277535
13216,, , ,0,0,0,0,0, ,258.856999632,3856.86053225,600.140625,102.124987803301
13217,, , ,0,0,0,0,0, ,257.752598558,3828.74975636,595.765625,101.689711876079
13218,, , ,0,0,0,0,0, ,261.360533787,3882.34316973,604.109375,103.097278957297
13219,, , ,0,0,0,0,0, ,264.17186429,3975.20359314,618.546875,104.20940307238
13220,, , ,0,0,0,0,0, ,43.0837187523,147.712245524,22.859375,16.9737152821313
13221,, , ,0,0,0,0,0, ,196.985494246,2424.00560141,377.1953125,77.7014172020889
13222,, , ,0,0,0,0,0, ,109.740571715,752.679818832,117.12109375,43.2890029765098
13223,, , ,0,0,0,0,0, ,121.487278651,917.242501739,142.73046875,47.9304237757666
13224,, , ,0,0,0,0,0, ,278.426806734,4404.32922292,685.33203125,109.831839053948
13225,, , ,0,0,0,0,0, ,344.660595201,5946.59836362,925.3203125,136.01357176997
13226,, , ,0,0,0,0,0, ,316.001904309,5230.82990799,813.9453125,124.693019244277
13227,, , ,0,0,0,0,0, ,355.839000106,6299.51409278,980.23828125,140.429569394011
13228,, , ,0,0,0,0,0, ,321.629947242,5473.97766331,851.7890625,126.910375838627
13229,, , ,0,0,0,0,0, ,358.84692541,6358.96613204,989.5,141.615631728998
13230,, , ,0,0,0,0,0, ,344.447313257,5640.49867256,877.71875,135.934803752013
13231,, , ,0,0,0,0,0, ,349.872370553,6034.89748734,939.08203125,138.071975961275
13232,, , ,0,0,0,0,0, ,584.409592323,21328.4867439,3318.078125,230.519001267068
13233,, , ,0,0,0,0,0, ,261.842642679,2353.04093927,366.05078125,103.136293705064
13234,, , ,0,0,0,0,0, ,366.193909292,4870.17025137,757.625,144.621055887088
13235,, , ,0,0,0,0,0, ,302.269736685,3647.74194567,567.45703125,119.364463651025
13236,, , ,0,0,0,0,0, ,299.981027327,3681.1295949,572.65625,118.457524545599
13237,, , ,0,0,0,0,0, ,334.96682051,4790.49296347,745.2265625,132.265371611744
13238,, , ,0,0,0,0,0, ,312.732037405,4316.60531744,671.5,123.480562607447
13239,, , ,0,0,0,0,0, ,266.310605806,3313.96046739,515.52734375,105.142991869333
13240,, , ,0,0,0,0,0, ,181.019759446,1832.37707974,285.05078125,71.4435056727092
13241,, , ,0,0,0,0,0, ,256.759366971,4100.44438499,637.91015625,101.286482813023
13242,, , ,0,0,0,0,0, ,384.940421342,7287.23806048,1133.6796875,151.803946929339
13243,, , ,0,0,0,0,0, ,240.121102468,3209.47093716,499.28125,94.7712725258381
13244,, , ,0,0,0,0,0, ,626.081973159,7316.98071436,1138.27734375,247.325330676114
13245,, , ,0,0,0,0,0, ,451.595577331,8477.71190732,1318.8203125,178.244727221068
13246,, , ,0,0,0,0,0, ,518.317860998,4248.43124357,660.91796875,204.790677474218
13247,, , ,0,0,0,0,0, ,520.98566701,4832.98814134,751.8515625,205.83688378902
13248,, , ,0,0,0,0,0, ,516.760777503,4397.79925777,684.15234375,204.172955698432
13249,, , ,0,0,0,0,0, ,528.785536312,5686.77389639,884.67578125,208.908149739647
13250,, , ,0,0,0,0,0, ,203.171443985,2063.19330559,320.95703125,80.1223988985918
13251,, , ,0,0,0,0,0, ,198.976803436,1977.08220783,307.5703125,78.4854367897161
13252,, , ,0,0,0,0,0, ,208.828245768,2302.20136342,358.140625,82.3775449092575
13253,, , ,0,0,0,0,0, ,207.318196456,2426.9458291,377.546875,81.7921348075974
13254,, , ,0,0,0,0,0, ,204.182740188,2294.14494985,356.8984375,80.5446346053214
13255,, , ,0,0,0,0,0, ,209.210320966,2365.65827352,368.0234375,82.526547017839
13256,, , ,0,0,0,0,0, ,2048.45249981,94428.3399775,14678.76953125,807.197195273445
13257,, , ,0,0,0,0,0, ,286.361040823,4290.16025245,666.91796875,112.873932976549
13258,, , ,0,0,0,0,0, ,322.819317154,4172.68824839,648.625,127.272136966231
13259,, , ,0,0,0,0,0, ,280.586689328,3408.79038961,529.89453125,110.630071298359
13260,, , ,0,0,0,0,0, ,238.980041639,2390.41042144,371.58984375,94.2254229172114
13261,, , ,0,0,0,0,0, ,330.894694647,3444.09806654,535.3828125,130.536992644506
13262,, , ,0,0,0,0,0, ,216.97240313,2543.25612385,395.3671875,85.5297721022635
13263,, , ,0,0,0,0,0, ,259.51113572,3077.04072417,478.33984375,102.32593278427
13264,, , ,0,0,0,0,0, ,320.133112693,4387.40057703,682.03515625,126.267965124439
13265,, , ,0,0,0,0,0, ,290.94840829,3322.36997101,516.46875,114.7293728641
13266,, , ,0,0,0,0,0, ,44.9771763908,124.350577689,19.33203125,17.7292496200576
13267,, , ,0,0,0,0,0, ,49.2843274289,148.302766571,23.0546875,19.4268427307335
13268,, , ,0,0,0,0,0, ,142.624386676,1177.72912346,183.1015625,56.2673001467013
13269,, , ,0,0,0,0,0, ,296.507233689,3611.18139546,561.4296875,116.905840398627
13270,, , ,0,0,0,0,0, ,339.319596997,4885.31679027,759.50390625,133.732763675235
13271,, , ,0,0,0,0,0, ,322.65995786,4431.43582669,688.94140625,127.202341120959
13272,, , ,0,0,0,0,0, ,265.858189631,3737.34375521,581.0234375,104.811576014458
13273,, , ,0,0,0,0,0, ,187.396919577,2170.22205891,337.41796875,73.8758050091922
13274,, , ,0,0,0,0,0, ,237.44409972,2495.81963152,388.03515625,93.6392180795562
13275,, , ,0,0,0,0,0, ,363.471125425,5936.76414285,922.91796875,143.314909674749
13276,, , ,0,0,0,0,0, ,328.583203157,4653.39430477,723.3984375,129.530086712645
13277,, , ,0,0,0,0,0, ,266.442954764,2977.12652923,462.79296875,105.050381599308
13278,, , ,0,0,0,0,0, ,228.541501383,2949.43658228,458.48046875,90.0969869179049
13279,, , ,0,0,0,0,0, ,187.979975053,1846.55623648,287.03515625,74.0920821205365
13280,, , ,0,0,0,0,0, ,235.766344706,3169.3556569,492.67578125,92.9345643740664
13281,, , ,0,0,0,0,0, ,328.139881378,4819.10418471,749.1328125,129.378427067118
13282,, , ,0,0,0,0,0, ,276.077016678,3325.74930101,516.984375,108.845367137463
13283,, , ,0,0,0,0,0, ,307.215925516,4152.02714555,645.4375,121.162251024232
13284,, , ,0,0,0,0,0, ,242.412153405,2472.86988386,384.41796875,95.5967028682621
13285,, , ,0,0,0,0,0, ,273.289273859,3107.52369072,483.06640625,107.744840600527
13286,, , ,0,0,0,0,0, ,262.481824475,3260.86040241,506.9140625,103.488755788024
13287,, , ,0,0,0,0,0, ,300.295176206,3972.08992892,617.484375,118.397822983685
13288,, , ,0,0,0,0,0, ,313.388139917,3696.51195271,574.59375,123.549808587972
13289,, , ,0,0,0,0,0, ,174.873382894,1520.65280825,236.42578125,68.9859826736933
13290,, , ,0,0,0,0,0, ,225.924613793,2559.75170321,397.9921875,89.0848871813558
13291,, , ,0,0,0,0,0, ,223.541428689,2679.5196162,416.66796875,88.1519643134969
13292,, , ,0,0,0,0,0, ,298.81992221,3646.21792282,566.984375,117.844502694076
13293,, , ,0,0,0,0,0, ,314.963677858,4164.83063008,647.62890625,124.217276136102
13294,, , ,0,0,0,0,0, ,275.293734787,3654.04853186,568.21484375,108.599507499225
13295,, , ,0,0,0,0,0, ,193.91351635,1935.64718862,300.984375,76.5151830587316
13296,, , ,0,0,0,0,0, ,263.096503732,3722.29176573,578.8046875,103.752111059184
13297,, , ,0,0,0,0,0, ,254.724780308,3299.98734546,513.140625,100.374070509745
13298,, , ,0,0,0,0,0, ,244.732385065,3360.22721088,522.50390625,96.4996496917555
13299,, , ,0,0,0,0,0, ,249.316487037,3343.28380863,519.8515625,98.3114160042667
13300,, , ,0,0,0,0,0, ,247.299928789,3288.19874541,511.30078125,97.5203876494236
13301,, , ,0,0,0,0,0, ,117.970736966,857.459324754,133.3359375,46.5309697945978
13302,, , ,0,0,0,0,0, ,226.055485829,2529.21387026,393.29296875,89.1306669701795
13303,, , ,0,0,0,0,0, ,242.356084119,2699.03126437,419.6953125,95.5409491519762
13304,, , ,0,0,0,0,0, ,247.856902619,3116.49245138,484.609375,97.7287346868446
13305,, , ,0,0,0,0,0, ,226.817374324,2683.31385596,417.2421875,89.4379940121761
13306,, , ,0,0,0,0,0, ,259.678727658,3107.03578129,483.12890625,102.388636740893
13307,, , ,0,0,0,0,0, ,236.773001628,3081.55315719,479.171875,93.3699061652544
13308,, , ,0,0,0,0,0, ,324.343443618,4303.56511049,669.19921875,127.878464181956
13309,, , ,0,0,0,0,0, ,243.996426644,3179.43276904,494.3984375,96.2203382126138
13310,, , ,0,0,0,0,0, ,288.425365406,3976.9210539,618.40234375,113.726771664285
13311,, , ,0,0,0,0,0, ,318.326045485,4870.34842509,757.32421875,125.519522789746
13312,, , ,0,0,0,0,0, ,389.046691189,3967.78771285,616.99609375,153.398828092845
13313,, , ,0,0,0,0,0, ,353.551194657,5764.15296678,896.33984375,139.412070853864
13314,, , ,0,0,0,0,0, ,305.872853037,3911.66047587,608.2890625,120.607327151523
13315,, , ,0,0,0,0,0, ,357.737335293,4892.03019658,760.7421875,141.039324578686
13316,, , ,0,0,0,0,0, ,359.706867548,4371.83541925,679.828125,141.793788783998
13317,, , ,0,0,0,0,0, ,481.893393159,4339.32721763,674.7890625,190.351474829688
13318,, , ,0,0,0,0,0, ,461.655900829,6404.56472127,995.94921875,182.314837545071
13319,, , ,0,0,0,0,0, ,460.728447332,5992.61354787,931.890625,181.955824727558
13320,, , ,0,0,0,0,0, ,466.912827365,6666.38391592,1036.6640625,184.388617728628
13321,, , ,0,0,0,0,0, ,470.05603007,6930.68803448,1077.76171875,185.626587293822
13322,, , ,0,0,0,0,0, ,531.311868392,7360.68682259,1144.6328125,209.608325873534
13323,, , ,0,0,0,0,0, ,333.381558608,6944.65957938,1079.9296875,131.463181851065
13324,, , ,0,0,0,0,0, ,338.739311116,3591.33668622,558.46484375,133.524725260519
13325,, , ,0,0,0,0,0, ,220.311750543,2457.69725894,382.1796875,86.8771044457562
13326,, , ,0,0,0,0,0, ,201.025258035,2384.65666895,370.828125,79.2781992417843
13327,, , ,0,0,0,0,0, ,207.534249335,2184.79134309,339.74609375,81.8262484309631
13328,, , ,0,0,0,0,0, ,90.3820832416,503.5836354,78.3125,35.632607870911
13329,, , ,0,0,0,0,0, ,237.458072611,2650.56928121,412.171875,93.5770654050565
13330,, , ,0,0,0,0,0, ,81.0732542305,410.787824102,63.875,31.969409692586
13331,, , ,0,0,0,0,0, ,176.745409885,1680.05249928,261.25,69.6694806794635
13332,, , ,0,0,0,0,0, ,132.209953341,1091.85939403,169.7890625,52.1334202206395
13333,, , ,0,0,0,0,0, ,162.732879507,1520.8714767,236.49609375,64.1352774501809
13334,, , ,0,0,0,0,0, ,159.102772618,1291.6625798,200.86328125,62.7074415737293
13335,, , ,0,0,0,0,0, ,79.2830517114,390.991680186,60.80078125,31.2602680042818
13336,, , ,0,0,0,0,0, ,106.100426581,702.251572198,109.19921875,41.8362986141385
13337,, , ,0,0,0,0,0, ,114.304155657,798.281671804,124.13671875,45.061654357865
13338,, , ,0,0,0,0,0, ,173.805507398,1288.60061565,200.39453125,68.5474274305522
13339,, , ,0,0,0,0,0, ,265.101148994,4147.0545055,644.9296875,104.494002953575
13340,, , ,0,0,0,0,0, ,102.584354907,651.064196478,101.24609375,40.4461180239136
13341,, , ,0,0,0,0,0, ,43.2039762846,116.330095802,18.08984375,17.0393591773686
13342,, , ,0,0,0,0,0, ,45.5109468566,110.910307341,17.25390625,17.9609006891066
13343,, , ,0,0,0,0,0, ,378.042702282,6670.03985471,1037.3125,149.010049872127
13344,, , ,0,0,0,0,0, ,562.081641969,14557.0929295,2263.83203125,221.472136265022
13345,, , ,0,0,0,0,0, ,568.008667597,16461.3668942,2560.125,223.809729219912
13346,, , ,0,0,0,0,0, ,35.8065218119,102.026833651,15.78515625,14.1029812904259
13347,, , ,0,0,0,0,0, ,38.1669923821,115.922039242,17.95703125,15.0326908404459
13348,, , ,0,0,0,0,0, ,35.9866815494,103.056108138,15.94921875,14.1739399883463
13349,, , ,0,0,0,0,0, ,34.7059294091,95.8511867199,14.828125,13.6694870534559
13350,, , ,0,0,0,0,0, ,35.1686955665,98.4243729402,15.2421875,13.8517547839207
13351,, , ,0,0,0,0,0, ,37.8052117773,113.734830954,17.59765625,14.8901890558756
13352,, , ,0,0,0,0,0, ,38.7346406114,119.39584064,18.4609375,15.2562579420843
13353,, , ,0,0,0,0,0, ,38.4413508491,117.594610286,18.1953125,15.140711247639
13354,, , ,0,0,0,0,0, ,41.0055094942,133.805683477,20.69140625,16.1506440834745
13355,, , ,0,0,0,0,0, ,41.2609980073,135.478254526,20.97265625,16.2512721654654
13356,, , ,0,0,0,0,0, ,41.5149142363,137.15082556,21.2265625,16.3512808549029
13357,, , ,0,0,0,0,0, ,39.6014793654,124.799531707,19.31640625,15.5976450794649
13358,, , ,0,0,0,0,0, ,707.444830384,21054.8729125,3274.5234375,278.968903457263
13359,, , ,0,0,0,0,0, ,634.910554803,21893.665805,3404.9765625,250.314357427745
13360,, , ,0,0,0,0,0, ,41.3979156548,136.378869696,21.08984375,16.3051987499996
13361,, , ,0,0,0,0,0, ,30.5689205944,74.3618770275,11.5078125,12.0400284468307
13362,, , ,0,0,0,0,0, ,151.263777356,1400.09112559,217.75,59.6613707572404
13363,, , ,0,0,0,0,0, ,241.579020389,2718.31640298,422.7734375,95.3561174304129
13364,, , ,0,0,0,0,0, ,192.135989461,1753.38181543,272.6953125,75.7158340269734
13365,, , ,0,0,0,0,0, ,180.942085359,1622.09431345,252.28125,71.3067559960292
13366,, , ,0,0,0,0,0, ,78.7111689292,385.50909461,59.95703125,31.0455549064483
13367,, , ,0,0,0,0,0, ,134.351327261,1127.76953434,175.3984375,52.9862929733084
13368,, , ,0,0,0,0,0, ,372.428732136,7849.39431473,1220.75390625,146.962996298199
13369,, , ,0,0,0,0,0, ,246.92689574,3195.7393495,497.00390625,97.4474450538578
13370,, , ,0,0,0,0,0, ,156.571336056,1064.9720517,165.59375,61.8082158496995
13371,, , ,0,0,0,0,0, ,154.635541411,980.243256016,152.421875,61.0479875162177
13372,, , ,0,0,0,0,0, ,131.330167661,818.578151803,127.28515625,51.7354995412632
13373,, , ,0,0,0,0,0, ,188.42350446,1252.84825704,194.8046875,74.2011072233563
13374,, , ,0,0,0,0,0, ,157.900525652,1080.50999324,168.0078125,62.1944855697071
13375,, , ,0,0,0,0,0, ,184.193579955,1226.70697109,190.73828125,72.5426122947056
13376,, , ,0,0,0,0,0, ,264.65068585,2231.83455665,347.015625,104.308686052484
13377,, , ,0,0,0,0,0, ,314.400849779,4096.63489902,636.96875,123.972541734663
13378,, , ,0,0,0,0,0, ,1090.73662669,51269.4287753,7972.2734375,430.195800882802
13379,, , ,0,0,0,0,0, ,375.812895326,8106.80505473,1260.7890625,148.125489316775
13380,, , ,0,0,0,0,0, ,202.600168814,2538.4064883,394.671875,79.903830162109
13381,, , ,0,0,0,0,0, ,91.6157403868,500.645592196,77.83984375,36.1094290574637
13382,, , ,0,0,0,0,0, ,120.88331549,731.311468089,113.703125,47.7081948322218
13383,, , ,0,0,0,0,0, ,198.476848218,2454.61545773,381.6484375,78.2530088171271
13384,, , ,0,0,0,0,0, ,164.191770439,1556.0433879,241.9375,64.7065526886068
13385,, , ,0,0,0,0,0, ,184.992723916,2122.7119219,330.03515625,72.9318814398345
13386,, , ,0,0,0,0,0, ,72.7885683328,261.346899298,40.63671875,28.7278325917039
13387,, , ,0,0,0,0,0, ,239.153259373,3110.0443385,481.81640625,94.2190323262783
13388,, , ,0,0,0,0,0, ,197.418623216,3101.46135179,479.77734375,77.7454333157418
13389,, , ,0,0,0,0,0, ,496.210949823,13783.5320964,2143.03125,195.786924116624
13390,, , ,0,0,0,0,0, ,227.183244617,3171.67969267,493.1328125,89.6034286005217
13391,, , ,0,0,0,0,0, ,204.108724631,2763.08690744,427.84765625,80.3851916110589
13392,, , ,0,0,0,0,0, ,102.033198435,650.512175907,101.140625,40.2335433261772
13393,, , ,0,0,0,0,0, ,323.121199398,4949.44946572,769.51953125,127.282274102272
13394,, , ,0,0,0,0,0, ,66.7786171755,249.941825356,38.85546875,26.314057307368
13395,, , ,0,0,0,0,0, ,34.7292141681,95.9798460309,14.8515625,13.6765143723218
13396,, , ,0,0,0,0,0, ,212.892618842,2252.75488088,350.25390625,84.0211968653569
13397,, , ,0,0,0,0,0, ,62.0880450748,199.815203176,31.07421875,24.4613795260698
13398,, , ,0,0,0,0,0, ,748.118645423,34683.0336324,5392.32421875,294.995116139673
13399,, , ,0,0,0,0,0, ,227.606861756,4122.50164411,637.703125,89.6331165937956
13400,, , ,0,0,0,0,0, ,229.079602413,4176.02391748,645.96484375,90.2127967554447
13401,, , ,0,0,0,0,0, ,230.286821122,4220.15406119,652.7890625,90.687564239002
13402,, , ,0,0,0,0,0, ,226.97734106,4099.72894606,634.1875,89.3845970561181
13403,, , ,0,0,0,0,0, ,52.3847059966,165.321724734,25.70703125,20.6475671990626
13404,, , ,0,0,0,0,0, ,56.7803692922,196.447392399,30.54296875,22.3817131266081
13405,, , ,0,0,0,0,0, ,88.079908637,469.870287901,73.05078125,34.7182866749459
13406,, , ,0,0,0,0,0, ,36.5862415687,82.0974630464,12.76171875,14.4222567065788
13407,, , ,0,0,0,0,0, ,46.7257357602,133.305390673,20.72265625,18.4299177735762
13408,, , ,0,0,0,0,0, ,36.3479600531,79.1839010105,12.3125,14.3380764681482
13409,, , ,0,0,0,0,0, ,136.868347918,1022.60517795,158.9921875,53.9901265331967
13410,, , ,0,0,0,0,0, ,125.890168168,719.963738308,111.94140625,49.6917302329158
13411,, , ,0,0,0,0,0, ,242.887343684,1951.09578487,303.359375,95.8657552212522
13412,, , ,0,0,0,0,0, ,193.527058215,2980.39294008,461.05078125,76.2127659018165
13413,, , ,0,0,0,0,0, ,197.807246955,3113.6839863,481.6484375,77.8983455819532
13414,, , ,0,0,0,0,0, ,198.789715702,3144.69088026,486.46875,78.285014673393
13415,, , ,0,0,0,0,0, ,193.476926,2978.84902834,460.796875,76.1928012788012
13416,, , ,0,0,0,0,0, ,48.6559973205,147.962868369,23.0078125,19.1855199413544
13417,, , ,0,0,0,0,0, ,146.551937045,1039.17308829,161.56640625,57.8419732606247
13418,, , ,0,0,0,0,0, ,354.213870706,9867.93004722,1534.23828125,139.696100548621
13419,, , ,0,0,0,0,0, ,105.820194068,698.187893418,108.55078125,41.7296329246363
13420,, , ,0,0,0,0,0, ,1203.28324719,93187.2567961,14486.32421875,474.607478013621
13421,, , ,0,0,0,0,0, ,435.294334452,5595.66700568,869.90234375,171.65717197673
13422,, , ,0,0,0,0,0, ,65.8869197894,222.331782769,34.57421875,25.9708967463138
13423,, , ,0,0,0,0,0, ,204.438109595,2136.84328735,332.25390625,80.6633103977677
13424,, , ,0,0,0,0,0, ,216.955333573,2107.08181626,327.625,85.5887738361301
13425,, , ,0,0,0,0,0, ,42.1366530917,110.867914787,17.23828125,16.6165156537479
13426,, , ,0,0,0,0,0, ,68.3732285267,277.14338204,43.09375,26.9735191843278
13427,, , ,0,0,0,0,0, ,43.4223186036,114.655233377,17.828125,17.1281540384479
13428,, , ,0,0,0,0,0, ,43.8022638447,119.600561606,18.59375,17.2704982160325
13429,, , ,0,0,0,0,0, ,44.1253373364,117.334211833,18.24609375,17.3928347092188
13430,, , ,0,0,0,0,0, ,44.9317286641,125.63242658,19.53515625,17.7150780255545
13431,, , ,0,0,0,0,0, ,219.589793493,2322.17040498,361.0703125,86.6333657473564
13432,, , ,0,0,0,0,0, ,181.246035103,1733.16297316,269.48828125,71.4822625904257
13433,, , ,0,0,0,0,0, ,220.951086348,2335.23784083,363.08984375,87.1735110611801
13434,, , ,0,0,0,0,0, ,179.768669344,1715.58914636,266.7421875,70.9006470278909
13435,, , ,0,0,0,0,0, ,195.792593936,1977.10379984,307.41796875,77.2542044942383
13436,, , ,0,0,0,0,0, ,205.498802645,2096.12274635,325.91796875,81.0834726268126
13437,, , ,0,0,0,0,0, ,279.9775474,3348.00802584,520.56640625,110.489700128871
13438,, , ,0,0,0,0,0, ,195.46023457,1957.13131661,304.30078125,77.12429611454
13439,, , ,0,0,0,0,0, ,242.739290363,2737.51994727,425.640625,95.7668053620781
13440,, , ,0,0,0,0,0, ,46.3673613444,133.662031035,20.78125,18.2806239834218
13441,, , ,0,0,0,0,0, ,196.881892666,1962.31458792,305.10546875,77.685313936458
13442,, , ,0,0,0,0,0, ,198.707292088,2056.05842696,319.6796875,78.4019314376165
13443,, , ,0,0,0,0,0, ,211.436706108,2220.23506824,345.203125,83.4175108434148
13444,, , ,0,0,0,0,0, ,223.55311651,2428.74290692,377.625,88.1956217672796
13445,, , ,0,0,0,0,0, ,55.2618439432,182.70903925,28.41015625,21.799445217183
13446,, , ,0,0,0,0,0, ,196.345623798,1984.22260477,308.50390625,77.4717148661728
13447,, , ,0,0,0,0,0, ,43.9567518828,117.240947284,18.2265625,17.326643588519
13448,, , ,0,0,0,0,0, ,213.00768731,2419.18415075,376.12890625,84.0493357556645
13449,, , ,0,0,0,0,0, ,224.605045566,2393.10940134,372.08203125,88.6134874847885
13450,, , ,0,0,0,0,0, ,48.1909799178,145.055036515,22.55859375,19.0010884441984
13451,, , ,0,0,0,0,0, ,49.8097388893,154.972000921,24.09375,19.6393886827088
13452,, , ,0,0,0,0,0, ,213.985498989,2275.72621718,353.8203125,84.4172602927903
13453,, , ,0,0,0,0,0, ,182.666617323,1750.11906205,272.109375,72.0423487937074
13454,, , ,0,0,0,0,0, ,223.10330073,2681.41604076,416.89453125,87.9382420901558
13455,, , ,0,0,0,0,0, ,216.206260605,2506.88249233,389.76953125,85.2079834052925
13456,, , ,0,0,0,0,0, ,49.0966459795,140.245357068,21.8046875,19.3692512387972
13457,, , ,0,0,0,0,0, ,39.3043023605,93.7115852301,14.5703125,15.5031579314661
13458,, , ,0,0,0,0,0, ,155.750788748,1414.28878247,219.91015625,61.448127012934
13459,, , ,0,0,0,0,0, ,229.356816772,2783.12874827,432.76171875,90.4164931934526
13460,, , ,0,0,0,0,0, ,290.886000149,3844.64396647,597.8359375,114.686741859947
13461,, , ,0,0,0,0,0, ,273.512351527,3720.13743686,578.47265625,107.87083397303
13462,, , ,0,0,0,0,0, ,77.2298595838,352.289449339,54.77734375,30.4496248002933
13463,, , ,0,0,0,0,0, ,426.560245863,5837.9610649,907.7734375,168.167653701904
13464,, , ,0,0,0,0,0, ,283.023409326,3811.4593914,592.6640625,111.621105932831
13465,, , ,0,0,0,0,0, ,58.8144266991,205.411951534,31.9375,23.1949886990407
13466,, , ,0,0,0,0,0, ,67.5102966738,277.970137171,43.22265625,26.6129643152199
13467,, , ,0,0,0,0,0, ,100.753000805,627.079413019,97.51171875,39.7211768548933
13468,, , ,0,0,0,0,0, ,224.208655929,2539.56238952,394.8828125,88.4043938233053
13469,, , ,0,0,0,0,0, ,237.839461312,3060.00006529,475.8125,93.7906504990437
13470,, , ,0,0,0,0,0, ,226.229064776,2576.83536875,400.6796875,89.201706905178
13471,, , ,0,0,0,0,0, ,231.306948967,3034.47385123,471.83984375,91.1738468051031
13472,, , ,0,0,0,0,0, ,112.63973552,766.991646431,119.26171875,44.4009433497593
13473,, , ,0,0,0,0,0, ,209.075901318,2226.90721469,346.28125,82.387504546016
13474,, , ,0,0,0,0,0, ,209.358122631,2301.27981874,357.83984375,82.5914271958411
13475,, , ,0,0,0,0,0, ,39.7873219922,97.7177206782,15.19140625,15.6857395001245
13476,, , ,0,0,0,0,0, ,222.851088388,2476.96573994,385.16015625,87.8826102119725
13477,, , ,0,0,0,0,0, ,216.061362918,2230.81407549,346.875,85.2507329523904
13478,, , ,0,0,0,0,0, ,260.01216953,3439.53665992,534.8125,102.598791999216
13479,, , ,0,0,0,0,0, ,39.6700676389,97.2693918551,15.125,15.6395391893785
13480,, , ,0,0,0,0,0, ,241.366249276,2807.07821397,436.46484375,95.2087136609975
13481,, , ,0,0,0,0,0, ,252.925722466,3148.21723951,489.51953125,99.7149695136421
13482,, , ,0,0,0,0,0, ,46.8272532363,136.014536823,21.1484375,18.4619360312354
13483,, , ,0,0,0,0,0, ,64.5432967434,244.834737485,38.0625,25.4634943053865
13484,, , ,0,0,0,0,0, ,255.536192526,3002.52900812,466.87109375,100.779200157174
13485,, , ,0,0,0,0,0, ,235.73208521,2767.19144744,430.28515625,92.9350639991387
13486,, , ,0,0,0,0,0, ,237.079415485,2878.78567266,447.63671875,93.4855428623341
13487,, , ,0,0,0,0,0, ,60.0617777611,212.68689226,33.07421875,23.6727442993716
13488,, , ,0,0,0,0,0, ,250.659534005,2938.24891909,456.86328125,98.866653875082
13489,, , ,0,0,0,0,0, ,62.2993485155,238.793624591,37.1328125,24.5721516667715
13490,, , ,0,0,0,0,0, ,251.942758867,3256.32156072,506.3203125,99.4308604111018
13491,, , ,0,0,0,0,0, ,240.097557519,2793.05884289,434.29296875,94.7254646713987
13492,, , ,0,0,0,0,0, ,257.855972865,3372.38396203,524.37109375,101.751989100636
13493,, , ,0,0,0,0,0, ,240.129040044,2783.94532187,432.88671875,94.7078667203812
13494,, , ,0,0,0,0,0, ,248.468729295,3078.93952264,478.75390625,97.9940385192892
13495,, , ,0,0,0,0,0, ,255.509272633,2965.35306537,461.08984375,100.734979523173
13496,, , ,0,0,0,0,0, ,205.266902477,2090.25663778,325.015625,80.8936034904636
13497,, , ,0,0,0,0,0, ,247.845427782,3219.57712814,500.6171875,97.7302943211606
13498,, , ,0,0,0,0,0, ,261.793597001,2839.44821028,441.51171875,103.224569974247
13499,, , ,0,0,0,0,0, ,47.295471574,138.324071948,21.5078125,18.6535981903093
13500,, , ,0,0,0,0,0, ,170.222212932,1716.03954032,266.8203125,67.123401472617
13501,, , ,0,0,0,0,0, ,252.499975621,3311.04172839,514.83203125,99.5401862572936
13502,, , ,0,0,0,0,0, ,223.424775669,2520.90199812,391.96875,88.0952325410544
13503,, , ,0,0,0,0,0, ,56.7443203636,198.140407567,30.80859375,22.381230998839
13504,, , ,0,0,0,0,0, ,216.481107137,2313.20830191,359.671875,85.3095638069446
13505,, , ,0,0,0,0,0, ,228.557324581,2699.29958587,419.70703125,90.0568873801474
13506,, , ,0,0,0,0,0, ,209.57013041,2200.02815304,342.0859375,82.585511079917
13507,, , ,0,0,0,0,0, ,54.4745252448,175.916179424,27.3515625,21.47063316793
13508,, , ,0,0,0,0,0, ,227.063194343,2735.18803775,425.2890625,89.4659139801871
13509,, , ,0,0,0,0,0, ,227.553912502,2568.94428579,399.43359375,89.703012228244
13510,, , ,0,0,0,0,0, ,54.7426001383,182.561087781,28.38671875,21.5792259195423
13511,, , ,0,0,0,0,0, ,222.832678748,2518.78627126,391.6484375,87.8598439510496
13512,, , ,0,0,0,0,0, ,47.8786098365,142.701159712,22.1875,18.8771116296406
13513,, , ,0,0,0,0,0, ,273.097062711,3695.00323602,574.53515625,107.654530900963
13514,, , ,0,0,0,0,0, ,258.332878495,3328.52238248,517.546875,101.85838423489
13515,, , ,0,0,0,0,0, ,207.749429494,2065.54192951,321.171875,81.8718561130308
13516,, , ,0,0,0,0,0, ,55.1565670753,229.304180788,35.65234375,21.7491575779291
13517,, , ,0,0,0,0,0, ,313.273533856,3196.88168264,497.078125,123.501140432127
13518,, , ,0,0,0,0,0, ,66.9147428423,266.188041313,41.390625,26.3895064887414
13519,, , ,0,0,0,0,0, ,225.249712385,2314.05190409,359.81640625,88.8252568018564
13520,, , ,0,0,0,0,0, ,287.98947015,3409.21550847,530.09765625,113.606911926688
13521,, , ,0,0,0,0,0, ,449.387499216,5636.81075263,876.5,177.17396257366
13522,, , ,0,0,0,0,0, ,234.198660804,3383.15842053,526.015625,92.3262957844915
13523,, , ,0,0,0,0,0, ,165.082826801,1702.28320575,264.671875,65.0977217118271
13524,, , ,0,0,0,0,0, ,345.64906708,5491.87400421,853.90625,136.296295438741
13525,, , ,0,0,0,0,0, ,328.498096852,4905.151649,762.67578125,129.519442728834
13526,, , ,0,0,0,0,0, ,212.772626722,2729.42976207,424.375,83.9309588406236
13527,, , ,0,0,0,0,0, ,134.321857091,1014.52329274,157.74609375,52.9634476923799
13528,, , ,0,0,0,0,0, ,320.631833156,4380.56645218,681.11328125,126.443206239212
13529,, , ,0,0,0,0,0, ,378.939276069,5433.41967401,844.796875,149.398482656768
13530,, , ,0,0,0,0,0, ,251.614979487,3856.2204037,599.99609375,99.2603650237548
13531,, , ,0,0,0,0,0, ,313.261254072,4532.83241107,705.26953125,123.534914204713
13532,, , ,0,0,0,0,0, ,223.791183019,2700.50990492,420.19921875,88.2834766805889
13533,, , ,0,0,0,0,0, ,159.598470262,1456.8423394,226.69140625,62.9508228642926
13534,, , ,0,0,0,0,0, ,222.17186023,2652.0763917,412.66796875,87.6349721785755
13535,, , ,0,0,0,0,0, ,31.2608499809,57.5998256966,8.9609375,12.3372454361563
13536,, , ,0,0,0,0,0, ,45.0151472867,120.548073937,18.76171875,17.7496400219754
13537,, , ,0,0,0,0,0, ,55.7581568094,191.585869846,29.80859375,21.9992655748226
13538,, , ,0,0,0,0,0, ,246.857229968,2616.71312804,407.171875,97.3510930199737
13539,, , ,0,0,0,0,0, ,178.221734978,1737.19919701,270.31640625,70.3098716591119
13540,, , ,0,0,0,0,0, ,196.898867394,2206.4135977,343.3203125,77.644014086126
13541,, , ,0,0,0,0,0, ,50.3563753263,154.148507263,23.98828125,19.8572225808899
13542,, , ,0,0,0,0,0, ,176.826118353,1843.03711014,286.77734375,69.7402542865111
13543,, , ,0,0,0,0,0, ,43.9396495652,119.408246814,18.58203125,17.3360823553156
13544,, , ,0,0,0,0,0, ,39.2680624722,95.4031369721,14.84375,15.4866140974459
13545,, , ,0,0,0,0,0, ,174.195996777,1773.05835094,275.87890625,68.7035068231694
13546,, , ,0,0,0,0,0, ,39.765077955,92.7430430903,14.4296875,15.688298995534
13547,, , ,0,0,0,0,0, ,78.224508586,376.693982796,58.61328125,30.8530562745423
13548,, , ,0,0,0,0,0, ,210.823945208,2308.14898321,359.16015625,83.1548563119769
13549,, , ,0,0,0,0,0, ,42.5421295735,105.583959235,16.4296875,16.7728107407652
13550,, , ,0,0,0,0,0, ,183.126161184,2004.48201685,311.90234375,72.2215882556464
13551,, , ,0,0,0,0,0, ,4169.31865912,310560.804209,48321.15234375,1644.80451219775
13552,, , ,0,0,0,0,0, ,400.403579592,10001.7623405,1556.18359375,157.953169842166
13553,, , ,0,0,0,0,0, ,404.780444297,7840.28787004,1219.8984375,159.819254165273
13554,, , ,0,0,0,0,0, ,39.1279732285,121.832972777,18.8671875,15.4147019271828
13555,, , ,0,0,0,0,0, ,29.4811117796,69.1636414707,10.70703125,11.6142642404838
13556,, , ,0,0,0,0,0, ,29.521032058,69.3510768157,10.75,11.6299910424126
13557,, , ,0,0,0,0,0, ,16.6005931225,21.9299351003,3.38671875,6.53989741885661
13558,, , ,0,0,0,0,0, ,98.7606763633,608.925090785,94.73828125,38.9595971905715
13559,, , ,0,0,0,0,0, ,38.9188926173,120.53442072,18.65625,15.3321434662442
13560,, , ,0,0,0,0,0, ,191.124474831,1863.02422221,289.890625,75.4246712608404
13561,, , ,0,0,0,0,0, ,47.2192907223,139.349510448,21.6796875,18.6259152652788
13562,, , ,0,0,0,0,0, ,159.734501284,1437.35439166,223.65234375,62.9967446993244
13563,, , ,0,0,0,0,0, ,179.01111222,1911.68104597,297.453125,70.5972993472976
13564,, , ,0,0,0,0,0, ,194.331999445,2006.80418993,312.26171875,76.6631056722397
13565,, , ,0,0,0,0,0, ,193.247232343,1833.34548672,285.2578125,76.2131136142044
13566,, , ,0,0,0,0,0, ,41.6357434914,97.0537012549,15.1015625,16.4343668377076
13567,, , ,0,0,0,0,0, ,214.396200844,2299.44031774,357.78125,84.5802297983655
13568,, , ,0,0,0,0,0, ,56.8332937381,197.058891544,30.66796875,22.4254395751695
13569,, , ,0,0,0,0,0, ,276.249176944,3153.6292959,490.68359375,108.974342844729
13570,, , ,0,0,0,0,0, ,100.933420026,636.573708441,99.046875,39.8127146398138
13571,, , ,0,0,0,0,0, ,197.65063055,2178.51563023,338.9609375,77.9404173878278
13572,, , ,0,0,0,0,0, ,57.351176074,191.863615375,29.8515625,22.6116753916871
13573,, , ,0,0,0,0,0, ,228.703378905,2581.3167768,401.62890625,90.2321745226799
13574,, , ,0,0,0,0,0, ,46.9245627864,137.216942623,21.34765625,18.5113688170977
13575,, , ,0,0,0,0,0, ,158.097185146,1380.79134271,214.8359375,62.3836252626312
13576,, , ,0,0,0,0,0, ,58.0464658512,208.158731015,32.38671875,22.9013204703787
13577,, , ,0,0,0,0,0, ,186.308855533,2121.33515726,330.046875,73.502654269292
13578,, , ,0,0,0,0,0, ,201.014737766,2142.1173098,333.28125,79.2955535179526
13579,, , ,0,0,0,0,0, ,157.554931437,1391.46623158,216.50390625,62.1659318367659
13580,, , ,0,0,0,0,0, ,204.711089001,2505.01811243,389.76171875,80.7679361940373
13581,, , ,0,0,0,0,0, ,59.7804712606,218.525154665,34,23.5875070008555
13582,, , ,0,0,0,0,0, ,42.2469270083,106.431306104,16.55859375,16.6716073492202
13583,, , ,0,0,0,0,0, ,187.629068855,1770.37576621,275.46875,74.0392346838531
13584,, , ,0,0,0,0,0, ,253.579999619,2892.43386933,450.03125,100.020340670411
13585,, , ,0,0,0,0,0, ,56.1855374724,184.358417954,28.68359375,22.1513414929603
13586,, , ,0,0,0,0,0, ,44.6148006858,124.128619731,19.31640625,17.5999910193442
13587,, , ,0,0,0,0,0, ,47.2936036578,139.324467902,21.6796875,18.6530828666438
13588,, , ,0,0,0,0,0, ,497.118354326,13377.792097,2081.40625,196.04263768971
13589,, , ,0,0,0,0,0, ,342.296832586,7082.5948306,1101.9921875,134.970155208339
13590,, , ,0,0,0,0,0, ,199.989924314,2032.4693629,316.25,78.9355666930065
13591,, , ,0,0,0,0,0, ,758.380742604,18022.7256453,2804.4453125,299.04388315099
13592,, , ,0,0,0,0,0, ,292.819041483,4879.46339708,759.0859375,115.42497979082
13593,, , ,0,0,0,0,0, ,38.9337894564,120.626711399,18.6640625,15.3368937067307
13594,, , ,0,0,0,0,0, ,298.906441441,2718.80302412,422.40625,117.895943058131
13595,, , ,0,0,0,0,0, ,57.5045985886,194.025054829,30.1875,22.6697893401914
13596,, , ,0,0,0,0,0, ,21.7784241743,29.4898644898,4.58984375,8.59123403946868
13597,, , ,0,0,0,0,0, ,68.9844156252,230.493400468,35.859375,27.183332126518
13598,, , ,0,0,0,0,0, ,238.01472134,2679.99391474,416.93359375,93.9721397353105
13599,, , ,0,0,0,0,0, ,381.013568512,8702.24294868,1353.34765625,150.349112441969
13600,, , ,0,0,0,0,0, ,239.550927795,4566.52511443,706.82421875,94.3659667919767
13601,, , ,0,0,0,0,0, ,243.477824694,4717.46798954,730.1953125,95.9128826278274
13602,, , ,0,0,0,0,0, ,511.43954022,11205.5779877,1743.265625,201.855071928434
13603,, , ,0,0,0,0,0, ,46.8519194762,137.016223747,21.31640625,18.4811302701408
13604,, , ,0,0,0,0,0, ,72.5882834322,316.71476176,49.27734375,28.6197407981444
13605,, , ,0,0,0,0,0, ,51.4359531325,152.223989319,23.6796875,20.2991507110758
13606,, , ,0,0,0,0,0, ,612.209940508,15534.0821439,2416.79296875,241.22047993829
13607,, , ,0,0,0,0,0, ,229.505135593,2881.9162701,448.375,90.4775396832664
13608,, , ,0,0,0,0,0, ,225.241447546,2439.77950311,379.61328125,88.830955144531
13609,, , ,0,0,0,0,0, ,214.112995978,2310.31819717,359.47265625,84.4557745668822
13610,, , ,0,0,0,0,0, ,184.373052144,2002.51047823,311.5859375,72.7324906078328
13611,, , ,0,0,0,0,0, ,202.819617142,2290.52353813,356.390625,79.9911488593583
13612,, , ,0,0,0,0,0, ,184.092616005,1877.98625777,292.20703125,72.6294192679933
13613,, , ,0,0,0,0,0, ,158.318051195,1463.40874343,227.6953125,62.4515948246408
13614,, , ,0,0,0,0,0, ,180.607480313,1949.07277413,303.265625,71.2472237820439
13615,, , ,0,0,0,0,0, ,175.745316842,1864.16555267,290.0546875,69.3335227977086
13616,, , ,0,0,0,0,0, ,178.388872435,1902.98289731,296.08203125,70.3709748481637
13617,, , ,0,0,0,0,0, ,224.694558253,2663.14558816,414.3671875,88.6372300981121
13618,, , ,0,0,0,0,0, ,214.529371832,2656.81473645,413.37890625,84.6026731765579
13619,, , ,0,0,0,0,0, ,236.535106352,2460.59138337,382.8515625,93.2893626645316
13620,, , ,0,0,0,0,0, ,186.051108345,2052.87469954,319.4140625,73.3759426517437
13621,, , ,0,0,0,0,0, ,44.4331249942,122.30963804,19.0234375,17.524125211287
13622,, , ,0,0,0,0,0, ,46.9907691945,132.401259653,20.6015625,18.5296524124685
13623,, , ,0,0,0,0,0, ,64.8888313621,243.386868491,37.8671875,25.5835770903885
13624,, , ,0,0,0,0,0, ,181.133490683,1915.77298976,298.078125,71.434256208443
13625,, , ,0,0,0,0,0, ,193.608046934,2017.11858776,313.8515625,76.3622124686186
13626,, , ,0,0,0,0,0, ,227.040854757,2844.09769574,442.5078125,89.5867793807696
13627,, , ,0,0,0,0,0, ,41.9315103183,104.737687345,16.296875,16.5337154048947
13628,, , ,0,0,0,0,0, ,52.2273923991,156.008479669,24.26953125,20.5889994792293
13629,, , ,0,0,0,0,0, ,217.894752737,2115.81703879,329.1953125,85.9392973424781
13630,, , ,0,0,0,0,0, ,201.516370733,1954.68331248,304.12890625,79.4955328353942
13631,, , ,0,0,0,0,0, ,195.98773138,1893.25112159,294.57421875,77.3149460302418
13632,, , ,0,0,0,0,0, ,39.0130453259,94.9581901578,14.77734375,15.3874212823869
13633,, , ,0,0,0,0,0, ,42.9467644915,109.627359433,17.0546875,16.9479146481347
13634,, , ,0,0,0,0,0, ,171.49099481,1777.53385169,276.57421875,67.6550129369575
13635,, , ,0,0,0,0,0, ,199.561929221,2149.07126171,334.37109375,78.7120813557149
13636,, , ,0,0,0,0,0, ,181.690911249,1955.60396374,304.2734375,71.6738570596646
13637,, , ,0,0,0,0,0, ,176.960770817,1806.54522719,281.078125,69.8148440015393
13638,, , ,0,0,0,0,0, ,164.179980721,1542.60170655,240.00390625,64.7406601961202
13639,, , ,0,0,0,0,0, ,150.477640718,1365.33729432,212.4296875,59.3640050013893
13640,, , ,0,0,0,0,0, ,39.3763832421,96.1690637386,14.96484375,15.5346633462675
13641,, , ,0,0,0,0,0, ,226.222480767,2549.49459508,396.6796875,89.2145257819733
13642,, , ,0,0,0,0,0, ,190.458667831,2002.07377702,311.5,75.1391559317256
13643,, , ,0,0,0,0,0, ,186.013096875,1758.58984491,273.61328125,73.3788082668615
13644,, , ,0,0,0,0,0, ,48.770287592,136.675840435,21.26953125,19.2483252923674
13645,, , ,0,0,0,0,0, ,157.780835567,1397.99261672,217.5078125,62.2123551010033
13646,, , ,0,0,0,0,0, ,204.057172476,2584.559926,402.12890625,80.4765701422227
13647,, , ,0,0,0,0,0, ,185.013747772,1772.66185611,275.80078125,72.9862134195934
13648,, , ,0,0,0,0,0, ,40.6004816906,101.95749911,15.86328125,16.0114711143697
13649,, , ,0,0,0,0,0, ,53.1585803084,173.560007719,27.00390625,20.9627364605966
13650,, , ,0,0,0,0,0, ,224.048510207,2521.8858282,392.37109375,88.3563263402676
13651,, , ,0,0,0,0,0, ,182.377778429,1974.10468941,307.1484375,71.9452718690561
13652,, , ,0,0,0,0,0, ,162.91894576,1542.1410263,239.94140625,64.269128354327
13653,, , ,0,0,0,0,0, ,205.690299966,2619.97581958,407.640625,81.1181499484474
13654,, , ,0,0,0,0,0, ,157.594037233,1455.43586844,226.4453125,62.167804987397
13655,, , ,0,0,0,0,0, ,187.176295145,1863.77013116,289.98046875,73.8484205373354
13656,, , ,0,0,0,0,0, ,227.270304871,2493.37673555,387.94921875,89.6274138437539
13657,, , ,0,0,0,0,0, ,186.898513899,1944.05547924,302.4765625,73.7203465581206
13658,, , ,0,0,0,0,0, ,39.0123891681,83.8306620254,13.0390625,15.3988606348754
13659,, , ,0,0,0,0,0, ,73.7410506142,297.780270901,46.33203125,29.0661327128398
13660,, , ,0,0,0,0,0, ,247.814039561,2635.56845009,410.05859375,97.6681936821154
13661,, , ,0,0,0,0,0, ,228.871002158,3161.9054241,491.9453125,90.2871135781512
13662,, , ,0,0,0,0,0, ,224.908224816,3019.19576357,469.73828125,88.72718508527
13663,, , ,0,0,0,0,0, ,38.0262727596,89.6179545419,13.9453125,15.0020276919621
13664,, , ,0,0,0,0,0, ,41.6589476672,108.26327052,16.8515625,16.4336353154919
13665,, , ,0,0,0,0,0, ,186.847126873,1758.39008252,273.58203125,73.7115731584128
13666,, , ,0,0,0,0,0, ,43.6029311717,115.272739897,17.9296875,17.2048778507594
13667,, , ,0,0,0,0,0, ,226.230109292,2574.58212566,400.5546875,89.2273096786099
13668,, , ,0,0,0,0,0, ,37.7466436625,85.8075106195,13.34765625,14.8831489813731
13669,, , ,0,0,0,0,0, ,49.2488701285,151.443276179,23.5625,19.4270339560678
13670,, , ,0,0,0,0,0, ,221.34290405,2469.37314459,384.1875,87.3024277685517
13671,, , ,0,0,0,0,0, ,63.0109416129,238.71374835,37.14453125,24.8444116260938
13672,, , ,0,0,0,0,0, ,33.4483238462,69.8372356814,10.87109375,13.192485161934
13673,, , ,0,0,0,0,0, ,223.905706291,2509.49559236,390.4296875,88.3112225997904
13674,, , ,0,0,0,0,0, ,221.611870344,2476.48882835,385.30078125,87.4050738604543
13675,, , ,0,0,0,0,0, ,249.270509325,3095.55502766,481.62109375,98.3363033841649
13676,, , ,0,0,0,0,0, ,222.620375325,2518.80105222,391.88671875,87.8042045969637
13677,, , ,0,0,0,0,0, ,223.765809388,2443.1834445,380.12109375,88.257789574709
13678,, , ,0,0,0,0,0, ,228.291432953,2511.00653869,390.671875,90.0449704300111
13679,, , ,0,0,0,0,0, ,209.577037301,2219.80857301,345.36328125,82.6694410536181
13680,, , ,0,0,0,0,0, ,35.0460459901,75.9625706097,11.81640625,13.8264565694027
13681,, , ,0,0,0,0,0, ,209.022356903,2180.44513008,339.234375,82.4501626384346
13682,, , ,0,0,0,0,0, ,204.554103464,2082.27915842,323.97265625,80.6483945787125
13683,, , ,0,0,0,0,0, ,173.330914683,1669.96672981,259.8203125,68.3759873019307
13684,, , ,0,0,0,0,0, ,213.229171197,2644.62370321,411.44921875,84.1299946083115
13685,, , ,0,0,0,0,0, ,52.7748608539,170.269587588,26.48828125,20.8114276541048
13686,, , ,0,0,0,0,0, ,217.499297521,2736.22834882,425.703125,85.7991706794581
13687,, , ,0,0,0,0,0, ,226.030400683,2667.26637638,414.9765625,89.1433933369337
13688,, , ,0,0,0,0,0, ,218.862702404,2683.95574965,417.5703125,86.3071424244798
13689,, , ,0,0,0,0,0, ,237.371204921,3098.68992448,482.09375,93.6095940603648
13690,, , ,0,0,0,0,0, ,41.7807563171,105.319424471,16.3828125,16.4861267366089
13691,, , ,0,0,0,0,0, ,44.457408547,123.476636207,19.21875,17.53516216009
13692,, , ,0,0,0,0,0, ,45.4716938362,128.608909766,20.01171875,17.9382501795452
13693,, , ,0,0,0,0,0, ,231.075132388,2487.20677941,386.9609375,91.1437545039043
13694,, , ,0,0,0,0,0, ,213.952516136,2804.91248023,436.3828125,84.3727160753467
13695,, , ,0,0,0,0,0, ,46.4648525636,123.928865432,19.27734375,18.334777645804
13696,, , ,0,0,0,0,0, ,55.7732003512,185.954876369,28.9296875,21.9919514002486
13697,, , ,0,0,0,0,0, ,71.8395295473,321.809741863,50.06640625,28.3379990509581
13698,, , ,0,0,0,0,0, ,49.0396581455,148.379508069,23.0859375,19.3393475461378
13699,, , ,0,0,0,0,0, ,187.838771519,2181.07027767,339.3203125,74.0795951805829
13700,, , ,0,0,0,0,0, ,48.6982020369,147.579054911,22.95703125,19.2097711703128
13701,, , ,0,0,0,0,0, ,196.198079263,2211.50195946,344.0546875,77.3618873044438
13702,, , ,0,0,0,0,0, ,44.7860930723,121.407811518,18.88671875,17.6697328672467
13703,, , ,0,0,0,0,0, ,248.446766344,3323.60180245,517.07421875,98.0143926217906
13704,, , ,0,0,0,0,0, ,204.819274503,2460.83188686,382.83984375,80.7970058911832
13705,, , ,0,0,0,0,0, ,201.493457096,2392.21789474,372.1640625,79.4888070334906
13706,, , ,0,0,0,0,0, ,222.282625583,2523.04866509,392.515625,87.6772075229276
13707,, , ,0,0,0,0,0, ,198.535562459,1945.33153591,302.6484375,78.3092753110448
13708,, , ,0,0,0,0,0, ,181.534730665,1704.29937243,265.14453125,71.5885702237134
13709,, , ,0,0,0,0,0, ,193.917683478,2147.28563341,334.0625,76.4770478058197
13710,, , ,0,0,0,0,0, ,196.158411502,2214.63706019,344.54296875,77.359817906176
13711,, , ,0,0,0,0,0, ,195.484141689,2139.52608689,332.859375,77.0923348765988
13712,, , ,0,0,0,0,0, ,194.236202563,2223.37314817,345.89453125,76.6259590817027
13713,, , ,0,0,0,0,0, ,215.265715829,2425.1922552,377.28515625,84.8959756034531
13714,, , ,0,0,0,0,0, ,210.533053882,2494.05848965,388.0078125,83.0305327160294
13715,, , ,0,0,0,0,0, ,195.755562902,2191.50930313,340.9375,77.1968501113765
13716,, , ,0,0,0,0,0, ,197.856848945,2227.66364622,346.56640625,78.0301884947487
13717,, , ,0,0,0,0,0, ,186.595526056,1784.01776104,277.54296875,73.583302396779
13718,, , ,0,0,0,0,0, ,48.2973962936,133.176235226,20.71875,19.0580260564081
13719,, , ,0,0,0,0,0, ,49.9071914367,151.012207419,23.4921875,19.6900127812746
13720,, , ,0,0,0,0,0, ,45.9919902815,128.384679793,19.96875,18.1450904653835
13721,, , ,0,0,0,0,0, ,216.546116072,2594.62426189,403.640625,85.3918139829728
13722,, , ,0,0,0,0,0, ,224.762948093,2424.22308623,377.13671875,88.6441815080886
13723,, , ,0,0,0,0,0, ,217.1626715,2319.54254463,360.85546875,85.6490734746751
13724,, , ,0,0,0,0,0, ,220.049326268,2333.74560153,363.0546875,86.7847024420011
13725,, , ,0,0,0,0,0, ,57.8506332643,207.350587487,32.25390625,22.8206784937734
13726,, , ,0,0,0,0,0, ,82.9770338715,410.141118056,63.80078125,32.7389439247251
13727,, , ,0,0,0,0,0, ,50.9320565173,161.766180436,25.1640625,20.0870268057488
13728,, , ,0,0,0,0,0, ,49.5683295611,152.094808074,23.66015625,19.5535190401064
13729,, , ,0,0,0,0,0, ,400.412325785,9130.66593021,1419.9453125,157.815826992368
13730,, , ,0,0,0,0,0, ,315.32124916,5413.52203407,841.91015625,124.260548155655
13731,, , ,0,0,0,0,0, ,287.596557384,3078.31247021,478.8828125,113.432421915312
13732,, , ,0,0,0,0,0, ,31.9651400433,63.172202158,9.83203125,12.605646938935
13733,, , ,0,0,0,0,0, ,277.088944218,3270.09906128,508.734375,109.336755997394
13734,, , ,0,0,0,0,0, ,60.3460143367,223.223287167,34.73046875,23.8085067049846
13735,, , ,0,0,0,0,0, ,46.6566355419,131.572741591,20.47265625,18.3958751763704
13736,, , ,0,0,0,0,0, ,49.1827002424,145.119165179,22.57421875,19.391142581004
13737,, , ,0,0,0,0,0, ,363.262343534,4083.49440385,635.2734375,143.264311095271
13738,, , ,0,0,0,0,0, ,46.7181421011,131.295520131,20.421875,18.4197654344333
13739,, , ,0,0,0,0,0, ,31.5295710069,62.063106643,9.65625,12.4369530940668
13740,, , ,0,0,0,0,0, ,42.307387504,111.695093928,17.3828125,16.6890168269729
13741,, , ,0,0,0,0,0, ,31.5408809007,60.0995501075,9.34765625,12.4436025677772
13742,, , ,0,0,0,0,0, ,42.5069815058,105.933008267,16.484375,16.7595677365855
13743,, , ,0,0,0,0,0, ,247.467935927,3360.03465539,522.80078125,97.5814572758226
13744,, , ,0,0,0,0,0, ,208.457332731,1880.29875668,292.55859375,82.2408851716655
13745,, , ,0,0,0,0,0, ,184.111213962,1741.09349895,270.9140625,72.6488630571498
13746,, , ,0,0,0,0,0, ,1583.39556438,66433.7713213,10334.1171875,624.61441147607
13747,, , ,0,0,0,0,0, ,213.539262287,2493.7634349,387.72265625,84.190346143396
13748,, , ,0,0,0,0,0, ,46.4136962231,122.614065573,19.0625,18.3031359419596
13749,, , ,0,0,0,0,0, ,55.2085509896,182.293671454,28.34375,21.7600368217788
13750,, , ,0,0,0,0,0, ,47.3532638078,139.995911915,21.76171875,18.6705304639284
13751,, , ,0,0,0,0,0, ,44.2632098704,118.661328493,18.4453125,17.4514674326669
13752,, , ,0,0,0,0,0, ,50.8265579245,156.789630267,24.375,20.0462508440216
13753,, , ,0,0,0,0,0, ,280.012128442,3852.18034506,598.9921875,110.4294914377
13754,, , ,0,0,0,0,0, ,287.92442317,3743.78113687,582.125,113.507065006599
13755,, , ,0,0,0,0,0, ,155.590748822,1504.77407741,234.03515625,61.352483503767
13756,, , ,0,0,0,0,0, ,74.6904663457,346.619253561,53.9140625,29.459642514424
13757,, , ,0,0,0,0,0, ,401.519661661,8484.63971694,1319.80078125,158.360392314328
13758,, , ,0,0,0,0,0, ,161.599163397,1264.97239887,196.703125,63.7130848748886
13759,, , ,0,0,0,0,0, ,228.129615138,1674.081572,260.3125,89.9455181676351
13760,, , ,0,0,0,0,0, ,271.363520264,2913.8650153,453.09765625,106.93075140591
13761,, , ,0,0,0,0,0, ,123.024479872,943.226353625,146.66796875,48.5179002258138
13762,, , ,0,0,0,0,0, ,46.2014546204,127.49665097,19.8203125,18.2109593599603
13763,, , ,0,0,0,0,0, ,57.9253342524,209.048721225,32.5078125,22.8444889993292
13764,, , ,0,0,0,0,0, ,42.3608076721,105.369865358,16.3828125,16.6960095552395
13765,, , ,0,0,0,0,0, ,52.9795096494,174.25113291,27.09765625,20.8949963735325
13766,, , ,0,0,0,0,0, ,95.1855051592,491.574109643,76.44140625,37.5074326222316
13767,, , ,0,0,0,0,0, ,42.534691833,99.4652980052,15.46484375,16.7611481478836
13768,, , ,0,0,0,0,0, ,40.3735644816,96.4512187843,14.9921875,15.9248264308325
13769,, , ,0,0,0,0,0, ,43.3904682441,114.65005769,17.828125,17.1046389744109
13770,, , ,0,0,0,0,0, ,43.2819161919,105.19232721,16.3515625,17.0563779820555
13771,, , ,0,0,0,0,0, ,50.1383558443,150.277755782,23.37109375,19.7626641655516
13772,, , ,0,0,0,0,0, ,162.638870888,838.7280635,130.453125,64.2341803857936
13773,, , ,0,0,0,0,0, ,307.409372251,4001.20491196,622.31640625,121.372808830861
13774,, , ,0,0,0,0,0, ,213.990855806,2448.79077821,380.875,84.4585837565699
13775,, , ,0,0,0,0,0, ,119.989023896,895.062358702,139.2109375,47.3285766958546
13776,, , ,0,0,0,0,0, ,152.304117169,1442.41832987,224.35546875,60.0733933850606
13777,, , ,0,0,0,0,0, ,187.35672617,2016.56054774,313.65625,73.902341884045
13778,, , ,0,0,0,0,0, ,272.46484948,3919.81392214,609.64453125,107.406903578978
13779,, , ,0,0,0,0,0, ,199.755887957,2080.21049838,323.53515625,78.7143386562807
13780,, , ,0,0,0,0,0, ,81.8587884806,413.689046337,64.34375,32.2761245325183
13781,, , ,0,0,0,0,0, ,104.119004843,677.267636079,105.3359375,41.0598365151064
13782,, , ,0,0,0,0,0, ,34.7506526963,74.7938761132,11.63671875,13.7074754802711
13783,, , ,0,0,0,0,0, ,100.000456169,455.464279585,70.83984375,39.4792612044573
13784,, , ,0,0,0,0,0, ,221.507578765,2479.82815194,385.6796875,87.4094259037621
13785,, , ,0,0,0,0,0, ,176.81544576,1543.96399545,240.2578125,69.7514753566815
13786,, , ,0,0,0,0,0, ,206.995729096,2497.06852204,388.515625,81.6424057990928
13787,, , ,0,0,0,0,0, ,187.191368786,1611.5940717,250.71484375,73.7561516828472
13788,, , ,0,0,0,0,0, ,299.09902328,5081.8089441,790.68359375,117.948192676722
13789,, , ,0,0,0,0,0, ,79.0684474859,385.048775378,59.91015625,31.1811799827146
13790,, , ,0,0,0,0,0, ,37.3266970143,85.9029810398,13.3671875,14.720136510404
13791,, , ,0,0,0,0,0, ,41.4695332134,106.625687134,16.58984375,16.3546184398387
13792,, , ,0,0,0,0,0, ,44.27090884,118.679422996,18.46484375,17.456351507784
13793,, , ,0,0,0,0,0, ,51.2437194846,156.167174045,24.30078125,20.2039943253158
13794,, , ,0,0,0,0,0, ,42.1743135859,105.587615251,16.4296875,16.6429669740958
13795,, , ,0,0,0,0,0, ,45.1390173361,122.637027032,19.08203125,17.7981707029842
13796,, , ,0,0,0,0,0, ,47.7602882522,136.761164457,21.27734375,18.8314908764616
13797,, , ,0,0,0,0,0, ,211.462136395,2440.73915518,379.75,83.397539532791
13798,, , ,0,0,0,0,0, ,47.622949734,138.084283613,21.48046875,18.7908394611564
13799,, , ,0,0,0,0,0, ,44.2715649977,120.190777224,18.6953125,17.4579752632926
13800,, , ,0,0,0,0,0, ,191.666939497,2278.65380636,354.4765625,75.6098214268683
13801,, , ,0,0,0,0,0, ,44.8508542207,125.460614827,19.5234375,17.6882499092221
13802,, , ,0,0,0,0,0, ,134.548943505,1123.50545793,174.76953125,53.0591477626051
13803,, , ,0,0,0,0,0, ,215.713953228,2295.55874392,357.10546875,85.0847445255713
13804,, , ,0,0,0,0,0, ,151.293680141,1377.2023381,214.22265625,59.6666630086186
13805,, , ,0,0,0,0,0, ,163.319455605,1598.52527664,248.6484375,64.3864971025555
13806,, , ,0,0,0,0,0, ,734.350358537,16440.4123706,2556.9140625,289.441641440864
13807,, , ,0,0,0,0,0, ,508.034064195,13447.9813445,2093.375,200.312290538656
13808,, , ,0,0,0,0,0, ,440.541971389,8509.09250834,1324.07421875,173.862211797362
13809,, , ,0,0,0,0,0, ,302.806326828,5034.23505653,783.3515625,119.531070817508
13810,, , ,0,0,0,0,0, ,153.256668299,1080.45134885,168.12890625,60.463686461451
13811,, , ,0,0,0,0,0, ,98.9584635049,544.043194362,84.65234375,39.0621119622535
13812,, , ,0,0,0,0,0, ,65.9723090008,253.184135985,39.3984375,26.0102333756895
13813,,New,010-11-09-20.00-601,361582.28,1505926.65,2286.47,0,0, ,,2286.47049315963,356.06640625,75.9673506843229
13814,,PossiblyChanged,010-11-09-20.00-700,361615.77,1506376.6,355.12,0,0, ,,355.116973770392,55.3046875,29.7823214636572
13815,,New,010-11-09-20.00-700,361567.5,1506206.38,4365.24,0,0, ,,4365.239145746,679.77734375,115.168280447378
13816,,Changed,010-11-09-20.00-700,361709.37,1506342.18,1040.81,1279.78,-18.67, ,,1040.81513391414,162.08203125,51.6932925046915
13817,,Changed,010-11-09-20.00-601,361672.14,1505955.95,1540.59,1141.15,35, ,,1540.58745614054,239.91015625,81.846441052938
13818,,Existing,010-11-09-20.00-700,361605.66,1506450.25,1473.83,0,0, ,,1473.82234914704,229.51953125,63.3402433905261
13819,,Existing,010-11-09-20.00-601,361738.5,1505957,1522.36,0,0, ,,1522.35908121899,237.07421875,66.5399477700956
13820,,Existing,010-11-09-20.00-601,361837.88,1505893.01,2594.67,0,0, ,,2594.66663276013,404.0625,92.0160408821294
13821,,Existing,010-11-09-20.00-700,361734.44,1506307.5,245.45,0,0, ,,245.451909798611,38.2265625,24.8622526601038
13822,,Existing,010-11-09-20.00-700,361781.1,1506266.16,2574.34,0,0, ,,2574.34509361879,400.89453125,90.400368957234
13823,,Changed,090-10-09-09.00-1701,369082.99,1485794.04,6843.08,8458.06,-19.09, ,,6843.0869439266,1063.95703125,183.351742221868
13824,,New,090-10-09-09.00-1701,369698.65,1485727.2,4693.83,0,0, ,,4693.84059450082,729.80078125,127.77925679137
13825,,Changed,090-10-09-09.00-2000,369697.53,1486184.83,17919.69,17547.99,2.12, ,,17919.6794534301,2786.24609375,239.938734988647
13826,,Existing,090-10-09-09.00-1701,369184.35,1485872.22,2055.57,0,0, ,,2055.56795757368,319.6015625,72.0435488652221
13827,,Existing,090-10-09-09.00-1701,369362.14,1485874.95,9636.3,0,0, ,,9636.29702948621,1498.265625,256.25628229687
13828,,Existing,090-10-09-09.00-1701,369556.8,1485777.29,3679.62,0,0, ,,3679.61588478726,572.1171875,96.4433458772639
13829,,Existing,090-10-09-09.00-1701,369312.82,1485771.77,12193.08,0,0, ,,12193.0646870914,1895.7890625,271.005523408086
13830,,Existing,090-10-09-09.00-1701,369695.39,1485919.19,7265.3,0,0, ,,7265.3074537846,1129.62890625,192.715533062142
13831,,Existing,090-10-09-09.00-1711,369658.65,1486071.86,770.69,0,0, ,,770.691107465967,119.83203125,43.8994781019459
13832,,New,090-10-09-09.00-1703,369348.84,1487015.09,454.27,0,0, ,,454.263827897115,70.62890625,34.1967881861509
13833,,New,090-10-09-09.00-1703,369290.39,1486984.78,253.42,0,0, ,,253.415725117621,39.40234375,28.6709122540856
13834,,Existing,090-10-09-09.00-1703,369659.55,1486985.82,281.71,0,0, ,,281.712072325539,43.80859375,30.3795064591597
13835,,Existing,090-10-09-09.00-1703,369688.98,1486977.43,276.64,0,0, ,,276.644683774817,43.015625,30.3875016401305
13836,,Existing,090-10-09-09.00-1703,369543.06,1486956.58,296,0,0, ,,296.002198666922,46.02734375,30.8992429990435
13837,,Existing,090-10-09-09.00-1703,369527.21,1486933.26,279.09,0,0, ,,279.086105151517,43.39453125,30.3009134510026
13838,,Existing,090-10-09-09.00-1703,369717.16,1486850.9,294.93,0,0, ,,294.934097388766,45.85546875,30.6774352547666
13839,,Existing,090-10-09-09.00-1703,369696.29,1486829.29,305.62,0,0, ,,305.61765737981,47.51953125,30.9357463357026
13840,,Existing,090-10-09-09.00-1703,369579.11,1486801.68,282.55,0,0, ,,282.548912730353,43.93359375,30.6286237607165
13841,,Existing,090-10-09-09.00-1703,369555.67,1486819.28,272.85,0,0, ,,272.843900462574,42.42578125,30.3843874866264
13842,,Existing,090-10-09-09.00-1900,369857.95,1486425.82,3949.69,0,0, ,,3949.69489881863,614.1328125,110.473275519541
13843,,Existing,090-10-09-09.00-1900,369666.57,1486399.9,502.53,0,0, ,,502.528398069441,78.140625,41.8471178319683
13844,,Existing,090-10-09-09.00-1900,369769.97,1486340.62,258.7,0,0, ,,258.696789004529,40.2265625,25.5889892023179
13845,,Existing,090-10-09-09.00-1703,369620.41,1486896.82,1109.47,0,0, ,,1109.47258964878,172.51171875,60.4825601082777
13846,,Changed,090-10-09-09.00-1800,369846.95,1486676.02,3835.29,3186.39,20.36, ,,3835.2860562835,596.35546875,107.689883170934
13847,,New,090-10-09-09.00-1703,369580.19,1487223.12,474.55,0,0, ,,474.555313026443,73.79296875,34.8888998817542
13848,,New,090-10-09-09.00-1703,369705.65,1487216.13,265.09,0,0, ,,265.08943287609,41.2265625,28.6700270711722
13849,,New,090-10-09-09.00-1703,369813.75,1487245.08,254.79,0,0, ,,254.791253006804,39.625,28.7311751800399
13850,,New,090-10-09-09.00-1703,369395.98,1487151.4,257.56,0,0, ,,257.566243668223,40.0546875,28.7707323114763
13851,,New,090-10-09-09.00-1703,369282.45,1487126.98,259,0,0, ,,259.001528966153,40.27734375,28.811033497941
13852,,New,090-10-09-09.00-1703,369264.45,1487098.21,268.88,0,0, ,,268.874388855968,41.8125,29.3188342038971
13853,,New,090-10-09-10.00-2300,370611.38,1485426.35,569.73,0,0, ,,569.732547350016,88.578125,38.1319871124438
13854,,New,090-10-09-10.00-2300,370500.79,1485852.16,7842.16,0,0, ,,7842.16043292187,1219.3125,144.253361961721
13855,,Existing,090-10-09-10.00-2200,370518.99,1486057.43,34878.1,0,0, ,,34878.1206946898,5422.98828125,383.489841867096
13856,,Demolished,090-10-09-10.00-2300,370664.45,1485420.07,329.91,0,0, ,,329.908523497452,51.296875,30.6817422180996
13857,,Existing,090-10-09-09.00-1700,369958.13,1485987.57,8380.65,0,0, ,,8380.63247951629,1303.046875,160.497203902477
13858,,Existing,090-10-09-10.00-2300,370236.96,1485723.65,4302.24,0,0, ,,4302.24523466079,668.9140625,124.665089108145
13859,,Existing,090-10-09-10.00-2300,370326.29,1485773.72,6288.87,0,0, ,,6288.85455222352,977.796875,127.618925866118
13860,,Existing,090-10-09-10.00-2300,370304.46,1485596.29,388.65,0,0, ,,388.648036895343,60.42578125,34.5155472259657
13861,,Existing,090-10-09-10.00-2300,370399.84,1485675.23,564.79,0,0, ,,564.794814580905,87.81640625,38.5409523091383
13862,,Existing,090-10-09-10.00-2300,370740.16,1485740.63,3813.01,0,0, ,,3813.02095670578,592.8515625,109.472474402204
13863,,Existing,090-10-09-10.00-2300,370236.26,1485918.66,11722.18,0,0, ,,11722.2061499087,1822.59765625,193.469441790056
13864,,Existing,090-10-09-10.00-2200,370164.42,1486100.77,4347.25,0,0, ,,4347.25061702033,675.93359375,106.9898505646
13865,,Existing,090-10-09-10.00-2200,370314.7,1486089.67,2587.25,0,0, ,,2587.25441092643,402.28125,80.2988030309781
13866,,Existing,090-10-09-10.00-2300,370140.42,1485947.57,5925.68,0,0, ,,5925.68513783041,921.33984375,131.841652918805
13867,,Existing,090-10-09-09.00-2000,369982.48,1486258.41,924.66,0,0, ,,924.655942938166,143.77734375,49.7583097735681
13868,,Existing,090-10-09-09.00-1800,369976.27,1486633.77,2076.32,0,0, ,,2076.32458959423,322.84375,75.4310614445743
13869,,New,090-10-09-10.00-2300,370839.96,1485370.39,295.06,0,0, ,,295.054970203413,45.87109375,28.8903754946861
13870,,New,090-10-09-10.00-2300,370759.62,1485652.58,437.61,0,0, ,,437.61136182155,68.0390625,33.2580762781639
13871,,New,090-10-09-10.00-2200,370888.38,1486081.28,3397.54,0,0, ,,3397.53918442474,528.265625,101.410324349413
13872,,Demolished,090-10-09-10.00-2200,370930.11,1486152.68,1226.79,0,0, ,,1226.79296995283,190.7421875,67.7049665370678
13873,,Existing,090-10-09-10.00-1600,372410.5,1488700.31,194382.59,0,0, ,,194382.593690423,30229.625,875.993171122595
13874,,Demolished,090-10-09-10.00-1600,372344.59,1488365.66,3428.11,0,0, ,,3428.08950776714,533.109375,97.8997742808577
13875,,Existing,090-10-09-10.00-1600,372350.96,1488461.26,3908.93,0,0, ,,3908.93044271788,607.88671875,100.75733459808
13876,,Existing,090-10-09-03.00-1401,372297.2,1489099.57,569.44,0,0, ,,569.438495941299,88.5625,37.9351849828135
13877,,New,090-10-09-10.00-1600,372061.66,1488750.33,210.82,0,0, ,,210.816071707453,32.78515625,23.1776917016728
13878,,New,090-10-09-10.00-1600,371997.73,1488700.7,336.63,0,0, ,,336.635504901344,52.35546875,33.4339716522827
13879,,Existing,090-10-09-03.00-1400,372120.6,1489303.02,1468.5,0,0, ,,1468.49845022288,228.38671875,61.447864779466
13880,,Existing,090-10-09-03.00-1401,372222.76,1489141.98,4422,0,0, ,,4422.00266656242,687.72265625,105.506791455471
13881,,Existing,090-10-09-03.00-1401,372366.39,1489028.65,2064.18,0,0, ,,2064.18269304004,321.01953125,83.1024636560073
13882,,New,090-10-09-10.00-1200,372479.44,1486395.07,4441.68,0,0, ,,4441.67286116387,690.640625,127.852615396428
13883,,Existing,090-10-09-10.00-1000,372875.16,1486450.33,172.8,0,0, ,,172.799452854566,26.87109375,22.8591996248653
13884,,Existing,090-10-09-10.00-1000,372814.66,1486382.84,1669.61,0,0, ,,1669.60740759207,259.59765625,70.7899143585728
13885,,Existing,090-10-09-10.00-1100,372655.16,1486400.64,1336.03,0,0, ,,1336.02869797194,207.734375,60.8878959295838
13886,,Demolished,090-10-09-10.00-1200,372515.72,1486401.13,2811.88,0,0, ,,2811.88033490302,437.21484375,95.0089505366359
13887,,Existing,090-10-09-10.00-1300,373035.35,1487669.67,133488.72,0,0, ,,133488.800097295,20758,585.280956143145
13888,,New,090-10-09-10.00-1600,372414.27,1488462.33,325.41,0,0, ,,325.409410847682,50.609375,38.1189469967771
13889,,Existing,090-10-09-10.00-1500,372974.18,1488613.87,200114.11,0,0, ,,200114.108991236,31120.73046875,926.858437589673
13890,,Demolished,090-10-09-10.00-1600,372405.27,1488363.48,3462.3,0,0, ,,3462.29917716489,538.4296875,98.5550673498213
13891,,Demolished,090-10-09-10.00-1600,372626.88,1488435.86,888.57,0,0, ,,888.567350504811,138.18359375,47.4826718403388
13892,,Existing,090-10-09-10.00-1600,372671.3,1488436.55,1117.58,0,0, ,,1117.58461678418,173.796875,54.5325054896771
13893,,Existing,090-10-09-10.00-1300,372913.99,1487998.03,267.1,0,0, ,,267.101630711502,41.52734375,25.8684288808457
13894,,Existing,090-10-09-10.00-1600,372528.66,1488442.28,4475.57,0,0, ,,4475.5698391142,696.01171875,109.420573684514
13895,,Existing,090-10-09-03.00-1600,373075.62,1489223.88,3640.53,0,0, ,,3640.52347102798,566.17578125,112.702088561638
13896,,Existing,090-10-09-03.00-1700,373189.91,1489212.89,3128.39,0,0, ,,3128.38458873441,486.5390625,99.4626754240644
13897,,Demolished,010-11-09-22.00-600,372665.72,1505040.95,2279.44,0,0, ,,2279.43291462828,354.94140625,85.8447684379873
13898,,Changed,090-10-09-10.00-400,373801.53,1488444.1,1622.75,1427.42,13.68, ,,1622.75216589682,252.359375,70.8214588979926
13899,,Existing,090-10-09-10.00-400,373338.93,1488362.43,859.9,0,0, ,,859.896379137428,133.70703125,41.2598067682184
13900,,Existing,090-10-09-10.00-1300,373360.2,1487961.44,1586.05,0,0, ,,1586.05964887463,246.65625,78.1708345715652
13901,,Changed,090-10-09-10.00-400,373699.41,1488625.26,376404.11,350051.81,7.53, ,,376404.112541607,58536.5234375,1319.50500370495
13902,,Existing,090-10-09-10.00-1300,373341.51,1488045.07,1837.74,0,0, ,,1837.73543517386,285.78125,68.5591313454067
13903,,Existing,090-10-09-10.00-1300,373240.76,1488223.5,324.96,0,0, ,,324.955984500738,50.53515625,29.5022044751438
13904,,Existing,090-10-09-03.00-2200,373821.41,1489271.99,25799.44,0,0, ,,25799.4251188038,4012.3984375,290.727955644248
13905,,Changed,090-10-09-03.00-1800,373388.56,1489351.21,22625.26,9499.66,138.17, ,,22625.2527594546,3518.765625,408.064655754199
13906,,Existing,090-10-09-03.00-2200,373747.12,1489512.51,6237.19,0,0, ,,6237.18637034017,970.046875,127.659706623422
13907,,Existing,090-10-09-03.00-2100,373739.98,1490103.34,78056.28,0,0, ,,78056.2730828315,12140.3203125,481.829613299299
13908,,Existing,090-10-09-03.00-1800,373373.01,1489682.05,5987.25,0,0, ,,5987.25030656046,931.18359375,129.176040556393
13909,,Existing,090-11-09-27.00-201,373745.35,1503282.11,2837.59,0,0, ,,2837.59595737631,441.796875,92.1028750354097
13910,,Existing,090-11-09-27.00-200,373291.85,1503217.26,1415.33,0,0, ,,1415.32702878099,220.35546875,64.1620732119219
13911,,Existing,090-10-09-10.00-5601,374486.32,1486229.79,2679.96,0,0, ,,2679.95555703417,416.6875,95.1004371757828
13912,,Existing,090-10-09-10.00-5600,374343.7,1486081.06,2316.46,0,0, ,,2316.45697833905,360.17578125,76.9690715922162
13913,,Existing,090-10-09-10.00-5600,374298.48,1486151.66,1522.56,0,0, ,,1522.5574604199,236.7421875,62.5882321134597
13914,,Existing,090-10-09-10.00-5600,374278.45,1486246.06,3261.57,0,0, ,,3261.55959769762,507.1328125,101.25893807439
13915,,Existing,090-10-09-10.00-400,374709.02,1488823.71,105912.18,0,0, ,,105912.169969551,16471.25390625,830.354539990575
13916,,Changed,090-10-09-10.00-400,374417.02,1488691.04,7420.18,6942.8,6.88, ,,7420.19608874399,1153.95703125,166.700974124133
13917,,Existing,090-10-09-10.00-500,374503.51,1488364.86,7956.61,0,0, ,,7956.58460926082,1237.34375,142.400152009568
13918,,Existing,090-10-09-10.00-500,374501.56,1488252.87,1239.88,0,0, ,,1239.88457311811,192.81640625,60.4297926730969
13919,,Existing,090-10-09-03.00-2500,374284.89,1489540.61,3530.6,0,0, ,,3530.60854539796,549.10546875,101.180587070452
13920,,Existing,090-10-09-03.00-2700,374356.3,1489348.83,975.1,0,0, ,,975.103025313573,151.65234375,49.2708087607984
13921,,Existing,090-10-09-03.00-2700,374335.34,1489243.88,2807.63,0,0, ,,2807.61924790172,436.64453125,83.6752407844339
13922,,Existing,090-10-09-03.00-2800,374301.56,1489124.74,4362.74,0,0, ,,4362.75797268364,678.49609375,130.469616348054
13923,,Existing,090-10-09-03.00-2800,374351.54,1489124.59,4368.17,0,0, ,,4368.16581411948,679.33984375,129.825179544362
13924,,Existing,090-10-09-03.00-2400,374070.41,1489263.17,15690.6,0,0, ,,15690.601826323,2440.23828125,243.017798838822
13925,,Existing,090-10-09-03.00-2600,374480.73,1489624.69,8630.99,0,0, ,,8631.00083254832,1342.35546875,177.540057897294
13926,,Demolished,090-10-09-03.00-2300,374122.63,1489922.46,6763.21,0,0, ,,6763.19508849453,1051.8828125,154.812034560163
13927,,Existing,090-10-09-03.00-2300,374118.63,1489556.4,594.05,0,0, ,,594.045790078961,92.38671875,38.8144695808405
13928,,Existing,090-10-09-03.00-2300,374107.26,1489617.66,5406.32,0,0, ,,5406.31108363741,840.8203125,133.226501283107
13929,,Demolished,090-11-09-27.00-200,374187.84,1502473.11,1127.71,0,0, ,,1127.70513890046,175.55859375,69.4958817272533
13930,,Existing,090-10-09-10.00-5700,375067.38,1486238.99,2447.4,0,0, ,,2447.40245047689,380.5390625,78.5032401542791
13931,,New,090-10-09-10.00-5700,374936.28,1486251.96,385,0,0, ,,385.004855748918,59.859375,31.0591243573823
13932,,Existing, ,375236.86,1488638.74,188.49,0,0, ,,188.48894969348,29.30859375,19.3175583146684
13933,,Existing,090-10-09-10.00-100,375516.86,1488828.65,14064.67,0,0, ,,14064.6518104322,2187.296875,328.787805806067
13934,,Existing,090-10-09-10.00-100,375384.4,1488814.8,14571.51,0,0, ,,14571.4939405689,2266.125,284.782165119325
13935,,Existing,090-10-09-10.00-200,375232.63,1488785.78,362.57,0,0, ,,362.56818048729,56.38671875,30.0392273679207
13936,,Existing,090-10-09-10.00-200,375229.38,1488808.16,467.73,0,0, ,,467.732772473711,72.7421875,30.4306529817744
13937,,Existing,090-10-09-10.00-200,375284.32,1488814.92,465.14,0,0, ,,465.13737245052,72.3359375,30.3460310012645
13938,,Existing,090-10-09-10.00-200,375192.48,1488817.43,1421.37,0,0, ,,1421.36821437517,221.03515625,53.0475515778687
13939,,Existing,090-10-09-10.00-200,375223.17,1488835.55,180.61,0,0, ,,180.608275128999,28.0859375,18.9095614128131
13940,,Existing,090-10-09-10.00-200,375241.18,1488836.1,166.6,0,0, ,,166.600722582239,25.9140625,18.1613887738849
13941,,Existing,090-10-09-10.00-200,375272.99,1488838.88,200.38,0,0, ,,200.375645041488,31.171875,19.9175352339661
13942,,Existing,090-10-09-10.00-200,375289.04,1488843.16,199.77,0,0, ,,199.773883720646,31.0625,19.8875283902212
13943,,Existing,090-10-09-10.00-200,375276.97,1488890.75,1511.19,0,0, ,,1511.19874932626,235.015625,54.6982278536437
13944,,Existing,090-10-09-10.00-200,375228.7,1488886.29,1837.43,0,0, ,,1837.43438678512,285.7578125,60.3140805036512
13945,,Existing,090-10-09-10.00-200,375159.39,1488712.1,481.4,0,0, ,,481.399684094765,74.8671875,30.8718543357077
13946,,Existing,090-10-09-10.00-200,375097.82,1488705.37,1587.55,0,0, ,,1587.54802157633,246.890625,56.0933275675055
13947,,Existing,090-10-09-10.00-200,375237.66,1488735.67,7475.68,0,0, ,,7475.66834312497,1162.58984375,155.463194708976
13948,,Existing,090-10-09-10.00-200,375268.84,1488938.88,1868.4,0,0, ,,1868.39531888465,290.5703125,70.3082007643443
13949,,Existing,090-10-09-10.00-200,375256.83,1488855.54,833,0,0, ,,833.001476927647,129.546875,56.4331251755873
13950,,Existing,090-10-09-03.00-3000,375111.25,1490689.44,212.84,0,0, ,,212.834502103847,33.10546875,23.3244093228705
13951,,PossiblyChanged,090-10-09-03.00-3000,375117.03,1490740.42,1020.2,0,0, ,,1020.19858435828,158.6796875,56.3632089838909
13952,,Changed,090-10-09-03.00-3000,375314.38,1490815.81,2825.49,1617.5,74.68, ,,2825.49423760548,439.47265625,101.439496872409
13953,,Existing,090-10-09-03.00-3000,375178.61,1490695.06,3307.26,0,0, ,,3307.26242675736,514.41015625,91.6836742488037
13954,,New,090-11-09-35.34-401,377652.26,1494872.66,278.26,0,0, ,,278.259867267312,43.29296875,27.1771430639909
13955,,New,090-11-09-35.34-400,377756.43,1494899.95,4940.17,0,0, ,,4940.17967781564,768.6484375,118.482826277819
13956,,Changed,090-11-09-35.00-1600,377758.72,1495204.92,4583.46,5308.09,-13.65, ,,4583.45257493285,713.16015625,143.885373953722
13957,,New,090-11-09-35.00-1600,377824.23,1495181.57,162.1,0,0, ,,162.101246665043,25.21484375,20.6937508717563
13958,,New,090-11-09-35.00-1600,377903.77,1495193.44,2939.82,0,0, ,,2939.82128298844,457.41796875,86.2845495055728
13959,,New,090-11-09-35.34-400,377706.28,1494839.82,201.23,0,0, ,,201.227077286117,31.3125,22.3941477033206
13960,,Existing,090-11-09-35.00-1600,377610.79,1495221.77,1989.81,0,0, ,,1989.80580828904,309.6015625,78.5847693283625
13961,,Existing,090-11-09-35.34-401,377608.65,1494900.05,1289.42,0,0, ,,1289.42593781473,200.62109375,60.2877131571609
13962,,Demolished,090-11-09-35.34-400,377736.72,1494895.4,1487.36,0,0, ,,1487.35351135941,231.421875,61.0092189055047
13963,,Existing,090-11-09-35.00-1500,377787.82,1495464.25,2577.99,0,0, ,,2577.98338273121,401.12890625,80.2156126501724
13964,,Existing,090-11-09-35.00-1500,377847.58,1495459.91,1733.68,0,0, ,,1733.67463095729,269.7578125,69.8557168363819
13965,,Existing,090-11-09-35.00-1500,377625.03,1495443.61,1869.8,0,0, ,,1869.8003623093,290.9375,77.5211395867997
13966,,Existing,090-11-09-35.00-1500,377686.63,1495468.11,227.49,0,0, ,,227.486580438324,35.39453125,23.9953034578707
13967,,Existing,090-11-09-35.00-1500,377845.04,1495390.31,872.9,0,0, ,,872.89204696777,135.8203125,49.2689616452183
13968,,Changed,090-11-09-35.00-900,378074.5,1496739.94,44721.42,34450.51,29.81, ,,44721.4516693115,6959.25,386.428717901422
13969,,Existing,090-11-09-35.00-900,377895.92,1496741.1,43524.25,0,0, ,,43524.263760234,6772.953125,380.124764893415
13970,,Existing,090-11-09-35.00-900,378135.03,1496254.86,9470.38,0,0, ,,9470.38095661114,1473.66015625,158.272888910322
13971,,Existing,090-11-09-35.00-900,377715.04,1496740.11,44304.73,0,0, ,,44304.7357354493,6894.40234375,382.334664805315
13972,,Existing,090-10-09-11.00-300,378942.48,1486095.84,2070.34,0,0, ,,2070.33633260346,321.90234375,84.9267346488782
13973,,Existing,090-10-09-11.00-300,378949.01,1486233.7,1583.25,0,0, ,,1583.25585487513,246.17578125,69.848787850843
13974,,Existing,090-10-09-01.00-2400,382452.16,1492438.14,1596.69,0,0, ,,1596.68252464269,248.375,69.1410836306162
13975,,New,090-10-09-01.00-404,382774.55,1493735.32,1454.16,0,0, ,,1454.17017320268,226.23046875,60.6784071519214
13976,,New,090-10-09-01.00-406,382483.27,1494394.25,1221.44,0,0, ,,1221.43016136043,190.03515625,56.9377289915861
13977,,Existing,090-10-09-01.00-409,382747.7,1493872.38,3168.48,0,0, ,,3168.49018499545,492.9453125,105.392643985181
13978,,Existing,090-10-09-01.00-406,382546.97,1494317.15,2714.69,0,0, ,,2714.68966444458,422.35546875,96.0731209994465
13979,,Existing,090-10-09-01.00-300,382720.75,1494186.17,959.46,0,0, ,,959.450058926169,149.2734375,49.6534133589712
13980,,Existing,090-10-09-01.00-300,382758.36,1494177.18,266.05,0,0, ,,266.052892064909,41.39453125,25.7544587299126
13981,,Existing,090-10-09-01.00-301,382927.78,1494351.91,3232.21,0,0, ,,3232.2105776198,502.87890625,105.437610535766
13982,,Existing,090-10-09-01.00-301,382944.02,1494225.03,931.18,0,0, ,,931.183585843404,144.875,48.7993749376465
13983,,Existing,090-10-09-01.00-409,382864.95,1493934.75,166.65,0,0, ,,166.65595553722,25.9375,21.3432975031606
13984,,Existing,090-10-09-01.00-300,382725.49,1494240.98,949.19,0,0, ,,949.193107679268,147.671875,51.27991597409
13985,,Existing,090-10-09-01.00-300,382771.9,1494332.4,3519.23,0,0, ,,3519.22039415803,547.53125,107.151151590318
13986,,Existing,090-10-09-01.00-302,383108.99,1494363.45,2369.31,0,0, ,,2369.30857019971,368.6328125,94.9871700246048
13987,,Existing,090-10-09-01.00-302,383170.68,1494257.05,342.39,0,0, ,,342.392478688977,53.2734375,30.5327711186072
13988,,Existing,090-10-09-01.00-302,383085.91,1494189.87,1897.6,0,0, ,,1897.60310241439,295.23046875,69.5081218963431
13989,,Demolished,095-11-09-35.32-100,375686.74,1496447.81,1081.13,0,0, ,,1081.12614090918,168.234375,67.5886445192614
13990,,Existing,095-11-09-35.32-100,375688.9,1496851.01,962.21,0,0, ,,962.208546686465,149.73828125,65.8921101185318
13991,,Existing,095-11-09-35.32-100,375683.03,1496410.7,1222.89,0,0, ,,1222.89271129694,190.2890625,79.0663655122929
13992,,Existing,095-11-09-35.32-100,375798.85,1496276.57,946.89,0,0, ,,946.880935643923,147.34765625,64.9071272252103
13993,,New,095-11-09-35.32-100,375904.88,1496472.61,714.77,0,0, ,,714.766412875559,111.23046875,56.0348203688199
13994,,Existing,095-11-09-35.32-100,375947.97,1496479.63,745.97,0,0, ,,745.975752583499,116.0859375,58.1526707816699
13995,,Existing,095-11-09-35.32-100,376075.42,1496621.12,171.54,0,0, ,,171.535046550645,26.6953125,20.6744856808235
13996,,Changed,095-11-09-35.32-100,376075.38,1496582.01,1053.42,1295.73,-18.7, ,,1053.42191411402,163.92578125,69.4507477527063
13997,,Changed,095-11-09-35.32-100,376173.96,1496589.24,1027.7,1343.99,-23.53, ,,1027.70265272199,159.92578125,65.0006873240349
13998,,Existing,095-11-09-35.32-100,376164.46,1496550.16,754.71,0,0, ,,754.69982772915,117.4453125,50.8221350490429
13999,,Demolished,095-11-09-35.32-100,376165.43,1496709.24,1271.52,0,0, ,,1271.52315976804,197.859375,74.4586827299216
14000,,Demolished,095-11-09-35.32-100,376172.1,1496628.54,1212.13,0,0, ,,1212.1282950677,188.61328125,74.3182320479659
14001,,Demolished,095-11-09-35.32-100,376177.14,1496432.14,772.54,0,0, ,,772.539640358298,120.21484375,58.0549935764225
14002,,Demolished,095-11-09-35.32-100,375995.18,1496265.45,1394.44,0,0, ,,1394.44626359198,216.98828125,75.8776420532595
14003,,Demolished,095-11-09-35.32-100,375875.81,1496583.27,711.41,0,0, ,,711.407330783668,110.70703125,50.4886257512673
14004,,Demolished,095-11-09-35.32-100,375991.97,1496672.42,1016.13,0,0, ,,1016.11637497608,158.125,64.8559589393478
14005,,Demolished,095-11-09-35.32-100,376205.19,1496728.33,177.15,0,0, ,,177.151021140127,27.56640625,21.1023373501926
14006,,Existing,095-11-09-35.32-100,375793.4,1496380.18,862,0,0, ,,862.002868778826,134.1328125,61.1752198311515
14007,,Existing,095-11-09-35.32-100,375913.99,1496379.02,992.94,0,0, ,,992.939656736867,154.515625,64.9272347097483
14008,,Existing,095-11-09-35.32-100,376169.29,1496362.31,713.11,0,0, ,,713.112349294128,110.96484375,52.8071357076671
14009,,Existing,095-11-09-35.32-100,375835,1496587.88,840.08,0,0, ,,840.074736220904,130.71875,61.711028097142
14010,,Existing,095-11-09-35.32-100,376077.94,1496671.63,1003.82,0,0, ,,1003.82154007567,156.203125,70.3072699328851
14011,,Existing,095-11-09-35.32-100,375838.45,1496782.35,722.42,0,0, ,,722.410057961431,112.4140625,55.0656362747105
14012,,Existing,095-11-09-35.32-100,376078.59,1496774.3,603.78,0,0, ,,603.780257246268,93.953125,49.3074471099853
14013,,Existing,095-11-09-35.32-100,376172.59,1496826.12,945.1,0,0, ,,945.092286131491,147.0703125,63.9004394466054
14014,,Existing,095-11-09-35.32-100,375696.33,1496690.05,719.48,0,0, ,,719.474265908981,111.95703125,55.2947278713357
14015,,Demolished,095-11-09-35.32-100,375785.7,1496986.21,1146.61,0,0, ,,1146.61742838786,178.43359375,66.6873910782092
14016,,Demolished,095-11-09-35.32-100,376151.34,1496974.96,1294.89,0,0, ,,1294.88942240018,201.5078125,73.8088463879971
14017,,Demolished,095-11-09-35.32-100,375825.52,1496979.01,1053.92,0,0, ,,1053.91527913418,164.0078125,65.9125923295047
14018,,Existing,095-11-09-35.32-100,376099.46,1496974,951.58,0,0, ,,951.579527265223,148.08203125,65.1392837628972
