,Longitude,Latitude,red,blue,green,nir08
0,-73.995,40.771,0.16052500000000003,0.115645,0.14850750000000001,0.2020225
1,-73.995,40.772,0.14091749999999997,0.10577249999999999,0.13035750000000002,0.16165249999999998
2,-73.994,40.771,0.14347500000000002,0.10604750000000002,0.13035750000000002,0.1920675
3,-73.994,40.772,0.14091749999999997,0.10577249999999999,0.13035750000000002,0.15497
4,-73.994,40.773,0.13594,0.10842625,0.1289825,0.1526325
5,-73.993,40.771,0.12241000000000002,0.0987325,0.11237249999999999,0.1460325
6,-73.993,40.773,0.0753025,0.06947249999999999,0.07552249999999999,0.156125
7,-73.993,40.774,0.08828249999999999,0.0685925,0.08478999999999998,0.16860999999999998
8,-73.993,40.775,0.07876749999999999,0.06314750000000002,0.08052749999999997,0.1142975
9,-73.992,40.77,0.1471325,0.10486499999999999,0.1289825,0.18450500000000003
10,-73.992,40.771,0.13594,0.10296749999999999,0.12689250000000002,0.17257
11,-73.992,40.774,0.07277250000000002,0.073515,0.07681500000000002,0.12323499999999998
12,-73.992,40.775,0.0804725,0.06873000000000001,0.08671499999999999,0.12571
13,-73.992,40.776,0.07582499999999998,0.0630925,0.08096750000000003,0.20876
14,-73.991,40.77,0.134785,0.10225250000000002,0.11987999999999999,0.17116750000000003
15,-73.991,40.776,0.09392,0.0692525,0.10016249999999999,0.16157
16,-73.99,40.769,0.10788999999999999,0.08283750000000001,0.09815499999999999,0.1333275
17,-73.99,40.77,0.11306,0.08324999999999999,0.10090500000000002,0.1333275
18,-73.989,40.769,0.16201,0.12346874999999999,0.144685,0.17430250000000003
19,-73.989,40.77,0.181535,0.13486749999999997,0.16635499999999998,0.20590000000000003
20,-73.988,40.769,0.09342500000000001,0.0810775,0.08902499999999999,0.11825750000000002
21,-73.988,40.77,0.11306,0.09298499999999998,0.10637750000000001,0.14903
22,-73.988,40.771,0.1044525,0.08028000000000002,0.08993250000000003,0.1446575
23,-73.988,40.78,0.09196750000000001,0.07153499999999999,0.08584875,0.1197425
24,-73.988,40.781,0.08489999999999998,0.07029750000000001,0.07824500000000001,0.10549750000000002
25,-73.987,40.77,0.10104249999999998,0.08536749999999999,0.09271000000000001,0.133575
26,-73.987,40.771,0.09812749999999998,0.07186500000000001,0.08993250000000003,0.1446575
27,-73.987,40.772,0.100465,0.07286875000000001,0.09422249999999999,0.17235
28,-73.987,40.781,0.08635749999999998,0.0650175,0.08300249999999998,0.1463625
29,-73.987,40.782,0.059709999999999985,0.05214750000000001,0.06036999999999998,0.1865675
30,-73.986,40.772,0.06213000000000002,0.056520000000000015,0.060809999999999975,0.09644999999999998
31,-73.986,40.773,0.10280250000000002,0.07992250000000001,0.09620250000000002,0.1784825
32,-73.986,40.78,0.10282999999999998,0.07703500000000002,0.0961475,0.15497
33,-73.986,40.781,0.053027500000000005,0.045355000000000006,0.05382500000000001,0.15953499999999998
34,-73.986,40.782,0.05371500000000001,0.04441999999999999,0.061277499999999985,0.2208325
35,-73.986,40.783,0.042811249999999995,0.03956625,0.0534675,0.25639
36,-73.986,40.784,0.03226499999999999,0.03372249999999999,0.046262499999999984,0.265355
37,-73.985,40.773,0.08253500000000003,0.0710675,0.0839375,0.13
38,-73.985,40.774,0.08984999999999999,0.07164500000000001,0.08825499999999997,0.13519750000000003
39,-73.985,40.775,0.04663375,0.04851749999999999,0.05104750000000002,0.052037500000000014
40,-73.985,40.78,0.09017999999999998,0.07180999999999998,0.084515,0.11636000000000002
41,-73.985,40.781,0.06185499999999999,0.049754999999999994,0.06094749999999999,0.14608749999999998
42,-73.985,40.782,0.072525,0.06386249999999999,0.073515,0.15354
43,-73.985,40.783,0.06072749999999999,0.05019499999999999,0.06014999999999998,0.14864500000000003
44,-73.985,40.784,0.04997499999999999,0.04268749999999999,0.05566749999999998,0.23098000000000002
45,-73.985,40.785,0.048545000000000005,0.0418075,0.05608000000000002,0.254025
46,-73.985,40.786,0.11069499999999999,0.08569749999999998,0.10599249999999999,0.20581750000000001
47,-73.984,40.774,0.046564999999999995,0.04851749999999999,0.05104750000000002,0.05137750000000002
48,-73.984,40.775,0.08634375000000002,0.0687025,0.08209499999999997,0.13
49,-73.984,40.776,0.0761,0.05910500000000002,0.07456000000000002,0.1168825
50,-73.984,40.78,0.0962575,0.06864749999999997,0.08666000000000001,0.13778249999999997
51,-73.984,40.781,0.08095374999999999,0.060755,0.07413375,0.15497
52,-73.984,40.783,0.06908750000000002,0.05852750000000001,0.07010499999999997,0.15579500000000002
53,-73.984,40.784,0.05734499999999998,0.04716999999999999,0.06083749999999999,0.13992749999999998
54,-73.984,40.785,0.05588749999999998,0.04950750000000001,0.06553999999999999,0.21533249999999998
55,-73.984,40.786,0.08605499999999999,0.06520999999999999,0.08256249999999998,0.2203925
56,-73.983,40.768,0.11552125000000002,0.09242124999999998,0.11068124999999998,0.2082375
57,-73.983,40.772,0.1205675,0.08591749999999998,0.1110525,0.206505
58,-73.983,40.773,0.19267250000000002,0.146555,0.18105375,0.25887875000000005
59,-73.983,40.774,0.16421000000000002,0.11817499999999997,0.14451999999999998,0.21577249999999998
60,-73.983,40.775,0.06683250000000002,0.06224000000000002,0.06592500000000001,0.132145
61,-73.983,40.776,0.07134249999999998,0.05561250000000001,0.07065500000000002,0.1340425
62,-73.983,40.781,0.08850249999999998,0.07073750000000001,0.08357999999999999,0.127305
63,-73.983,40.782,0.08678375000000002,0.06698375000000001,0.08107750000000002,0.13174625
64,-73.983,40.783,0.10346250000000001,0.07920749999999999,0.09551500000000002,0.169655
65,-73.983,40.784,0.06155250000000001,0.05452625,0.06025999999999998,0.11292249999999998
66,-73.983,40.785,0.056877500000000025,0.046125,0.05932500000000002,0.18918000000000001
67,-73.982,40.767,0.06457750000000001,0.05880249999999998,0.06353249999999999,0.0874025
68,-73.982,40.768,0.09414,0.07659500000000002,0.08905249999999998,0.1293125
69,-73.982,40.769,0.1355825,0.10654249999999998,0.12571,0.1965225
70,-73.982,40.77,0.06580125,0.05906375,0.06742375,0.10094624999999999
71,-73.982,40.771,0.06215749999999998,0.05201,0.06262499999999999,0.0860825
72,-73.982,40.772,0.07920749999999999,0.0623225,0.07268999999999998,0.13354749999999999
73,-73.982,40.773,0.17364249999999998,0.12917499999999998,0.1553275,0.21071250000000002
74,-73.982,40.774,0.13261250000000002,0.1021425,0.12121374999999998,0.195285
75,-73.982,40.775,0.10929250000000001,0.08292,0.10203250000000003,0.162835
76,-73.982,40.776,0.07500000000000001,0.062363749999999996,0.07346000000000003,0.11592000000000002
77,-73.982,40.782,0.09955750000000002,0.07920749999999999,0.09229749999999998,0.14952500000000002
78,-73.982,40.783,0.10346250000000001,0.07920749999999999,0.09229749999999998,0.1645125
79,-73.982,40.784,0.09867749999999997,0.08297500000000002,0.09276499999999999,0.16091
80,-73.981,40.768,0.11704750000000003,0.09455249999999998,0.11025499999999999,0.1845325
81,-73.981,40.769,0.07986749999999998,0.060425000000000006,0.07596249999999999,0.2310625
82,-73.981,40.77,0.10731249999999998,0.08368999999999999,0.1003,0.19743
83,-73.981,40.771,0.09227000000000002,0.07158999999999999,0.08957500000000002,0.19671500000000003
84,-73.981,40.784,0.10098750000000001,0.07656750000000001,0.09688999999999998,0.13349250000000001
85,-73.981,40.787,0.14100000000000001,0.103435,0.12994499999999998,0.21051999999999998
86,-73.981,40.788,0.09664250000000002,0.06966499999999998,0.0865225,0.17207499999999998
87,-73.981,40.789,0.128185,0.1024725,0.11766625,0.194295
88,-73.98,40.77,0.06787749999999998,0.05709750000000002,0.07040750000000001,0.21051999999999998
89,-73.98,40.771,0.07942749999999998,0.06353249999999999,0.07560499999999998,0.176365
90,-73.98,40.786,0.07621,0.054649999999999976,0.06966499999999998,0.10384749999999998
91,-73.98,40.787,0.13165,0.10244500000000001,0.1260675,0.21265124999999999
92,-73.98,40.788,0.11796874999999998,0.09277875,0.10868750000000002,0.20961249999999998
93,-73.98,40.789,0.11108000000000001,0.0831675,0.10098750000000001,0.145125
94,-73.98,40.79,0.10453499999999999,0.06619999999999998,0.08184750000000002,0.17989875000000002
95,-73.98,40.791,0.112235,0.09210499999999999,0.1081375,0.16793625
96,-73.979,40.771,0.08250750000000001,0.06353249999999999,0.0812425,0.21591
97,-73.979,40.772,0.048985,0.044997499999999996,0.057977500000000015,0.27597
98,-73.979,40.786,0.09966750000000002,0.07134249999999998,0.08531250000000001,0.12669999999999998
99,-73.979,40.787,0.07577,0.05489749999999999,0.07092999999999999,0.1166625
100,-73.979,40.79,0.1471325,0.10126249999999998,0.12582,0.1893725
101,-73.979,40.791,0.169435,0.13077,0.15065250000000002,0.2171475
102,-73.978,40.771,0.06862000000000001,0.05374249999999997,0.07414749999999998,0.2719275
103,-73.978,40.772,0.05566749999999998,0.04549249999999999,0.062102500000000005,0.286255
104,-73.978,40.786,0.06845499999999999,0.05489749999999999,0.06548500000000002,0.1206775
105,-73.978,40.787,0.07895999999999997,0.05720750000000002,0.0761,0.10766999999999999
106,-73.978,40.79,0.09713749999999999,0.0746425,0.0867425,0.15579500000000002
107,-73.978,40.791,0.12048500000000001,0.10203250000000003,0.11649749999999998,0.20565250000000002
108,-73.977,40.771,0.03652749999999999,0.03495999999999999,0.049947500000000006,0.311115
109,-73.977,40.772,0.07585249999999999,0.0632025,0.08256249999999998,0.248965
110,-73.977,40.786,0.130495,0.10052,0.11887625000000002,0.17442625
111,-73.977,40.787,0.126755,0.09427750000000001,0.11286750000000001,0.18607250000000003
112,-73.977,40.79,0.11938500000000002,0.09059250000000002,0.11044749999999998,0.157995
113,-73.977,40.791,0.10929250000000001,0.08644000000000002,0.103875,0.14133
114,-73.976,40.77,0.03687125000000001,0.03409374999999999,0.04710125,0.27892625
115,-73.976,40.771,0.037847500000000006,0.0327875,0.049617499999999995,0.2880975
116,-73.976,40.786,0.1199075,0.0993925,0.115755,0.21678999999999998
117,-73.976,40.787,0.14903,0.1255175,0.144795,0.1886025
118,-73.976,40.79,0.08182,0.06782250000000001,0.08176499999999998,0.1389375
119,-73.975,40.77,0.032017500000000004,0.02901999999999999,0.04367750000000001,0.28279
120,-73.975,40.771,0.02745249999999999,0.028524999999999995,0.04425499999999999,0.31227
121,-73.975,40.786,0.12268499999999999,0.09898000000000001,0.11468250000000002,0.21139999999999998
122,-73.975,40.789,0.11908249999999998,0.09125250000000001,0.10679,0.1679775
123,-73.975,40.79,0.10442499999999999,0.07741999999999999,0.097275,0.1573075
124,-73.975,40.792,0.10783500000000001,0.08445999999999998,0.1015375,0.1282125
125,-73.975,40.793,0.09017999999999998,0.07436749999999998,0.08872249999999998,0.14146750000000002
126,-73.975,40.794,0.06972,0.050992499999999996,0.06452249999999998,0.11729499999999998
127,-73.974,40.769,0.03991,0.03762750000000001,0.04832500000000001,0.2676925
128,-73.974,40.77,0.036775,0.033420000000000005,0.04598749999999999,0.2475075
129,-73.974,40.785,0.1315675,0.097825,0.12037500000000001,0.21181250000000001
130,-73.974,40.786,0.14526250000000002,0.10472749999999997,0.128955,0.19258999999999998
131,-73.974,40.789,0.11503999999999998,0.08333249999999998,0.10560750000000002,0.15840749999999998
132,-73.974,40.79,0.13679249999999998,0.11069499999999999,0.12400499999999998,0.16179
133,-73.974,40.792,0.12747000000000003,0.0897675,0.11196,0.15705999999999998
134,-73.974,40.793,0.10984250000000001,0.07538499999999998,0.09562500000000002,0.16960000000000003
135,-73.974,40.794,0.09315000000000001,0.07417499999999999,0.0860825,0.14179750000000002
136,-73.974,40.795,0.1017575,0.08063749999999997,0.09832000000000002,0.1666025
137,-73.973,40.764,0.06542999999999999,0.05310999999999999,0.06537500000000002,0.091775
138,-73.973,40.765,0.05811499999999997,0.0476375,0.0623225,0.10604750000000002
139,-73.973,40.769,0.04480500000000001,0.04151875000000001,0.057042499999999996,0.2655475
140,-73.973,40.785,0.16762,0.14036749999999998,0.15178000000000003,0.22042
141,-73.973,40.786,0.13217250000000003,0.10090500000000002,0.114655,0.1846425
142,-73.973,40.789,0.13824999999999998,0.10786249999999997,0.12857000000000002,0.181425
143,-73.973,40.79,0.061387499999999984,0.054842500000000016,0.0626525,0.09876000000000001
144,-73.973,40.791,0.1646225,0.1352525,0.15734875,0.2180825
145,-73.973,40.792,0.12381249999999999,0.09554249999999997,0.11000749999999998,0.1670975
146,-73.973,40.795,0.12133749999999999,0.091775,0.11237249999999999,0.14974500000000002
147,-73.973,40.796,0.0985125,0.07406499999999999,0.09389249999999999,0.14397
148,-73.973,40.797,0.133025,0.11567250000000001,0.12428,0.1945425
149,-73.972,40.764,0.0986225,0.07926250000000001,0.09510249999999998,0.13511499999999999
150,-73.972,40.765,0.041092500000000004,0.03685749999999999,0.04574,0.19346999999999998
151,-73.972,40.766,0.034409999999999996,0.035042500000000004,0.04351250000000001,0.2440425
152,-73.972,40.767,0.036445000000000005,0.03694,0.050634999999999986,0.2440425
153,-73.972,40.768,0.0519,0.040047499999999986,0.0594075,0.2246825
154,-73.972,40.769,0.043237499999999984,0.03673375000000001,0.053343749999999995,0.27003
155,-73.972,40.784,0.12088374999999998,0.09313625,0.11219374999999998,0.19580750000000002
156,-73.972,40.785,0.12735999999999997,0.10093249999999998,0.12166749999999998,0.2216575
157,-73.972,40.788,0.09403,0.0740925,0.097715,0.22553499999999999
158,-73.972,40.789,0.128075,0.10112500000000002,0.12042999999999998,0.24049500000000001
159,-73.972,40.791,0.09986,0.07665,0.0990625,0.1618175
160,-73.972,40.792,0.15893000000000002,0.11913750000000001,0.1483425,0.2180825
161,-73.972,40.796,0.07736500000000002,0.06279000000000001,0.07566,0.12590249999999997
162,-73.972,40.797,0.09788000000000002,0.07590750000000002,0.09504750000000001,0.15458500000000003
163,-73.972,40.798,0.19072,0.17309249999999998,0.17207499999999998,0.23056749999999998
164,-73.971,40.764,0.08979500000000001,0.07772249999999997,0.0895475,0.10929250000000001
165,-73.971,40.765,0.1142975,0.07758500000000002,0.09543249999999998,0.1471325
166,-73.971,40.766,0.02588499999999999,0.0325675,0.0413675,0.20837499999999998
167,-73.971,40.767,0.04375999999999999,0.04345750000000001,0.05275249999999998,0.21633625
168,-73.971,40.768,0.04367750000000001,0.037489999999999996,0.052312499999999984,0.2322725
169,-73.971,40.769,0.03781999999999999,0.034272499999999984,0.050634999999999986,0.248965
170,-73.971,40.784,0.11481999999999998,0.07337749999999998,0.09545999999999999,0.16368749999999999
171,-73.971,40.785,0.14116499999999998,0.1085775,0.13060500000000003,0.23362
172,-73.971,40.788,0.08677000000000001,0.07681500000000002,0.08671499999999999,0.1887125
173,-73.971,40.789,0.06625500000000001,0.058719999999999994,0.06928000000000001,0.1785925
174,-73.971,40.79,0.0960925,0.07420249999999998,0.09085375000000001,0.15523125000000002
175,-73.971,40.791,0.1047825,0.07928999999999997,0.10074,0.19525750000000003
176,-73.971,40.797,0.06412375000000001,0.053453749999999994,0.06474250000000001,0.0935075
177,-73.971,40.798,0.09523999999999999,0.08272750000000001,0.09240749999999998,0.16522750000000003
178,-73.97,40.765,0.10794500000000001,0.08000499999999999,0.09735749999999999,0.1454275
179,-73.97,40.766,0.09469,0.07423000000000002,0.0931225,0.13665500000000003
180,-73.97,40.768,0.0693625,0.05456749999999999,0.07271749999999999,0.21104250000000002
181,-73.97,40.784,0.1393775,0.09631250000000002,0.12122749999999999,0.18497249999999998
182,-73.97,40.785,0.14168750000000002,0.1046725,0.13104500000000002,0.22660750000000002
183,-73.97,40.788,0.11894500000000002,0.09617500000000001,0.11556250000000001,0.241595
184,-73.97,40.79,0.08209499999999997,0.06614500000000001,0.08286500000000002,0.1265075
185,-73.97,40.791,0.0746425,0.059077500000000005,0.0746425,0.150625
186,-73.97,40.794,0.11355500000000002,0.09633999999999998,0.11022749999999998,0.15411750000000002
187,-73.97,40.795,0.12733250000000002,0.0982925,0.11248249999999999,0.15750000000000003
188,-73.969,40.765,0.11908249999999998,0.08765,0.10788999999999999,0.176585
189,-73.969,40.785,0.08184750000000002,0.06160749999999998,0.08173750000000002,0.236205
190,-73.969,40.787,0.10401250000000001,0.08072000000000001,0.10304999999999997,0.174275
191,-73.969,40.788,0.1312375,0.10085,0.126205,0.2395875
192,-73.969,40.79,0.08272750000000001,0.06496249999999998,0.07829999999999998,0.1769425
193,-73.969,40.793,0.1393775,0.10244500000000001,0.12565500000000002,0.19479000000000002
194,-73.969,40.794,0.11608500000000002,0.08798,0.10636375,0.17318875
195,-73.968,40.762,0.085175,0.066915,0.08278249999999998,0.09567999999999999
196,-73.968,40.763,0.09710999999999997,0.07662249999999998,0.08498250000000002,0.11963249999999997
197,-73.968,40.764,0.10709249999999998,0.08699000000000001,0.10373749999999998,0.19435000000000002
198,-73.968,40.765,0.08187499999999998,0.06628250000000002,0.07676,0.132915
199,-73.968,40.784,0.04013,0.037434999999999996,0.05049749999999997,0.2576825
200,-73.968,40.785,0.038892499999999997,0.03691249999999999,0.050167499999999976,0.2868875
201,-73.968,40.787,0.10150999999999999,0.08072000000000001,0.10304999999999997,0.174275
202,-73.968,40.789,0.09825124999999998,0.07467000000000001,0.09335625,0.145455
203,-73.968,40.79,0.09713749999999999,0.07456000000000002,0.09229749999999998,0.1911875
204,-73.968,40.793,0.11660749999999998,0.0813525,0.10098750000000001,0.15975499999999998
205,-73.968,40.8,0.09554249999999997,0.07662249999999998,0.09383750000000002,0.16162500000000002
206,-73.968,40.801,0.12276749999999997,0.0922425,0.11534250000000001,0.1850275
207,-73.968,40.802,0.079015,0.058445000000000025,0.07299250000000002,0.14113750000000003
208,-73.968,40.803,0.08407500000000001,0.06507249999999998,0.07835500000000001,0.150405
209,-73.968,40.805,0.07560499999999998,0.06169000000000002,0.07555,0.17988500000000002
210,-73.968,40.806,0.06696999999999997,0.05803249999999999,0.0706,0.17664000000000002
211,-73.967,40.762,0.13338250000000001,0.11069499999999999,0.12296000000000001,0.1505975
212,-73.967,40.763,0.10783500000000001,0.079235,0.09790749999999998,0.14168750000000002
213,-73.967,40.764,0.11649749999999998,0.09229749999999998,0.10808250000000003,0.16088249999999998
214,-73.967,40.765,0.1263975,0.10087750000000001,0.11921999999999999,0.1973475
215,-73.967,40.784,0.03820499999999999,0.034107499999999985,0.048806249999999995,0.276575
216,-73.967,40.785,0.03836999999999999,0.03397,0.047664999999999985,0.2911225
217,-73.967,40.789,0.08947875,0.07337749999999998,0.08452874999999999,0.14573000000000003
218,-73.967,40.793,0.10063,0.07568749999999999,0.09496500000000002,0.14772375000000001
219,-73.967,40.794,0.12296000000000001,0.096945,0.11548000000000003,0.19135249999999998
220,-73.967,40.8,0.1621475,0.11784499999999998,0.14925,0.2053775
221,-73.967,40.801,0.14188,0.10205999999999998,0.1255175,0.17306500000000002
222,-73.967,40.802,0.09953000000000001,0.07332250000000001,0.08817249999999999,0.14595000000000002
223,-73.967,40.803,0.09353499999999998,0.07268999999999998,0.091225,0.1763925
224,-73.967,40.804,0.11636000000000002,0.0899875,0.10761500000000002,0.15926
225,-73.967,40.805,0.09127999999999997,0.0721675,0.0810225,0.114875
226,-73.967,40.806,0.04059750000000001,0.038479999999999986,0.05363249999999997,0.20199499999999998
227,-73.967,40.807,0.05466374999999998,0.04392499999999999,0.05895375,0.138855
228,-73.967,40.808,0.04956250000000001,0.04560249999999999,0.049534999999999996,0.16454000000000002
229,-73.966,40.761,0.1192475,0.0961475,0.11292249999999998,0.17809750000000002
230,-73.966,40.762,0.10439749999999998,0.079895,0.09510249999999998,0.1337125
231,-73.966,40.784,0.0625425,0.049699999999999994,0.07043500000000003,0.25221
232,-73.966,40.793,0.06760250000000001,0.05729000000000001,0.0742025,0.2420075
233,-73.966,40.794,0.08854375,0.06782249999999998,0.08887375,0.21764250000000002
234,-73.966,40.799,0.1044525,0.07937250000000001,0.10079500000000002,0.2018025
235,-73.966,40.8,0.1014275,0.07937250000000001,0.09848499999999999,0.17757499999999998
236,-73.966,40.804,0.11332125000000001,0.08531249999999999,0.10266499999999998,0.155025
237,-73.966,40.808,0.07312999999999997,0.061360000000000026,0.07323999999999997,0.1500475
238,-73.966,40.809,0.07662249999999998,0.06422,0.07959250000000001,0.1623125
239,-73.965,40.761,0.10027249999999999,0.08063749999999997,0.09427750000000001,0.16088249999999998
240,-73.965,40.783,0.07080625000000002,0.06068625,0.07435375,0.21501625000000002
241,-73.965,40.784,0.056520000000000015,0.045795,0.062377499999999975,0.23626000000000003
242,-73.965,40.792,0.08888750000000001,0.06812499999999999,0.08605499999999999,0.1772725
243,-73.965,40.793,0.0882,0.06727250000000001,0.08201249999999999,0.19267250000000002
244,-73.965,40.799,0.11306,0.08292,0.1041225,0.20040000000000002
245,-73.965,40.8,0.13712249999999998,0.11652499999999999,0.13052249999999999,0.2190725
246,-73.965,40.808,0.1270575,0.09865000000000002,0.114655,0.174825
247,-73.965,40.809,0.1298625,0.09865000000000002,0.114655,0.17994
248,-73.964,40.76,0.11669000000000002,0.08248,0.10349000000000003,0.15571249999999998
249,-73.964,40.761,0.1019775,0.08050000000000002,0.09686250000000002,0.147655
250,-73.964,40.782,0.02912999999999999,0.03001000000000001,0.04073499999999999,0.27421
251,-73.964,40.783,0.043045,0.03680249999999999,0.05198249999999999,0.2570225
252,-73.964,40.784,0.033557500000000004,0.030023749999999988,0.04481874999999999,0.22996250000000001
253,-73.964,40.792,0.04048750000000001,0.0354275,0.053027500000000005,0.2780325
254,-73.964,40.793,0.08888750000000001,0.06812499999999999,0.08605499999999999,0.1772725
255,-73.964,40.799,0.15827000000000002,0.12950499999999998,0.14936,0.22572750000000003
256,-73.964,40.803,0.10830250000000002,0.07940000000000003,0.102995,0.21503
257,-73.964,40.808,0.1270575,0.10181249999999997,0.1257375,0.1801875
258,-73.964,40.809,0.07145249999999997,0.05434749999999999,0.07211250000000002,0.193635
259,-73.963,40.76,0.09006999999999998,0.0719475,0.08734750000000002,0.16599750000000002
260,-73.963,40.781,0.04133999999999999,0.0343,0.0505525,0.24759000000000003
261,-73.963,40.782,0.029487499999999986,0.0265725,0.040514999999999995,0.2610925
262,-73.963,40.783,0.04629,0.037434999999999996,0.05363249999999997,0.2599925
263,-73.963,40.791,0.06034250000000002,0.049095,0.06705250000000001,0.2691225
264,-73.963,40.792,0.04048750000000001,0.0354275,0.053027500000000005,0.30014250000000003
265,-73.963,40.798,0.14754499999999998,0.11740499999999998,0.1408625,0.22212500000000002
266,-73.963,40.799,0.12367499999999998,0.09105999999999997,0.1146275,0.1916275
267,-73.963,40.802,0.0808025,0.06177250000000001,0.07973000000000002,0.16924250000000002
268,-73.963,40.803,0.08344249999999998,0.06349125,0.08399250000000003,0.21503
269,-73.963,40.808,0.06831749999999998,0.05613499999999999,0.07211250000000002,0.1645125
270,-73.963,40.809,0.07209874999999999,0.057867500000000016,0.07621,0.193635
271,-73.963,40.81,0.07555,0.054127499999999995,0.0746425,0.20163750000000003
272,-73.962,40.759,0.09006999999999998,0.06603500000000001,0.08520250000000001,0.1205675
273,-73.962,40.76,0.11889,0.08578000000000002,0.10821999999999998,0.151725
274,-73.962,40.78,0.09955750000000002,0.07392749999999998,0.09326000000000001,0.19099500000000003
275,-73.962,40.781,0.07450499999999999,0.05899500000000002,0.07533000000000001,0.22732249999999998
276,-73.962,40.791,0.039896249999999994,0.037544999999999995,0.05364624999999998,0.30784249999999996
277,-73.962,40.792,0.05104750000000002,0.04648250000000001,0.05932500000000002,0.2653
278,-73.962,40.798,0.13899250000000002,0.11327999999999999,0.12991750000000002,0.19863999999999998
279,-73.962,40.802,0.1548875,0.11303249999999998,0.14001000000000002,0.2194025
280,-73.962,40.803,0.08855750000000001,0.0746425,0.09518500000000002,0.22055750000000002
281,-73.962,40.81,0.126755,0.10505750000000003,0.11724000000000001,0.1541725
282,-73.961,40.759,0.11483375000000001,0.08045875,0.10483749999999997,0.17877125000000002
283,-73.961,40.76,0.12370249999999999,0.08787,0.11182249999999999,0.14025749999999998
284,-73.961,40.772,0.115975,0.08869500000000002,0.10635,0.14707750000000003
285,-73.961,40.773,0.10703750000000001,0.0783275,0.0957625,0.1377825
286,-73.961,40.78,0.09049625,0.07005,0.0844875,0.15931499999999998
287,-73.961,40.79,0.04980999999999999,0.04183500000000001,0.05948999999999999,0.3114725
288,-73.961,40.791,0.03825999999999999,0.03339249999999999,0.053769999999999984,0.3188425
289,-73.961,40.797,0.11757000000000001,0.08891500000000002,0.11229,0.19168249999999998
290,-73.961,40.798,0.09383750000000002,0.0688125,0.08173750000000002,0.15202749999999998
291,-73.961,40.802,0.09757749999999998,0.07376250000000001,0.103105,0.25738
292,-73.961,40.81,0.11338999999999999,0.08281,0.10920999999999997,0.14952500000000002
293,-73.96,40.759,0.15906750000000003,0.12128250000000002,0.14471250000000002,0.24880000000000002
294,-73.96,40.772,0.1393775,0.10558000000000001,0.12936750000000002,0.18362499999999998
295,-73.96,40.773,0.09859499999999999,0.0751925,0.08611000000000002,0.12744250000000001
296,-73.96,40.774,0.1415225,0.10646,0.1275525,0.21241749999999998
297,-73.96,40.78,0.09433249999999999,0.07483499999999998,0.09114250000000002,0.12846000000000002
298,-73.96,40.781,0.08611000000000002,0.07134249999999998,0.08138000000000001,0.11201499999999998
299,-73.96,40.79,0.04513500000000001,0.036995,0.05418250000000002,0.31181625
300,-73.96,40.791,0.04513500000000001,0.036995,0.05418250000000002,0.31216000000000005
301,-73.96,40.797,0.05913249999999998,0.04862749999999999,0.06323000000000001,0.19187500000000002
302,-73.96,40.798,0.1044525,0.07582499999999998,0.09394750000000002,0.1813975
303,-73.96,40.799,0.12524249999999998,0.10315999999999997,0.12205250000000001,0.17988500000000002
304,-73.96,40.801,0.07769500000000001,0.06463249999999998,0.0834975,0.2531175
305,-73.96,40.802,0.05561250000000001,0.0476375,0.061470000000000025,0.27872
306,-73.96,40.809,0.1272775,0.08638499999999999,0.11619499999999999,0.18662250000000002
307,-73.96,40.81,0.11636000000000002,0.08667375,0.10560750000000002,0.1542
308,-73.96,40.817,0.13823625,0.10261,0.12423875000000001,0.18501375
309,-73.96,40.818,0.204745,0.13970749999999998,0.17933500000000002,0.2273775
310,-73.96,40.819,0.11883500000000002,0.08132499999999998,0.1047825,0.12128250000000002
311,-73.96,40.82,0.09229749999999998,0.0688125,0.08399250000000003,0.11198750000000002
312,-73.959,40.759,0.10679,0.07873999999999998,0.09532249999999998,0.174
313,-73.959,40.76,0.11902750000000001,0.08946500000000002,0.10998000000000002,0.19666
314,-73.959,40.764,0.09460750000000001,0.07101249999999998,0.0830575,0.12254749999999998
315,-73.959,40.765,0.08825499999999997,0.07222250000000002,0.0832775,0.11781750000000002
316,-73.959,40.774,0.11256500000000003,0.0844875,0.103655,0.15043250000000002
317,-73.959,40.775,0.13899250000000002,0.10379250000000001,0.12353750000000002,0.18511
318,-73.959,40.78,0.09216000000000002,0.0691425,0.08657749999999997,0.11803750000000002
319,-73.959,40.781,0.09216000000000002,0.0691425,0.08657749999999997,0.11902750000000001
320,-73.959,40.782,0.10027249999999999,0.07271749999999999,0.09094999999999998,0.15266000000000002
321,-73.959,40.79,0.04073499999999999,0.034932500000000005,0.050634999999999986,0.2647775
322,-73.959,40.799,0.12744250000000001,0.09488249999999998,0.12824000000000002,0.23793750000000002
323,-73.959,40.8,0.12265749999999997,0.09909000000000001,0.11190499999999998,0.20240750000000002
324,-73.959,40.809,0.12400499999999998,0.08721000000000001,0.11448999999999998,0.16157
325,-73.959,40.81,0.09887000000000001,0.07016,0.08951999999999999,0.1526325
326,-73.959,40.816,0.13027499999999997,0.08957500000000002,0.10629499999999997,0.15579500000000002
327,-73.959,40.817,0.1906925,0.14212750000000002,0.17125,0.22888999999999998
328,-73.959,40.819,0.11998999999999999,0.08754,0.11053000000000002,0.13035750000000002
329,-73.959,40.82,0.11864249999999998,0.09425,0.11053000000000002,0.13241999999999998
330,-73.959,40.821,0.0827,0.06625500000000001,0.08121499999999998,0.09389249999999999
331,-73.958,40.76,0.09221499999999999,0.0687025,0.09227000000000002,0.12994499999999998
332,-73.958,40.761,0.0800325,0.06639250000000002,0.07898749999999999,0.13511499999999999
333,-73.958,40.762,0.05759249999999999,0.054925,0.06325750000000002,0.13943250000000001
334,-73.958,40.763,0.1464725,0.11242750000000001,0.1309075,0.20867750000000002
335,-73.958,40.764,0.10360000000000003,0.07747500000000002,0.08784249999999999,0.15727999999999998
336,-73.958,40.765,0.07370749999999998,0.05885750000000001,0.07208500000000001,0.11976999999999999
337,-73.958,40.766,0.14325500000000002,0.11088750000000003,0.13541750000000002,0.16973749999999999
338,-73.958,40.774,0.09876000000000001,0.07293749999999999,0.0892175,0.164815
339,-73.958,40.775,0.12142000000000003,0.0838275,0.10876999999999998,0.1783725
340,-73.958,40.777,0.11920625000000001,0.0954325,0.10971875,0.1545025
341,-73.958,40.781,0.10296749999999999,0.08050000000000002,0.10049249999999998,0.1435575
342,-73.958,40.782,0.079895,0.06047999999999998,0.07370749999999998,0.11803750000000002
343,-73.958,40.783,0.09909000000000001,0.07406499999999999,0.09092250000000002,0.1334375
344,-73.958,40.789,0.046867500000000006,0.04085875,0.05702874999999999,0.242475
345,-73.958,40.79,0.04972750000000001,0.040212499999999984,0.0594075,0.2916725
346,-73.958,40.8,0.156345,0.10123500000000002,0.13649,0.2157175
347,-73.958,40.805,0.11248249999999999,0.09147250000000001,0.10706500000000002,0.19677
348,-73.958,40.806,0.06878499999999999,0.058706250000000015,0.0688125,0.20194
349,-73.958,40.807,0.07178249999999997,0.060809999999999975,0.07434000000000002,0.20724750000000003
350,-73.958,40.81,0.11163000000000001,0.08294750000000001,0.10475499999999999,0.16157
351,-73.958,40.811,0.13387749999999998,0.0989525,0.12312499999999998,0.2223175
352,-73.958,40.812,0.1581325,0.11297750000000001,0.145785,0.2537775
353,-73.958,40.814,0.0981825,0.07348749999999998,0.10057500000000003,0.23243750000000002
354,-73.958,40.815,0.16231250000000003,0.1299725,0.1494975,0.2216575
355,-73.958,40.816,0.10701,0.067025,0.08814499999999997,0.13338250000000001
356,-73.958,40.817,0.14606000000000002,0.10470000000000002,0.1353625,0.18719999999999998
357,-73.958,40.821,0.0962575,0.07323999999999997,0.08960249999999997,0.11196
358,-73.958,40.822,0.10931999999999997,0.07445000000000002,0.09834749999999998,0.13340999999999997
359,-73.957,40.761,0.0800325,0.06639250000000002,0.08173750000000002,0.16525499999999999
360,-73.957,40.762,0.08514749999999999,0.07480749999999997,0.09229749999999998,0.19157249999999998
361,-73.957,40.763,0.08162750000000002,0.06169000000000002,0.07937250000000001,0.15628999999999998
362,-73.957,40.764,0.09826499999999999,0.07780500000000001,0.09356249999999999,0.12395
363,-73.957,40.765,0.06386249999999999,0.06416499999999997,0.06716250000000001,0.06718999999999997
364,-73.957,40.766,0.09196749999999998,0.07412000000000002,0.08649499999999999,0.12780000000000002
365,-73.957,40.767,0.1019775,0.08034875,0.09686249999999999,0.14462999999999998
366,-73.957,40.774,0.10192250000000003,0.07618249999999999,0.09053749999999999,0.140285
367,-73.957,40.775,0.11382999999999999,0.08330500000000002,0.10514000000000001,0.1653925
368,-73.957,40.776,0.1473525,0.11025499999999999,0.1341525,0.19732
369,-73.957,40.777,0.12263000000000002,0.09898000000000001,0.11484749999999999,0.164925
370,-73.957,40.778,0.1023075,0.08580749999999998,0.10043750000000001,0.14721499999999998
371,-73.957,40.779,0.12502249999999998,0.103105,0.11729499999999998,0.160965
372,-73.957,40.783,0.079895,0.061360000000000026,0.07197500000000001,0.12408750000000002
373,-73.957,40.784,0.10192250000000003,0.07629249999999999,0.09502,0.140285
374,-73.957,40.789,0.04821500000000001,0.04149124999999999,0.05807374999999998,0.26642750000000004
375,-73.957,40.79,0.041821250000000004,0.03904374999999999,0.05650625000000001,0.32098750000000004
376,-73.957,40.791,0.03836999999999999,0.03584000000000001,0.053495000000000015,0.32098750000000004
377,-73.957,40.805,0.11545250000000001,0.0922425,0.1146275,0.181425
378,-73.957,40.806,0.07142500000000002,0.057867500000000016,0.073735,0.15763749999999999
379,-73.957,40.807,0.06727250000000001,0.05764750000000002,0.072635,0.2208325
380,-73.957,40.808,0.06031500000000001,0.05371500000000001,0.06655749999999999,0.2580125
381,-73.957,40.811,0.10207374999999999,0.07737875,0.100795,0.24138874999999999
382,-73.957,40.812,0.128735,0.09655999999999998,0.11757000000000001,0.21008
383,-73.957,40.813,0.08149,0.055694999999999995,0.07981250000000001,0.2319425
384,-73.957,40.814,0.09400249999999999,0.07802500000000001,0.09039999999999998,0.18563249999999998
385,-73.957,40.815,0.10907250000000002,0.0812425,0.10338000000000003,0.2069725
386,-73.957,40.816,0.0922425,0.06732749999999998,0.08814499999999997,0.15354
387,-73.957,40.817,0.06446750000000001,0.055145,0.06655749999999999,0.13228250000000003
388,-73.957,40.818,0.13541750000000002,0.10052,0.11998999999999999,0.168555
389,-73.957,40.822,0.07480749999999997,0.05839,0.07246999999999998,0.1635225
390,-73.957,40.823,0.04997499999999999,0.03949749999999999,0.05430625,0.17487999999999998
391,-73.956,40.763,0.0662275,0.05280750000000001,0.0720575,0.1928375
392,-73.956,40.766,0.10296749999999999,0.08333249999999998,0.0992825,0.1659425
393,-73.956,40.767,0.06619999999999998,0.06284499999999998,0.06947249999999999,0.08520250000000001
394,-73.956,40.768,0.10863250000000002,0.079455,0.096725,0.1334375
395,-73.956,40.773,0.1393775,0.10085,0.12458249999999998,0.19655
396,-73.956,40.774,0.07747500000000002,0.05800499999999997,0.07368000000000002,0.16088249999999998
397,-73.956,40.776,0.10978749999999998,0.0860825,0.09972249999999999,0.15169749999999999
398,-73.956,40.777,0.09823749999999998,0.0773375,0.096725,0.17114000000000001
399,-73.956,40.778,0.1329975,0.11696499999999999,0.12527,0.14721499999999998
400,-73.956,40.779,0.1024175,0.08423999999999998,0.09631250000000002,0.132035
401,-73.956,40.78,0.11402250000000003,0.08162750000000002,0.09821000000000002,0.1505975
402,-73.956,40.783,0.07780500000000001,0.06229499999999999,0.07346000000000003,0.14722875
403,-73.956,40.789,0.0385075,0.031055,0.050470000000000015,0.26136750000000003
404,-73.956,40.791,0.05060749999999997,0.04549249999999999,0.062487499999999974,0.2886475
405,-73.956,40.792,0.054815,0.0474725,0.06614500000000001,0.3114725
406,-73.956,40.795,0.028910000000000005,0.02889625,0.04125749999999999,0.31316375
407,-73.956,40.796,0.03438250000000001,0.03176999999999999,0.046922500000000006,0.287795
408,-73.956,40.797,0.03495999999999999,0.033805,0.04857249999999999,0.32695500000000005
409,-73.956,40.804,0.11864249999999998,0.08363500000000001,0.103765,0.17182750000000002
410,-73.956,40.805,0.10585499999999998,0.08363500000000001,0.10351749999999998,0.19624750000000002
411,-73.956,40.808,0.08319500000000002,0.07156249999999997,0.08883249999999998,0.2553725
412,-73.956,40.809,0.08913500000000002,0.07343250000000001,0.08957500000000002,0.21555249999999998
413,-73.956,40.812,0.09622999999999998,0.07865749999999999,0.09422249999999999,0.16352250000000002
414,-73.956,40.813,0.0981825,0.07546750000000002,0.09403,0.19512000000000002
415,-73.956,40.814,0.1179,0.09309499999999998,0.10810999999999998,0.1618175
416,-73.956,40.815,0.09628500000000001,0.07359749999999998,0.09012500000000001,0.1901425
417,-73.956,40.818,0.11794125000000003,0.08534,0.10750500000000002,0.13617374999999998
418,-73.956,40.819,0.097825,0.07112249999999998,0.0867425,0.13
419,-73.956,40.823,0.060975,0.049589999999999995,0.06801499999999999,0.16998500000000002
420,-73.955,40.768,0.13473000000000002,0.10703750000000001,0.1254075,0.17240499999999997
421,-73.955,40.769,0.13099,0.10703750000000001,0.1254075,0.17240499999999997
422,-73.955,40.773,0.1058,0.0740925,0.08877750000000001,0.13868999999999998
423,-73.955,40.774,0.09697250000000002,0.07524750000000002,0.08982249999999997,0.14955249999999998
424,-73.955,40.776,0.1619275,0.12100749999999999,0.138085,0.1813975
425,-73.955,40.78,0.09944750000000002,0.0753025,0.0899875,0.12026500000000001
426,-73.955,40.781,0.09983249999999999,0.0777775,0.0899875,0.12026500000000001
427,-73.955,40.782,0.1434475,0.10371000000000002,0.13484000000000002,0.2016925
428,-73.955,40.783,0.10357250000000001,0.07169999999999999,0.0894375,0.1505975
429,-73.955,40.786,0.12791,0.094965,0.11758375000000001,0.19246625
430,-73.955,40.787,0.11669000000000002,0.08803499999999997,0.10643249999999999,0.17474250000000002
431,-73.955,40.788,0.0962575,0.07282749999999999,0.08668749999999997,0.16960000000000003
432,-73.955,40.789,0.05517250000000001,0.04983750000000001,0.0652375,0.16960000000000003
433,-73.955,40.792,0.053027500000000005,0.04524500000000001,0.06375249999999999,0.31892499999999996
434,-73.955,40.793,0.06570500000000001,0.05544749999999998,0.07590750000000002,0.27022250000000003
435,-73.955,40.794,0.05597000000000002,0.050360000000000016,0.06765749999999998,0.3006925
436,-73.955,40.795,0.032484999999999986,0.03193499999999999,0.046454999999999996,0.2904075
437,-73.955,40.796,0.03495999999999999,0.033805,0.0477475,0.2804525
438,-73.955,40.797,0.06485249999999998,0.05415500000000001,0.07343250000000001,0.30182000000000003
439,-73.955,40.798,0.041724999999999984,0.039415000000000006,0.053192499999999976,0.3269825
440,-73.955,40.799,0.041724999999999984,0.039415000000000006,0.053192499999999976,0.28724500000000003
441,-73.955,40.804,0.114875,0.09050999999999998,0.10998000000000002,0.175595
442,-73.955,40.805,0.1294225,0.09460750000000001,0.11459999999999998,0.17182750000000002
443,-73.955,40.809,0.08250750000000001,0.06540249999999997,0.08363500000000001,0.230705
444,-73.955,40.81,0.10222500000000001,0.07557750000000002,0.0988425,0.1735875
445,-73.955,40.811,0.078575,0.06177250000000001,0.084955,0.2233075
446,-73.955,40.812,0.09011125,0.0682625,0.08660499999999999,0.19346999999999998
447,-73.955,40.818,0.12513249999999998,0.09529500000000002,0.11234499999999997,0.1776025
448,-73.955,40.819,0.13219999999999998,0.10117999999999999,0.12307000000000001,0.14493250000000002
449,-73.955,40.822,0.10811000000000001,0.08154499999999998,0.10639125000000002,0.21545625
450,-73.955,40.823,0.10233500000000001,0.07940000000000003,0.09653250000000002,0.17611749999999998
451,-73.954,40.768,0.11891750000000001,0.10260999999999998,0.11185,0.1549975
452,-73.954,40.769,0.128845,0.10428749999999998,0.11938500000000002,0.15571249999999998
453,-73.954,40.774,0.11163000000000001,0.09474500000000002,0.10918250000000002,0.13022
454,-73.954,40.775,0.11812,0.09474500000000002,0.10621249999999999,0.14911249999999998
455,-73.954,40.776,0.13565125,0.10460375,0.12019625,0.17767125
456,-73.954,40.781,0.14089000000000002,0.10676249999999998,0.1265075,0.17452250000000002
457,-73.954,40.782,0.12702999999999998,0.09757749999999998,0.11344500000000002,0.1695175
458,-73.954,40.783,0.1434475,0.105745,0.13484000000000002,0.2016925
459,-73.954,40.786,0.13539,0.1047825,0.12744250000000001,0.1984475
460,-73.954,40.787,0.10954000000000003,0.084955,0.1018675,0.15931499999999998
461,-73.954,40.788,0.10107,0.07791500000000001,0.0954875,0.169545
462,-73.954,40.795,0.04381499999999999,0.04299,0.054952500000000015,0.322335
463,-73.954,40.796,0.04543749999999999,0.03949749999999999,0.054127499999999995,0.27773000000000003
464,-73.954,40.797,0.05393500000000001,0.04464,0.06402750000000001,0.27147375
465,-73.954,40.798,0.057152499999999995,0.0478025,0.067135,0.30688
466,-73.954,40.799,0.041724999999999984,0.039415000000000006,0.053192499999999976,0.28724500000000003
467,-73.954,40.804,0.10934749999999999,0.09139000000000003,0.1042325,0.17116750000000003
468,-73.954,40.811,0.10650124999999999,0.0837175,0.10102875,0.175595
469,-73.954,40.812,0.1392675,0.1109425,0.13274999999999998,0.19798
470,-73.954,40.817,0.09389249999999999,0.07428499999999999,0.0958175,0.24431750000000002
471,-73.954,40.818,0.08132499999999998,0.0626525,0.0837175,0.18519249999999998
472,-73.954,40.822,0.1347025,0.10043750000000001,0.12018250000000003,0.199575
473,-73.954,40.823,0.1347025,0.10043750000000001,0.12018250000000003,0.1660525
474,-73.953,40.768,0.09521249999999998,0.08440500000000001,0.09229749999999998,0.13274999999999998
475,-73.953,40.769,0.11649749999999998,0.0922425,0.10626750000000001,0.1454275
476,-73.953,40.774,0.10588249999999999,0.08536749999999999,0.09724749999999999,0.156235
477,-73.953,40.775,0.1058,0.08140750000000002,0.0981825,0.1916275
478,-73.953,40.786,0.10194999999999999,0.07445000000000002,0.09298499999999998,0.1454275
479,-73.953,40.787,0.11163000000000001,0.08545000000000003,0.09741250000000001,0.16088249999999998
480,-73.953,40.795,0.04527249999999999,0.0418625,0.05613499999999999,0.2726975
481,-73.953,40.796,0.04527249999999999,0.0418625,0.05613499999999999,0.2726975
482,-73.953,40.798,0.04810500000000001,0.04351250000000001,0.061002500000000015,0.271515
483,-73.953,40.803,0.1625875,0.12164000000000003,0.1505975,0.19759500000000002
484,-73.953,40.804,0.1478475,0.11763874999999999,0.13969375,0.2175875
485,-73.953,40.81,0.2233075,0.16869250000000002,0.20348,0.223335
486,-73.953,40.811,0.18282749999999998,0.13992749999999998,0.16591499999999998,0.2213275
487,-73.953,40.812,0.17474250000000002,0.1405325,0.16187249999999997,0.19798
488,-73.953,40.813,0.16212,0.12565500000000002,0.1505975,0.2079625
489,-73.953,40.817,0.10032750000000001,0.07860250000000002,0.09777000000000002,0.176695
490,-73.953,40.818,0.13409749999999998,0.0984025,0.1176525,0.18068250000000002
491,-73.953,40.819,0.16586,0.13170500000000002,0.15224749999999998,0.21051999999999998
492,-73.953,40.822,0.11614000000000002,0.08666000000000001,0.10637750000000001,0.155795
493,-73.953,40.823,0.11614000000000002,0.08666000000000001,0.10637750000000001,0.15067999999999998
494,-73.952,40.768,0.12669999999999998,0.1010975,0.11774875000000001,0.1438325
495,-73.952,40.769,0.1344825,0.09797624999999999,0.1254075,0.15827
496,-73.952,40.77,0.09708250000000002,0.07917999999999997,0.09540500000000002,0.12474750000000001
497,-73.952,40.773,0.1116025,0.08379999999999999,0.10060249999999998,0.15078999999999998
498,-73.952,40.774,0.1058,0.0776675,0.09724749999999999,0.14248500000000003
499,-73.952,40.775,0.12612250000000003,0.09238000000000002,0.11185,0.20543250000000002
500,-73.952,40.787,0.10577249999999999,0.08710000000000001,0.10340749999999999,0.145675
501,-73.952,40.788,0.11358249999999998,0.08514749999999999,0.10096,0.1560975
502,-73.952,40.798,0.12026500000000001,0.10063,0.10912749999999999,0.22212500000000002
503,-73.952,40.803,0.12144749999999999,0.08784249999999999,0.109815,0.15266000000000002
504,-73.952,40.804,0.10962250000000001,0.08726499999999998,0.10351749999999998,0.19539499999999999
505,-73.952,40.811,0.1957525,0.15458500000000003,0.17878500000000003,0.2249025
506,-73.952,40.812,0.1672075,0.12991750000000002,0.1538425,0.20199499999999998
507,-73.952,40.813,0.14298,0.1226025,0.1349225,0.20199499999999998
508,-73.952,40.814,0.145455,0.115535,0.13959749999999999,0.1865675
509,-73.952,40.818,0.16586,0.13170500000000002,0.15224749999999998,0.21051999999999998
510,-73.952,40.819,0.12153000000000003,0.08209499999999997,0.1082475,0.176365
511,-73.952,40.822,0.12835000000000002,0.0922425,0.12075999999999998,0.1967425
512,-73.952,40.823,0.17655749999999998,0.13585750000000002,0.16566750000000002,0.22691
513,-73.952,40.827,0.051624999999999976,0.04351250000000001,0.0595175,0.24957000000000001
514,-73.952,40.828,0.0519,0.04230249999999999,0.05800499999999997,0.24038500000000002
515,-73.951,40.77,0.1883825,0.15054250000000002,0.17790499999999998,0.2220975
516,-73.951,40.771,0.1345925,0.10010749999999999,0.1222725,0.15981
517,-73.951,40.772,0.10324250000000001,0.08083000000000001,0.09477249999999998,0.12835000000000002
518,-73.951,40.773,0.17105750000000003,0.12956,0.1583525,0.24030250000000003
519,-73.951,40.774,0.13877250000000002,0.10360000000000003,0.12419750000000002,0.19523000000000001
520,-73.951,40.788,0.08734750000000002,0.0687025,0.08385500000000001,0.140285
521,-73.951,40.789,0.08734750000000002,0.0625425,0.08355249999999997,0.16926999999999998
522,-73.951,40.79,0.07522000000000001,0.05701499999999998,0.079015,0.235655
523,-73.951,40.797,0.05591499999999999,0.041559999999999986,0.06224000000000002,0.22724
524,-73.951,40.798,0.11784499999999998,0.08990500000000001,0.10775249999999997,0.1798575
525,-73.951,40.804,0.12378499999999998,0.09898000000000001,0.12296000000000001,0.17754750000000002
526,-73.951,40.805,0.11388500000000001,0.07995000000000002,0.1074775,0.18651250000000003
527,-73.951,40.806,0.13327250000000002,0.10593750000000002,0.12950499999999998,0.24756250000000002
528,-73.951,40.812,0.1650075,0.12461,0.15301750000000003,0.19459749999999998
529,-73.951,40.813,0.12466500000000003,0.09732999999999997,0.1201275,0.234555
530,-73.951,40.814,0.139405,0.1167725,0.13217250000000003,0.2145625
531,-73.951,40.815,0.097715,0.07687,0.09994249999999999,0.22359625
532,-73.951,40.818,0.11119000000000001,0.0844875,0.10777999999999999,0.21574500000000002
533,-73.951,40.819,0.12265749999999997,0.09306750000000003,0.11762499999999998,0.176365
534,-73.951,40.821,0.1568675,0.12276749999999997,0.14328249999999998,0.20199499999999998
535,-73.951,40.822,0.19110500000000002,0.1383875,0.17339500000000002,0.21051999999999998
536,-73.951,40.826,0.16107500000000002,0.1329975,0.1535125,0.21899000000000002
537,-73.951,40.827,0.14358500000000002,0.10613,0.13261250000000002,0.2417875
538,-73.951,40.828,0.05819750000000001,0.049892500000000006,0.06405499999999997,0.24038500000000002
539,-73.95,40.771,0.1290925,0.09320499999999998,0.11413250000000003,0.15557500000000002
540,-73.95,40.772,0.10559374999999999,0.085725,0.10128999999999999,0.14386000000000002
541,-73.95,40.773,0.13082500000000002,0.109265,0.12521500000000002,0.1806275
542,-73.95,40.774,0.15838000000000002,0.11696499999999999,0.151065,0.21270624999999999
543,-73.95,40.79,0.0874025,0.0651275,0.08861249999999998,0.1531825
544,-73.95,40.791,0.053302499999999975,0.043952500000000005,0.06122250000000001,0.2335375
545,-73.95,40.794,0.20108750000000003,0.15670250000000002,0.1860175,0.2514675
546,-73.95,40.797,0.12455500000000003,0.09620250000000002,0.12400499999999998,0.22215250000000003
547,-73.95,40.798,0.12983499999999998,0.096615,0.11921999999999999,0.17411
548,-73.95,40.802,0.10731249999999998,0.08157249999999999,0.097165,0.14298000000000002
549,-73.95,40.803,0.08635749999999998,0.06941750000000002,0.08286500000000002,0.11985249999999997
550,-73.95,40.806,0.12230000000000002,0.09675250000000002,0.11801,0.20119750000000003
551,-73.95,40.807,0.1366275,0.1083575,0.12969750000000002,0.20163750000000003
552,-73.95,40.812,0.12397750000000002,0.0921325,0.11358249999999998,0.16091
553,-73.95,40.813,0.12614999999999998,0.08951999999999999,0.11459999999999998,0.18145250000000002
554,-73.95,40.815,0.12029250000000002,0.08193,0.10920999999999997,0.22641499999999998
555,-73.95,40.816,0.11031000000000002,0.08929999999999999,0.11157499999999998,0.2802325
556,-73.95,40.817,0.08503749999999999,0.064,0.08855750000000001,0.281635
557,-73.95,40.818,0.14091749999999997,0.1113825,0.13374000000000003,0.25749
558,-73.95,40.821,0.1568675,0.12276749999999997,0.14328249999999998,0.20199499999999998
559,-73.95,40.822,0.16635499999999998,0.133025,0.15557500000000002,0.20691749999999998
560,-73.95,40.823,0.1489475,0.12004500000000001,0.14204499999999998,0.21395750000000002
561,-73.95,40.826,0.13640750000000001,0.102885,0.12499500000000002,0.18964750000000002
562,-73.95,40.827,0.126095,0.09994249999999999,0.11916500000000002,0.18964750000000002
563,-73.95,40.828,0.1206775,0.09837499999999999,0.115095,0.18761250000000002
564,-73.949,40.772,0.12165375,0.09907625,0.11567249999999998,0.15770625
565,-73.949,40.773,0.12491249999999998,0.09491,0.11503999999999998,0.1699025
566,-73.949,40.774,0.15736250000000002,0.12188749999999998,0.1476825,0.21613
567,-73.949,40.786,0.08489999999999998,0.06336750000000002,0.07761249999999997,0.16635499999999998
568,-73.949,40.79,0.15109250000000002,0.11630499999999999,0.138525,0.212555
569,-73.949,40.793,0.1021975,0.07931749999999999,0.09898000000000001,0.20457999999999998
570,-73.949,40.794,0.11300500000000002,0.08847500000000003,0.10684500000000002,0.1997675
571,-73.949,40.795,0.09394750000000002,0.07893250000000002,0.09070250000000002,0.14837
572,-73.949,40.796,0.1288725,0.09584500000000001,0.11768,0.19668750000000002
573,-73.949,40.797,0.06045250000000002,0.046619999999999995,0.06124999999999997,0.17235
574,-73.949,40.801,0.0995025,0.07904250000000002,0.09408499999999997,0.18934499999999999
575,-73.949,40.802,0.10684500000000002,0.08968500000000001,0.103545,0.16869250000000002
576,-73.949,40.803,0.11410500000000001,0.09227000000000002,0.10879749999999999,0.18467
577,-73.949,40.804,0.12162625000000002,0.093975,0.11172625,0.154915
578,-73.949,40.806,0.16658875,0.128185,0.15353999999999998,0.26277
579,-73.949,40.807,0.17323,0.12543500000000002,0.16036,0.24220000000000003
580,-73.949,40.809,0.1511475,0.11454500000000001,0.13901999999999998,0.1776025
581,-73.949,40.812,0.12614999999999998,0.08951999999999999,0.11459999999999998,0.18145250000000002
582,-73.949,40.813,0.12375750000000002,0.08951999999999999,0.1137475,0.22732249999999998
583,-73.949,40.814,0.1116025,0.08500999999999997,0.10428749999999998,0.17050749999999998
584,-73.949,40.823,0.12384,0.10417749999999998,0.12285000000000001,0.19718249999999998
585,-73.949,40.824,0.12510500000000002,0.09326000000000001,0.11839499999999997,0.17983
586,-73.949,40.826,0.153045,0.11649749999999998,0.1402025,0.18750250000000002
587,-73.949,40.827,0.2153875,0.158435,0.194515,0.2573525
588,-73.949,40.828,0.16176249999999998,0.12411499999999998,0.1498,0.21483750000000001
589,-73.948,40.773,0.1872275,0.1479025,0.17878500000000003,0.26398
590,-73.948,40.778,0.12059500000000001,0.09161000000000002,0.11174,0.18136999999999998
591,-73.948,40.779,0.08899750000000001,0.0718375,0.08443250000000002,0.11803750000000002
592,-73.948,40.78,0.11545250000000001,0.09048250000000002,0.10637750000000001,0.1541725
593,-73.948,40.785,0.0746425,0.05806,0.07719999999999999,0.20691749999999998
594,-73.948,40.786,0.060425000000000006,0.05014000000000002,0.06488,0.186485
595,-73.948,40.787,0.10104249999999998,0.07785999999999998,0.09425,0.17105750000000003
596,-73.948,40.788,0.08341500000000002,0.06628250000000002,0.08105000000000001,0.186485
597,-73.948,40.789,0.15299000000000001,0.11839499999999997,0.140175,0.22235875
598,-73.948,40.79,0.17518250000000002,0.1311,0.16030499999999998,0.2189625
599,-73.948,40.793,0.08611000000000002,0.07134249999999998,0.08569749999999998,0.1531825
600,-73.948,40.795,0.09953000000000001,0.07538499999999998,0.09232499999999999,0.1487275
601,-73.948,40.796,0.10640500000000003,0.08294750000000001,0.10368250000000001,0.18373499999999998
602,-73.948,40.797,0.1288725,0.09584500000000001,0.11768,0.18439499999999998
603,-73.948,40.801,0.13307999999999998,0.103325,0.1260125,0.19722375
604,-73.948,40.802,0.13307999999999998,0.103325,0.12735999999999997,0.18934499999999999
605,-73.948,40.804,0.11306,0.09287499999999999,0.10894874999999998,0.15987875
606,-73.948,40.805,0.15557500000000002,0.124445,0.1441075,0.1936075
607,-73.948,40.806,0.15840749999999998,0.12015500000000001,0.14358500000000002,0.2556475
608,-73.948,40.807,0.15365,0.11503999999999998,0.14193499999999998,0.26277
609,-73.948,40.808,0.16624499999999998,0.1176525,0.14188,0.1916275
610,-73.948,40.809,0.1511475,0.11031000000000002,0.13473000000000002,0.1735875
611,-73.948,40.81,0.11174,0.08690750000000003,0.10819250000000002,0.18653999999999998
612,-73.948,40.811,0.07290999999999997,0.06113999999999997,0.07893250000000002,0.25542750000000003
613,-73.948,40.814,0.11322500000000002,0.091995,0.10670750000000001,0.185
614,-73.948,40.815,0.14372249999999998,0.09796250000000001,0.12285000000000001,0.185
615,-73.948,40.824,0.11817499999999997,0.09452500000000003,0.11190499999999998,0.1541725
616,-73.948,40.825,0.1472425,0.11883500000000002,0.14105499999999999,0.192315
617,-73.948,40.826,0.1278825,0.10049249999999998,0.1227125,0.16960000000000003
618,-73.948,40.827,0.1672075,0.12780000000000002,0.15785749999999998,0.2063125
619,-73.948,40.828,0.2472875,0.205295,0.23032000000000002,0.27707
620,-73.947,40.772,0.08300249999999998,0.06526500000000002,0.07758500000000002,0.18461500000000003
621,-73.947,40.773,0.08864,0.07651249999999998,0.08261750000000001,0.18461500000000003
622,-73.947,40.778,0.1124,0.08418500000000001,0.108935,0.13868999999999998
623,-73.947,40.779,0.1124,0.08418500000000001,0.10637750000000001,0.18494500000000003
624,-73.947,40.78,0.14155,0.10753249999999998,0.12928499999999998,0.1925075
625,-73.947,40.781,0.12059500000000001,0.0981825,0.11215249999999999,0.1672075
626,-73.947,40.785,0.1043425,0.08693499999999998,0.10063,0.24165000000000003
627,-73.947,40.786,0.05148750000000002,0.045465000000000005,0.06102999999999997,0.22787249999999998
628,-73.947,40.788,0.08341500000000002,0.07279999999999998,0.0844875,0.1790875
629,-73.947,40.789,0.1368475,0.10868749999999999,0.1265075,0.176695
630,-73.947,40.79,0.1415225,0.1166625,0.13305250000000002,0.22575499999999998
631,-73.947,40.792,0.11649749999999998,0.0894375,0.11182249999999999,0.16088249999999998
632,-73.947,40.793,0.11649749999999998,0.0894375,0.11182249999999999,0.16088249999999998
633,-73.947,40.796,0.11718499999999998,0.08833749999999999,0.10702374999999997,0.19224625
634,-73.947,40.8,0.16110249999999998,0.1320075,0.1582425,0.1966325
635,-73.947,40.801,0.1047825,0.08363500000000001,0.10178500000000001,0.18651250000000003
636,-73.947,40.805,0.10610250000000002,0.07860250000000002,0.0993375,0.151065
637,-73.947,40.806,0.144135,0.11814750000000002,0.14449250000000002,0.17735499999999998
638,-73.947,40.808,0.17323,0.12623250000000003,0.14765499999999998,0.20086749999999998
639,-73.947,40.809,0.1492775,0.10563499999999998,0.13096249999999998,0.1776025
640,-73.947,40.81,0.1224925,0.08690750000000003,0.11470999999999998,0.2001525
641,-73.947,40.811,0.090565,0.067465,0.08913500000000002,0.25542750000000003
642,-73.947,40.812,0.11861500000000003,0.07824500000000001,0.1053325,0.18005
643,-73.947,40.814,0.14418999999999998,0.11605749999999998,0.134015,0.2425025
644,-73.947,40.815,0.15189000000000002,0.11941249999999998,0.14314500000000002,0.2222075
645,-73.947,40.827,0.181425,0.1532925,0.17295500000000003,0.23758
646,-73.946,40.772,0.08864,0.0660075,0.07758500000000002,0.18461500000000003
647,-73.946,40.773,0.098045,0.08000499999999999,0.09403,0.1536225
648,-73.946,40.774,0.1354725,0.0982925,0.12188749999999998,0.1746875
649,-73.946,40.778,0.09900750000000003,0.06977499999999998,0.09622999999999998,0.22116249999999998
650,-73.946,40.781,0.09045500000000001,0.06889499999999998,0.08429500000000001,0.15703250000000002
651,-73.946,40.782,0.11468250000000002,0.0903175,0.1054425,0.15442
652,-73.946,40.785,0.10615750000000002,0.08690750000000003,0.103435,0.200675
653,-73.946,40.786,0.09284749999999997,0.06867499999999999,0.08946500000000002,0.19006
654,-73.946,40.787,0.0567125,0.05019499999999999,0.06067250000000002,0.1813975
655,-73.946,40.789,0.091445,0.0754125,0.08973999999999999,0.15491500000000002
656,-73.946,40.792,0.1527425,0.1230425,0.1435575,0.2244625
657,-73.946,40.793,0.151175,0.11842249999999999,0.14237499999999997,0.1928375
658,-73.946,40.8,0.109815,0.0882,0.10637750000000001,0.2037
659,-73.946,40.801,0.134565,0.10263749999999999,0.1234825,0.16602499999999998
660,-73.946,40.812,0.09216000000000002,0.0719475,0.09452500000000003,0.25265
661,-73.946,40.813,0.14784750000000002,0.12064999999999998,0.13676500000000003,0.2268
662,-73.946,40.814,0.144685,0.11556250000000001,0.13519750000000003,0.206945
663,-73.945,40.774,0.09730250000000001,0.07915250000000001,0.09790749999999998,0.22044750000000002
664,-73.945,40.775,0.10538750000000002,0.07915250000000001,0.09900750000000003,0.210465
665,-73.945,40.777,0.08897,0.07472499999999999,0.08905249999999998,0.1644025
666,-73.945,40.778,0.09378249999999999,0.0748625,0.08935500000000002,0.1711125
667,-73.945,40.782,0.1271675,0.09611999999999998,0.11652499999999999,0.17785
668,-73.945,40.783,0.13797500000000001,0.10302250000000002,0.12301499999999999,0.18841000000000002
669,-73.945,40.784,0.18081999999999998,0.1397625,0.16580499999999998,0.24511500000000003
670,-73.945,40.786,0.1358025,0.10516750000000002,0.12568249999999997,0.188685
671,-73.945,40.787,0.09518500000000002,0.07491750000000003,0.09216000000000002,0.19798
672,-73.945,40.788,0.10849500000000001,0.084955,0.103435,0.18664999999999998
673,-73.945,40.791,0.14237499999999997,0.11110750000000003,0.1317875,0.1724325
674,-73.945,40.792,0.12298750000000003,0.10071249999999998,0.11773499999999998,0.1651725
675,-73.945,40.8,0.1465825,0.11025499999999999,0.1369575,0.2140125
676,-73.945,40.801,0.18058625,0.132585,0.1649525,0.25879625
677,-73.945,40.813,0.132255,0.09691750000000002,0.11827125000000002,0.1762825
678,-73.945,40.814,0.132255,0.09315000000000001,0.11468250000000002,0.1762825
679,-73.944,40.775,0.0623225,0.05275249999999998,0.06718999999999997,0.21522249999999998
680,-73.944,40.776,0.07995000000000002,0.06743749999999998,0.08028000000000002,0.247535
681,-73.944,40.777,0.08008749999999998,0.0627625,0.078685,0.14897500000000002
682,-73.944,40.783,0.12917499999999998,0.084735,0.10338000000000003,0.18626500000000001
683,-73.944,40.784,0.12235499999999999,0.09353499999999998,0.11220750000000002,0.16536499999999998
684,-73.944,40.785,0.13475749999999997,0.1020875,0.122025,0.18918000000000001
685,-73.944,40.787,0.08734750000000002,0.06917000000000001,0.09130749999999999,0.186485
686,-73.944,40.791,0.205735,0.14848,0.18706250000000002,0.25474
687,-73.944,40.792,0.24184250000000002,0.176475,0.21354499999999998,0.2759425
688,-73.944,40.8,0.097825,0.0800325,0.09529500000000002,0.158545
689,-73.944,40.801,0.12744250000000001,0.09463500000000002,0.11943999999999999,0.19668750000000002
690,-73.944,40.802,0.1351425,0.0984025,0.1228225,0.18728250000000002
691,-73.943,40.777,0.109595,0.07873999999999998,0.10459000000000002,0.23232750000000002
692,-73.943,40.785,0.1166625,0.09556999999999999,0.1069,0.15023999999999998
693,-73.943,40.786,0.0985125,0.079125,0.09504750000000001,0.1505975
694,-73.943,40.787,0.08732000000000001,0.06809749999999998,0.08666000000000001,0.16601125
695,-73.943,40.791,0.20139,0.146445,0.1806275,0.2511375
696,-73.943,40.802,0.12678250000000002,0.10258250000000002,0.11927500000000002,0.1864575
697,-73.943,40.803,0.1255175,0.0957075,0.11927500000000002,0.2322725
698,-73.943,40.804,0.043292499999999984,0.04054250000000001,0.05530999999999997,0.24242000000000002
699,-73.942,40.786,0.09551500000000002,0.07279999999999998,0.08726499999999998,0.12645250000000002
700,-73.942,40.787,0.09221499999999999,0.079125,0.09227000000000002,0.1365175
701,-73.942,40.79,0.13822250000000003,0.10318749999999999,0.12571,0.20177499999999998
702,-73.942,40.791,0.1541725,0.12422499999999997,0.1410825,0.20766
703,-73.942,40.803,0.10646,0.07783249999999997,0.10134500000000002,0.229495
704,-73.942,40.804,0.067465,0.05234,0.07315749999999999,0.21343499999999999
705,-73.942,40.805,0.0717275,0.058362499999999984,0.07450499999999999,0.21569
706,-73.941,40.79,0.1131975,0.08877750000000001,0.10954000000000003,0.230045
707,-73.941,40.804,0.10615750000000002,0.07898749999999999,0.1046725,0.21197749999999999
708,-73.941,40.805,0.11949500000000002,0.09353499999999998,0.10929250000000001,0.187915
709,-73.94,40.79,0.09953000000000001,0.07783249999999997,0.0992825,0.20534999999999998
710,-73.94,40.804,0.12857000000000002,0.09045500000000001,0.11459999999999998,0.183075
711,-73.94,40.805,0.14782,0.11417374999999999,0.13923999999999997,0.2245175
712,-73.939,40.802,0.12857000000000002,0.09826499999999999,0.11559000000000003,0.19523000000000001
713,-73.939,40.803,0.10582750000000002,0.08283750000000001,0.09540500000000002,0.1541725
714,-73.939,40.804,0.1110525,0.09059250000000002,0.10673500000000002,0.17845499999999997
715,-73.939,40.805,0.1110525,0.08083000000000001,0.10145500000000002,0.17845499999999997
716,-73.939,40.852,0.07780500000000001,0.05646499999999999,0.08052749999999997,0.2734125
717,-73.939,40.853,0.09342499999999998,0.0690325,0.09534999999999999,0.2700575
718,-73.938,40.802,0.126425,0.09105999999999997,0.11336249999999998,0.2167075
719,-73.938,40.803,0.13402875,0.11303250000000001,0.1295325,0.19656375
720,-73.938,40.804,0.1524125,0.1251875,0.14234750000000002,0.17983
721,-73.938,40.852,0.08891500000000002,0.05874750000000001,0.0868525,0.2627425
722,-73.938,40.853,0.10071249999999998,0.079565,0.09867749999999997,0.25628
723,-73.938,40.854,0.16995749999999998,0.13002750000000002,0.1600025,0.2546575
724,-73.937,40.801,0.16949000000000003,0.1256,0.151725,0.2020225
725,-73.937,40.802,0.12703,0.10415000000000002,0.12157125000000002,0.18934499999999999
726,-73.937,40.853,0.15032250000000003,0.11836750000000001,0.13910250000000002,0.1989975
727,-73.937,40.854,0.15002,0.11836750000000001,0.13910250000000002,0.2020225
728,-73.937,40.855,0.19113249999999998,0.14116499999999998,0.169985,0.23571000000000003
729,-73.937,40.856,0.11306,0.08319500000000002,0.10530499999999998,0.18653999999999998
730,-73.936,40.799,0.10032750000000001,0.079895,0.09925499999999998,0.200565
731,-73.936,40.8,0.10032750000000001,0.079895,0.09925499999999998,0.1916
732,-73.936,40.801,0.11908249999999998,0.09746749999999998,0.11517749999999999,0.20276500000000003
733,-73.936,40.802,0.1138025,0.08492749999999999,0.10626750000000001,0.16266999999999998
734,-73.936,40.855,0.11886249999999998,0.09328750000000002,0.11336249999999998,0.22347250000000002
735,-73.936,40.856,0.0990625,0.0710675,0.09353499999999998,0.28334
736,-73.936,40.857,0.11905500000000002,0.0923525,0.11201499999999998,0.20185750000000002
737,-73.935,40.799,0.11193249999999999,0.08962999999999999,0.11143750000000002,0.2233075
738,-73.935,40.8,0.09600999999999998,0.07390000000000002,0.091005,0.1916
739,-73.935,40.801,0.14034000000000002,0.108715,0.12950499999999998,0.1849175
740,-73.935,40.854,0.12385374999999998,0.09239375,0.11860124999999999,0.2250125
741,-73.935,40.855,0.10643249999999999,0.09130749999999999,0.10371000000000002,0.21533249999999998
742,-73.935,40.856,0.1681975,0.128295,0.156235,0.28334
743,-73.935,40.857,0.140725,0.11578250000000001,0.1286525,0.20444250000000003
744,-73.934,40.795,0.13305250000000002,0.09721999999999997,0.12230000000000002,0.182745
745,-73.934,40.796,0.128735,0.09867749999999997,0.121915,0.20457999999999998
746,-73.934,40.799,0.1377275,0.10665249999999998,0.13305250000000002,0.2233075
747,-73.934,40.854,0.126315,0.09660125,0.11806499999999998,0.18561875
748,-73.934,40.855,0.1568675,0.109815,0.1436675,0.19589
749,-73.933,40.795,0.14650000000000002,0.115095,0.1375075,0.21689999999999998
750,-73.933,40.796,0.14336500000000002,0.10640500000000003,0.1310175,0.19660500000000003
751,-73.933,40.798,0.151285,0.12161250000000001,0.1435575,0.21252749999999998
752,-73.933,40.799,0.10841250000000002,0.08883249999999998,0.10588249999999999,0.146995
753,-73.933,40.855,0.09799000000000002,0.07467000000000001,0.09801749999999998,0.15703250000000002
754,-73.933,40.856,0.10610249999999999,0.08022499999999999,0.09587250000000003,0.16871999999999998
755,-73.933,40.857,0.16602499999999998,0.13272250000000002,0.15334750000000003,0.20287500000000003
756,-73.933,40.858,0.09416750000000002,0.08278249999999998,0.103985,0.34223125
757,-73.933,40.859,0.03729750000000001,0.040267499999999984,0.05792249999999999,0.4212525
758,-73.932,40.796,0.13166375,0.094745,0.12032000000000001,0.193635
759,-73.932,40.797,0.13096249999999998,0.10035499999999997,0.121915,0.21680375000000002
760,-73.932,40.798,0.150845,0.11589250000000001,0.1435575,0.25617
761,-73.932,40.83,0.05874750000000001,0.04574,0.07007750000000001,0.2617525
762,-73.932,40.831,0.15007500000000001,0.12906499999999999,0.15034999999999998,0.2103275
763,-73.932,40.832,0.11088750000000003,0.0803625,0.09925499999999998,0.1541725
764,-73.932,40.833,0.09460750000000001,0.07136999999999999,0.08899750000000001,0.16696
765,-73.932,40.857,0.1653925,0.12164000000000003,0.14974500000000002,0.1965225
766,-73.932,40.858,0.15109250000000002,0.10998000000000002,0.1332175,0.2175875
767,-73.932,40.859,0.11528749999999999,0.09114250000000002,0.11303249999999998,0.2741825
768,-73.932,40.86,0.034355,0.035977499999999996,0.04904,0.39169000000000004
769,-73.931,40.797,0.11036499999999999,0.08440500000000001,0.09821000000000002,0.19291999999999998
770,-73.931,40.798,0.10205999999999998,0.08182,0.10156500000000002,0.225095
771,-73.931,40.81,0.10582750000000002,0.08157249999999999,0.10046500000000003,0.12309750000000003
772,-73.931,40.811,0.09698625,0.07840999999999998,0.09261375000000002,0.11534249999999999
773,-73.931,40.812,0.09942000000000001,0.08165499999999998,0.09867749999999997,0.13533499999999998
774,-73.931,40.813,0.1311275,0.09502,0.11834,0.15920499999999999
775,-73.931,40.814,0.1311275,0.09127999999999997,0.11413250000000003,0.14630749999999998
776,-73.931,40.815,0.10965000000000003,0.08949249999999997,0.10591,0.1355
777,-73.931,40.816,0.110035,0.08432250000000002,0.10362749999999998,0.1379475
778,-73.931,40.83,0.05874750000000001,0.04574,0.07007750000000001,0.23736000000000002
779,-73.931,40.832,0.1307975,0.10096,0.121695,0.16784
780,-73.931,40.833,0.10695500000000002,0.08481749999999999,0.10373749999999998,0.24547249999999998
781,-73.931,40.834,0.14146750000000002,0.1012075,0.12901,0.24891000000000002
782,-73.931,40.857,0.12994499999999998,0.1101725,0.12576500000000002,0.20854
783,-73.931,40.858,0.21439750000000002,0.16982000000000003,0.200345,0.2684075
784,-73.931,40.859,0.13219999999999998,0.10043750000000001,0.1228225,0.1832125
785,-73.931,40.86,0.08951999999999999,0.07246999999999998,0.09059250000000002,0.260955
786,-73.93,40.808,0.1469125,0.10448000000000002,0.1310175,0.169765
787,-73.93,40.81,0.10596499999999998,0.0842675,0.1017575,0.13508750000000003
788,-73.93,40.811,0.11704750000000003,0.08800750000000002,0.10874250000000002,0.13679249999999998
789,-73.93,40.812,0.11399500000000001,0.08682499999999999,0.10338000000000003,0.15345750000000002
790,-73.93,40.813,0.10830250000000002,0.08151750000000002,0.0992825,0.13184249999999997
791,-73.93,40.814,0.10830250000000002,0.08151750000000002,0.0992825,0.13184249999999997
792,-73.93,40.815,0.13741125,0.09892499999999999,0.129725,0.1594525
793,-73.93,40.816,0.11256500000000003,0.0870725,0.10362749999999998,0.1384975
794,-73.93,40.817,0.12846000000000002,0.09477249999999998,0.11179499999999998,0.16069
795,-73.93,40.818,0.12095250000000002,0.09499249999999998,0.11410500000000001,0.16646500000000003
796,-73.93,40.819,0.144575,0.10629499999999997,0.133355,0.1910775
797,-73.93,40.83,0.10415000000000002,0.0782175,0.10238999999999998,0.21645999999999999
798,-73.93,40.834,0.1908575,0.13822250000000003,0.1688575,0.22647
799,-73.93,40.835,0.14793,0.11358249999999998,0.1416325,0.20119750000000003
800,-73.93,40.857,0.07131500000000002,0.056217499999999976,0.06985750000000002,0.1420725
801,-73.93,40.858,0.0633125,0.05003000000000002,0.06630999999999998,0.13140249999999998
802,-73.929,40.807,0.1344825,0.103105,0.12246499999999999,0.1813975
803,-73.929,40.808,0.16800500000000002,0.12059500000000001,0.15345750000000002,0.19611
804,-73.929,40.809,0.145455,0.10764249999999997,0.13140249999999998,0.1762825
805,-73.929,40.81,0.12119999999999997,0.09427750000000001,0.11171249999999999,0.144685
806,-73.929,40.812,0.11880750000000001,0.08980874999999999,0.10870125000000003,0.1500475
807,-73.929,40.813,0.09507500000000002,0.07043500000000003,0.085395,0.14782
808,-73.929,40.818,0.1413025,0.10830250000000002,0.13594,0.216515
809,-73.929,40.819,0.1612675,0.12826749999999998,0.150625,0.19209500000000002
810,-73.929,40.82,0.1795275,0.14353,0.16814250000000003,0.21888000000000002
811,-73.929,40.821,0.1282125,0.09485500000000002,0.12020999999999998,0.21195000000000003
812,-73.929,40.829,0.07535750000000002,0.061373750000000005,0.07713125000000001,0.23745625
813,-73.929,40.83,0.06862000000000001,0.05508999999999997,0.07359749999999998,0.2423925
814,-73.929,40.834,0.19135249999999998,0.14199,0.176475,0.24044
815,-73.929,40.835,0.163165,0.12015500000000001,0.14248500000000003,0.22347250000000002
816,-73.929,40.857,0.097275,0.0748625,0.090675,0.18830000000000002
817,-73.929,40.858,0.08106374999999999,0.06256999999999999,0.07768125000000001,0.1790875
818,-73.928,40.807,0.14262249999999999,0.10973250000000001,0.13170500000000002,0.19393749999999998
819,-73.928,40.809,0.09699999999999998,0.079785,0.09493750000000001,0.17116750000000003
820,-73.928,40.81,0.09139000000000003,0.07736500000000002,0.09273749999999997,0.1762825
821,-73.928,40.811,0.1046725,0.0816,0.10057500000000003,0.181425
822,-73.928,40.82,0.1226025,0.0982925,0.11869750000000001,0.20689000000000002
823,-73.928,40.821,0.11277124999999999,0.08704499999999998,0.10657,0.21049250000000003
824,-73.928,40.822,0.11671749999999997,0.0892175,0.10984250000000001,0.18340499999999998
825,-73.928,40.824,0.10637750000000001,0.07970250000000001,0.09609250000000003,0.13742500000000002
826,-73.928,40.825,0.10637750000000001,0.08171,0.0989525,0.139075
827,-73.928,40.826,0.11413250000000003,0.085395,0.10428749999999998,0.13959749999999999
828,-73.928,40.828,0.15827000000000002,0.11212499999999997,0.13687500000000002,0.19358000000000003
829,-73.928,40.829,0.146555,0.1045625,0.132585,0.1855775
830,-73.928,40.834,0.13473000000000002,0.1074775,0.128185,0.2343075
831,-73.928,40.835,0.21541500000000002,0.158545,0.19729249999999998,0.24044
832,-73.928,40.836,0.11325249999999998,0.08765,0.10896250000000002,0.19677
833,-73.928,40.837,0.10588249999999999,0.085505,0.10901749999999999,0.17119499999999999
834,-73.928,40.838,0.145235,0.11550749999999999,0.13561,0.22267499999999998
835,-73.928,40.839,0.13126500000000002,0.10249999999999998,0.12417,0.2263325
836,-73.928,40.857,0.13027499999999997,0.09317750000000002,0.11982500000000001,0.1673175
837,-73.927,40.806,0.17145625,0.13347875,0.15454374999999998,0.2227025
838,-73.927,40.807,0.18458750000000002,0.15200000000000002,0.16984749999999998,0.237415
839,-73.927,40.81,0.0896575,0.07736500000000002,0.09273749999999997,0.17116750000000003
840,-73.927,40.811,0.12367499999999998,0.091115,0.11448999999999998,0.1689675
841,-73.927,40.82,0.14234750000000002,0.1018675,0.1300825,0.1849175
842,-73.927,40.821,0.11605749999999998,0.08690750000000003,0.10577249999999999,0.1887125
843,-73.927,40.825,0.11146499999999998,0.08052749999999997,0.10379250000000001,0.16069
844,-73.927,40.826,0.10233499999999998,0.07795625,0.0981275,0.1813425
845,-73.927,40.828,0.163165,0.11971500000000002,0.1445475,0.19157249999999998
846,-73.927,40.829,0.15827000000000002,0.11212499999999997,0.13687500000000002,0.19358000000000003
847,-73.927,40.834,0.17955500000000002,0.14358500000000002,0.16542,0.24926750000000003
848,-73.927,40.835,0.08894249999999998,0.06663999999999998,0.0895475,0.2254525
849,-73.927,40.836,0.118505,0.08765,0.10896250000000002,0.19677
850,-73.927,40.837,0.12150250000000001,0.085505,0.10494750000000003,0.163825
851,-73.927,40.838,0.11308750000000001,0.08949249999999997,0.11055749999999998,0.18145250000000002
852,-73.927,40.839,0.10676249999999998,0.08187499999999998,0.10087750000000001,0.21272000000000002
853,-73.926,40.806,0.14292500000000002,0.11022749999999998,0.13208999999999999,0.19346999999999998
854,-73.926,40.807,0.2021325,0.158875,0.189015,0.255345
855,-73.926,40.811,0.12119999999999997,0.09889750000000003,0.11603000000000002,0.20107375
856,-73.926,40.812,0.11306,0.08940999999999999,0.10615750000000002,0.2002625
857,-73.926,40.82,0.1548875,0.1108325,0.14182499999999998,0.2023525
858,-73.926,40.821,0.12031999999999998,0.08861249999999998,0.11281249999999998,0.19333250000000002
859,-73.926,40.825,0.1541725,0.12031999999999998,0.1408625,0.19666
860,-73.926,40.826,0.19437749999999998,0.15546500000000002,0.17873,0.236095
861,-73.926,40.827,0.1651725,0.121255,0.14245750000000001,0.19759500000000002
862,-73.926,40.828,0.096835,0.07456000000000002,0.08758125,0.14523499999999998
863,-73.926,40.834,0.132035,0.12073250000000002,0.13753500000000002,0.20565250000000002
864,-73.926,40.835,0.08938249999999998,0.072745,0.08861249999999998,0.19784249999999998
865,-73.926,40.838,0.12489875,0.0960925,0.11468249999999999,0.1865675
866,-73.926,40.839,0.11718499999999998,0.08522999999999997,0.10989749999999998,0.20477250000000002
867,-73.926,40.84,0.1415225,0.109155,0.1411925,0.21104250000000002
868,-73.926,40.841,0.14539999999999997,0.11325249999999998,0.13396000000000002,0.195065
869,-73.926,40.842,0.15838000000000002,0.12235499999999999,0.14146750000000002,0.2058175
870,-73.925,40.806,0.1333275,0.10112500000000002,0.1256275,0.17878500000000003
871,-73.925,40.812,0.09896624999999998,0.07948250000000001,0.094415,0.18555
872,-73.925,40.813,0.06807000000000002,0.05847249999999998,0.072745,0.17345
873,-73.925,40.821,0.12587500000000001,0.08385500000000001,0.11594749999999998,0.22842250000000003
874,-73.925,40.826,0.14787499999999998,0.11113499999999998,0.1368475,0.21932000000000001
875,-73.925,40.827,0.11600250000000001,0.09141749999999998,0.10475499999999999,0.17757499999999998
876,-73.925,40.828,0.11600250000000001,0.08226,0.09848499999999999,0.19671500000000003
877,-73.925,40.839,0.13999625,0.11130000000000001,0.13217250000000003,0.25222375
878,-73.925,40.84,0.11165750000000002,0.08489999999999998,0.1018675,0.17811125000000003
879,-73.925,40.841,0.16253250000000002,0.12309750000000003,0.15178000000000003,0.23243750000000002
880,-73.925,40.842,0.13165,0.09988750000000002,0.1234825,0.18467
881,-73.925,40.843,0.11421500000000001,0.09353499999999998,0.11000749999999998,0.18467
882,-73.925,40.844,0.13318999999999998,0.097825,0.12499500000000002,0.23736000000000002
883,-73.924,40.805,0.11707499999999998,0.09288874999999999,0.10927875000000001,0.21051999999999998
884,-73.924,40.806,0.10676249999999998,0.0827,0.09823749999999998,0.16647875
885,-73.924,40.812,0.1509275,0.11916500000000002,0.140065,0.19322250000000002
886,-73.924,40.813,0.11043375,0.082975,0.10160625000000001,0.18555
887,-73.924,40.821,0.1331075,0.09713749999999999,0.12188749999999998,0.213215
888,-73.924,40.822,0.169875,0.11869750000000001,0.15464,0.22047499999999998
889,-73.924,40.823,0.18388625,0.1344,0.1686375,0.2367825
890,-73.924,40.843,0.06603500000000001,0.04986499999999999,0.0692525,0.219375
891,-73.924,40.844,0.1289825,0.09504750000000001,0.12257499999999999,0.1923975
892,-73.923,40.805,0.14782,0.10508499999999998,0.13252999999999998,0.17922500000000002
893,-73.923,40.809,0.1675375,0.134455,0.15458500000000003,0.195285
894,-73.923,40.81,0.1542,0.120815,0.14314500000000002,0.19209500000000002
895,-73.923,40.813,0.1171025,0.0871825,0.11031000000000002,0.192535
896,-73.923,40.814,0.07213999999999998,0.05867875,0.07483500000000001,0.19732
897,-73.923,40.822,0.16854125,0.12404625,0.1558225,0.2185225
898,-73.923,40.823,0.1461425,0.1053325,0.128295,0.20592749999999999
899,-73.923,40.824,0.18973,0.14383249999999997,0.17320249999999998,0.23881750000000002
900,-73.923,40.841,0.18475250000000001,0.14282875,0.1650625,0.22972875
901,-73.923,40.842,0.156895,0.1171025,0.13835999999999998,0.19996000000000003
902,-73.923,40.843,0.15568500000000002,0.11360999999999999,0.13745249999999998,0.2101075
903,-73.923,40.844,0.1309075,0.09741250000000001,0.12009999999999998,0.20961249999999998
904,-73.922,40.804,0.15301750000000003,0.1175425,0.1383875,0.1804075
905,-73.922,40.805,0.18516500000000002,0.13385000000000002,0.16016750000000002,0.20958500000000002
906,-73.922,40.809,0.20738499999999999,0.16038750000000002,0.1905,0.2425025
907,-73.922,40.81,0.126095,0.10744999999999999,0.1228225,0.20309500000000003
908,-73.922,40.811,0.1102825,0.08564250000000001,0.10753249999999998,0.186485
909,-73.922,40.813,0.16487000000000002,0.1282125,0.15180749999999998,0.21060250000000003
910,-73.922,40.814,0.052779999999999994,0.04549249999999999,0.06424750000000001,0.230815
911,-73.922,40.823,0.12417,0.097715,0.11746000000000001,0.14944249999999998
912,-73.922,40.831,0.14784750000000002,0.11308750000000001,0.1347025,0.192865
913,-73.922,40.832,0.15961750000000002,0.11886249999999998,0.1476825,0.21635
914,-73.922,40.841,0.15668875,0.11337625000000001,0.13835999999999998,0.20029000000000002
915,-73.922,40.842,0.1436675,0.1042325,0.1256,0.187695
916,-73.921,40.804,0.17317500000000002,0.1336025,0.164815,0.187805
917,-73.921,40.805,0.17498999999999998,0.128735,0.1535125,0.19358000000000003
918,-73.921,40.811,0.1134175,0.08814499999999997,0.11267500000000003,0.23705750000000003
919,-73.921,40.812,0.11273,0.0863025,0.10648750000000001,0.2161575
920,-73.921,40.814,0.1116025,0.0874025,0.10530499999999998,0.20614749999999998
921,-73.921,40.822,0.11146499999999998,0.08476250000000002,0.10766999999999999,0.16069
922,-73.921,40.823,0.145455,0.10497499999999998,0.12969750000000002,0.18335
923,-73.921,40.831,0.13217250000000003,0.10096,0.12210749999999998,0.19668750000000002
924,-73.921,40.832,0.15373250000000002,0.11886249999999998,0.14761375,0.21912750000000003
925,-73.921,40.833,0.15087250000000002,0.11174,0.1334375,0.20856750000000002
926,-73.921,40.834,0.156895,0.12164000000000003,0.1444375,0.198365
927,-73.921,40.841,0.1267275,0.1042325,0.11965999999999999,0.18324000000000001
928,-73.921,40.842,0.13099,0.10259625,0.1201275,0.18324000000000001
929,-73.921,40.843,0.1510375,0.11649749999999998,0.138965,0.18467
930,-73.92,40.803,0.1377275,0.10865999999999998,0.12870749999999997,0.15948
931,-73.92,40.804,0.1377275,0.10865999999999998,0.12870749999999997,0.17378
932,-73.92,40.812,0.08432250000000002,0.06741000000000003,0.08825499999999997,0.2308425
933,-73.92,40.814,0.1772725,0.1398725,0.1630275,0.21967750000000003
934,-73.92,40.815,0.15840749999999998,0.12381249999999999,0.1449875,0.1864575
935,-73.92,40.822,0.0982925,0.07563249999999999,0.09438750000000001,0.1614875
936,-73.92,40.823,0.152055,0.11303249999999998,0.139295,0.1953125
937,-73.92,40.83,0.13664125,0.10574499999999998,0.12399125,0.17702500000000002
938,-73.92,40.831,0.11069499999999999,0.08558749999999998,0.10373749999999998,0.14804
939,-73.92,40.833,0.08789750000000002,0.072745,0.09158250000000001,0.2220975
940,-73.92,40.834,0.1609375,0.12164000000000003,0.15045999999999998,0.2187425
941,-73.92,40.835,0.16993000000000003,0.12367499999999998,0.16231250000000003,0.21354499999999998
942,-73.92,40.843,0.14551000000000003,0.11674499999999999,0.13742500000000002,0.22572750000000003
943,-73.92,40.844,0.12647999999999998,0.09837499999999999,0.121585,0.22226250000000003
944,-73.919,40.804,0.12485750000000001,0.09466249999999998,0.11649749999999998,0.17378
945,-73.919,40.805,0.08844750000000001,0.07007750000000001,0.09017999999999998,0.18555
946,-73.919,40.809,0.10984250000000001,0.08429500000000001,0.10461749999999997,0.1916
947,-73.919,40.814,0.15281125,0.11682749999999997,0.13903374999999998,0.18307500000000002
948,-73.919,40.815,0.13596750000000002,0.10503000000000001,0.12571,0.17917
949,-73.919,40.816,0.1834325,0.1398725,0.16286250000000002,0.21051999999999998
950,-73.919,40.821,0.12469249999999998,0.09757749999999998,0.11768,0.23241
951,-73.919,40.822,0.061277499999999985,0.04895749999999999,0.06625500000000001,0.19693500000000003
952,-73.919,40.83,0.1559875,0.11066749999999997,0.13704,0.2015825
953,-73.919,40.831,0.22044750000000002,0.17240499999999997,0.20446999999999999,0.28609
954,-73.919,40.835,0.174715,0.08677000000000001,0.10560750000000002,0.20636749999999998
955,-73.919,40.836,0.13462000000000002,0.091885,0.1108325,0.16838999999999998
956,-73.919,40.837,0.1410275,0.10342125000000002,0.12381249999999999,0.17690124999999998
957,-73.919,40.843,0.12582,0.09639500000000001,0.11446250000000002,0.1660525
958,-73.919,40.844,0.11649749999999998,0.09130749999999999,0.11218,0.1660525
959,-73.919,40.845,0.07882250000000002,0.05877500000000002,0.07456000000000002,0.2069725
960,-73.918,40.804,0.08875,0.07189250000000003,0.091555,0.19666
961,-73.918,40.805,0.05992999999999998,0.052202499999999985,0.06994,0.20557000000000003
962,-73.918,40.809,0.12502249999999998,0.10008,0.12007250000000003,0.2025175
963,-73.918,40.81,0.15763749999999999,0.12815749999999998,0.1454275,0.22218
964,-73.918,40.811,0.12263000000000002,0.10085,0.11278500000000002,0.14705000000000001
965,-73.918,40.815,0.21219749999999998,0.16745500000000002,0.19380000000000003,0.2511925
966,-73.918,40.816,0.1437775,0.10868749999999999,0.12824000000000002,0.16778500000000002
967,-73.918,40.821,0.12469249999999998,0.09757749999999998,0.11768,0.23241
968,-73.918,40.822,0.1103375,0.08352499999999999,0.1054975,0.220475
969,-73.918,40.831,0.1619,0.12364750000000002,0.14892,0.22952250000000002
970,-73.918,40.832,0.1580225,0.12483,0.150955,0.24109999999999998
971,-73.918,40.833,0.14784750000000002,0.1163325,0.1377,0.19041750000000002
972,-73.918,40.836,0.10739500000000002,0.08710000000000001,0.10448000000000002,0.16838999999999998
973,-73.918,40.837,0.1393775,0.09892499999999999,0.12576500000000002,0.187585
974,-73.918,40.838,0.14996500000000001,0.1175425,0.1372875,0.187585
975,-73.918,40.844,0.11883500000000002,0.0948,0.1141875,0.186485
976,-73.918,40.845,0.09518499999999999,0.07747500000000002,0.09191250000000001,0.17631
977,-73.918,40.846,0.13781,0.10808250000000003,0.1311,0.18068250000000002
978,-73.917,40.804,0.07884999999999998,0.059077500000000005,0.08107750000000002,0.18574249999999998
979,-73.917,40.805,0.052917500000000006,0.04447499999999999,0.06411,0.265355
980,-73.917,40.81,0.12263000000000002,0.10085,0.11278500000000002,0.14705000000000001
981,-73.917,40.811,0.11281249999999998,0.085395,0.10096,0.16367375
982,-73.917,40.812,0.1278825,0.09050999999999998,0.1235925,0.20928249999999998
983,-73.917,40.815,0.22058500000000003,0.1816175,0.20293,0.2646675
984,-73.917,40.816,0.1206775,0.08776,0.10775249999999997,0.15326499999999998
985,-73.917,40.817,0.12128250000000002,0.0897675,0.11355500000000002,0.1404225
986,-73.917,40.818,0.1477925,0.12320750000000003,0.14226499999999997,0.19512000000000002
987,-73.917,40.819,0.13802999999999999,0.103325,0.1286525,0.19666
988,-73.917,40.821,0.211345,0.16723500000000002,0.199685,0.28813875
989,-73.917,40.822,0.10832999999999998,0.08374500000000001,0.10112500000000002,0.23606749999999999
990,-73.917,40.832,0.13824999999999998,0.09389249999999999,0.12576500000000002,0.18986750000000002
991,-73.917,40.833,0.17889500000000003,0.12848749999999998,0.1642925,0.19492749999999998
992,-73.917,40.834,0.13888250000000002,0.1053325,0.12417,0.17622749999999998
993,-73.917,40.837,0.1795275,0.14930500000000002,0.17081000000000002,0.2215475
994,-73.917,40.838,0.13748,0.11196,0.12298750000000003,0.19759500000000002
995,-73.917,40.839,0.194295,0.1608,0.1855775,0.22553499999999999
996,-73.917,40.844,0.1345925,0.103435,0.128515,0.2227025
997,-73.917,40.845,0.12527,0.09394750000000002,0.114655,0.178565
998,-73.917,40.846,0.162505,0.12406,0.14782,0.24893749999999998
999,-73.916,40.804,0.10901749999999999,0.08052749999999997,0.1020875,0.144905
1000,-73.916,40.812,0.151615,0.11495749999999999,0.14069749999999998,0.22000750000000002
1001,-73.916,40.813,0.16674,0.12309750000000003,0.15508,0.21338000000000001
1002,-73.916,40.814,0.13555499999999998,0.10244500000000001,0.11891750000000001,0.1711125
1003,-73.916,40.816,0.09207749999999998,0.07343250000000001,0.09161000000000002,0.1422925
1004,-73.916,40.817,0.12128250000000002,0.09735749999999999,0.11355500000000002,0.1454275
1005,-73.916,40.818,0.11787249999999999,0.0934525,0.10648750000000001,0.1454275
1006,-73.916,40.819,0.1289825,0.10258250000000002,0.121035,0.1703425
1007,-73.916,40.82,0.13607750000000002,0.1047825,0.12524249999999998,0.18472500000000003
1008,-73.916,40.821,0.08107750000000002,0.06966499999999998,0.08008749999999998,0.1472425
1009,-73.916,40.834,0.139735,0.10530499999999998,0.12298750000000003,0.19668750000000002
1010,-73.916,40.835,0.16074500000000003,0.13077,0.1499375,0.21879749999999998
1011,-73.916,40.836,0.16179,0.1317875,0.15034999999999998,0.21016250000000003
1012,-73.916,40.839,0.1666025,0.13407000000000002,0.15983750000000002,0.19759500000000002
1013,-73.916,40.84,0.12494,0.09116999999999997,0.11256500000000003,0.150405
1014,-73.916,40.843,0.1310175,0.08737499999999998,0.1174325,0.150625
1015,-73.916,40.844,0.20477250000000002,0.15120250000000002,0.174385,0.230485
1016,-73.915,40.804,0.13316250000000002,0.10596499999999998,0.12735999999999997,0.23276750000000002
1017,-73.915,40.805,0.12386750000000002,0.09306750000000003,0.11817499999999997,0.17977500000000002
1018,-73.915,40.806,0.14364,0.11102499999999998,0.1321175,0.17421999999999999
1019,-73.915,40.814,0.174275,0.13627,0.158765,0.20928249999999998
1020,-73.915,40.815,0.19077500000000003,0.1454275,0.17554000000000003,0.24814000000000003
1021,-73.915,40.816,0.1713325,0.12535249999999998,0.15376,0.21250000000000002
1022,-73.915,40.817,0.10954000000000003,0.08492749999999999,0.10104249999999998,0.17999500000000002
1023,-73.915,40.818,0.15433750000000002,0.12062250000000002,0.1419625,0.18684250000000002
1024,-73.915,40.819,0.11251,0.09070250000000002,0.10492000000000001,0.1532925
1025,-73.915,40.826,0.15065250000000002,0.11932999999999999,0.1408625,0.22550750000000003
1026,-73.915,40.827,0.16547499999999998,0.133575,0.1560975,0.2170375
1027,-73.915,40.835,0.13340999999999997,0.11044749999999998,0.1285425,0.16599750000000002
1028,-73.915,40.836,0.08388250000000003,0.0684825,0.0839375,0.16599750000000002
1029,-73.915,40.839,0.11448999999999998,0.08390999999999998,0.1048925,0.15065250000000002
1030,-73.915,40.84,0.11308750000000001,0.08704499999999998,0.09837499999999999,0.13354749999999999
1031,-73.915,40.843,0.17017749999999998,0.13318999999999998,0.15409,0.20183
1032,-73.915,40.844,0.13173249999999997,0.09499249999999998,0.11135499999999998,0.15513500000000002
1033,-73.915,40.845,0.10684500000000002,0.07343250000000001,0.09191250000000001,0.145455
1034,-73.914,40.805,0.14364,0.11102499999999998,0.1321175,0.18775000000000003
1035,-73.914,40.806,0.16113,0.12197000000000002,0.1493875,0.18775000000000003
1036,-73.914,40.816,0.14001000000000002,0.10849500000000001,0.12950499999999998,0.16737249999999998
1037,-73.914,40.817,0.10144125000000001,0.07293749999999999,0.0922425,0.2031775
1038,-73.914,40.818,0.12007250000000003,0.08522999999999997,0.11369249999999997,0.1766125
1039,-73.914,40.819,0.17191,0.133245,0.158105,0.18486249999999999
1040,-73.914,40.82,0.19803500000000002,0.1487,0.1760625,0.229715
1041,-73.914,40.826,0.15065250000000002,0.11932999999999999,0.1408625,0.2068625
1042,-73.914,40.827,0.10349000000000003,0.08066499999999999,0.09999750000000002,0.17622749999999998
1043,-73.914,40.83,0.1311275,0.097055,0.1203475,0.19776
1044,-73.914,40.831,0.08245250000000001,0.0660625,0.079235,0.16969625000000002
1045,-73.914,40.835,0.09471750000000001,0.07942749999999998,0.090675,0.13588499999999998
1046,-73.914,40.836,0.11108000000000001,0.08688000000000001,0.103985,0.22732249999999998
1047,-73.914,40.839,0.16806,0.13627,0.15750000000000003,0.23491250000000002
1048,-73.914,40.844,0.13173249999999997,0.09499249999999998,0.11135499999999998,0.15513500000000002
1049,-73.914,40.845,0.0964775,0.06961,0.09191250000000001,0.150625
1050,-73.913,40.805,0.16399000000000002,0.12265749999999997,0.1531825,0.21049250000000003
1051,-73.913,40.817,0.08201250000000002,0.06389,0.07973,0.1628075
1052,-73.913,40.818,0.12007250000000003,0.08182,0.10200500000000001,0.22919250000000002
1053,-73.913,40.819,0.47864500000000004,0.3372675,0.4166325,0.52919
1054,-73.913,40.82,0.1892625,0.14188,0.17202,0.2135725
1055,-73.913,40.821,0.1617075,0.12837749999999998,0.15268749999999998,0.23312500000000003
1056,-73.913,40.827,0.10702375,0.07831374999999999,0.09988749999999999,0.21294
1057,-73.913,40.828,0.189125,0.14155,0.1695175,0.2341975
1058,-73.913,40.829,0.12153000000000003,0.09114250000000002,0.10876999999999998,0.169545
1059,-73.913,40.83,0.12153000000000003,0.09114250000000002,0.10876999999999998,0.169545
1060,-73.913,40.831,0.08011499999999999,0.06350499999999998,0.07632,0.12084250000000002
1061,-73.913,40.835,0.09768749999999998,0.07783249999999997,0.09271000000000001,0.14226499999999997
1062,-73.913,40.836,0.07016,0.05740000000000001,0.067905,0.13354749999999999
1063,-73.913,40.838,0.1457025,0.11652499999999999,0.13409749999999998,0.16937999999999998
1064,-73.913,40.839,0.1457025,0.11652499999999999,0.13409749999999998,0.17218499999999998
1065,-73.913,40.844,0.12510500000000002,0.09834749999999998,0.12020999999999998,0.16091
1066,-73.913,40.845,0.12139250000000001,0.08973999999999999,0.10912749999999999,0.15574
1067,-73.912,40.804,0.1333275,0.10761500000000002,0.12735999999999997,0.1608
1068,-73.912,40.805,0.15356750000000002,0.12419750000000002,0.14641749999999998,0.16110249999999998
1069,-73.912,40.819,0.10733999999999999,0.08556000000000002,0.10772500000000002,0.18854749999999998
1070,-73.912,40.82,0.15189000000000002,0.11253750000000001,0.1361325,0.219045
1071,-73.912,40.821,0.12268499999999999,0.09573500000000001,0.1195775,0.2070825
1072,-73.912,40.822,0.14652749999999998,0.11075000000000002,0.1344825,0.19094
1073,-73.912,40.828,0.16445749999999998,0.12804749999999998,0.15516249999999998,0.2135725
1074,-73.912,40.829,0.12364750000000002,0.09523999999999999,0.1172125,0.2057075
1075,-73.912,40.83,0.13822250000000003,0.10380625000000002,0.12407374999999998,0.18555
1076,-73.912,40.835,0.109265,0.0867425,0.10497499999999998,0.2018025
1077,-73.912,40.838,0.12230000000000002,0.09507500000000002,0.115645,0.19657750000000002
1078,-73.912,40.839,0.126425,0.09507500000000002,0.1197975,0.23425250000000003
1079,-73.912,40.845,0.07931749999999999,0.06367,0.07909749999999999,0.16091
1080,-73.911,40.804,0.1300825,0.10005249999999999,0.12428,0.1761725
1081,-73.911,40.805,0.12848749999999998,0.1024175,0.1256275,0.14537250000000002
1082,-73.911,40.806,0.2040575,0.13665500000000003,0.1724325,0.2132425
1083,-73.911,40.819,0.1084675,0.08502375000000001,0.11043375,0.2554825
1084,-73.911,40.82,0.10582750000000002,0.08063749999999997,0.10525000000000001,0.2554825
1085,-73.911,40.821,0.150185,0.11492999999999998,0.13943250000000001,0.20554250000000002
1086,-73.911,40.822,0.10956749999999998,0.08850249999999998,0.10750500000000002,0.19116
1087,-73.911,40.825,0.10571750000000002,0.08522999999999997,0.10046500000000003,0.19154500000000002
1088,-73.911,40.829,0.11102499999999998,0.084955,0.10439749999999998,0.2057075
1089,-73.911,40.833,0.21340750000000003,0.1666025,0.19226,0.26136750000000003
1090,-73.911,40.834,0.1298625,0.10786249999999997,0.12576500000000002,0.20155499999999998
1091,-73.911,40.835,0.12923,0.10679,0.120705,0.18931750000000003
1092,-73.911,40.838,0.1107225,0.08522999999999997,0.10657,0.1808475
1093,-73.911,40.839,0.1416325,0.108715,0.13126500000000002,0.204635
1094,-73.911,40.84,0.1416325,0.10071249999999998,0.12950499999999998,0.20557000000000003
1095,-73.911,40.845,0.10681750000000001,0.0749725,0.10371000000000002,0.157775
1096,-73.91,40.803,0.08883249999999998,0.06900499999999998,0.08605499999999999,0.18874000000000002
1097,-73.91,40.804,0.11308750000000001,0.09147250000000001,0.10357250000000001,0.15604250000000003
1098,-73.91,40.805,0.13572,0.10668,0.1256275,0.1463625
1099,-73.91,40.806,0.24725999999999998,0.17820750000000002,0.212225,0.26398
1100,-73.91,40.81,0.0987325,0.078685,0.09491,0.22356875
1101,-73.91,40.811,0.0937,0.07434000000000002,0.08897,0.1902525
1102,-73.91,40.812,0.139405,0.10249999999999998,0.12961499999999998,0.1958625
1103,-73.91,40.819,0.139955,0.109815,0.1337125,0.1842025
1104,-73.91,40.824,0.11891750000000001,0.09488249999999998,0.10629499999999997,0.149085
1105,-73.91,40.825,0.11652499999999999,0.0870725,0.10775249999999997,0.16553
1106,-73.91,40.826,0.0988425,0.07654,0.09034500000000001,0.15054250000000002
1107,-73.91,40.827,0.0867425,0.07024249999999999,0.08259,0.1203475
1108,-73.91,40.833,0.176805,0.13316250000000002,0.16355000000000003,0.253145
1109,-73.91,40.834,0.1277725,0.103105,0.121695,0.19668750000000002
1110,-73.91,40.835,0.13712249999999998,0.11322500000000002,0.13638,0.2097775
1111,-73.91,40.839,0.11696499999999999,0.0924625,0.11468250000000002,0.21362750000000003
1112,-73.91,40.84,0.114875,0.08173750000000002,0.10068500000000002,0.18764000000000003
1113,-73.91,40.841,0.1257375,0.07390000000000002,0.09405750000000002,0.20106000000000002
1114,-73.91,40.842,0.05343999999999999,0.0474175,0.06166250000000001,0.21056124999999998
1115,-73.91,40.843,0.10293999999999998,0.08176499999999998,0.10065750000000001,0.1908575
1116,-73.91,40.844,0.1140775,0.085285,0.10384749999999998,0.15948
1117,-73.91,40.845,0.0926825,0.07310250000000001,0.08743000000000001,0.133575
1118,-73.909,40.803,0.20166499999999998,0.15043250000000002,0.187475,0.23714000000000002
1119,-73.909,40.804,0.07656750000000001,0.06553999999999999,0.0841575,0.23334500000000002
1120,-73.909,40.805,0.1944325,0.1587925,0.180435,0.231145
1121,-73.909,40.806,0.0930125,0.07995000000000002,0.09364499999999998,0.18552249999999998
1122,-73.909,40.807,0.07288250000000002,0.05635499999999999,0.072965,0.21500249999999999
1123,-73.909,40.81,0.10854999999999998,0.09105999999999997,0.1081375,0.19344250000000002
1124,-73.909,40.811,0.09408499999999997,0.0753025,0.09433249999999999,0.2096675
1125,-73.909,40.812,0.17757499999999998,0.13676500000000003,0.1686375,0.22506750000000003
1126,-73.909,40.813,0.08968500000000001,0.07038,0.08971249999999997,0.2095575
1127,-73.909,40.819,0.1685275,0.12323499999999998,0.15882000000000002,0.2533925
1128,-73.909,40.82,0.06630999999999998,0.05828,0.07200250000000002,0.21481
1129,-73.909,40.824,0.13096249999999998,0.10065750000000001,0.11869750000000001,0.1523025
1130,-73.909,40.825,0.10134500000000002,0.07027,0.0929025,0.15571249999999998
1131,-73.909,40.826,0.11446250000000002,0.08839249999999998,0.10591,0.14177
1132,-73.909,40.827,0.12470624999999999,0.09742624999999999,0.11706125,0.16502125
1133,-73.909,40.828,0.13239250000000002,0.0989525,0.12004500000000001,0.16553
1134,-73.909,40.829,0.14336500000000002,0.11303249999999998,0.1325575,0.2244625
1135,-73.909,40.841,0.09534999999999999,0.07390000000000002,0.09405750000000002,0.20106000000000002
1136,-73.909,40.842,0.05126750000000002,0.0474175,0.06166250000000001,0.20568000000000003
1137,-73.909,40.843,0.12078749999999999,0.09342499999999998,0.1144075,0.1537325
1138,-73.909,40.844,0.13042625,0.10093249999999998,0.1229325,0.186485
1139,-73.909,40.845,0.10516750000000002,0.0781075,0.09837499999999999,0.134895
1140,-73.908,40.802,0.2676925,0.18675999999999998,0.23370249999999998,0.2865575
1141,-73.908,40.803,0.2134625,0.163165,0.19344250000000002,0.23714000000000002
1142,-73.908,40.804,0.24544500000000002,0.20312249999999998,0.23268500000000003,0.2785
1143,-73.908,40.805,0.08792499999999998,0.072745,0.0894375,0.206835
1144,-73.908,40.806,0.1272775,0.09518500000000002,0.11669000000000002,0.171085
1145,-73.908,40.807,0.13618750000000002,0.09994249999999999,0.12053999999999998,0.22182249999999998
1146,-73.908,40.808,0.2078525,0.14999250000000003,0.1973475,0.24544500000000002
1147,-73.908,40.809,0.12691999999999998,0.09856749999999997,0.1163325,0.15536875
1148,-73.908,40.81,0.15635875,0.118505,0.14190750000000002,0.19694875
1149,-73.908,40.819,0.14199,0.10794499999999999,0.136105,0.2397525
1150,-73.908,40.82,0.0927925,0.07114999999999999,0.08990500000000001,0.20161
1151,-73.908,40.821,0.08033499999999999,0.06446750000000001,0.08077499999999999,0.20422250000000003
1152,-73.908,40.824,0.19088500000000003,0.1454275,0.1700125,0.24712250000000002
1153,-73.908,40.825,0.11792750000000002,0.09251749999999997,0.12029250000000002,0.1916275
1154,-73.908,40.826,0.14539999999999997,0.11556250000000001,0.13082500000000002,0.19154500000000002
1155,-73.908,40.828,0.1310175,0.10377875,0.12118625,0.18465625000000002
1156,-73.908,40.829,0.12221749999999998,0.09633999999999998,0.11198750000000002,0.19223250000000003
1157,-73.908,40.83,0.119,0.09229749999999998,0.11446250000000002,0.1761725
1158,-73.908,40.831,0.12230000000000002,0.08368999999999999,0.1131975,0.24142999999999998
1159,-73.908,40.844,0.132255,0.102885,0.12020999999999998,0.19896999999999998
1160,-73.908,40.845,0.09984625,0.07516499999999998,0.0898775,0.12824000000000002
1161,-73.907,40.802,0.2213275,0.165145,0.20084000000000002,0.2785
1162,-73.907,40.803,0.19377250000000001,0.15043250000000002,0.17675000000000002,0.20554250000000002
1163,-73.907,40.804,0.193635,0.144905,0.17152499999999998,0.20196750000000002
1164,-73.907,40.805,0.20592749999999999,0.14947,0.18315750000000003,0.22773500000000002
1165,-73.907,40.806,0.2445925,0.16880250000000002,0.218825,0.33713
1166,-73.907,40.807,0.14182499999999998,0.1075875,0.1304125,0.16421000000000002
1167,-73.907,40.809,0.13042625,0.09651875000000001,0.11955000000000002,0.14967624999999998
1168,-73.907,40.81,0.14897500000000002,0.10437000000000002,0.1310175,0.1854675
1169,-73.907,40.813,0.14729750000000003,0.1141875,0.13555499999999998,0.21709250000000002
1170,-73.907,40.814,0.132365,0.10401250000000001,0.12009999999999998,0.18445
1171,-73.907,40.815,0.09947499999999998,0.08026624999999998,0.096945,0.1437775
1172,-73.907,40.816,0.097055,0.07555,0.09697250000000002,0.18134250000000002
1173,-73.907,40.821,0.07772249999999997,0.062377499999999975,0.07585249999999999,0.22327999999999998
1174,-73.907,40.825,0.1583525,0.1232625,0.15056999999999998,0.193195
1175,-73.907,40.826,0.138195,0.10976000000000002,0.1389375,0.181315
1176,-73.907,40.83,0.12230000000000002,0.09358999999999998,0.1131975,0.23414250000000003
1177,-73.907,40.831,0.11165750000000002,0.08281,0.103655,0.2122525
1178,-73.907,40.832,0.08925875,0.06976125,0.0865775,0.1721025
1179,-73.907,40.844,0.14809499999999998,0.1206775,0.1395425,0.20128000000000001
1180,-73.907,40.845,0.114985,0.08726499999999998,0.10263749999999999,0.14124750000000003
1181,-73.906,40.803,0.13595375,0.10454875000000002,0.1245,0.1581325
1182,-73.906,40.804,0.13274999999999998,0.10651500000000003,0.1231525,0.1634675
1183,-73.906,40.805,0.20592749999999999,0.14947,0.18315750000000003,0.22773500000000002
1184,-73.906,40.807,0.13453749999999998,0.11033749999999998,0.12543500000000002,0.14941500000000002
1185,-73.906,40.808,0.134455,0.11020000000000002,0.128625,0.14941500000000002
1186,-73.906,40.812,0.23395,0.17215750000000002,0.20788,0.25094500000000003
1187,-73.906,40.813,0.18931750000000003,0.15012999999999999,0.16869250000000002,0.228505
1188,-73.906,40.814,0.11872500000000002,0.09207749999999998,0.11273,0.170645
1189,-73.906,40.815,0.097055,0.07555,0.09221499999999999,0.13583
1190,-73.906,40.816,0.097055,0.07555,0.09697250000000002,0.18134250000000002
1191,-73.906,40.826,0.1430075,0.10783500000000001,0.1258475,0.1966325
1192,-73.906,40.827,0.13462000000000002,0.10679,0.1261775,0.201225
1193,-73.906,40.832,0.08061000000000001,0.06688749999999999,0.08116000000000001,0.2170375
1194,-73.906,40.833,0.08864,0.06919750000000002,0.085065,0.16597
1195,-73.906,40.843,0.1585725,0.11550749999999999,0.1395425,0.1916275
1196,-73.906,40.844,0.152385,0.1146275,0.1395425,0.20141750000000003
1197,-73.906,40.845,0.10898999999999998,0.08429500000000001,0.10291250000000002,0.14564749999999999
1198,-73.905,40.804,0.12053999999999998,0.0957075,0.11619499999999999,0.14528999999999997
1199,-73.905,40.807,0.109265,0.07893250000000002,0.09815499999999999,0.14298
1200,-73.905,40.808,0.115425,0.09045500000000001,0.11182249999999999,0.1425125
1201,-73.905,40.809,0.11773499999999998,0.10159249999999997,0.11286750000000001,0.15411750000000002
1202,-73.905,40.812,0.16488375,0.13165,0.1550525,0.1858525
1203,-73.905,40.813,0.2113175,0.16244999999999998,0.19894250000000002,0.26439250000000003
1204,-73.905,40.815,0.10431499999999999,0.08171,0.09986,0.2018025
1205,-73.905,40.816,0.07392749999999998,0.056630000000000014,0.07926250000000001,0.17754750000000002
1206,-73.905,40.827,0.12945,0.10380624999999999,0.12400499999999998,0.18781875
1207,-73.905,40.828,0.09639500000000001,0.08256249999999998,0.1021975,0.181425
1208,-73.905,40.833,0.06963750000000002,0.05393500000000001,0.0716175,0.17752
1209,-73.905,40.834,0.054952500000000015,0.044942499999999996,0.06397249999999999,0.22207
1210,-73.905,40.843,0.17542999999999997,0.1284325,0.15637250000000003,0.21654250000000003
1211,-73.905,40.844,0.12724999999999997,0.10304999999999997,0.12208000000000002,0.16726249999999998
1212,-73.905,40.845,0.12073250000000002,0.09310874999999999,0.10973250000000001,0.14564749999999999
1213,-73.904,40.808,0.11042000000000002,0.08157249999999999,0.10054750000000001,0.12472
1214,-73.904,40.809,0.12499500000000002,0.09304000000000001,0.1136375,0.13934999999999997
1215,-73.904,40.811,0.2997575,0.22671750000000002,0.2730825,0.35852500000000004
1216,-73.904,40.812,0.15582249999999997,0.12309750000000003,0.1469125,0.18695250000000002
1217,-73.904,40.813,0.174825,0.13671,0.16264250000000002,0.20881500000000003
1218,-73.904,40.815,0.1258475,0.100025,0.12065000000000001,0.2119225
1219,-73.904,40.816,0.11157499999999998,0.08223249999999999,0.10657,0.23076000000000002
1220,-73.904,40.817,0.12502249999999998,0.10571750000000002,0.12279499999999999,0.18997750000000002
1221,-73.904,40.818,0.13609125,0.114875,0.12859749999999998,0.18264875
1222,-73.904,40.827,0.08179249999999999,0.06023250000000002,0.0804725,0.181425
1223,-73.904,40.828,0.11636000000000002,0.09364499999999998,0.11311500000000002,0.19765
1224,-73.904,40.832,0.13800250000000003,0.10525000000000001,0.12571,0.1854675
1225,-73.904,40.833,0.10049249999999998,0.07312999999999997,0.09499249999999998,0.21008
1226,-73.904,40.834,0.07805250000000002,0.06102999999999997,0.078685,0.20177499999999998
1227,-73.904,40.835,0.12026500000000001,0.08726499999999998,0.11314249999999998,0.18555
1228,-73.903,40.806,0.14773750000000002,0.1075875,0.1311275,0.16597
1229,-73.903,40.807,0.14171499999999998,0.09832000000000002,0.11729499999999998,0.17977500000000002
1230,-73.903,40.808,0.11306,0.0904275,0.1111625,0.1680875
1231,-73.903,40.809,0.11516374999999998,0.08731999999999998,0.10740875,0.132805
1232,-73.903,40.81,0.150955,0.1107225,0.13555499999999998,0.1695175
1233,-73.903,40.811,0.1767225,0.13679249999999998,0.16165249999999998,0.20364500000000002
1234,-73.903,40.812,0.1257375,0.09837499999999999,0.10887999999999998,0.14190750000000002
1235,-73.903,40.817,0.1408625,0.11143750000000002,0.1363525,0.18918000000000001
1236,-73.903,40.818,0.1408625,0.11894500000000002,0.1363525,0.18642999999999998
1237,-73.903,40.828,0.09180250000000001,0.07489000000000001,0.09455249999999998,0.2192925
1238,-73.903,40.829,0.11556250000000001,0.08971249999999997,0.1058,0.194955
1239,-73.903,40.832,0.1054425,0.08017000000000002,0.09966750000000002,0.1607175
1240,-73.903,40.833,0.0929025,0.07007750000000001,0.0902075,0.22795500000000002
1241,-73.903,40.834,0.23223125,0.17104375,0.21526375,0.2852925
1242,-73.903,40.835,0.10923749999999999,0.08949249999999997,0.10585499999999998,0.1965225
1243,-73.903,40.836,0.0895475,0.067245,0.09039999999999998,0.21340750000000003
1244,-73.903,40.839,0.1438875,0.10338000000000003,0.1351425,0.201005
1245,-73.902,40.805,0.09631250000000002,0.07629249999999999,0.08869500000000002,0.12048500000000001
1246,-73.902,40.806,0.10313250000000002,0.08418500000000001,0.09452500000000003,0.11539749999999999
1247,-73.902,40.807,0.12848749999999998,0.09980499999999998,0.11726750000000002,0.14727
1248,-73.902,40.808,0.11424250000000002,0.08776,0.10799999999999998,0.121915
1249,-73.902,40.817,0.14157750000000002,0.10514000000000001,0.1326675,0.23526999999999998
1250,-73.902,40.818,0.13035750000000002,0.1021975,0.11740499999999998,0.18918000000000001
1251,-73.902,40.829,0.12813000000000002,0.09650500000000001,0.12031999999999998,0.16058
1252,-73.902,40.83,0.16184500000000002,0.1233725,0.14751750000000002,0.18530249999999998
1253,-73.902,40.831,0.11165750000000002,0.09229749999999998,0.10909999999999997,0.18313000000000001
1254,-73.902,40.832,0.12700250000000002,0.0980725,0.11902750000000001,0.1774925
1255,-73.902,40.833,0.174935,0.13577499999999998,0.1714425,0.23221750000000002
1256,-73.902,40.834,0.10437000000000002,0.08525749999999999,0.10068500000000002,0.20108750000000003
1257,-73.902,40.835,0.12111749999999999,0.10260999999999998,0.121915,0.1876675
1258,-73.902,40.836,0.126865,0.10203250000000003,0.1199075,0.188905
1259,-73.902,40.838,0.17798750000000002,0.1301925,0.16233999999999998,0.20815499999999998
1260,-73.902,40.839,0.1509275,0.11157499999999998,0.13709500000000002,0.201005
1261,-73.902,40.84,0.1333,0.10159249999999997,0.12625999999999998,0.176915
1262,-73.902,40.841,0.11883500000000002,0.09265499999999999,0.11270249999999998,0.18205749999999998
1263,-73.901,40.805,0.09394750000000002,0.07654,0.09083999999999998,0.12119999999999997
1264,-73.901,40.816,0.1260675,0.09348000000000001,0.11883500000000002,0.20364500000000002
1265,-73.901,40.817,0.1450975,0.10821999999999998,0.133905,0.1926175
1266,-73.901,40.83,0.15121625,0.11960500000000002,0.14212750000000002,0.195065
1267,-73.901,40.831,0.13274999999999998,0.10005249999999999,0.12183250000000001,0.21019000000000002
1268,-73.901,40.832,0.1624775,0.12492624999999999,0.14889249999999998,0.21019000000000002
1269,-73.901,40.835,0.10621249999999999,0.07552249999999999,0.09881499999999999,0.188905
1270,-73.901,40.836,0.08072000000000001,0.061580000000000024,0.079895,0.2169275
1271,-73.901,40.838,0.14504250000000002,0.103655,0.1281025,0.19556
1272,-73.901,40.841,0.1454275,0.10777999999999999,0.1367375,0.20799
1273,-73.901,40.842,0.14672000000000002,0.11245500000000003,0.14193499999999998,0.2209425
1274,-73.9,40.805,0.08682499999999999,0.06977499999999998,0.08657749999999997,0.11693750000000003
1275,-73.9,40.806,0.12430750000000002,0.09400249999999999,0.11152000000000001,0.1382775
1276,-73.9,40.809,0.11861500000000003,0.09691749999999999,0.11751499999999998,0.15400750000000002
1277,-73.9,40.81,0.11861500000000003,0.09691749999999999,0.11751499999999998,0.15400750000000002
1278,-73.9,40.813,0.12513249999999998,0.09342499999999998,0.11193249999999999,0.15398
1279,-73.9,40.814,0.12274000000000002,0.1012075,0.11426999999999998,0.19666
1280,-73.9,40.815,0.164705,0.12837749999999998,0.15268749999999998,0.21415
1281,-73.9,40.816,0.07684249999999998,0.05979249999999997,0.07895999999999997,0.19154500000000002
1282,-73.9,40.831,0.192645,0.1377,0.17160750000000002,0.24544500000000002
1283,-73.9,40.832,0.192645,0.1377,0.181315,0.24544500000000002
1284,-73.9,40.837,0.04332,0.04356750000000001,0.05608000000000002,0.2658775
1285,-73.9,40.838,0.08308500000000002,0.06389,0.084735,0.23749750000000003
1286,-73.9,40.841,0.12958750000000002,0.09361750000000002,0.12243749999999998,0.192645
1287,-73.899,40.805,0.08968500000000001,0.07741999999999999,0.08938249999999998,0.11693750000000003
1288,-73.899,40.806,0.10098750000000001,0.0812425,0.09792125000000002,0.16827999999999999
1289,-73.899,40.807,0.11231750000000001,0.0898775,0.10687249999999998,0.1860725
1290,-73.899,40.808,0.1079175,0.08154499999999998,0.10098750000000001,0.15381499999999998
1291,-73.899,40.809,0.10931999999999997,0.09436,0.10437000000000002,0.1642925
1292,-73.899,40.81,0.12128250000000002,0.09713749999999999,0.1133075,0.14842499999999997
1293,-73.899,40.811,0.10031374999999998,0.0838275,0.09768749999999998,0.13506
1294,-73.899,40.813,0.1293125,0.09799000000000002,0.120705,0.15180749999999998
1295,-73.899,40.814,0.12848749999999998,0.09991499999999998,0.11649749999999998,0.15568500000000002
1296,-73.899,40.815,0.11135499999999998,0.08322249999999998,0.10574499999999998,0.21040999999999999
1297,-73.899,40.817,0.15299000000000001,0.12735999999999997,0.1446575,0.18953750000000003
1298,-73.899,40.818,0.13866250000000002,0.09287499999999999,0.12928499999999998,0.2384325
1299,-73.899,40.819,0.11193249999999999,0.08044499999999999,0.11053000000000002,0.2262225
1300,-73.899,40.832,0.14386,0.11894500000000002,0.13442749999999998,0.1831025
1301,-73.899,40.833,0.162285,0.12221749999999998,0.1499375,0.19611
1302,-73.899,40.836,0.05049749999999997,0.04519000000000001,0.059462499999999974,0.2850725
1303,-73.899,40.837,0.048132499999999995,0.042715,0.059462499999999974,0.31048250000000005
1304,-73.899,40.841,0.13753500000000002,0.10285749999999999,0.128405,0.17622749999999998
1305,-73.899,40.842,0.14177,0.10227999999999998,0.13104500000000002,0.19149
1306,-73.898,40.806,0.06257000000000001,0.052669999999999995,0.07230500000000001,0.18841000000000002
1307,-73.898,40.808,0.12095250000000002,0.09191250000000001,0.11490250000000002,0.198585
1308,-73.898,40.809,0.11539749999999999,0.0900975,0.10635,0.18489
1309,-73.898,40.81,0.14573000000000003,0.11091499999999999,0.133245,0.18326750000000003
1310,-73.898,40.811,0.09832000000000002,0.07769500000000001,0.09342499999999998,0.1481225
1311,-73.898,40.814,0.12848749999999998,0.10766999999999999,0.1256275,0.150515
1312,-73.898,40.815,0.1421825,0.11069499999999999,0.13363000000000003,0.22105249999999999
1313,-73.898,40.816,0.2120325,0.1594525,0.18706250000000002,0.2625775
1314,-73.898,40.817,0.16242250000000003,0.126975,0.14966249999999998,0.19754
1315,-73.898,40.818,0.1567025,0.12735999999999997,0.1449875,0.20837499999999998
1316,-73.898,40.819,0.08187499999999998,0.06581500000000001,0.08489999999999998,0.26101
1317,-73.898,40.82,0.104095,0.07730999999999999,0.09865000000000002,0.23606749999999999
1318,-73.898,40.832,0.16154249999999998,0.12804749999999998,0.15142250000000002,0.18642999999999998
1319,-73.898,40.833,0.12285000000000001,0.09482750000000001,0.11322500000000002,0.16110249999999998
1320,-73.898,40.835,0.0447225,0.039112499999999994,0.0567125,0.2774
1321,-73.898,40.836,0.061744999999999994,0.05236750000000001,0.07244250000000002,0.26754125
1322,-73.898,40.837,0.05756499999999998,0.052669999999999995,0.0681525,0.272725
1323,-73.898,40.838,0.06427499999999997,0.05456749999999999,0.07873999999999998,0.33779
1324,-73.898,40.842,0.13764500000000002,0.09781124999999999,0.12637,0.19329125
1325,-73.898,40.843,0.1821125,0.127195,0.16536499999999998,0.21591
1326,-73.898,40.844,0.15215125,0.11200125,0.13826375000000002,0.182525
1327,-73.897,40.808,0.11647000000000002,0.08853,0.10816500000000001,0.16536499999999998
1328,-73.897,40.809,0.13563750000000002,0.10662500000000003,0.12414249999999999,0.15365
1329,-73.897,40.815,0.15524500000000002,0.128185,0.1425125,0.2141225
1330,-73.897,40.816,0.17881249999999999,0.1384975,0.16421000000000002,0.206835
1331,-73.897,40.817,0.15411750000000002,0.11905500000000002,0.1438875,0.19072
1332,-73.897,40.819,0.11036499999999999,0.08179249999999999,0.10560750000000002,0.19938250000000002
1333,-73.897,40.82,0.11036499999999999,0.08275500000000002,0.10560750000000002,0.23606749999999999
1334,-73.897,40.833,0.12749749999999999,0.096945,0.12040250000000002,0.1655025
1335,-73.897,40.834,0.10679,0.08248,0.10624,0.18291000000000002
1336,-73.897,40.835,0.05915999999999999,0.04587749999999999,0.0654575,0.252155
1337,-73.897,40.837,0.056162500000000004,0.050744999999999985,0.0680425,0.29777750000000003
1338,-73.897,40.838,0.06191000000000002,0.053412499999999974,0.06974750000000002,0.2626325
1339,-73.897,40.839,0.05299999999999999,0.04565749999999999,0.06122250000000001,0.2800675
1340,-73.897,40.844,0.07637500000000003,0.0563825,0.07975749999999998,0.23590250000000001
1341,-73.896,40.808,0.14045,0.10691375,0.1318425,0.16856875
1342,-73.896,40.809,0.14889249999999998,0.11561749999999998,0.133575,0.17237750000000002
1343,-73.896,40.81,0.2526225,0.175925,0.2295775,0.290765
1344,-73.896,40.811,0.19826875000000002,0.15561625,0.18388625,0.22321125000000003
1345,-73.896,40.812,0.1288725,0.09589999999999999,0.11762499999999998,0.14864500000000003
1346,-73.896,40.813,0.18788749999999999,0.14608749999999998,0.17856500000000003,0.21544249999999998
1347,-73.896,40.817,0.13968000000000003,0.10574499999999998,0.13038499999999997,0.18134250000000002
1348,-73.896,40.818,0.13283250000000002,0.10123500000000002,0.127085,0.21354499999999998
1349,-73.896,40.819,0.09867749999999997,0.07299250000000002,0.09430499999999997,0.219045
1350,-73.896,40.82,0.11036499999999999,0.08179249999999999,0.10560750000000002,0.19938250000000002
1351,-73.896,40.833,0.133355,0.10010750000000002,0.12296000000000001,0.1655025
1352,-73.896,40.834,0.1193575,0.0934525,0.11146499999999998,0.18134250000000002
1353,-73.896,40.839,0.05781250000000002,0.05086874999999999,0.06834500000000002,0.27293125
1354,-73.896,40.84,0.09810000000000002,0.0750825,0.09997,0.276025
1355,-73.896,40.841,0.042082499999999995,0.032649999999999985,0.055117499999999986,0.2708
1356,-73.896,40.844,0.08638499999999999,0.07282749999999999,0.08861249999999998,0.20491
1357,-73.895,40.809,0.13365749999999998,0.09400249999999999,0.121145,0.17204750000000002
1358,-73.895,40.81,0.13726,0.1052225,0.12614999999999998,0.17642000000000002
1359,-73.895,40.811,0.19333250000000002,0.1496075,0.177025,0.21038250000000003
1360,-73.895,40.812,0.15703250000000002,0.1226025,0.1463625,0.1838725
1361,-73.895,40.813,0.1728175,0.12463750000000001,0.15617999999999999,0.18953750000000003
1362,-73.895,40.817,0.12320750000000003,0.1003,0.10863250000000002,0.16143249999999998
1363,-73.895,40.818,0.175045,0.11806499999999998,0.158215,0.20062000000000002
1364,-73.895,40.84,0.07092999999999999,0.0536875,0.07818999999999998,0.28081
1365,-73.895,40.841,0.06908750000000002,0.05463625,0.07785999999999998,0.2805075
1366,-73.895,40.842,0.0661175,0.04972750000000001,0.07379000000000002,0.2849625
1367,-73.895,40.844,0.08063749999999997,0.06284499999999998,0.08179249999999999,0.21051999999999998
1368,-73.894,40.809,0.1549975,0.1045625,0.13890999999999998,0.201225
1369,-73.894,40.818,0.13968000000000003,0.0990625,0.126095,0.17350500000000002
1370,-73.894,40.819,0.115535,0.08785625,0.10204625,0.14380500000000002
1371,-73.894,40.842,0.09958499999999998,0.079675,0.0963675,0.2374425
1372,-73.894,40.844,0.11426999999999998,0.09249000000000002,0.10692750000000001,0.20163750000000003
1373,-73.894,40.845,0.14407999999999999,0.10591,0.132365,0.20177499999999998
1374,-73.893,40.809,0.1731475,0.1260675,0.1514775,0.20950249999999998
1375,-73.893,40.81,0.21773875,0.14604625000000002,0.1838175,0.25255375
1376,-73.893,40.817,0.11303250000000001,0.08672875,0.10536000000000001,0.16610750000000002
1377,-73.893,40.818,0.13229625,0.0957075,0.11869750000000001,0.1634675
1378,-73.893,40.819,0.11943999999999999,0.09823749999999998,0.1201275,0.20590000000000003
1379,-73.893,40.82,0.12128250000000002,0.10772500000000002,0.11468250000000002,0.158215
1380,-73.893,40.841,0.11795499999999998,0.08440500000000001,0.1116025,0.23909249999999999
1381,-73.893,40.842,0.1601125,0.11842249999999999,0.1445475,0.21689999999999998
1382,-73.893,40.843,0.12285000000000001,0.09843000000000002,0.11897249999999998,0.19124249999999998
1383,-73.893,40.844,0.12263000000000002,0.09419499999999997,0.11960500000000002,0.2203375
1384,-73.893,40.845,0.16085500000000003,0.1276625,0.15135375,0.21448
1385,-73.892,40.809,0.14705000000000001,0.11066749999999997,0.1336025,0.18125999999999998
1386,-73.892,40.81,0.24517,0.17746499999999998,0.2191825,0.26282500000000003
1387,-73.892,40.815,0.07992250000000001,0.07156249999999997,0.08377249999999997,0.19659125
1388,-73.892,40.816,0.1136375,0.08907999999999999,0.11187750000000002,0.19693500000000003
1389,-73.892,40.817,0.11784499999999998,0.09298499999999998,0.10676249999999998,0.16143249999999998
1390,-73.892,40.819,0.16624499999999998,0.13055,0.15348499999999998,0.1878325
1391,-73.892,40.82,0.133355,0.1174325,0.12879000000000002,0.17969249999999998
1392,-73.892,40.821,0.15920499999999999,0.11809249999999999,0.14160499999999998,0.186375
1393,-73.892,40.822,0.14193499999999998,0.12064999999999998,0.13398749999999998,0.1813975
1394,-73.892,40.823,0.14537250000000002,0.11528749999999999,0.139515,0.186375
1395,-73.892,40.824,0.11492999999999998,0.0960375,0.11171249999999999,0.14539999999999997
1396,-73.892,40.825,0.110035,0.08470749999999999,0.10068500000000002,0.12428
1397,-73.892,40.841,0.11154750000000002,0.08333249999999998,0.10390250000000001,0.176255
1398,-73.892,40.842,0.14661000000000002,0.10670750000000001,0.1389375,0.20185750000000002
1399,-73.892,40.844,0.11234499999999997,0.09499249999999998,0.11201499999999998,0.18436750000000002
1400,-73.891,40.809,0.13192500000000001,0.0981825,0.11779,0.15007500000000001
1401,-73.891,40.81,0.13943250000000001,0.1107225,0.12582,0.1625875
1402,-73.891,40.814,0.1333275,0.09979125,0.120705,0.16602499999999998
1403,-73.891,40.815,0.08168249999999999,0.07156249999999997,0.08377249999999997,0.15959
1404,-73.891,40.82,0.1881625,0.15299000000000001,0.16949000000000003,0.22066750000000002
1405,-73.891,40.821,0.14705000000000001,0.11308750000000001,0.14160499999999998,0.18326750000000003
1406,-73.891,40.822,0.16282125,0.12707125,0.155685,0.20698625
1407,-73.891,40.823,0.13657249999999999,0.11550749999999999,0.126095,0.17631000000000002
1408,-73.891,40.825,0.10238999999999998,0.08121499999999998,0.09744000000000003,0.162395
1409,-73.891,40.842,0.1454275,0.10962250000000001,0.13792,0.18555
1410,-73.89,40.807,0.1202375,0.09356249999999999,0.10794500000000001,0.1392675
1411,-73.89,40.808,0.12961499999999998,0.10065750000000001,0.12186000000000002,0.1534025
1412,-73.89,40.809,0.1610475,0.1277725,0.14639000000000002,0.17411
1413,-73.89,40.81,0.15480500000000003,0.12461,0.14528999999999997,0.17576000000000003
1414,-73.89,40.814,0.12408750000000002,0.09980499999999998,0.11627749999999998,0.17103000000000002
1415,-73.89,40.819,0.1486175,0.10516750000000002,0.1284325,0.181205
1416,-73.89,40.82,0.14782,0.11897249999999998,0.14023000000000002,0.19754
1417,-73.89,40.821,0.12053999999999998,0.091665,0.11402250000000003,0.15568500000000002
1418,-73.89,40.825,0.15568500000000002,0.1166625,0.14528999999999997,0.1957525
1419,-73.89,40.826,0.150955,0.123785,0.14564749999999999,0.1677575
1420,-73.889,40.806,0.08754,0.067355,0.08301625000000001,0.11669000000000002
1421,-73.889,40.807,0.08721000000000001,0.07370749999999998,0.08184750000000002,0.10508499999999998
1422,-73.889,40.808,0.12961499999999998,0.10065750000000001,0.12186000000000002,0.1534025
1423,-73.889,40.814,0.1430075,0.11275750000000001,0.13024750000000002,0.1915175
1424,-73.889,40.817,0.10420499999999999,0.07546750000000002,0.09589999999999999,0.1758425
1425,-73.889,40.818,0.0962575,0.07750249999999997,0.09006999999999998,0.18337750000000003
1426,-73.889,40.819,0.13208999999999999,0.09688999999999998,0.12568249999999997,0.17752
1427,-73.889,40.82,0.1386075,0.11740499999999998,0.1272775,0.18326750000000003
1428,-73.889,40.821,0.103985,0.08385500000000001,0.09790749999999998,0.13338250000000001
1429,-73.889,40.822,0.103985,0.08385500000000001,0.09790749999999998,0.14515250000000002
1430,-73.889,40.823,0.16926999999999998,0.13572,0.15794000000000002,0.2321625
1431,-73.889,40.824,0.14241625,0.10941624999999999,0.11470999999999998,0.21278875
1432,-73.889,40.825,0.12868000000000002,0.10019,0.12026500000000001,0.24464750000000002
1433,-73.889,40.826,0.12015500000000001,0.09023500000000001,0.11110750000000003,0.16146
1434,-73.888,40.806,0.08787,0.06824875,0.08368999999999999,0.14831499999999997
1435,-73.888,40.807,0.11768,0.09152749999999998,0.10901749999999999,0.1514775
1436,-73.888,40.813,0.169325,0.14014749999999998,0.158655,0.2509175
1437,-73.888,40.814,0.1548875,0.11638749999999998,0.1377,0.2163775
1438,-73.888,40.816,0.13056374999999998,0.09383750000000002,0.12432125,0.18733750000000002
1439,-73.888,40.817,0.13522499999999998,0.10784875,0.1265075,0.18847875
1440,-73.888,40.818,0.1521925,0.12139250000000001,0.14528999999999997,0.187805
1441,-73.888,40.82,0.10192250000000003,0.0813525,0.10090500000000002,0.14201750000000002
1442,-73.888,40.821,0.16759249999999998,0.1290925,0.1455925,0.19677
1443,-73.888,40.822,0.10475499999999999,0.0806925,0.10087750000000001,0.16231250000000003
1444,-73.888,40.823,0.15257749999999998,0.12579249999999997,0.150515,0.22201500000000002
1445,-73.888,40.824,0.193085,0.14619749999999998,0.175155,0.24310750000000003
1446,-73.888,40.825,0.08245249999999998,0.07062750000000001,0.08668749999999997,0.2236375
1447,-73.887,40.806,0.1529625,0.11344500000000002,0.14168750000000002,0.21450750000000002
1448,-73.887,40.807,0.1701225,0.14045000000000002,0.16800500000000002,0.21574500000000002
1449,-73.887,40.812,0.1624775,0.12298750000000003,0.14617000000000002,0.2150575
1450,-73.887,40.813,0.1548875,0.1235925,0.14564749999999999,0.23224499999999998
1451,-73.887,40.814,0.14375,0.10849500000000001,0.1356925,0.217945
1452,-73.887,40.815,0.12499500000000002,0.09445624999999999,0.11514999999999997,0.20200875000000001
1453,-73.887,40.816,0.134895,0.10717500000000002,0.1281025,0.21351750000000003
1454,-73.887,40.821,0.14776499999999998,0.10214250000000002,0.13398749999999998,0.181205
1455,-73.887,40.823,0.14298,0.10775249999999997,0.13121,0.186375
1456,-73.886,40.805,0.11875249999999998,0.08511999999999997,0.1069,0.194955
1457,-73.886,40.806,0.1413025,0.10687249999999998,0.13250250000000002,0.2211075
1458,-73.886,40.807,0.1413025,0.10687249999999998,0.13250250000000002,0.1694075
1459,-73.886,40.812,0.15491500000000002,0.12037500000000001,0.1411925,0.180875
1460,-73.886,40.814,0.14204499999999998,0.11251,0.13418000000000002,0.17103000000000002
1461,-73.886,40.815,0.1380575,0.10890749999999999,0.12956,0.1726525
1462,-73.886,40.821,0.1301925,0.10214250000000002,0.1229325,0.1608
1463,-73.885,40.804,0.23862500000000003,0.19011499999999998,0.2249025,0.31790749999999995
1464,-73.885,40.805,0.14405250000000003,0.11726750000000002,0.1344825,0.18289625
1465,-73.885,40.812,0.16701500000000002,0.13071500000000003,0.1531825,0.1928375
1466,-73.885,40.813,0.17567750000000001,0.13957000000000003,0.1688575,0.22002125
1467,-73.885,40.814,0.144685,0.1101725,0.13822250000000003,0.18593500000000002
1468,-73.885,40.817,0.21938875,0.16727625000000002,0.20181625,0.25263625
1469,-73.885,40.818,0.2330975,0.17389,0.20411250000000003,0.25859
1470,-73.885,40.819,0.19784249999999998,0.15233000000000002,0.16767500000000002,0.237195
1471,-73.885,40.82,0.17664000000000002,0.13011,0.15403499999999998,0.21305000000000002
1472,-73.885,40.821,0.11492999999999998,0.08905249999999998,0.10684500000000002,0.13497750000000003
1473,-73.884,40.805,0.13627,0.097385,0.12463750000000001,0.18026999999999999
1474,-73.884,40.813,0.16058,0.11740499999999998,0.1449875,0.18552249999999998
1475,-73.884,40.814,0.188025,0.146995,0.17785,0.2181925
1476,-73.884,40.815,0.18357,0.15370499999999998,0.17405500000000002,0.2294675
1477,-73.884,40.816,0.200785,0.1537325,0.18384499999999998,0.24385
1478,-73.884,40.817,0.13737,0.10200500000000001,0.12771749999999998,0.1863475
1479,-73.884,40.818,0.258205,0.2004825,0.23785499999999998,0.2653
1480,-73.883,40.805,0.13038499999999997,0.097,0.1168825,0.18159
1481,-73.883,40.812,0.11230374999999998,0.08753999999999998,0.10251374999999999,0.13433125
1482,-73.883,40.813,0.157555,0.12364750000000002,0.1465825,0.1812875
1483,-73.883,40.814,0.169985,0.145785,0.1631375,0.1934975
1484,-73.882,40.805,0.20389249999999998,0.1662725,0.19839250000000003,0.24712250000000002
1485,-73.882,40.806,0.2412375,0.1813425,0.21758750000000002,0.26668875000000003
1486,-73.882,40.812,0.1140775,0.09015250000000002,0.10571750000000002,0.12645250000000002
1487,-73.882,40.813,0.14364,0.10810999999999998,0.13096249999999998,0.17103000000000002
1488,-73.881,40.805,0.11108000000000001,0.08836500000000003,0.10505750000000003,0.16973749999999999
1489,-73.881,40.806,0.13473000000000002,0.10665249999999998,0.12183250000000001,0.158105
1490,-73.881,40.809,0.14284249999999998,0.10731249999999998,0.13071500000000003,0.17276249999999999
1491,-73.881,40.81,0.11077749999999997,0.08979500000000001,0.10401250000000001,0.15244000000000002
1492,-73.881,40.811,0.13759,0.10640500000000003,0.12469249999999998,0.17141499999999998
1493,-73.881,40.812,0.14663749999999998,0.11399500000000001,0.1395425,0.1744675
1494,-73.881,40.813,0.13093500000000002,0.10739500000000002,0.12386750000000002,0.1619275
1495,-73.88,40.805,0.10717500000000002,0.090895,0.10464499999999999,0.1706175
1496,-73.88,40.806,0.11784499999999998,0.091885,0.11047499999999999,0.164265
1497,-73.88,40.807,0.10123500000000002,0.07882250000000002,0.09815499999999999,0.16401749999999998
1498,-73.88,40.808,0.1549975,0.11402250000000003,0.14221,0.18148000000000003
1499,-73.88,40.809,0.14889249999999998,0.11278500000000002,0.14025749999999998,0.17383500000000002
1500,-73.88,40.81,0.11077749999999997,0.08979500000000001,0.10401250000000001,0.15244000000000002
1501,-73.879,40.806,0.10830250000000002,0.09150000000000003,0.102995,0.16946250000000002
1502,-73.879,40.807,0.10123500000000002,0.07882250000000002,0.09815499999999999,0.15200000000000002
