,Longitude,Latitude,datetime,UHI Index,lwir11
0,-73.90916667,40.81310667,24-07-2021 15:53,1.030288903,37.09167548000005
1,-73.90918667,40.813045,24-07-2021 15:53,1.030288903,37.09167548000005
2,-73.909215,40.81297833,24-07-2021 15:53,1.023797758,37.09167548000005
3,-73.90924167,40.81290833,24-07-2021 15:53,1.023797758,37.09167548000005
4,-73.90925667,40.812845,24-07-2021 15:53,1.021634043,36.760127539999985
5,-73.90928,40.81277667,24-07-2021 15:53,1.021634043,36.760127539999985
6,-73.90931167,40.81271,24-07-2021 15:53,1.015142899,36.760127539999985
7,-73.90934,40.81264333,24-07-2021 15:53,1.015142899,36.760127539999985
8,-73.90936333,40.81256167,24-07-2021 15:53,1.012979184,36.91052042000001
9,-73.90938333,40.812485,24-07-2021 15:53,1.012979184,36.91052042000001
10,-73.90939333,40.81240333,24-07-2021 15:53,1.010815469,36.91052042000001
11,-73.90942,40.81233,24-07-2021 15:53,1.010815469,36.91052042000001
12,-73.90945333,40.81223667,24-07-2021 15:53,1.010815469,36.99597091999999
13,-73.90947667,40.81216333,24-07-2021 15:53,1.010815469,36.99597091999999
14,-73.90949333,40.81209333,24-07-2021 15:53,1.010815469,36.99597091999999
15,-73.90952167,40.81203167,24-07-2021 15:53,1.010815469,36.28502276000006
16,-73.90953,40.81198167,24-07-2021 15:53,1.010815469,36.28502276000006
17,-73.90954833,40.81194,24-07-2021 15:54,1.010815469,36.28502276000006
18,-73.90956333,40.8119,24-07-2021 15:54,1.010815469,36.28502276000006
19,-73.90958167,40.81186333,24-07-2021 15:54,1.010815469,36.28502276000006
20,-73.9096,40.81181167,24-07-2021 15:54,1.012979184,36.28502276000006
21,-73.909615,40.81175333,24-07-2021 15:54,1.012979184,36.64733288000002
22,-73.90963167,40.8117,24-07-2021 15:54,1.012979184,36.64733288000002
23,-73.90964667,40.81164333,24-07-2021 15:54,1.012979184,36.64733288000002
24,-73.90966167,40.81157833,24-07-2021 15:54,1.012979184,36.64733288000002
25,-73.909675,40.81151,24-07-2021 15:54,1.012979184,37.12243766000006
26,-73.90969333,40.81144167,24-07-2021 15:54,1.012979184,37.12243766000006
27,-73.909705,40.81137667,24-07-2021 15:54,1.012979184,37.12243766000006
28,-73.90971333,40.81132,24-07-2021 15:54,1.012979184,37.12243766000006
29,-73.909745,40.81123,24-07-2021 15:54,1.012979184,37.54627214000004
30,-73.909755,40.81120333,24-07-2021 15:54,1.012979184,37.54627214000004
31,-73.90977,40.81116167,24-07-2021 15:54,1.015142899,37.54627214000004
32,-73.90978667,40.81111833,24-07-2021 15:54,1.015263105,37.54627214000004
33,-73.90980833,40.81106,24-07-2021 15:54,1.015263105,37.54627214000004
34,-73.909875,40.810865,24-07-2021 15:54,1.019590535,37.77869750000002
35,-73.9099,40.81081,24-07-2021 15:54,1.019590535,37.77869750000002
36,-73.90992833,40.81075333,24-07-2021 15:54,1.02175425,37.77869750000002
37,-73.909965,40.810705,24-07-2021 15:54,1.02175425,37.334354899999994
38,-73.90995167,40.81062833,24-07-2021 15:54,1.023917965,37.09167548000005
39,-73.90991333,40.8106,24-07-2021 15:54,1.02175425,37.296756680000044
40,-73.90974333,40.810515,24-07-2021 15:54,1.02175425,37.296756680000044
41,-73.90966667,40.810495,24-07-2021 15:54,1.019590535,37.296756680000044
42,-73.90959167,40.81047333,24-07-2021 15:54,1.019590535,37.72400918000005
43,-73.90951833,40.810445,24-07-2021 15:54,1.019590535,37.72400918000005
44,-73.90944,40.81042333,24-07-2021 15:54,1.019590535,37.72400918000005
45,-73.909385,40.8104,24-07-2021 15:54,1.019590535,37.72400918000005
46,-73.909345,40.81038,24-07-2021 15:54,1.019590535,37.72400918000005
47,-73.90925333,40.81033333,24-07-2021 15:54,1.01742682,37.180544000000054
48,-73.90922333,40.81030667,24-07-2021 15:54,1.019590535,37.96327058000003
49,-73.90917333,40.81029333,24-07-2021 15:55,1.019590535,37.96327058000003
50,-73.90911833,40.81028,24-07-2021 15:55,1.019590535,37.96327058000003
51,-73.909055,40.81026167,24-07-2021 15:55,1.019590535,37.96327058000003
52,-73.90897833,40.81023833,24-07-2021 15:55,1.019590535,37.96327058000003
53,-73.908895,40.81021833,24-07-2021 15:55,1.019590535,37.96327058000003
54,-73.90871333,40.81017333,24-07-2021 15:55,1.02175425,38.28798247999998
55,-73.90862167,40.810155,24-07-2021 15:55,1.02175425,38.28798247999998
56,-73.90853667,40.81013833,24-07-2021 15:55,1.02175425,38.28798247999998
57,-73.90847,40.81012667,24-07-2021 15:55,1.023917965,38.64003853999998
58,-73.90843167,40.810125,24-07-2021 15:55,1.023917965,38.64003853999998
59,-73.90818333,40.81009667,24-07-2021 15:55,1.015263105,38.64003853999998
60,-73.9081,40.81007833,24-07-2021 15:55,1.015263105,38.657128639999996
61,-73.90800833,40.81006,24-07-2021 15:55,1.01309939,38.86562786000002
62,-73.90791833,40.81004,24-07-2021 15:55,1.01309939,38.86562786000002
63,-73.90782333,40.810025,24-07-2021 15:55,1.01309939,38.86562786000002
64,-73.907525,40.80997833,24-07-2021 15:55,1.010935675,39.29629838000005
65,-73.90740667,40.809905,24-07-2021 15:55,1.03269303,40.10295110000004
66,-73.90739667,40.80987,24-07-2021 15:55,1.030529316,40.10295110000004
67,-73.90739833,40.80982833,24-07-2021 15:55,1.030529316,40.10295110000004
68,-73.90741167,40.80977667,24-07-2021 15:55,1.026201886,40.41740894000003
69,-73.907465,40.80964333,24-07-2021 15:55,1.026201886,40.37981072000002
70,-73.90749167,40.80957167,24-07-2021 15:55,1.026201886,40.37981072000002
71,-73.90751833,40.80950167,24-07-2021 15:55,1.028365601,40.93011194000002
72,-73.90753833,40.80944167,24-07-2021 15:55,1.028365601,40.93011194000002
73,-73.90755,40.80939833,24-07-2021 15:55,1.028365601,40.93011194000002
74,-73.90761333,40.80920333,24-07-2021 15:55,1.04134789,41.70942050000002
75,-73.90763833,40.80913833,24-07-2021 15:55,1.04134789,41.70942050000002
76,-73.90766,40.80906667,24-07-2021 15:55,1.03702046,41.70942050000002
77,-73.90768,40.80899,24-07-2021 15:55,1.03702046,42.338336180000056
78,-73.90770167,40.80891167,24-07-2021 15:55,1.039184175,42.338336180000056
79,-73.90772667,40.808825,24-07-2021 15:55,1.039184175,42.338336180000056
80,-73.90775667,40.808735,24-07-2021 15:55,1.026201886,42.338336180000056
81,-73.907785,40.80864333,24-07-2021 15:55,1.026201886,42.478475
82,-73.90781833,40.80855,24-07-2021 15:55,1.024038171,41.92817378000001
83,-73.90785667,40.80845667,24-07-2021 15:55,1.024038171,41.19671749999998
84,-73.90789333,40.80836,24-07-2021 15:55,1.024038171,41.19671749999998
85,-73.90792833,40.80826167,24-07-2021 15:55,1.024038171,41.19671749999998
86,-73.90800833,40.80806667,24-07-2021 15:55,1.019710741,39.95939426000001
87,-73.90802667,40.80797667,24-07-2021 15:55,1.015383311,39.95939426000001
88,-73.90804667,40.807885,24-07-2021 15:55,1.015383311,38.74257914000003
89,-73.90808667,40.80778833,24-07-2021 15:55,1.006728452,38.74257914000003
90,-73.90813,40.80769167,24-07-2021 15:55,1.006728452,38.74257914000003
91,-73.90817333,40.80759667,24-07-2021 15:55,1.004564737,38.24013020000001
92,-73.90821333,40.8075,24-07-2021 15:55,1.004564737,38.24013020000001
93,-73.908245,40.80741333,24-07-2021 15:55,1.004564737,38.24013020000001
94,-73.90827,40.80732833,24-07-2021 15:55,1.004564737,37.58387035999999
95,-73.90829833,40.80723833,24-07-2021 15:55,1.000237307,37.58387035999999
96,-73.90836333,40.80704833,24-07-2021 15:56,1.000237307,37.17028994000003
97,-73.90839667,40.806955,24-07-2021 15:56,1.000357514,37.17028994000003
98,-73.90842833,40.80687167,24-07-2021 15:56,1.000357514,37.17028994000003
99,-73.908455,40.80679667,24-07-2021 15:56,1.004684943,37.12243766000006
100,-73.90848,40.80674,24-07-2021 15:56,1.004684943,37.12243766000006
101,-73.90849667,40.80669667,24-07-2021 15:56,1.004684943,37.12243766000006
102,-73.90853,40.80663333,24-07-2021 15:56,1.006848658,37.26599450000003
103,-73.90859333,40.80654167,24-07-2021 15:56,1.004684943,37.334354899999994
104,-73.90863333,40.80648333,24-07-2021 15:56,1.004684943,37.334354899999994
105,-73.908675,40.80643,24-07-2021 15:56,1.004684943,37.334354899999994
106,-73.90871333,40.80638833,24-07-2021 15:56,1.004684943,37.334354899999994
107,-73.90875333,40.80634667,24-07-2021 15:56,1.004684943,37.334354899999994
108,-73.9088,40.80631167,24-07-2021 15:56,1.004684943,37.334354899999994
109,-73.90885167,40.80628333,24-07-2021 15:56,1.004684943,37.61805056000003
110,-73.90889833,40.80626,24-07-2021 15:56,1.004684943,36.82506992000003
111,-73.90893667,40.80624833,24-07-2021 15:56,1.004684943,36.82506992000003
112,-73.90896333,40.80624333,24-07-2021 15:56,1.004684943,36.82506992000003
113,-73.909165,40.80621667,24-07-2021 15:56,1.015503518,36.82506992000003
114,-73.909225,40.806185,24-07-2021 15:56,1.015503518,36.82506992000003
115,-73.90930167,40.80615,24-07-2021 15:56,1.015503518,36.27135068000001
116,-73.90947667,40.80609667,24-07-2021 15:56,1.015503518,36.27135068000001
117,-73.90954667,40.80606833,24-07-2021 15:56,1.013339803,36.27135068000001
118,-73.909595,40.80603667,24-07-2021 15:56,1.013339803,35.871442340000044
119,-73.90964667,40.80601333,24-07-2021 15:56,1.011176088,36.24400652000003
120,-73.9097,40.80599,24-07-2021 15:56,1.011176088,36.24400652000003
121,-73.90976,40.80597167,24-07-2021 15:56,1.004684943,36.24400652000003
122,-73.90987167,40.80591167,24-07-2021 15:56,1.004684943,36.24400652000003
123,-73.90990833,40.80590333,24-07-2021 15:56,1.004684943,36.24400652000003
124,-73.90994667,40.805895,24-07-2021 15:56,1.002521229,36.24400652000003
125,-73.90998333,40.80588667,24-07-2021 15:57,1.002521229,36.24742454
126,-73.910005,40.80574833,24-07-2021 15:57,1.011296294,36.83532398
127,-73.90990833,40.80571167,24-07-2021 15:57,1.011296294,36.787471700000026
128,-73.90979167,40.80562667,24-07-2021 15:57,1.011296294,36.787471700000026
129,-73.90964,40.80555333,24-07-2021 15:57,1.013460009,37.12585568000003
130,-73.90940833,40.80539,24-07-2021 15:57,1.013460009,37.66932086000003
131,-73.90931,40.80531333,24-07-2021 15:57,1.011296294,37.9666886
132,-73.90921167,40.80523667,24-07-2021 15:57,1.011296294,37.9666886
133,-73.90911833,40.80516667,24-07-2021 15:57,1.011296294,38.05897514000003
134,-73.90902667,40.80509833,24-07-2021 15:57,1.011296294,38.05897514000003
135,-73.90895333,40.80503167,24-07-2021 15:58,1.015623724,38.80752152000002
136,-73.90889167,40.80498833,24-07-2021 15:58,1.015623724,38.80752152000002
137,-73.90883167,40.804955,24-07-2021 15:58,1.015623724,39.52872374000003
138,-73.90870167,40.80489167,24-07-2021 15:58,1.019951154,39.52872374000003
139,-73.90863833,40.80486167,24-07-2021 15:58,1.019951154,39.52872374000003
140,-73.90858,40.80483667,24-07-2021 15:58,1.019951154,39.870525740000005
141,-73.90852667,40.804815,24-07-2021 15:58,1.019951154,39.870525740000005
142,-73.90847333,40.80479667,24-07-2021 15:58,1.017787439,39.870525740000005
143,-73.90842333,40.80478,24-07-2021 15:58,1.017787439,39.870525740000005
144,-73.90837333,40.80476667,24-07-2021 15:58,1.017787439,39.870525740000005
145,-73.908315,40.80474,24-07-2021 15:58,1.017787439,39.870525740000005
146,-73.90824,40.80463667,24-07-2021 15:58,1.017787439,40.33879448000005
147,-73.90812,40.804555,24-07-2021 15:58,1.013460009,40.33879448000005
148,-73.90805,40.80449833,24-07-2021 15:58,1.013460009,40.33879448000005
149,-73.90797167,40.80446,24-07-2021 15:58,1.013460009,40.33879448000005
150,-73.90789,40.80441167,24-07-2021 15:58,1.011296294,40.66350638000006
151,-73.90774667,40.80431833,24-07-2021 15:58,1.011296294,42.43745876000003
152,-73.90767833,40.804275,24-07-2021 15:58,1.011296294,42.43745876000003
153,-73.907605,40.804235,24-07-2021 15:58,1.011296294,42.43745876000003
154,-73.907515,40.80420833,24-07-2021 15:58,1.011296294,42.38618846000003
155,-73.90745167,40.804175,24-07-2021 15:58,1.013460009,42.38618846000003
156,-73.90736167,40.804135,24-07-2021 15:58,1.013460009,43.02194018
157,-73.90721833,40.80409667,24-07-2021 15:58,1.013460009,43.02194018
158,-73.90718,40.80413667,24-07-2021 15:58,1.013460009,43.02194018
159,-73.907135,40.80417833,24-07-2021 15:58,1.013460009,42.22554151999998
160,-73.90709,40.80422333,24-07-2021 15:58,1.00913258,42.22554151999998
161,-73.90704333,40.80427167,24-07-2021 15:58,1.00913258,42.22554151999998
162,-73.906985,40.80432667,24-07-2021 15:58,1.00913258,42.22554151999998
163,-73.90693,40.80438,24-07-2021 15:58,1.00913258,42.22554151999998
164,-73.906875,40.80442667,24-07-2021 15:58,1.006968865,41.41888879999999
165,-73.90682833,40.80446833,24-07-2021 15:59,1.007089071,41.41888879999999
166,-73.90678333,40.8045,24-07-2021 15:59,1.007089071,41.08050481999999
167,-73.90674167,40.80451333,24-07-2021 15:59,1.007089071,41.08050481999999
168,-73.9067,40.80451,24-07-2021 15:59,1.004925356,41.08050481999999
169,-73.90665667,40.80448833,24-07-2021 15:59,1.004925356,41.08050481999999
170,-73.90660667,40.80445333,24-07-2021 15:59,1.007089071,41.08050481999999
171,-73.90655667,40.80441167,24-07-2021 15:59,1.007089071,42.08540270000003
172,-73.90649,40.80436667,24-07-2021 15:59,1.007089071,42.08540270000003
173,-73.906415,40.80432333,24-07-2021 15:59,1.007089071,43.02194018
174,-73.90633,40.804275,24-07-2021 15:59,1.007089071,43.02194018
175,-73.90624167,40.80422333,24-07-2021 15:59,1.007089071,43.02194018
176,-73.90606,40.80412,24-07-2021 15:59,1.007089071,40.031172680000054
177,-73.90597,40.80407,24-07-2021 15:59,1.007089071,40.031172680000054
178,-73.90573333,40.80394333,24-07-2021 15:59,1.007089071,40.031172680000054
179,-73.90568167,40.803915,24-07-2021 15:59,1.007089071,40.53703963999999
180,-73.90563,40.80389167,24-07-2021 15:59,1.000597926,40.53703963999999
181,-73.90562667,40.803875,24-07-2021 15:59,1.000597926,40.02091862000003
182,-73.905605,40.80382333,24-07-2021 15:59,0.998434212,40.02091862000003
183,-73.90562833,40.803785,24-07-2021 15:59,0.998434212,40.02091862000003
184,-73.90566833,40.80373833,24-07-2021 15:59,0.998434212,40.02091862000003
185,-73.90572167,40.80368667,24-07-2021 15:59,0.998434212,40.02091862000003
186,-73.90577667,40.80363333,24-07-2021 15:59,1.000597926,40.39690082000004
187,-73.90583167,40.80357833,24-07-2021 15:59,1.000597926,40.557547760000034
188,-73.90588333,40.80352833,24-07-2021 15:59,0.998434212,40.557547760000034
189,-73.90592667,40.80348333,24-07-2021 15:59,0.998434212,40.557547760000034
190,-73.90596667,40.80344333,24-07-2021 15:59,0.998434212,40.557547760000034
191,-73.906,40.80340833,24-07-2021 15:59,0.998434212,40.557547760000034
192,-73.90602333,40.80338333,24-07-2021 15:59,0.996270497,40.557547760000034
193,-73.90607,40.80331667,24-07-2021 15:59,0.991943067,39.92863208000006
194,-73.90609333,40.80328,24-07-2021 15:59,0.989779352,41.04974263999998
195,-73.90617,40.80319667,24-07-2021 15:59,0.989779352,41.04974263999998
196,-73.90625667,40.80311667,24-07-2021 15:59,0.987615637,41.04974263999998
197,-73.90634667,40.803035,24-07-2021 15:59,0.987615637,40.51653152000006
198,-73.90642833,40.80296167,24-07-2021 15:59,0.987615637,40.51653152000006
199,-73.90650333,40.802895,24-07-2021 15:59,0.987615637,41.347110380000004
200,-73.90665167,40.80274667,24-07-2021 15:59,0.983288207,39.83976356000005
201,-73.906725,40.80267333,24-07-2021 15:59,0.985451922,39.83976356000005
202,-73.9068,40.8026,24-07-2021 15:59,0.985451922,39.83976356000005
203,-73.90687333,40.80252833,24-07-2021 15:59,0.987615637,38.937406280000005
204,-73.90694833,40.80245333,24-07-2021 15:59,0.987615637,38.937406280000005
205,-73.90702,40.80237833,24-07-2021 15:59,0.985451922,38.937406280000005
206,-73.90709167,40.80230833,24-07-2021 15:59,0.985451922,38.937406280000005
207,-73.90714667,40.80225167,24-07-2021 15:59,0.981124492,37.66248482000003
208,-73.90718,40.802215,24-07-2021 15:59,0.981124492,38.61611240000002
209,-73.907205,40.80219167,24-07-2021 15:59,0.985451922,38.61611240000002
210,-73.90729,40.80219167,24-07-2021 15:59,0.987615637,38.61611240000002
211,-73.90734333,40.80221667,24-07-2021 15:59,0.987615637,38.61611240000002
212,-73.90740333,40.80225167,24-07-2021 15:59,0.987615637,38.61611240000002
213,-73.90747,40.80229667,24-07-2021 15:59,0.987615637,39.556067900000016
214,-73.90754833,40.80234333,24-07-2021 15:59,0.987615637,40.1713115
215,-73.90763833,40.802395,24-07-2021 15:59,0.987615637,40.1713115
216,-73.90773333,40.80244667,24-07-2021 15:59,0.987615637,40.1713115
217,-73.90783167,40.80250333,24-07-2021 15:59,0.987615637,40.1713115
218,-73.90803167,40.802615,24-07-2021 15:59,0.989779352,42.07856665999998
219,-73.90812667,40.80266833,24-07-2021 15:01,0.989779352,42.07856665999998
220,-73.90820333,40.80271333,24-07-2021 15:01,0.991943067,42.07856665999998
221,-73.90829,40.80275833,24-07-2021 15:01,0.992063273,42.07856665999998
222,-73.90837167,40.80281167,24-07-2021 15:01,0.996390703,42.38277044000006
223,-73.90840167,40.80283,24-07-2021 15:01,0.996390703,42.38277044000006
224,-73.90844167,40.80285,24-07-2021 15:01,0.996390703,42.38277044000006
225,-73.90849167,40.80287333,24-07-2021 15:01,0.996390703,42.38277044000006
226,-73.908605,40.80294,24-07-2021 15:01,1.000718133,41.95209992000002
227,-73.90866833,40.80298,24-07-2021 15:01,1.005045563,41.95209992000002
228,-73.90873667,40.803025,24-07-2021 15:01,1.005045563,41.95209992000002
229,-73.90881667,40.80307167,24-07-2021 15:01,1.005045563,41.76410882000005
230,-73.90890167,40.80312,24-07-2021 15:01,1.005045563,41.76410882000005
231,-73.90898667,40.80317,24-07-2021 15:01,1.000718133,40.161057440000036
232,-73.90907667,40.80322,24-07-2021 15:01,1.000718133,40.161057440000036
233,-73.90917,40.80327167,24-07-2021 15:01,1.000718133,40.161057440000036
234,-73.909265,40.80332167,24-07-2021 15:01,1.000718133,40.161057440000036
235,-73.90936,40.80337667,24-07-2021 15:01,1.000718133,39.607338200000015
236,-73.909455,40.80343333,24-07-2021 15:01,1.000718133,39.607338200000015
237,-73.90955167,40.80349,24-07-2021 15:01,0.998554418,39.607338200000015
238,-73.909645,40.80354833,24-07-2021 15:01,0.998554418,39.607338200000015
239,-73.90975333,40.80359333,24-07-2021 15:01,0.998554418,39.737222960000054
240,-73.90986,40.80364167,24-07-2021 15:01,0.998554418,39.634682360000056
241,-73.90996167,40.80368833,24-07-2021 15:01,0.998554418,39.634682360000056
242,-73.910065,40.80373333,24-07-2021 15:01,0.998554418,41.408634740000025
243,-73.91016667,40.803775,24-07-2021 15:01,1.000718133,41.408634740000025
244,-73.91026833,40.80381667,24-07-2021 15:01,1.000718133,41.408634740000025
245,-73.91036667,40.80385833,24-07-2021 15:01,1.007209277,41.408634740000025
246,-73.910465,40.80390333,24-07-2021 15:01,1.007209277,40.625908159999994
247,-73.91056667,40.803945,24-07-2021 15:01,1.009372992,40.625908159999994
248,-73.91066667,40.80399,24-07-2021 15:02,1.009372992,40.625908159999994
249,-73.91077,40.80403333,24-07-2021 15:02,1.011536707,39.89103385999999
250,-73.91087,40.80407667,24-07-2021 15:02,1.011536707,39.89103385999999
251,-73.91104333,40.80416833,24-07-2021 15:02,1.011536707,40.000410500000044
252,-73.91112667,40.80421,24-07-2021 15:02,1.011536707,39.248446100000024
253,-73.91121,40.804245,24-07-2021 15:02,1.011536707,39.248446100000024
254,-73.91128667,40.80427167,24-07-2021 15:02,1.011536707,39.248446100000024
255,-73.911345,40.804295,24-07-2021 15:02,1.013700422,39.248446100000024
256,-73.911385,40.80431167,24-07-2021 15:02,1.013700422,39.248446100000024
257,-73.91140667,40.80432167,24-07-2021 15:02,1.015864137,39.248446100000024
258,-73.91156333,40.80437,24-07-2021 15:02,1.035457777,38.50331774000006
259,-73.911605,40.804385,24-07-2021 15:02,1.035457777,38.50331774000006
260,-73.91168667,40.80441833,24-07-2021 15:02,1.037621492,38.50331774000006
261,-73.91172667,40.80443333,24-07-2021 15:02,1.035457777,38.50331774000006
262,-73.91183333,40.80448,24-07-2021 15:02,1.031130348,38.50331774000006
263,-73.91187667,40.80449833,24-07-2021 15:02,1.031130348,38.13758960000001
264,-73.91191667,40.804515,24-07-2021 15:02,1.031130348,38.099991380000006
265,-73.91195833,40.80453333,24-07-2021 15:02,1.035457777,38.099991380000006
266,-73.91200333,40.80455333,24-07-2021 15:02,1.035457777,38.099991380000006
267,-73.912045,40.80456833,24-07-2021 15:02,1.033294062,38.099991380000006
268,-73.91207333,40.80457167,24-07-2021 15:02,1.033294062,38.099991380000006
269,-73.91214333,40.8046,24-07-2021 15:02,1.031130348,37.86756602000003
270,-73.91219333,40.80461833,24-07-2021 15:02,1.031130348,37.86756602000003
271,-73.912275,40.804645,24-07-2021 15:02,1.024639203,37.86756602000003
272,-73.91236667,40.80469833,24-07-2021 15:02,1.024639203,37.86756602000003
273,-73.91245333,40.804735,24-07-2021 15:02,1.031130348,37.86756602000003
274,-73.912545,40.804785,24-07-2021 15:02,1.031130348,37.90858226
275,-73.91263,40.80482667,24-07-2021 15:02,1.033294062,37.90858226
276,-73.91271833,40.804865,24-07-2021 15:02,1.033294062,37.90858226
277,-73.91281,40.80490833,24-07-2021 15:02,1.035457777,37.90858226
278,-73.91290833,40.80495333,24-07-2021 15:03,1.035457777,38.28456446000001
279,-73.91301333,40.80500667,24-07-2021 15:03,1.035457777,38.28456446000001
280,-73.91312,40.805055,24-07-2021 15:03,1.035457777,38.22304010000005
281,-73.91322667,40.80509833,24-07-2021 15:03,1.037621492,38.74599716
282,-73.91332167,40.80514167,24-07-2021 15:03,1.037621492,38.74599716
283,-73.91352167,40.80522667,24-07-2021 15:03,1.035457777,38.74599716
284,-73.913625,40.805275,24-07-2021 15:03,1.031130348,39.11856134000004
285,-73.913835,40.805365,24-07-2021 15:03,1.031130348,39.25870015999999
286,-73.91393667,40.80540667,24-07-2021 15:03,1.031130348,39.607338200000015
287,-73.91403,40.805445,24-07-2021 15:03,1.031130348,39.607338200000015
288,-73.91411167,40.80548,24-07-2021 15:03,1.028966633,39.607338200000015
289,-73.914175,40.80550667,24-07-2021 15:03,1.028966633,39.607338200000015
290,-73.91421167,40.805525,24-07-2021 15:03,1.026802918,39.607338200000015
291,-73.91423333,40.805535,24-07-2021 15:03,1.026802918,39.607338200000015
292,-73.91437,40.80557833,24-07-2021 15:03,1.026923124,39.38174888000003
293,-73.91442167,40.80556833,24-07-2021 15:03,1.026923124,39.38174888000003
294,-73.914445,40.80556,24-07-2021 15:03,1.031250554,39.38174888000003
295,-73.9145,40.80552333,24-07-2021 15:03,1.029086839,39.38174888000003
296,-73.91452667,40.80547833,24-07-2021 15:03,1.029086839,39.38174888000003
297,-73.91456333,40.80542667,24-07-2021 15:03,1.029086839,39.38174888000003
298,-73.91460167,40.80536667,24-07-2021 15:03,1.026923124,39.38174888000003
299,-73.91464667,40.80530167,24-07-2021 15:03,1.026923124,38.65029260000006
300,-73.91469667,40.80523667,24-07-2021 15:03,1.026923124,38.65029260000006
301,-73.91474167,40.80517333,24-07-2021 15:03,1.026923124,38.65029260000006
302,-73.91478167,40.80511833,24-07-2021 15:03,1.022595694,38.65029260000006
303,-73.91480667,40.805075,24-07-2021 15:03,1.022595694,38.65029260000006
304,-73.91489167,40.80498167,24-07-2021 15:03,1.020431979,37.74793532000001
305,-73.914925,40.80494,24-07-2021 15:03,1.020431979,37.74793532000001
306,-73.91497167,40.80488833,24-07-2021 15:03,1.018268265,37.74793532000001
307,-73.91502333,40.804825,24-07-2021 15:03,1.018268265,37.03015112000003
308,-73.91507667,40.804755,24-07-2021 15:03,1.013940835,36.85241408000002
309,-73.91513833,40.80467,24-07-2021 15:04,1.013940835,36.85241408000002
310,-73.91521167,40.80457833,24-07-2021 15:04,1.01177712,36.85241408000002
311,-73.91528333,40.80448833,24-07-2021 15:04,1.01177712,36.934446560000026
312,-73.91535,40.80440167,24-07-2021 15:04,1.00744969,36.514030100000014
313,-73.91556,40.80413167,24-07-2021 15:04,1.005285975,36.91052042000001
314,-73.915625,40.80405,24-07-2021 15:04,1.005285975,36.91052042000001
315,-73.91569333,40.80396833,24-07-2021 15:04,1.00312226,36.91052042000001
316,-73.91576167,40.803895,24-07-2021 15:04,1.00312226,37.084839439999996
317,-73.91581333,40.80383,24-07-2021 15:04,1.00312226,37.084839439999996
318,-73.91585333,40.80378667,24-07-2021 15:04,1.00312226,37.084839439999996
319,-73.91588,40.80376333,24-07-2021 15:04,1.00312226,37.084839439999996
320,-73.91591167,40.80375167,24-07-2021 15:04,1.00312226,37.084839439999996
321,-73.91602,40.80376667,24-07-2021 15:04,1.000958546,37.084839439999996
322,-73.91610167,40.80379333,24-07-2021 15:04,1.000958546,36.514030100000014
323,-73.91619833,40.80383,24-07-2021 15:04,1.000958546,36.514030100000014
324,-73.91630333,40.80387667,24-07-2021 15:04,0.998794831,36.514030100000014
325,-73.91641167,40.80392,24-07-2021 15:04,0.998794831,36.514030100000014
326,-73.916525,40.80396833,24-07-2021 15:04,0.996631116,36.09361364000006
327,-73.91664333,40.80401667,24-07-2021 15:04,0.996631116,36.09361364000006
328,-73.91703167,40.80417333,24-07-2021 15:04,0.992303686,35.99449106000003
329,-73.917165,40.80422333,24-07-2021 15:04,0.992303686,35.905622540000024
330,-73.917295,40.80427333,24-07-2021 15:04,0.994467401,35.498878160000004
331,-73.91742167,40.80432333,24-07-2021 15:04,0.994467401,35.498878160000004
332,-73.917545,40.80437167,24-07-2021 15:04,0.998794831,35.58432865999998
333,-73.917665,40.80442,24-07-2021 15:04,0.998794831,35.58432865999998
334,-73.91777333,40.804465,24-07-2021 15:04,1.00312226,35.58432865999998
335,-73.91787167,40.80450667,24-07-2021 15:04,1.003242467,35.39291953999998
336,-73.91795833,40.80454167,24-07-2021 15:04,1.005406182,35.39291953999998
337,-73.91803333,40.80456833,24-07-2021 15:04,1.005406182,35.39291953999998
338,-73.91809167,40.80459,24-07-2021 15:04,1.007569897,35.39291953999998
339,-73.91813,40.804605,24-07-2021 15:04,1.007569897,35.39291953999998
340,-73.91817167,40.80464667,24-07-2021 15:04,1.014061041,35.39291953999998
341,-73.91821667,40.80466667,24-07-2021 15:04,1.014061041,35.65268906000006
342,-73.91826333,40.80469,24-07-2021 15:04,1.014061041,35.65268906000006
343,-73.91831333,40.80471333,24-07-2021 15:04,1.011897326,35.65268906000006
344,-73.91836667,40.80473667,24-07-2021 15:04,1.011897326,35.65268906000006
345,-73.91842667,40.80475667,24-07-2021 15:04,1.011897326,35.65268906000006
346,-73.91848833,40.80477667,24-07-2021 15:04,1.011897326,35.133150020000016
347,-73.91855,40.80479333,24-07-2021 15:04,1.014061041,35.133150020000016
348,-73.91861167,40.80480667,24-07-2021 15:04,1.014061041,35.35873934000006
349,-73.91873167,40.80480667,24-07-2021 15:04,1.020552186,35.35873934000006
350,-73.91877,40.80479667,24-07-2021 15:04,1.018388471,35.35873934000006
351,-73.91879833,40.804775,24-07-2021 15:04,1.018388471,36.00816314000002
352,-73.91882167,40.80475,24-07-2021 15:04,1.024879616,36.00816314000002
353,-73.91884,40.80472667,24-07-2021 15:04,1.024879616,36.00816314000002
354,-73.91885667,40.80469,24-07-2021 15:04,1.024879616,36.00816314000002
355,-73.91885833,40.80467667,24-07-2021 15:04,1.024879616,36.00816314000002
356,-73.91886667,40.80465,24-07-2021 15:04,1.024879616,36.00816314000002
357,-73.91888667,40.804585,24-07-2021 15:04,1.022715901,36.00816314000002
358,-73.91890333,40.80453,24-07-2021 15:04,1.024879616,36.00816314000002
359,-73.91896,40.80437833,24-07-2021 15:04,1.024879616,36.94811864000002
360,-73.91901333,40.80431,24-07-2021 15:04,1.024879616,36.94811864000002
361,-73.91925333,40.80436667,24-07-2021 15:05,1.024879616,36.94811864000002
362,-73.91928333,40.80433333,24-07-2021 15:05,1.024879616,36.94811864000002
363,-73.919295,40.80428833,24-07-2021 15:05,1.024879616,37.08142142000003
364,-73.919355,40.80417,24-07-2021 15:05,1.024879616,37.94959849999998
365,-73.91938833,40.80410333,24-07-2021 15:05,1.024879616,37.94959849999998
366,-73.919435,40.80402833,24-07-2021 15:05,1.027043331,37.94959849999998
367,-73.91945333,40.80400833,24-07-2021 15:05,1.024879616,37.94959849999998
368,-73.91954167,40.80391667,24-07-2021 15:05,1.029207045,39.54581384000005
369,-73.91958167,40.80387,24-07-2021 15:05,1.029207045,39.54581384000005
370,-73.919625,40.80382,24-07-2021 15:05,1.024879616,39.54581384000005
371,-73.91965833,40.80377333,24-07-2021 15:05,1.024879616,40.12687724
372,-73.91969167,40.80373333,24-07-2021 15:05,1.022715901,40.12687724
373,-73.91973167,40.80370167,24-07-2021 15:05,1.022715901,40.12687724
374,-73.91977167,40.80368333,24-07-2021 15:06,1.020552186,40.85833352000003
375,-73.91994333,40.80371833,24-07-2021 15:06,1.016344962,40.12687724
376,-73.92001833,40.80374667,24-07-2021 15:06,1.016344962,39.60050216000002
377,-73.92010667,40.803775,24-07-2021 15:06,1.014181248,39.60050216000002
378,-73.92030667,40.80385333,24-07-2021 15:06,1.014181248,39.60050216000002
379,-73.920525,40.80394833,24-07-2021 15:06,1.012017533,39.97648436000003
380,-73.92064,40.80399333,24-07-2021 15:06,1.012017533,39.115143320000016
381,-73.92086167,40.80408,24-07-2021 15:06,1.014181248,39.37149482000001
382,-73.92096167,40.80412667,24-07-2021 15:06,1.018508677,39.37149482000001
383,-73.92105167,40.80416667,24-07-2021 15:06,1.018508677,39.61417424000001
384,-73.92113167,40.80420167,24-07-2021 15:06,1.020672392,39.61417424000001
385,-73.92132333,40.80427667,24-07-2021 15:06,1.020672392,39.61417424000001
386,-73.92137167,40.80429667,24-07-2021 15:06,1.020672392,39.59366612000002
387,-73.92143833,40.80432667,24-07-2021 15:06,1.020672392,38.45204744
388,-73.92151167,40.80436167,24-07-2021 15:06,1.020672392,38.45204744
389,-73.92159333,40.80439667,24-07-2021 15:06,1.018508677,38.45204744
390,-73.921685,40.80443667,24-07-2021 15:06,1.018508677,38.45204744
391,-73.92178167,40.80448,24-07-2021 15:06,1.016344962,38.44862942000003
392,-73.92198667,40.80456667,24-07-2021 15:06,1.014181248,38.44862942000003
393,-73.92209,40.80461,24-07-2021 15:06,1.014181248,37.676156900000024
394,-73.922195,40.804655,24-07-2021 15:06,1.018508677,37.676156900000024
395,-73.9223,40.80469833,24-07-2021 15:06,1.018508677,37.676156900000024
396,-73.92240667,40.80474333,24-07-2021 15:06,1.012017533,37.676156900000024
397,-73.922515,40.80478833,24-07-2021 15:06,1.012017533,37.689828980000016
398,-73.92262833,40.804835,24-07-2021 15:06,1.009853818,37.689828980000016
399,-73.92285833,40.80492833,24-07-2021 15:06,1.009853818,37.31726480000003
400,-73.92297167,40.80497,24-07-2021 15:06,1.007690103,37.31726480000003
401,-73.92308,40.80501167,24-07-2021 15:06,1.007690103,37.31726480000003
402,-73.92318167,40.805055,24-07-2021 15:06,1.005526388,37.84705789999998
403,-73.923385,40.80515167,24-07-2021 15:06,1.007690103,38.09315534000001
404,-73.92349167,40.80520167,24-07-2021 15:06,1.007690103,38.09315534000001
405,-73.92360167,40.80524667,24-07-2021 15:06,1.005526388,38.359760900000026
406,-73.92371,40.805295,24-07-2021 15:06,1.005526388,38.359760900000026
407,-73.92392167,40.80539,24-07-2021 15:06,1.007690103,38.619530420000046
408,-73.92403,40.80543667,24-07-2021 15:06,1.005526388,38.67080071999999
409,-73.92413667,40.80548,24-07-2021 15:06,1.005526388,38.67080071999999
410,-73.92424333,40.805525,24-07-2021 15:06,1.009853818,39.01260272000002
411,-73.92434833,40.80557,24-07-2021 15:06,1.009853818,39.01260272000002
412,-73.92445833,40.80561667,24-07-2021 15:07,1.007690103,39.01260272000002
413,-73.924565,40.80566167,24-07-2021 15:07,1.007690103,39.01260272000002
414,-73.92465833,40.80570167,24-07-2021 15:07,1.012017533,39.18692174
415,-73.92473667,40.80573333,24-07-2021 15:07,1.012017533,39.18692174
416,-73.9248,40.80575833,24-07-2021 15:07,1.012017533,39.18692174
417,-73.92484667,40.805775,24-07-2021 15:07,1.012017533,39.18692174
418,-73.92488167,40.80579,24-07-2021 15:07,1.014181248,39.18692174
419,-73.92491,40.80580167,24-07-2021 15:07,1.014181248,39.18692174
420,-73.92493333,40.80581333,24-07-2021 15:07,1.018508677,39.18692174
421,-73.92506833,40.80585,24-07-2021 15:07,1.029447458,39.347568679999995
422,-73.92520667,40.80589167,24-07-2021 15:07,1.029447458,39.347568679999995
423,-73.92524667,40.80594167,24-07-2021 15:07,1.025120028,39.347568679999995
424,-73.92531333,40.80596833,24-07-2021 15:07,1.025120028,38.74257914000003
425,-73.92536,40.80599167,24-07-2021 15:07,1.025120028,38.74257914000003
426,-73.92578333,40.80614,24-07-2021 15:07,1.025120028,38.937406280000005
427,-73.92582167,40.80615333,24-07-2021 15:07,1.025120028,38.937406280000005
428,-73.92590333,40.80618167,24-07-2021 15:07,1.025120028,38.937406280000005
429,-73.92594167,40.80619167,24-07-2021 15:07,1.025120028,38.937406280000005
430,-73.92597833,40.80620333,24-07-2021 15:07,1.025120028,38.937406280000005
431,-73.92601167,40.80621333,24-07-2021 15:07,1.031611173,38.07264722000002
432,-73.92603833,40.806225,24-07-2021 15:07,1.031611173,38.069229199999995
433,-73.926065,40.80624,24-07-2021 15:07,1.033774888,38.069229199999995
434,-73.926095,40.80625,24-07-2021 15:07,1.033774888,38.069229199999995
435,-73.92612667,40.806265,24-07-2021 15:07,1.033774888,38.069229199999995
436,-73.92619333,40.80629167,24-07-2021 15:07,1.033895094,38.069229199999995
437,-73.92623,40.80630167,24-07-2021 15:07,1.033895094,38.069229199999995
438,-73.926265,40.80631667,24-07-2021 15:07,1.031731379,38.069229199999995
439,-73.92630333,40.80633,24-07-2021 15:07,1.031731379,37.32410084000003
440,-73.92634,40.80635,24-07-2021 15:07,1.033895094,37.32410084000003
441,-73.92638,40.806365,24-07-2021 15:07,1.033895094,37.32410084000003
442,-73.92641667,40.80638333,24-07-2021 15:07,1.033895094,37.32410084000003
443,-73.92645333,40.80639333,24-07-2021 15:07,1.033895094,37.32410084000003
444,-73.92648667,40.80640667,24-07-2021 15:07,1.031731379,37.32410084000003
445,-73.92652167,40.80641333,24-07-2021 15:07,1.031731379,37.32410084000003
446,-73.92654833,40.80642333,24-07-2021 15:07,1.033895094,37.32410084000003
447,-73.92657667,40.806435,24-07-2021 15:07,1.033895094,37.32410084000003
448,-73.926605,40.80644833,24-07-2021 15:07,1.033895094,37.32410084000003
449,-73.92663,40.80646167,24-07-2021 15:07,1.033895094,37.32410084000003
450,-73.92664333,40.806495,24-07-2021 15:07,1.036058809,36.3943994
451,-73.92671833,40.80659833,24-07-2021 15:07,1.044713669,35.905622540000024
452,-73.92674833,40.80661333,24-07-2021 15:07,1.044713669,35.905622540000024
453,-73.92679167,40.80663333,24-07-2021 15:07,1.044713669,35.905622540000024
454,-73.92684667,40.80665667,24-07-2021 15:07,1.044713669,35.905622540000024
455,-73.92690667,40.806685,24-07-2021 15:07,1.044713669,35.905622540000024
456,-73.92704167,40.80674333,24-07-2021 15:07,1.044713669,36.45592376000002
457,-73.92711333,40.80677333,24-07-2021 15:07,1.040386239,36.28502276000006
458,-73.92719,40.80680333,24-07-2021 15:07,1.040386239,36.28502276000006
459,-73.92727333,40.80684333,24-07-2021 15:07,1.036058809,36.28502276000006
460,-73.92736167,40.806885,24-07-2021 15:08,1.036058809,36.28502276000006
461,-73.92745333,40.80692833,24-07-2021 15:08,1.031731379,37.54627214000004
462,-73.92754667,40.80697,24-07-2021 15:08,1.031731379,37.54627214000004
463,-73.92765333,40.807015,24-07-2021 15:08,1.025240235,37.54627214000004
464,-73.92789167,40.807105,24-07-2021 15:08,1.025240235,38.16151574000003
465,-73.928015,40.80715167,24-07-2021 15:08,1.025240235,38.16151574000003
466,-73.92813667,40.80720167,24-07-2021 15:08,1.01874909,37.45398560000001
467,-73.92849167,40.80734167,24-07-2021 15:08,1.01442166,36.65758693999999
468,-73.92860333,40.80738667,24-07-2021 15:08,1.012257945,36.65758693999999
469,-73.92871667,40.80743667,24-07-2021 15:08,1.012257945,36.65758693999999
470,-73.92882833,40.807485,24-07-2021 15:08,1.012257945,36.11412175999999
471,-73.92894,40.80753333,24-07-2021 15:08,1.012257945,36.11412175999999
472,-73.92904667,40.807575,24-07-2021 15:08,1.010094231,36.41832554000001
473,-73.92914667,40.807615,24-07-2021 15:08,1.010094231,36.41832554000001
474,-73.929235,40.80765,24-07-2021 15:08,1.012257945,36.50719406000002
475,-73.92931333,40.80767833,24-07-2021 15:08,1.012257945,36.50719406000002
476,-73.92938333,40.80769833,24-07-2021 15:08,1.012257945,36.50719406000002
477,-73.92942833,40.80772667,24-07-2021 15:08,1.012257945,36.50719406000002
478,-73.92943167,40.80777333,24-07-2021 15:08,1.012378152,36.50719406000002
479,-73.92942333,40.80781833,24-07-2021 15:08,1.012378152,36.50719406000002
480,-73.92940667,40.80786833,24-07-2021 15:08,1.012378152,37.348026979999986
481,-73.929375,40.80792167,24-07-2021 15:08,1.012378152,37.348026979999986
482,-73.92933,40.80798,24-07-2021 15:08,1.008050722,37.348026979999986
483,-73.92927667,40.808045,24-07-2021 15:08,1.008050722,37.348026979999986
484,-73.92922,40.80811333,24-07-2021 15:08,1.012378152,37.45398560000001
485,-73.929115,40.80823667,24-07-2021 15:08,1.012378152,37.07800340000006
486,-73.92906667,40.808295,24-07-2021 15:08,1.016705582,37.07800340000006
487,-73.92902667,40.80834833,24-07-2021 15:08,1.016705582,37.07800340000006
488,-73.92898833,40.80839833,24-07-2021 15:08,1.018869297,36.86266813999998
489,-73.92895,40.80844333,24-07-2021 15:08,1.018869297,36.86266813999998
490,-73.92892333,40.80848333,24-07-2021 15:08,1.021033011,36.86266813999998
491,-73.92890667,40.80851167,24-07-2021 15:08,1.021033011,36.86266813999998
492,-73.92889,40.808535,24-07-2021 15:08,1.021033011,36.86266813999998
493,-73.92887167,40.80855833,24-07-2021 15:08,1.021033011,36.86266813999998
494,-73.92883333,40.808615,24-07-2021 15:08,1.021033011,36.86266813999998
495,-73.92881333,40.80865,24-07-2021 15:08,1.023196726,36.74303744000002
496,-73.92879,40.80868667,24-07-2021 15:09,1.023196726,36.27476869999998
497,-73.92876,40.808725,24-07-2021 15:09,1.023196726,36.27476869999998
498,-73.92873167,40.80875833,24-07-2021 15:09,1.023196726,36.27476869999998
499,-73.92871333,40.80878,24-07-2021 15:09,1.023196726,36.27476869999998
500,-73.92870167,40.808945,24-07-2021 15:09,1.029687871,35.628762919999986
501,-73.92889333,40.80916,24-07-2021 15:09,1.034015301,36.182482160000006
502,-73.92895667,40.80921833,24-07-2021 15:09,1.031851586,36.63024278
503,-73.92902667,40.80928,24-07-2021 15:09,1.031851586,36.63024278
504,-73.92909833,40.80934333,24-07-2021 15:09,1.029687871,36.63024278
505,-73.929165,40.80940833,24-07-2021 15:09,1.029687871,37.75135334000004
506,-73.92924,40.80946833,24-07-2021 15:09,1.025360441,38.62978448000001
507,-73.92931167,40.80953333,24-07-2021 15:09,1.025360441,38.62978448000001
508,-73.92939,40.809595,24-07-2021 15:09,1.025360441,38.62978448000001
509,-73.92947167,40.80965667,24-07-2021 15:09,1.025360441,38.62978448000001
510,-73.92955667,40.80972,24-07-2021 15:11,1.025360441,39.15957758000002
511,-73.92972667,40.80985667,24-07-2021 15:11,1.025360441,40.147385360000044
512,-73.929815,40.80992333,24-07-2021 15:11,1.025360441,39.887615840000024
513,-73.92990333,40.809995,24-07-2021 15:11,1.027524156,39.887615840000024
514,-73.93008167,40.81013833,24-07-2021 15:11,1.027524156,41.23431572000004
515,-73.930175,40.81020833,24-07-2021 15:11,1.029808077,40.05851684000004
516,-73.93026833,40.81028,24-07-2021 15:11,1.029808077,40.05851684000004
517,-73.93036167,40.81035167,24-07-2021 15:11,1.027644362,41.391544640000006
518,-73.93046,40.81042667,24-07-2021 15:11,1.027644362,41.391544640000006
519,-73.930555,40.8105,24-07-2021 15:11,1.027644362,40.393482800000015
520,-73.93064833,40.81057333,24-07-2021 15:11,1.027644362,40.393482800000015
521,-73.93073,40.81064833,24-07-2021 15:11,1.025480648,41.49750326000003
522,-73.93080333,40.81072667,24-07-2021 15:11,1.025480648,41.49750326000003
523,-73.93093167,40.810895,24-07-2021 15:11,1.018989503,41.18646344000001
524,-73.93099167,40.81098667,24-07-2021 15:11,1.018989503,41.18646344000001
525,-73.93105167,40.81107667,24-07-2021 15:11,1.018989503,41.18646344000001
526,-73.93110333,40.81117,24-07-2021 15:11,1.014662073,40.916439860000025
527,-73.931135,40.811265,24-07-2021 15:11,1.014662073,40.916439860000025
528,-73.93114,40.81136333,24-07-2021 15:11,1.016825788,40.916439860000025
529,-73.93114,40.81145667,24-07-2021 15:12,1.016825788,40.08586100000002
530,-73.93112667,40.81154833,24-07-2021 15:12,1.014662073,40.08586100000002
531,-73.9311,40.81162333,24-07-2021 15:12,1.014662073,40.08586100000002
532,-73.93104833,40.81169333,24-07-2021 15:12,1.012498358,39.046782920000055
533,-73.93097167,40.81176167,24-07-2021 15:12,1.012498358,39.046782920000055
534,-73.930875,40.811825,24-07-2021 15:12,1.012498358,39.046782920000055
535,-73.93076667,40.81188833,24-07-2021 15:12,1.012498358,40.12345922000003
536,-73.93065,40.811945,24-07-2021 15:12,1.010334643,40.12345922000003
537,-73.93053333,40.81199667,24-07-2021 15:13,1.010334643,39.14932352000005
538,-73.93042,40.812045,24-07-2021 15:13,1.014662073,40.595145979999984
539,-73.93031,40.81209333,24-07-2021 15:13,1.014662073,40.595145979999984
540,-73.93020667,40.81214,24-07-2021 15:13,1.018989503,40.595145979999984
541,-73.93011333,40.812185,24-07-2021 15:13,1.018989503,41.935009820000005
542,-73.93002833,40.81222833,24-07-2021 15:13,1.014662073,41.935009820000005
543,-73.92995333,40.81226833,24-07-2021 15:13,1.014662073,40.37297468000003
544,-73.92989167,40.81230333,24-07-2021 15:13,1.014662073,40.37297468000003
545,-73.9298,40.812355,24-07-2021 15:13,1.029808077,40.37297468000003
546,-73.929755,40.81237833,24-07-2021 15:13,1.031971792,40.772883019999995
547,-73.92971,40.81240667,24-07-2021 15:13,1.031971792,40.772883019999995
548,-73.92962333,40.81245667,24-07-2021 15:13,1.032091999,40.772883019999995
549,-73.929575,40.81248,24-07-2021 15:13,1.029928284,40.772883019999995
550,-73.92952667,40.81250667,24-07-2021 15:13,1.029928284,39.65519047999999
551,-73.92948333,40.81253333,24-07-2021 15:13,1.032091999,39.65519047999999
552,-73.92942333,40.81259333,24-07-2021 15:13,1.032091999,40.40031884000001
553,-73.92941,40.81262667,24-07-2021 15:13,1.032091999,40.40031884000001
554,-73.92941,40.81266,24-07-2021 15:13,1.029928284,40.40031884000001
555,-73.92942667,40.81269667,24-07-2021 15:13,1.029928284,40.40031884000001
556,-73.929465,40.81273,24-07-2021 15:13,1.032091999,39.65519047999999
557,-73.92950833,40.81276,24-07-2021 15:13,1.032091999,39.65519047999999
558,-73.92955,40.81279833,24-07-2021 15:13,1.029928284,39.12881540000001
559,-73.92958167,40.81284,24-07-2021 15:13,1.029928284,39.12881540000001
560,-73.92971667,40.81296667,24-07-2021 15:13,1.029928284,39.12881540000001
561,-73.92978833,40.81303167,24-07-2021 15:13,1.032091999,39.12881540000001
562,-73.929845,40.813085,24-07-2021 15:13,1.032091999,37.573616300000026
563,-73.92989167,40.81312333,24-07-2021 15:13,1.032091999,37.573616300000026
564,-73.92992833,40.81315,24-07-2021 15:13,1.032091999,37.573616300000026
565,-73.930185,40.81341833,24-07-2021 15:13,1.03437592,37.71375512000003
566,-73.93022,40.81345167,24-07-2021 15:13,1.03437592,37.71375512000003
567,-73.93025,40.81346667,24-07-2021 15:13,1.03437592,37.71375512000003
568,-73.93027833,40.81348,24-07-2021 15:13,1.03437592,37.71375512000003
569,-73.93031333,40.81349333,24-07-2021 15:13,1.032212205,37.71375512000003
570,-73.93035333,40.81350833,24-07-2021 15:14,1.032212205,37.71375512000003
571,-73.93044667,40.81354833,24-07-2021 15:14,1.036539635,37.71375512000003
572,-73.93049,40.813565,24-07-2021 15:14,1.032212205,37.71375512000003
573,-73.93057667,40.81359833,24-07-2021 15:14,1.03437592,38.14442564000001
574,-73.93061667,40.813615,24-07-2021 15:14,1.03870335,38.14442564000001
575,-73.930715,40.813655,24-07-2021 15:14,1.03870335,38.14442564000001
576,-73.93075833,40.81368333,24-07-2021 15:14,1.036539635,38.14442564000001
577,-73.93080167,40.81371833,24-07-2021 15:14,1.036539635,38.14442564000001
578,-73.93083333,40.81376167,24-07-2021 15:14,1.036539635,38.14442564000001
579,-73.93085,40.813815,24-07-2021 15:14,1.036539635,38.14442564000001
580,-73.93085333,40.81387667,24-07-2021 15:14,1.040867064,38.27089238000002
581,-73.930825,40.81402833,24-07-2021 15:14,1.036539635,38.27089238000002
582,-73.930795,40.81411333,24-07-2021 15:15,1.036539635,38.27089238000002
583,-73.9307,40.81437833,24-07-2021 15:15,1.032212205,37.77869750000002
584,-73.93066333,40.814475,24-07-2021 15:15,1.032212205,37.14294577999999
585,-73.93062833,40.81457833,24-07-2021 15:15,1.03004849,37.14294577999999
586,-73.93060333,40.81468167,24-07-2021 15:15,1.03004849,36.76354556000001
587,-73.93059167,40.81478667,24-07-2021 15:15,1.02572106,36.76354556000001
588,-73.930585,40.81489333,24-07-2021 15:15,1.02572106,36.76354556000001
589,-73.93058333,40.81499333,24-07-2021 15:15,1.023557345,36.98913488000005
590,-73.93058333,40.81508833,24-07-2021 15:15,1.023557345,36.98913488000005
591,-73.93058333,40.81517667,24-07-2021 15:15,1.021393631,36.98913488000005
592,-73.93057833,40.81535333,24-07-2021 15:15,1.021393631,36.91393844000004
593,-73.930575,40.81544333,24-07-2021 15:15,1.021393631,36.91393844000004
594,-73.93055333,40.81561667,24-07-2021 15:15,1.021393631,37.12585568000003
595,-73.93053667,40.81572333,24-07-2021 15:15,1.023557345,37.12585568000003
596,-73.930525,40.81583333,24-07-2021 15:15,1.023557345,38.01795890000005
597,-73.93048833,40.81593667,24-07-2021 15:15,1.021393631,38.01795890000005
598,-73.93045333,40.81602167,24-07-2021 15:15,1.021393631,38.67763676000004
599,-73.930395,40.81611333,24-07-2021 15:15,1.023557345,39.80900138000004
600,-73.93036,40.81619333,24-07-2021 15:15,1.023557345,39.80900138000004
601,-73.930335,40.81624667,24-07-2021 15:15,1.021393631,39.80900138000004
602,-73.93032667,40.81630333,24-07-2021 15:15,1.021393631,40.56438380000003
603,-73.93031833,40.816355,24-07-2021 15:15,1.019229916,40.56438380000003
604,-73.93029833,40.81645,24-07-2021 15:15,1.019229916,40.56438380000003
605,-73.93028667,40.8165,24-07-2021 15:15,1.017066201,40.56438380000003
606,-73.93027167,40.816545,24-07-2021 15:15,1.017066201,40.42082696
607,-73.93025167,40.81658667,24-07-2021 15:15,1.014902486,40.42082696
608,-73.93023167,40.81662167,24-07-2021 15:15,1.014902486,40.42082696
609,-73.93021167,40.81664333,24-07-2021 15:15,1.012738771,40.42082696
610,-73.93021167,40.816665,24-07-2021 15:15,1.012738771,40.42082696
611,-73.93021,40.81667833,24-07-2021 15:15,1.012738771,40.42082696
612,-73.93019,40.81672667,24-07-2021 15:15,1.012738771,40.42082696
613,-73.93017333,40.81674833,24-07-2021 15:15,1.012858977,40.42082696
614,-73.93013,40.81682667,24-07-2021 15:15,1.012858977,39.69278870000005
615,-73.93010667,40.81686833,24-07-2021 15:15,1.012858977,39.69278870000005
616,-73.93010667,40.816915,24-07-2021 15:15,1.012858977,39.69278870000005
617,-73.93005667,40.81700667,24-07-2021 15:15,1.012858977,40.15422139999998
618,-73.930025,40.81706,24-07-2021 15:15,1.012858977,40.15422139999998
619,-73.92999667,40.81712167,24-07-2021 15:15,1.012858977,39.57999404000003
620,-73.929965,40.81719,24-07-2021 15:15,1.012858977,39.57999404000003
621,-73.9299,40.81732,24-07-2021 15:15,1.012858977,39.57999404000003
622,-73.92986833,40.81737833,24-07-2021 15:16,1.012858977,39.39200294
623,-73.92984,40.81743167,24-07-2021 15:16,1.015022692,39.39200294
624,-73.92981167,40.81748167,24-07-2021 15:16,1.015022692,39.39200294
625,-73.92973333,40.81758,24-07-2021 15:16,1.015022692,39.39200294
626,-73.92971667,40.81762,24-07-2021 15:16,1.015022692,39.197175800000025
627,-73.92967333,40.81773833,24-07-2021 15:16,1.015022692,39.67569860000003
628,-73.92964833,40.817805,24-07-2021 15:16,1.015022692,39.67569860000003
629,-73.92962,40.81787333,24-07-2021 15:16,1.015022692,39.67569860000003
630,-73.92959167,40.81794333,24-07-2021 15:16,1.012858977,39.166413620000014
631,-73.92956667,40.818015,24-07-2021 15:16,1.012858977,39.166413620000014
632,-73.92953833,40.81808333,24-07-2021 15:16,1.010695263,39.166413620000014
633,-73.92951,40.818155,24-07-2021 15:16,1.010695263,39.166413620000014
634,-73.929485,40.81822333,24-07-2021 15:16,1.012858977,38.68447279999998
635,-73.92944333,40.81835,24-07-2021 15:16,1.012858977,38.68447279999998
636,-73.92942333,40.8184,24-07-2021 15:16,1.012858977,38.68447279999998
637,-73.92941833,40.818435,24-07-2021 15:16,1.012858977,38.00428682000006
638,-73.929435,40.81851333,24-07-2021 15:16,1.025961473,38.00428682000006
639,-73.92941833,40.81856333,24-07-2021 15:16,1.025961473,38.00428682000006
640,-73.92940167,40.81862,24-07-2021 15:16,1.025961473,38.00428682000006
641,-73.92938667,40.81868167,24-07-2021 15:16,1.030288903,38.00428682000006
642,-73.92934,40.81880333,24-07-2021 15:16,1.030288903,37.76502542000003
643,-73.92931167,40.81886,24-07-2021 15:16,1.030288903,37.76502542000003
644,-73.92928167,40.81891167,24-07-2021 15:16,1.030288903,37.76502542000003
645,-73.92925667,40.81896667,24-07-2021 15:16,1.032452618,38.872463900000014
646,-73.92923333,40.81903,24-07-2021 15:16,1.032452618,38.872463900000014
647,-73.92921167,40.819095,24-07-2021 15:16,1.030288903,38.872463900000014
648,-73.92918167,40.81916333,24-07-2021 15:16,1.030288903,38.872463900000014
649,-73.92915,40.819235,24-07-2021 15:16,1.028125188,39.82609148000006
650,-73.92911667,40.81930833,24-07-2021 15:16,1.028125188,39.82609148000006
651,-73.92904833,40.81946333,24-07-2021 15:16,1.028125188,39.82609148000006
652,-73.92901333,40.81955,24-07-2021 15:16,1.025961473,40.81731728
653,-73.92897833,40.81963833,24-07-2021 15:16,1.025961473,40.07560694000006
654,-73.92894333,40.819725,24-07-2021 15:16,1.023797758,40.07560694000006
655,-73.92891167,40.819815,24-07-2021 15:16,1.023797758,40.297778240000014
656,-73.92888167,40.8199,24-07-2021 15:16,1.021634043,40.297778240000014
657,-73.92884333,40.81998333,24-07-2021 15:16,1.021634043,40.297778240000014
658,-73.92880667,40.820065,24-07-2021 15:16,1.019470328,39.89103385999999
659,-73.92877333,40.82014833,24-07-2021 15:16,1.019470328,39.89103385999999
660,-73.92874,40.82023333,24-07-2021 15:16,1.015142899,39.89103385999999
661,-73.92870667,40.82031333,24-07-2021 15:16,1.015142899,39.41592908000001
662,-73.92867667,40.82038833,24-07-2021 15:16,1.019470328,39.41592908000001
663,-73.92865167,40.82045,24-07-2021 15:16,1.019470328,39.41592908000001
664,-73.92862833,40.8205,24-07-2021 15:16,1.017306614,39.41592908000001
665,-73.92861167,40.82053667,24-07-2021 15:16,1.017306614,38.82461162000004
666,-73.92859667,40.820575,24-07-2021 15:16,1.015142899,38.82461162000004
667,-73.92858,40.820625,24-07-2021 15:16,1.015142899,38.31874465999999
668,-73.92856833,40.82068333,24-07-2021 15:16,1.012979184,38.31874465999999
669,-73.92855167,40.820745,24-07-2021 15:16,1.012979184,38.31874465999999
670,-73.92852667,40.820815,24-07-2021 15:16,1.015142899,38.31874465999999
671,-73.92849167,40.82088167,24-07-2021 15:16,1.015142899,36.99255290000002
672,-73.92845833,40.82094833,24-07-2021 15:16,1.012979184,36.99255290000002
673,-73.92843,40.82101333,24-07-2021 15:17,1.012979184,36.99255290000002
674,-73.928375,40.821145,24-07-2021 15:17,1.015142899,36.12779383999998
675,-73.928355,40.82120833,24-07-2021 15:17,1.015142899,36.12779383999998
676,-73.928345,40.82125167,24-07-2021 15:17,1.012979184,36.12779383999998
677,-73.92833167,40.82132333,24-07-2021 15:17,1.012979184,36.12779383999998
678,-73.92832833,40.821405,24-07-2021 15:17,1.008651754,35.50229618000003
679,-73.92832,40.82146,24-07-2021 15:17,1.008651754,35.50229618000003
680,-73.928145,40.82167667,24-07-2021 15:17,1.010935675,35.89878650000003
681,-73.92811333,40.82165,24-07-2021 15:17,1.006608246,35.07846170000005
682,-73.928045,40.82158833,24-07-2021 15:17,1.006608246,35.07846170000005
683,-73.92799167,40.82152667,24-07-2021 15:17,1.004444531,35.07846170000005
684,-73.927975,40.821495,24-07-2021 15:17,1.004444531,35.07846170000005
685,-73.927945,40.821425,24-07-2021 15:17,1.002280816,35.07846170000005
686,-73.92791333,40.82138667,24-07-2021 15:18,1.002280816,35.66977916000002
687,-73.92773167,40.82124667,24-07-2021 15:18,1.000117101,36.56871841999998
688,-73.92767167,40.82120333,24-07-2021 15:18,1.000117101,36.56871841999998
689,-73.92757667,40.82109667,24-07-2021 15:18,1.002280816,37.26941252000006
690,-73.92753667,40.82103833,24-07-2021 15:18,1.004444531,36.182482160000006
691,-73.92748833,40.820985,24-07-2021 15:18,1.004444531,36.182482160000006
692,-73.92743833,40.82092833,24-07-2021 15:18,1.006608246,36.182482160000006
693,-73.92735,40.82081667,24-07-2021 15:18,1.006608246,36.722529320000035
694,-73.92731167,40.82076333,24-07-2021 15:18,1.006608246,36.722529320000035
695,-73.92727,40.82071,24-07-2021 15:18,1.006608246,36.722529320000035
696,-73.92723333,40.82066,24-07-2021 15:18,1.006608246,36.722529320000035
697,-73.92719667,40.82061,24-07-2021 15:18,1.00877196,36.722529320000035
698,-73.92715833,40.82055667,24-07-2021 15:18,1.00877196,37.477911740000025
699,-73.92711833,40.82051,24-07-2021 15:18,1.010935675,37.477911740000025
700,-73.92708667,40.82047,24-07-2021 15:18,1.010935675,37.477911740000025
701,-73.92707333,40.82044167,24-07-2021 15:18,1.00877196,37.477911740000025
702,-73.92697167,40.82026167,24-07-2021 15:18,1.015383311,38.12733553999999
703,-73.92695667,40.820215,24-07-2021 15:18,1.015383311,38.12733553999999
704,-73.92693167,40.82017167,24-07-2021 15:18,1.013219597,38.12733553999999
705,-73.9269,40.82011667,24-07-2021 15:18,1.013219597,38.12733553999999
706,-73.92686,40.820065,24-07-2021 15:18,1.008892167,38.12733553999999
707,-73.926745,40.82,24-07-2021 15:18,1.008892167,39.145905500000026
708,-73.92668833,40.82000833,24-07-2021 15:18,1.008892167,39.145905500000026
709,-73.92663667,40.820035,24-07-2021 15:18,1.013219597,39.145905500000026
710,-73.92659,40.820075,24-07-2021 15:18,1.013219597,38.41786724000002
711,-73.92655167,40.820125,24-07-2021 15:18,1.008892167,38.41786724000002
712,-73.92651,40.82017333,24-07-2021 15:18,1.008892167,38.41786724000002
713,-73.92646667,40.82022333,24-07-2021 15:18,1.006728452,38.58193219999998
714,-73.92642667,40.82026667,24-07-2021 15:18,1.006728452,38.58193219999998
715,-73.92639667,40.82030333,24-07-2021 15:18,1.004564737,38.58193219999998
716,-73.92637,40.82032833,24-07-2021 15:18,1.004564737,37.88123810000002
717,-73.92624833,40.82045167,24-07-2021 15:18,1.006728452,37.88123810000002
718,-73.92622333,40.82049167,24-07-2021 15:18,1.006728452,37.88123810000002
719,-73.92619,40.820535,24-07-2021 15:18,1.006728452,37.88123810000002
720,-73.92613,40.82058667,24-07-2021 15:18,1.006728452,37.183962020000024
721,-73.926065,40.82063667,24-07-2021 15:18,1.008892167,37.32410084000003
722,-73.92600333,40.820685,24-07-2021 15:18,1.008892167,37.32410084000003
723,-73.92593667,40.820725,24-07-2021 15:18,1.008892167,37.32410084000003
724,-73.92585833,40.820775,24-07-2021 15:18,1.008892167,36.59606258000002
725,-73.925785,40.820845,24-07-2021 15:18,1.009012373,36.59606258000002
726,-73.925715,40.82091,24-07-2021 15:18,1.009012373,37.460821640000006
727,-73.92565167,40.82094833,24-07-2021 15:18,1.006848658,37.460821640000006
728,-73.92558667,40.82097,24-07-2021 15:18,1.006848658,37.460821640000006
729,-73.92545167,40.82097167,24-07-2021 15:18,1.004684943,37.460821640000006
730,-73.92536667,40.82095667,24-07-2021 15:18,1.004684943,38.34608881999998
731,-73.925175,40.820935,24-07-2021 15:18,1.004684943,38.34608881999998
732,-73.92508,40.82093,24-07-2021 15:18,1.006848658,38.34608881999998
733,-73.92498333,40.82092,24-07-2021 15:18,1.006848658,38.821193600000015
734,-73.92488333,40.82091667,24-07-2021 15:19,1.004684943,38.821193600000015
735,-73.92478833,40.82091,24-07-2021 15:19,1.004684943,38.821193600000015
736,-73.92455833,40.82097167,24-07-2021 15:19,1.006848658,38.84170172000006
737,-73.92452,40.821035,24-07-2021 15:19,1.006848658,39.10147124000002
738,-73.924485,40.82110167,24-07-2021 15:20,1.006848658,39.10147124000002
739,-73.92444667,40.82117,24-07-2021 15:20,1.006848658,39.10147124000002
740,-73.92439833,40.82124,24-07-2021 15:20,1.002521229,39.10147124000002
741,-73.92435167,40.82131,24-07-2021 15:20,1.002521229,38.78359538000001
742,-73.92431667,40.82137333,24-07-2021 15:20,1.004684943,38.78359538000001
743,-73.92429167,40.82143,24-07-2021 15:20,1.004684943,39.193757780000055
744,-73.924275,40.82147833,24-07-2021 15:20,1.006848658,39.193757780000055
745,-73.92424833,40.82151833,24-07-2021 15:20,1.006848658,39.193757780000055
746,-73.92421667,40.821565,24-07-2021 15:20,1.000357514,39.193757780000055
747,-73.92418,40.82162,24-07-2021 15:20,1.000357514,38.74941518000003
748,-73.92413833,40.82168167,24-07-2021 15:20,1.002521229,38.74941518000003
749,-73.92409833,40.821745,24-07-2021 15:20,1.002521229,38.74941518000003
750,-73.92406,40.82180833,24-07-2021 15:20,1.004684943,38.74941518000003
751,-73.92401833,40.821875,24-07-2021 15:20,1.004684943,37.80945968000003
752,-73.923975,40.82194,24-07-2021 15:20,1.004684943,37.80945968000003
753,-73.92393167,40.82199833,24-07-2021 15:20,1.004684943,38.54775200000006
754,-73.92388833,40.82205,24-07-2021 15:20,1.004684943,38.54775200000006
755,-73.92385333,40.82210167,24-07-2021 15:20,1.004684943,38.54775200000006
756,-73.92381667,40.82214667,24-07-2021 15:20,1.009012373,37.884656120000045
757,-73.92378667,40.82218167,24-07-2021 15:20,1.009012373,37.884656120000045
758,-73.92375667,40.82222167,24-07-2021 15:20,1.006848658,37.884656120000045
759,-73.92372833,40.822265,24-07-2021 15:20,1.006848658,37.884656120000045
760,-73.92368,40.82234667,24-07-2021 15:20,1.009012373,37.884656120000045
761,-73.92365833,40.82239167,24-07-2021 15:20,1.009012373,37.35144500000001
762,-73.92363167,40.82244167,24-07-2021 15:20,1.006848658,37.35144500000001
763,-73.9236,40.82249167,24-07-2021 15:20,1.006848658,37.35144500000001
764,-73.92356667,40.822545,24-07-2021 15:20,1.006848658,39.18692174
765,-73.923535,40.8226,24-07-2021 15:20,1.006848658,39.18692174
766,-73.92347,40.82270667,24-07-2021 15:20,1.009012373,38.99551262
767,-73.92342,40.82278833,24-07-2021 15:20,1.006848658,38.99551262
768,-73.92340167,40.82282167,24-07-2021 15:20,1.006848658,38.99551262
769,-73.92337667,40.82287167,24-07-2021 15:20,1.006848658,38.99551262
770,-73.92337667,40.82294833,24-07-2021 15:20,1.006848658,39.79874732000002
771,-73.92335333,40.82298333,24-07-2021 15:20,1.011176088,39.79874732000002
772,-73.923325,40.82303,24-07-2021 15:21,1.011176088,39.79874732000002
773,-73.92329,40.82308333,24-07-2021 15:21,1.009012373,39.79874732000002
774,-73.923255,40.82314167,24-07-2021 15:21,1.009012373,39.79874732000002
775,-73.92317667,40.82325667,24-07-2021 15:21,1.009012373,40.29094220000002
776,-73.92314667,40.82331,24-07-2021 15:21,1.009012373,40.29094220000002
777,-73.92312167,40.82335167,24-07-2021 15:21,1.009012373,40.29094220000002
778,-73.923105,40.82338333,24-07-2021 15:21,1.011176088,40.29094220000002
779,-73.92308667,40.82340833,24-07-2021 15:21,1.011176088,40.29094220000002
780,-73.92296167,40.82346,24-07-2021 15:21,1.011176088,39.38174888000003
781,-73.92290333,40.82345333,24-07-2021 15:21,1.006848658,39.38174888000003
782,-73.92283,40.82344333,24-07-2021 15:21,1.006848658,41.07025076000002
783,-73.92274833,40.82342667,24-07-2021 15:21,1.00480515,41.07025076000002
784,-73.92265,40.82341167,24-07-2021 15:21,1.00480515,41.07025076000002
785,-73.92245167,40.82336,24-07-2021 15:21,1.00047772,41.456487020000054
786,-73.92214833,40.82325667,24-07-2021 15:21,0.998314005,41.58295376000001
787,-73.922045,40.82322,24-07-2021 15:21,0.998314005,41.58295376000001
788,-73.921935,40.82318167,24-07-2021 15:21,0.993986575,41.99995220000005
789,-73.92182333,40.82314,24-07-2021 15:21,0.993986575,41.99995220000005
790,-73.92170833,40.8231,24-07-2021 15:21,0.993986575,41.65131416000003
791,-73.92158833,40.82306333,24-07-2021 15:21,0.993986575,41.65131416000003
792,-73.92147,40.82302667,24-07-2021 15:21,0.99615029,41.65131416000003
793,-73.92135333,40.82298833,24-07-2021 15:21,0.99615029,41.14202918000001
794,-73.92123833,40.82295,24-07-2021 15:21,0.998314005,41.14202918000001
795,-73.92112167,40.82291167,24-07-2021 15:21,0.998314005,40.56780182
796,-73.92101,40.82287667,24-07-2021 15:21,0.993986575,40.40715488000001
797,-73.92088833,40.82284667,24-07-2021 15:21,0.993986575,40.40715488000001
798,-73.92076833,40.82281167,24-07-2021 15:21,0.993986575,40.40715488000001
799,-73.92065333,40.822775,24-07-2021 15:21,0.993986575,39.672280580000006
800,-73.92054667,40.82273833,24-07-2021 15:21,0.993986575,39.672280580000006
801,-73.92045667,40.822705,24-07-2021 15:21,0.993986575,39.672280580000006
802,-73.92037167,40.82268,24-07-2021 15:22,0.993986575,39.672280580000006
803,-73.92029667,40.822655,24-07-2021 15:22,0.993986575,38.769923300000016
804,-73.92023667,40.82263333,24-07-2021 15:22,0.99615029,38.588768240000036
805,-73.92019667,40.82262167,24-07-2021 15:22,0.99615029,38.588768240000036
806,-73.92022667,40.82251167,24-07-2021 15:22,1.002641435,38.588768240000036
807,-73.92025333,40.822455,24-07-2021 15:22,1.002641435,38.588768240000036
808,-73.92031333,40.82230833,24-07-2021 15:22,1.002641435,38.332416739999985
809,-73.92032333,40.82227833,24-07-2021 15:22,1.002641435,38.332416739999985
810,-73.92032833,40.82226167,24-07-2021 15:22,1.00480515,38.332416739999985
811,-73.92035833,40.82222333,24-07-2021 15:22,1.013460009,38.332416739999985
812,-73.92037167,40.82220333,24-07-2021 15:22,1.013460009,39.25870015999999
813,-73.92033833,40.822115,24-07-2021 15:22,1.026562505,38.332416739999985
814,-73.92021,40.82204667,24-07-2021 15:22,1.022235075,38.031630980000045
815,-73.920125,40.82201,24-07-2021 15:22,1.02439879,38.031630980000045
816,-73.91992667,40.82194333,24-07-2021 15:22,1.022235075,37.06774933999998
817,-73.91981167,40.82191,24-07-2021 15:22,1.022235075,37.06774933999998
818,-73.91969,40.82187667,24-07-2021 15:22,1.02007136,37.06774933999998
819,-73.91956833,40.82184333,24-07-2021 15:22,1.02007136,36.17906414000004
820,-73.91944667,40.82181,24-07-2021 15:22,1.02007136,35.854352240000026
821,-73.91932833,40.82177,24-07-2021 15:22,1.02007136,35.854352240000026
822,-73.91899,40.82165,24-07-2021 15:22,1.015743931,35.24252666000001
823,-73.91887333,40.82161833,24-07-2021 15:22,1.015743931,35.24252666000001
824,-73.91863833,40.82155,24-07-2021 15:22,1.013580216,35.22543656000005
825,-73.91829833,40.82144667,24-07-2021 15:22,1.011416501,35.73472154000001
826,-73.91819167,40.82142,24-07-2021 15:22,1.009252786,35.73472154000001
827,-73.91809,40.82139833,24-07-2021 15:22,1.009252786,35.73472154000001
828,-73.91792,40.82136333,24-07-2021 15:22,1.007089071,35.97398294000004
829,-73.91781667,40.82133167,24-07-2021 15:22,1.009252786,35.97398294000004
830,-73.91771833,40.82132333,24-07-2021 15:22,1.009252786,35.97398294000004
831,-73.91767333,40.82131333,24-07-2021 15:22,1.009252786,35.97398294000004
832,-73.91761167,40.82130167,24-07-2021 15:22,1.007089071,35.97398294000004
833,-73.91754333,40.821285,24-07-2021 15:22,1.007089071,36.81823387999998
834,-73.91747833,40.82126333,24-07-2021 15:22,1.007089071,36.81823387999998
835,-73.91740833,40.82124,24-07-2021 15:22,1.007089071,36.81823387999998
836,-73.91734167,40.82122,24-07-2021 15:23,1.013580216,36.81823387999998
837,-73.91726333,40.821205,24-07-2021 15:23,1.013580216,36.81823387999998
838,-73.917175,40.82118833,24-07-2021 15:23,1.013580216,37.71375512000003
839,-73.91708,40.82117,24-07-2021 15:23,1.013580216,37.71375512000003
840,-73.91698,40.82114667,24-07-2021 15:23,1.011416501,37.71375512000003
841,-73.91687667,40.82112333,24-07-2021 15:23,1.011416501,37.71375512000003
842,-73.91677667,40.82109833,24-07-2021 15:23,1.009252786,38.71523497999999
843,-73.91656833,40.821045,24-07-2021 15:23,1.009252786,38.71523497999999
844,-73.91647833,40.82102,24-07-2021 15:23,1.007089071,39.17666768000004
845,-73.91640167,40.821,24-07-2021 15:23,1.007089071,39.17666768000004
846,-73.91634,40.82098167,24-07-2021 15:23,1.013580216,39.17666768000004
847,-73.916235,40.820955,24-07-2021 15:23,1.009252786,39.17666768000004
848,-73.91618,40.82094,24-07-2021 15:23,1.009252786,39.17666768000004
849,-73.91612167,40.82092167,24-07-2021 15:23,1.013580216,39.48428948000003
850,-73.91605833,40.82090333,24-07-2021 15:23,1.013580216,39.48428948000003
851,-73.916,40.82088667,24-07-2021 15:23,1.013580216,39.48428948000003
852,-73.91595167,40.82087333,24-07-2021 15:23,1.013580216,39.48428948000003
853,-73.91592,40.82086167,24-07-2021 15:23,1.013580216,39.48428948000003
854,-73.91575167,40.820835,24-07-2021 15:23,1.015864137,39.61417424000001
855,-73.91571833,40.82082333,24-07-2021 15:23,1.015864137,39.61417424000001
856,-73.915745,40.82071333,24-07-2021 15:23,1.013700422,39.61417424000001
857,-73.91575667,40.82067167,24-07-2021 15:23,1.013700422,39.61417424000001
858,-73.91579333,40.82058167,24-07-2021 15:23,1.013820628,39.00234866000005
859,-73.91581167,40.82053333,24-07-2021 15:23,1.013820628,39.00234866000005
860,-73.91583833,40.82048333,24-07-2021 15:23,1.013820628,39.00234866000005
861,-73.91586,40.82043,24-07-2021 15:23,1.015984343,39.00234866000005
862,-73.91588,40.82037167,24-07-2021 15:23,1.015984343,38.49306367999998
863,-73.91590833,40.82030833,24-07-2021 15:23,1.020311773,38.49306367999998
864,-73.91594167,40.82024,24-07-2021 15:23,1.020311773,38.49306367999998
865,-73.91598167,40.82017,24-07-2021 15:23,1.018148058,38.49306367999998
866,-73.91601833,40.820095,24-07-2021 15:23,1.018148058,38.25038426000003
867,-73.91605167,40.82002,24-07-2021 15:23,1.015984343,38.25038426000003
868,-73.91608333,40.819945,24-07-2021 15:23,1.015984343,38.25038426000003
869,-73.91611833,40.81987,24-07-2021 15:23,1.015984343,38.25038426000003
870,-73.91615167,40.81979667,24-07-2021 15:23,1.015984343,38.359760900000026
871,-73.91618333,40.81973,24-07-2021 15:23,1.015984343,38.359760900000026
872,-73.91626,40.81959167,24-07-2021 15:23,1.015984343,38.55117002000003
873,-73.91630667,40.81953167,24-07-2021 15:24,1.015984343,38.55117002000003
874,-73.91633667,40.81946667,24-07-2021 15:24,1.015984343,38.55117002000003
875,-73.91636167,40.81940167,24-07-2021 15:24,1.015984343,38.55117002000003
876,-73.91639,40.81933667,24-07-2021 15:24,1.015984343,38.55117002000003
877,-73.91642,40.81927,24-07-2021 15:24,1.015984343,38.48622764000004
878,-73.91645,40.8192,24-07-2021 15:24,1.015984343,38.48622764000004
879,-73.91651,40.81906,24-07-2021 15:24,1.015984343,38.48622764000004
880,-73.916535,40.81899667,24-07-2021 15:24,1.015984343,38.08973732000004
881,-73.91657667,40.81890833,24-07-2021 15:24,1.015984343,38.08973732000004
882,-73.916625,40.81882167,24-07-2021 15:24,1.018148058,38.08973732000004
883,-73.91663333,40.818795,24-07-2021 15:24,1.018148058,38.08973732000004
884,-73.91664667,40.818755,24-07-2021 15:24,1.018148058,38.12733553999999
885,-73.91666667,40.81870333,24-07-2021 15:24,1.022475488,38.12733553999999
886,-73.91669167,40.81864167,24-07-2021 15:24,1.022475488,38.12733553999999
887,-73.91672,40.818575,24-07-2021 15:24,1.022475488,38.12733553999999
888,-73.91675167,40.81850667,24-07-2021 15:24,1.022475488,38.062393160000056
889,-73.91678,40.81844167,24-07-2021 15:24,1.022475488,38.062393160000056
890,-73.9168,40.81838833,24-07-2021 15:24,1.022475488,38.062393160000056
891,-73.91693,40.81815333,24-07-2021 15:24,1.00744969,38.56142408000005
892,-73.91695,40.81810667,24-07-2021 15:24,1.00744969,38.56142408000005
893,-73.91697833,40.81805833,24-07-2021 15:24,1.00744969,38.56142408000005
894,-73.91700667,40.818005,24-07-2021 15:24,1.005285975,38.56142408000005
895,-73.91703833,40.81794833,24-07-2021 15:24,1.005285975,39.24502808
896,-73.91709667,40.817755,24-07-2021 15:24,1.005285975,39.24502808
897,-73.91713167,40.81771,24-07-2021 15:24,1.005285975,39.24502808
898,-73.91715667,40.81767833,24-07-2021 15:24,1.00744969,40.10636912000001
899,-73.91716167,40.81758,24-07-2021 15:24,1.009613405,40.10636912000001
900,-73.92288833,40.80916333,24-07-2021 15:24,1.017066201,36.985716860000025
901,-73.92286167,40.809195,24-07-2021 15:24,1.017066201,37.197634100000016
902,-73.92283667,40.80923,24-07-2021 15:24,1.017066201,37.197634100000016
903,-73.92281,40.80925833,24-07-2021 15:24,1.021393631,37.197634100000016
904,-73.92278333,40.809285,24-07-2021 15:24,1.021393631,37.197634100000016
905,-73.92276833,40.80930667,24-07-2021 15:24,1.021393631,37.197634100000016
906,-73.92263333,40.8094,24-07-2021 15:24,1.027884775,37.35486302000004
907,-73.92260667,40.80944333,24-07-2021 15:24,1.02572106,37.35486302000004
908,-73.92253,40.80945833,24-07-2021 15:24,1.02572106,37.58045234000002
909,-73.92249167,40.8095,24-07-2021 15:24,1.02572106,37.58045234000002
910,-73.92245833,40.80955,24-07-2021 15:24,1.02572106,37.58045234000002
911,-73.92244333,40.80961833,24-07-2021 15:24,1.021393631,37.58045234000002
912,-73.922405,40.80968167,24-07-2021 15:24,1.021393631,37.58045234000002
913,-73.92233167,40.809805,24-07-2021 15:24,1.021393631,37.94276246000004
914,-73.92229333,40.80987333,24-07-2021 15:24,1.023557345,37.94276246000004
915,-73.92224833,40.80994,24-07-2021 15:24,1.023557345,37.94276246000004
916,-73.9222,40.81000333,24-07-2021 15:24,1.021393631,37.853893940000034
917,-73.92215333,40.81006833,24-07-2021 15:24,1.021393631,37.853893940000034
918,-73.9221,40.81014,24-07-2021 15:24,1.017066201,37.853893940000034
919,-73.92204667,40.81021333,24-07-2021 15:24,1.017066201,37.853893940000034
920,-73.92191833,40.81035667,24-07-2021 15:24,1.014902486,37.64881274000004
921,-73.92180333,40.81051167,24-07-2021 15:24,1.019229916,37.64881274000004
922,-73.92174,40.81058833,24-07-2021 15:24,1.021393631,37.180544000000054
923,-73.92168667,40.81067,24-07-2021 15:25,1.021393631,37.180544000000054
924,-73.92163667,40.81074667,24-07-2021 15:25,1.02572106,37.180544000000054
925,-73.92159,40.81082333,24-07-2021 15:25,1.02572106,36.26109661999999
926,-73.92154,40.81089833,24-07-2021 15:25,1.02572106,36.26109661999999
927,-73.92148,40.81097167,24-07-2021 15:25,1.02572106,36.26109661999999
928,-73.921365,40.81111667,24-07-2021 15:26,1.03004849,35.53989439999998
929,-73.92130833,40.81119333,24-07-2021 15:26,1.032212205,35.53989439999998
930,-73.92126167,40.81126833,24-07-2021 15:26,1.032212205,35.82017203999999
931,-73.92121167,40.81134167,24-07-2021 15:26,1.027884775,35.65268906000006
932,-73.92117667,40.81141333,24-07-2021 15:26,1.027884775,35.65268906000006
933,-73.92109333,40.81153,24-07-2021 15:26,1.032212205,35.65268906000006
934,-73.92105,40.81157,24-07-2021 15:26,1.032212205,35.65268906000006
935,-73.92101667,40.81159667,24-07-2021 15:26,1.03004849,35.65268906000006
936,-73.920995,40.81161167,24-07-2021 15:26,1.03004849,35.478370040000016
937,-73.92089833,40.81168833,24-07-2021 15:26,1.043150986,37.22497826000006
938,-73.92087167,40.81173167,24-07-2021 15:26,1.043150986,37.22497826000006
939,-73.920845,40.811785,24-07-2021 15:26,1.043150986,37.22497826000006
940,-73.92081833,40.81183833,24-07-2021 15:26,1.043150986,37.22497826000006
941,-73.92079667,40.81188833,24-07-2021 15:26,1.038943762,37.24206836000002
942,-73.92075833,40.81194,24-07-2021 15:26,1.038943762,37.24206836000002
943,-73.92074667,40.81199333,24-07-2021 15:26,1.038943762,37.24206836000002
944,-73.92067667,40.81204333,24-07-2021 15:26,1.038943762,37.24206836000002
945,-73.92061833,40.81209167,24-07-2021 15:26,1.036780047,37.24206836000002
946,-73.92056833,40.81213667,24-07-2021 15:26,1.036780047,37.24206836000002
947,-73.92052833,40.81217333,24-07-2021 15:26,1.038943762,38.09657335999998
948,-73.92050333,40.81220333,24-07-2021 15:26,1.038943762,38.09657335999998
949,-73.92048833,40.81222167,24-07-2021 15:26,1.038943762,38.09657335999998
950,-73.91933167,40.81388833,24-07-2021 15:26,1.043271192,40.21916378000003
951,-73.919275,40.81397167,24-07-2021 15:26,1.043271192,40.21916378000003
952,-73.91921833,40.81405167,24-07-2021 15:26,1.038943762,40.21232773999998
953,-73.91915667,40.81413333,24-07-2021 15:26,1.038943762,40.21232773999998
954,-73.91903667,40.81429167,24-07-2021 15:26,1.034616333,39.231356000000005
955,-73.91897833,40.814365,24-07-2021 15:26,1.028125188,39.44327324000005
956,-73.91892667,40.81443333,24-07-2021 15:26,1.028125188,39.44327324000005
957,-73.918785,40.81460167,24-07-2021 15:26,1.023797758,39.395420960000024
958,-73.91875,40.81463333,24-07-2021 15:26,1.023797758,38.91689816000002
959,-73.91872333,40.81465333,24-07-2021 15:27,1.026081679,38.91689816000002
960,-73.91865667,40.81467667,24-07-2021 15:27,1.023917965,38.91689816000002
961,-73.91863167,40.81467,24-07-2021 15:27,1.023917965,38.91689816000002
962,-73.91848333,40.81469667,24-07-2021 15:27,1.026081679,38.91689816000002
963,-73.91843333,40.814725,24-07-2021 15:27,1.026081679,38.91689816000002
964,-73.918335,40.814795,24-07-2021 15:27,1.026081679,38.63320250000004
965,-73.918295,40.81482333,24-07-2021 15:27,1.026081679,38.63320250000004
966,-73.91827,40.814845,24-07-2021 15:27,1.023917965,38.15809772
967,-73.91824667,40.81486333,24-07-2021 15:27,1.023917965,38.15809772
968,-73.91813167,40.81500167,24-07-2021 15:27,1.034736539,38.15809772
969,-73.91806,40.81504833,24-07-2021 15:27,1.039063969,38.15809772
970,-73.918015,40.81507333,24-07-2021 15:27,1.039063969,38.11366346
971,-73.91796833,40.8151,24-07-2021 15:27,1.039063969,38.11366346
972,-73.91791833,40.81512833,24-07-2021 15:27,1.039063969,38.56826011999999
973,-73.91786667,40.81514333,24-07-2021 15:27,1.039063969,38.56826011999999
974,-73.91781833,40.81515,24-07-2021 15:28,1.039063969,38.56826011999999
975,-73.91776167,40.815135,24-07-2021 15:28,1.045555113,38.56826011999999
976,-73.91769833,40.81510833,24-07-2021 15:28,1.043391399,38.56826011999999
977,-73.91716167,40.81544833,24-07-2021 15:28,1.039063969,39.36465878000001
978,-73.91711333,40.81548167,24-07-2021 15:28,1.039063969,39.36465878000001
979,-73.91707667,40.81552,24-07-2021 15:28,1.039063969,39.36465878000001
980,-73.91699833,40.81556667,24-07-2021 15:28,1.039063969,39.49796156000002
981,-73.916965,40.81557667,24-07-2021 15:28,1.039063969,39.49796156000002
982,-73.91692833,40.81559333,24-07-2021 15:28,1.039063969,39.55264987999999
983,-73.91689333,40.815615,24-07-2021 15:28,1.039063969,39.55264987999999
984,-73.91685667,40.81563333,24-07-2021 15:28,1.039063969,39.55264987999999
985,-73.91681667,40.81567,24-07-2021 15:28,1.036900254,39.55264987999999
986,-73.91679167,40.815715,24-07-2021 15:28,1.036900254,39.55264987999999
987,-73.91670167,40.81575,24-07-2021 15:28,1.036900254,39.55264987999999
988,-73.91662167,40.81579167,24-07-2021 15:28,1.036900254,39.55264987999999
989,-73.91653333,40.81583,24-07-2021 15:28,1.032572824,39.97306634000006
990,-73.91644667,40.81586,24-07-2021 15:28,1.032572824,39.97306634000006
991,-73.91638833,40.815895,24-07-2021 15:28,1.026081679,39.97306634000006
992,-73.91634167,40.81592833,24-07-2021 15:28,1.026081679,39.97306634000006
993,-73.91630667,40.81596,24-07-2021 15:28,1.028245394,39.97306634000006
994,-73.91627667,40.81598167,24-07-2021 15:28,1.028245394,39.97306634000006
995,-73.91622667,40.81604167,24-07-2021 15:28,1.024038171,39.63126434000003
996,-73.91618833,40.81608167,24-07-2021 15:28,1.026201886,39.63126434000003
997,-73.91612667,40.81612,24-07-2021 15:28,1.026201886,40.130295260000025
998,-73.91607333,40.81615333,24-07-2021 15:28,1.024038171,40.130295260000025
999,-73.91602,40.81618167,24-07-2021 15:28,1.024038171,40.130295260000025
1000,-73.91598333,40.81620167,24-07-2021 15:28,1.026201886,40.130295260000025
1001,-73.915955,40.81621833,24-07-2021 15:28,1.026201886,40.130295260000025
1002,-73.91588167,40.81631833,24-07-2021 15:28,1.024038171,40.130295260000025
1003,-73.91585167,40.81636167,24-07-2021 15:28,1.024038171,39.96623030000001
1004,-73.915815,40.816395,24-07-2021 15:28,1.024038171,39.96623030000001
1005,-73.915795,40.81643333,24-07-2021 15:28,1.021874456,39.96623030000001
1006,-73.915765,40.81646333,24-07-2021 15:28,1.021874456,39.96623030000001
1007,-73.91572667,40.81646,24-07-2021 15:28,1.017547026,39.96623030000001
1008,-73.91569,40.81645167,24-07-2021 15:28,1.017547026,39.96623030000001
1009,-73.91565667,40.81646167,24-07-2021 15:28,1.017547026,39.96623030000001
1010,-73.9156,40.81651333,24-07-2021 15:28,1.017547026,39.96623030000001
1011,-73.91554667,40.81657333,24-07-2021 15:28,1.015383311,39.96623030000001
1012,-73.91549667,40.81663,24-07-2021 15:28,1.015383311,39.59708413999999
1013,-73.91545,40.81668667,24-07-2021 15:28,1.015383311,39.59708413999999
1014,-73.915335,40.81681333,24-07-2021 15:28,1.015383311,39.59708413999999
1015,-73.91526,40.81688167,24-07-2021 15:28,1.013219597,39.59708413999999
1016,-73.91519333,40.81694667,24-07-2021 15:28,1.013219597,39.658608500000014
1017,-73.91511333,40.81699333,24-07-2021 15:28,1.011055882,39.887615840000024
1018,-73.91503667,40.81702167,24-07-2021 15:28,1.011055882,39.887615840000024
1019,-73.91499,40.81705333,24-07-2021 15:28,1.008892167,39.887615840000024
1020,-73.91495167,40.81708333,24-07-2021 15:29,1.008892167,39.887615840000024
1021,-73.91492,40.81712167,24-07-2021 15:29,1.008892167,39.887615840000024
1022,-73.91486667,40.817155,24-07-2021 15:29,1.008892167,39.887615840000024
1023,-73.914755,40.81724167,24-07-2021 15:29,1.008892167,40.656670340000005
1024,-73.91469833,40.81729,24-07-2021 15:29,1.006728452,40.656670340000005
1025,-73.91461833,40.81735667,24-07-2021 15:29,1.006728452,40.656670340000005
1026,-73.91453833,40.817425,24-07-2021 15:29,1.004564737,40.656670340000005
1027,-73.91444333,40.81750167,24-07-2021 15:29,1.004564737,41.13177512000004
1028,-73.914355,40.817565,24-07-2021 15:29,1.004564737,41.68891238000003
1029,-73.91426667,40.81762833,24-07-2021 15:29,1.004564737,41.68891238000003
1030,-73.914175,40.81769167,24-07-2021 15:29,1.002401022,41.68891238000003
1031,-73.91408167,40.81775333,24-07-2021 15:29,1.002401022,42.12300091999998
1032,-73.914,40.81782,24-07-2021 15:29,1.000237307,42.328082119999976
1033,-73.913915,40.81789167,24-07-2021 15:29,1.000237307,42.328082119999976
1034,-73.91384167,40.81795,24-07-2021 15:30,1.000237307,42.328082119999976
1035,-73.913785,40.81800667,24-07-2021 15:30,1.000237307,41.84272328000003
1036,-73.91373833,40.81805,24-07-2021 15:30,1.000237307,41.84272328000003
1037,-73.91370667,40.81807667,24-07-2021 15:30,1.000237307,41.61371594000002
1038,-73.91361667,40.81813167,24-07-2021 15:30,1.000237307,41.61371594000002
1039,-73.91358167,40.81812333,24-07-2021 15:30,1.000237307,41.61371594000002
1040,-73.91354333,40.818105,24-07-2021 15:30,1.004564737,41.61371594000002
1041,-73.9134,40.81803667,24-07-2021 15:30,1.008892167,41.61371594000002
1042,-73.91335,40.81801167,24-07-2021 15:30,1.008892167,40.919857879999995
1043,-73.913295,40.817955,24-07-2021 15:30,1.011055882,41.66840425999999
1044,-73.913295,40.81791333,24-07-2021 15:30,1.011176088,41.66840425999999
1045,-73.91339833,40.81772333,24-07-2021 15:30,1.015503518,42.18794330000003
1046,-73.91349,40.81757167,24-07-2021 15:30,1.011176088,42.29390192000005
1047,-73.91353833,40.81749167,24-07-2021 15:31,1.011176088,42.29390192000005
1048,-73.91358667,40.81741,24-07-2021 15:31,1.011176088,42.194779340000025
1049,-73.913635,40.81732833,24-07-2021 15:31,1.011176088,42.194779340000025
1050,-73.91368,40.81725167,24-07-2021 15:31,1.009012373,42.194779340000025
1051,-73.91371667,40.81718167,24-07-2021 15:31,1.009012373,42.194779340000025
1052,-73.91375167,40.81712,24-07-2021 15:31,1.011176088,41.81196110000002
1053,-73.91378333,40.81707333,24-07-2021 15:31,1.011176088,41.81196110000002
1054,-73.91380833,40.81703,24-07-2021 15:31,1.015503518,41.81196110000002
1055,-73.91383,40.81699667,24-07-2021 15:31,1.015503518,41.81196110000002
1056,-73.913845,40.81697833,24-07-2021 15:31,1.015503518,41.81196110000002
1057,-73.91402,40.81663167,24-07-2021 15:31,1.009012373,41.473577120000016
1058,-73.91406167,40.81656167,24-07-2021 15:31,1.009012373,40.889095699999984
1059,-73.91410833,40.8165,24-07-2021 15:31,1.004684943,40.94378402000001
1060,-73.91420333,40.81635167,24-07-2021 15:31,1.002521229,40.56096578000006
1061,-73.91427167,40.81620333,24-07-2021 15:31,1.004684943,40.56096578000006
1062,-73.914315,40.816135,24-07-2021 15:31,1.004684943,40.56096578000006
1063,-73.914355,40.81605833,24-07-2021 15:31,1.002521229,40.35246656000004
1064,-73.914485,40.81583333,24-07-2021 15:31,1.002521229,40.130295260000025
1065,-73.91452667,40.81576833,24-07-2021 15:31,1.000357514,39.983320400000025
1066,-73.91456333,40.81571667,24-07-2021 15:31,1.000357514,39.983320400000025
1067,-73.91458667,40.81567667,24-07-2021 15:31,1.000357514,39.983320400000025
1068,-73.91471667,40.81553167,24-07-2021 15:31,1.022114869,40.00724653999998
1069,-73.914735,40.8155,24-07-2021 15:31,1.015623724,40.00724653999998
1070,-73.91476167,40.81546167,24-07-2021 15:31,1.015623724,40.00724653999998
1071,-73.91479167,40.81541333,24-07-2021 15:31,1.019951154,40.00724653999998
1072,-73.91482167,40.81535833,24-07-2021 15:31,1.019951154,39.58683008000003
1073,-73.91485333,40.8153,24-07-2021 15:31,1.015623724,39.58683008000003
1074,-73.91488667,40.81523667,24-07-2021 15:31,1.015623724,39.426183140000035
1075,-73.91492333,40.81518167,24-07-2021 15:31,1.015623724,39.426183140000035
1076,-73.91495333,40.81511,24-07-2021 15:31,1.015623724,39.426183140000035
1077,-73.91498333,40.81503667,24-07-2021 15:31,1.019951154,39.426183140000035
1078,-73.91501167,40.81496167,24-07-2021 15:31,1.019951154,39.21768392000001
1079,-73.91504667,40.814885,24-07-2021 15:32,1.015623724,39.21768392000001
1080,-73.91508167,40.81481167,24-07-2021 15:32,1.015623724,39.21768392000001
1081,-73.91516333,40.814685,24-07-2021 15:32,1.017787439,38.56484210000002
1082,-73.9152,40.81463833,24-07-2021 15:32,1.019951154,38.56484210000002
1083,-73.915225,40.81460667,24-07-2021 15:32,1.019951154,38.56484210000002
1084,-73.91532667,40.81447,24-07-2021 15:32,1.017787439,38.506735760000026
1085,-73.915355,40.81441333,24-07-2021 15:32,1.017787439,38.506735760000026
1086,-73.91538333,40.81435,24-07-2021 15:32,1.017787439,38.506735760000026
1087,-73.91542167,40.81427833,24-07-2021 15:32,1.015623724,38.506735760000026
1088,-73.91547,40.81420333,24-07-2021 15:32,1.015743931,38.42470328000002
1089,-73.91551667,40.81413167,24-07-2021 15:32,1.011416501,38.42470328000002
1090,-73.915605,40.81398167,24-07-2021 15:32,1.015743931,38.605858340000054
1091,-73.91564333,40.8139,24-07-2021 15:32,1.015743931,39.27579026000001
1092,-73.91569,40.81381833,24-07-2021 15:32,1.013580216,39.27579026000001
1093,-73.91573333,40.81373,24-07-2021 15:32,1.013580216,39.27579026000001
1094,-73.91577667,40.81364833,24-07-2021 15:32,1.015743931,39.26895422000001
1095,-73.91582833,40.81356333,24-07-2021 15:32,1.015743931,39.26895422000001
1096,-73.915905,40.81339833,24-07-2021 15:32,1.015743931,39.18008570000001
1097,-73.91594833,40.81331833,24-07-2021 15:32,1.015743931,39.11856134000004
1098,-73.91598833,40.81323333,24-07-2021 15:32,1.015743931,39.11856134000004
1099,-73.91603833,40.81314333,24-07-2021 15:32,1.015743931,39.11856134000004
1100,-73.91607667,40.81305,24-07-2021 15:32,1.017907645,39.053618959999994
1101,-73.91612167,40.81296333,24-07-2021 15:33,1.017907645,39.053618959999994
1102,-73.91617167,40.81287667,24-07-2021 15:33,1.015743931,39.053618959999994
1103,-73.916365,40.81253833,24-07-2021 15:33,1.009252786,38.46571951999999
1104,-73.91641167,40.812455,24-07-2021 15:33,1.009252786,38.46571951999999
1105,-73.91647667,40.812285,24-07-2021 15:33,1.011416501,38.09315534000001
1106,-73.91651167,40.81220833,24-07-2021 15:33,1.009252786,38.09315534000001
1107,-73.916585,40.81206,24-07-2021 15:33,1.009252786,38.09315534000001
1108,-73.91664,40.81197833,24-07-2021 15:34,1.009252786,37.61121452000003
1109,-73.91669167,40.81189667,24-07-2021 15:34,1.011416501,37.7616074
1110,-73.916745,40.81181167,24-07-2021 15:34,1.011416501,37.7616074
1111,-73.91678833,40.81173,24-07-2021 15:34,1.011416501,37.13610974000005
1112,-73.91683333,40.81165333,24-07-2021 15:34,1.011416501,37.13610974000005
1113,-73.91692667,40.81151333,24-07-2021 15:34,1.009252786,37.13610974000005
1114,-73.91696333,40.81145,24-07-2021 15:35,1.011416501,36.57213644000001
1115,-73.917,40.81139167,24-07-2021 15:35,1.011416501,36.57213644000001
1116,-73.91706167,40.81127333,24-07-2021 15:35,1.015743931,36.903684380000016
1117,-73.91709167,40.81122,24-07-2021 15:35,1.011416501,36.77379961999998
1118,-73.91712833,40.81117,24-07-2021 15:35,1.011416501,36.77379961999998
1119,-73.91716333,40.81112667,24-07-2021 15:35,1.011416501,36.77379961999998
1120,-73.91719333,40.81108667,24-07-2021 15:35,1.011416501,36.77379961999998
1121,-73.91722167,40.81104333,24-07-2021 15:35,1.015743931,36.77379961999998
1122,-73.917275,40.81095167,24-07-2021 15:35,1.015743931,36.96179072000001
1123,-73.91730667,40.81089333,24-07-2021 15:36,1.017907645,36.96179072000001
1124,-73.91737167,40.81078167,24-07-2021 15:36,1.017907645,36.96179072000001
1125,-73.91739333,40.810725,24-07-2021 15:36,1.017907645,36.96179072000001
1126,-73.91742667,40.81065667,24-07-2021 15:36,1.015743931,38.212786040000026
1127,-73.91752,40.81053333,24-07-2021 15:36,1.015743931,38.212786040000026
1128,-73.917555,40.81046833,24-07-2021 15:36,1.015743931,38.212786040000026
1129,-73.917595,40.81041,24-07-2021 15:36,1.013580216,38.18885990000001
1130,-73.91763,40.81035,24-07-2021 15:36,1.013580216,38.18885990000001
1131,-73.917705,40.81021333,24-07-2021 15:36,1.017907645,38.18885990000001
1132,-73.91775333,40.81013667,24-07-2021 15:36,1.017907645,38.062393160000056
1133,-73.91778833,40.81004333,24-07-2021 15:36,1.017907645,38.63662052000001
1134,-73.91783333,40.80995667,24-07-2021 15:36,1.017907645,38.63662052000001
1135,-73.91788167,40.80987,24-07-2021 15:36,1.017907645,38.182023860000015
1136,-73.91793833,40.80978833,24-07-2021 15:36,1.015743931,38.182023860000015
1137,-73.91799,40.80971,24-07-2021 15:36,1.015743931,38.182023860000015
1138,-73.91804,40.80963333,24-07-2021 15:36,1.015743931,38.182023860000015
1139,-73.91809,40.80955833,24-07-2021 15:36,1.015743931,37.94618048000001
1140,-73.918135,40.80948667,24-07-2021 15:36,1.02007136,38.04188504000001
1141,-73.91817333,40.80941833,24-07-2021 15:36,1.02007136,38.04188504000001
1142,-73.91820667,40.809355,24-07-2021 15:36,1.02439879,37.81629572000003
1143,-73.918235,40.80929833,24-07-2021 15:36,1.02439879,37.81629572000003
1144,-73.91829667,40.809195,24-07-2021 15:36,1.022235075,37.81629572000003
1145,-73.91833,40.809145,24-07-2021 15:36,1.02439879,37.81629572000003
1146,-73.9184,40.80904667,24-07-2021 15:36,1.02439879,37.55652620000001
1147,-73.91843,40.80899833,24-07-2021 15:36,1.02439879,37.55652620000001
1148,-73.91847667,40.80890167,24-07-2021 15:36,1.02439879,37.55652620000001
1149,-73.91849833,40.80885833,24-07-2021 15:36,1.02439879,37.75477136000001
1150,-73.91851333,40.80881833,24-07-2021 15:36,1.026562505,37.75477136000001
1151,-73.91853167,40.80878333,24-07-2021 15:36,1.026682711,37.81971374
1152,-73.98123333,40.78433667,24-07-2021 15:36,1.009974024,34.55550463999998
1153,-73.98125667,40.78432833,24-07-2021 15:36,1.007810309,34.55550463999998
1154,-73.981285,40.78432167,24-07-2021 15:36,1.007810309,34.55550463999998
1155,-73.98131833,40.78429667,24-07-2021 15:36,1.007810309,34.770839900000055
1156,-73.98133833,40.78426833,24-07-2021 15:36,1.007810309,34.770839900000055
1157,-73.981375,40.78423167,24-07-2021 15:37,1.00348288,34.770839900000055
1158,-73.98141833,40.784195,24-07-2021 15:37,1.00348288,34.40511176000001
1159,-73.98145333,40.784155,24-07-2021 15:37,1.001319165,34.40511176000001
1160,-73.981505,40.78405333,24-07-2021 15:37,1.001319165,34.40511176000001
1161,-73.981535,40.78401167,24-07-2021 15:37,1.00348288,34.692225440000016
1162,-73.98156,40.783965,24-07-2021 15:37,1.00348288,34.692225440000016
1163,-73.98157833,40.783935,24-07-2021 15:37,1.00348288,34.692225440000016
1164,-73.981645,40.78383167,24-07-2021 15:37,1.003603086,34.692225440000016
1165,-73.98176,40.78367167,24-07-2021 15:37,0.997111941,34.65462722000001
1166,-73.98180167,40.78363,24-07-2021 15:37,0.997111941,34.599938899999984
1167,-73.981845,40.78359833,24-07-2021 15:37,0.999275656,34.599938899999984
1168,-73.98188167,40.78355167,24-07-2021 15:37,0.999275656,34.599938899999984
1169,-73.98197333,40.78338833,24-07-2021 15:37,0.997111941,34.7195696
1170,-73.98199833,40.78332833,24-07-2021 15:37,0.997111941,34.7195696
1171,-73.98203333,40.78326167,24-07-2021 15:37,0.994948226,34.7195696
1172,-73.982065,40.783195,24-07-2021 15:37,0.994948226,34.887052580000045
1173,-73.98209,40.78312167,24-07-2021 15:37,0.994948226,34.887052580000045
1174,-73.98212667,40.78304667,24-07-2021 15:38,0.994948226,34.887052580000045
1175,-73.98217167,40.78297833,24-07-2021 15:38,0.994948226,34.84261832000004
1176,-73.98221333,40.78291167,24-07-2021 15:38,0.994948226,35.17074824000002
1177,-73.98225833,40.78283833,24-07-2021 15:38,0.994948226,35.17074824000002
1178,-73.98230833,40.78276667,24-07-2021 15:38,0.994948226,35.17074824000002
1179,-73.98235833,40.78269833,24-07-2021 15:38,0.994948226,35.17074824000002
1180,-73.98241167,40.78263167,24-07-2021 15:38,0.994948226,35.35532132000003
1181,-73.98247,40.78256333,24-07-2021 15:38,0.992784512,35.35532132000003
1182,-73.98254,40.78249333,24-07-2021 15:38,0.992784512,35.102387840000006
1183,-73.9826,40.782425,24-07-2021 15:39,0.992784512,35.102387840000006
1184,-73.982645,40.78235167,24-07-2021 15:39,0.992784512,35.28696092000001
1185,-73.98269167,40.78228167,24-07-2021 15:39,0.992784512,35.28696092000001
1186,-73.98278833,40.78215833,24-07-2021 15:39,0.990620797,35.28696092000001
1187,-73.9829,40.782025,24-07-2021 15:39,0.990620797,35.63559896000004
1188,-73.98299833,40.78188167,24-07-2021 15:39,0.990620797,35.63559896000004
1189,-73.98304833,40.781815,24-07-2021 15:39,0.990620797,35.81675402000002
1190,-73.98310667,40.78175167,24-07-2021 15:39,0.990620797,35.81675402000002
1191,-73.98317,40.78168333,24-07-2021 15:39,0.990620797,35.81675402000002
1192,-73.983225,40.7816,24-07-2021 15:39,0.990620797,35.625344900000016
1193,-73.98328833,40.78151667,24-07-2021 15:39,0.992784512,35.625344900000016
1194,-73.98335833,40.78142167,24-07-2021 15:39,0.992784512,35.625344900000016
1195,-73.98341167,40.78133167,24-07-2021 15:39,0.990620797,35.69712332000006
1196,-73.98346,40.78125167,24-07-2021 15:39,0.990620797,35.69712332000006
1197,-73.98351333,40.78118167,24-07-2021 15:39,0.988457082,35.69712332000006
1198,-73.98354667,40.78111167,24-07-2021 15:39,0.988457082,35.69712332000006
1199,-73.98359167,40.78108333,24-07-2021 15:39,0.984129652,35.31772310000002
1200,-73.983635,40.78105,24-07-2021 15:39,0.984129652,35.150240120000035
1201,-73.98368333,40.78101,24-07-2021 15:39,0.981965937,35.150240120000035
1202,-73.98372333,40.78093667,24-07-2021 15:39,0.981965937,35.150240120000035
1203,-73.98375833,40.78088333,24-07-2021 15:39,0.981965937,35.150240120000035
1204,-73.98379167,40.78081833,24-07-2021 15:39,0.981965937,35.150240120000035
1205,-73.983825,40.78077,24-07-2021 15:39,0.984129652,35.34506726000001
1206,-73.98386167,40.78073833,24-07-2021 15:39,0.984129652,35.34506726000001
1207,-73.98388167,40.78072167,24-07-2021 15:39,0.984129652,35.34506726000001
1208,-73.984055,40.78056833,24-07-2021 15:39,0.988577288,34.70589752000001
1209,-73.98409167,40.78054833,24-07-2021 15:39,0.988577288,34.70589752000001
1210,-73.98416,40.78054667,24-07-2021 15:39,0.990741003,34.70589752000001
1211,-73.984205,40.78052833,24-07-2021 15:39,0.990741003,34.87338050000005
1212,-73.984225,40.78048833,24-07-2021 15:39,0.990741003,34.87338050000005
1213,-73.98423167,40.78044833,24-07-2021 15:39,0.990741003,34.87338050000005
1214,-73.98425333,40.78040167,24-07-2021 15:39,0.990741003,34.87338050000005
1215,-73.984275,40.780355,24-07-2021 15:39,0.990741003,34.87338050000005
1216,-73.984295,40.78031167,24-07-2021 15:39,0.990741003,34.39485769999999
1217,-73.98432167,40.78026667,24-07-2021 15:39,0.990741003,34.39485769999999
1218,-73.98434333,40.78022667,24-07-2021 15:39,0.992904718,34.64095514000002
1219,-73.98436333,40.78018667,24-07-2021 15:39,0.992904718,34.64095514000002
1220,-73.98437833,40.78015167,24-07-2021 15:39,0.990741003,34.64095514000002
1221,-73.98438167,40.780125,24-07-2021 15:39,0.990741003,34.64095514000002
1222,-73.98439667,40.78009833,24-07-2021 15:39,0.992904718,34.64095514000002
1223,-73.98441,40.780075,24-07-2021 15:39,0.992904718,34.64095514000002
1224,-73.98441667,40.78004333,24-07-2021 15:39,0.990741003,34.64095514000002
1225,-73.98444167,40.78003833,24-07-2021 15:39,0.990741003,34.64095514000002
1226,-73.98463667,40.780075,24-07-2021 15:39,0.990741003,34.64095514000002
1227,-73.98470833,40.78008167,24-07-2021 15:39,0.988577288,34.234210759999996
1228,-73.98477667,40.780105,24-07-2021 15:39,0.988577288,34.234210759999996
1229,-73.98485,40.78012667,24-07-2021 15:39,0.986413573,34.234210759999996
1230,-73.98499,40.78018333,24-07-2021 15:39,0.986413573,34.234210759999996
1231,-73.98510167,40.78023,24-07-2021 15:40,0.988577288,33.253239020000024
1232,-73.98515167,40.78024833,24-07-2021 15:40,0.988577288,33.253239020000024
1233,-73.98522667,40.78026833,24-07-2021 15:40,0.988577288,32.825986520000015
1234,-73.98526167,40.78027333,24-07-2021 15:40,0.984249858,32.825986520000015
1235,-73.98556833,40.78035833,24-07-2021 15:40,0.988577288,32.463676400000054
1236,-73.98556167,40.78037667,24-07-2021 15:41,0.986413573,32.463676400000054
1237,-73.98552333,40.78048833,24-07-2021 15:41,0.984249858,32.463676400000054
1238,-73.98550333,40.78053167,24-07-2021 15:41,0.984249858,31.906539140000007
1239,-73.98547333,40.78062667,24-07-2021 15:41,0.984249858,31.906539140000007
1240,-73.98546,40.780685,24-07-2021 15:41,0.984249858,31.906539140000007
1241,-73.98544,40.78073667,24-07-2021 15:41,0.984249858,31.906539140000007
1242,-73.98542167,40.78080667,24-07-2021 15:41,0.982086144,31.28104148
1243,-73.9854,40.78086167,24-07-2021 15:41,0.982086144,31.28104148
1244,-73.98537167,40.78093667,24-07-2021 15:41,0.982086144,31.28104148
1245,-73.98533833,40.78100167,24-07-2021 15:41,0.982086144,31.728802100000053
1246,-73.9853,40.78107667,24-07-2021 15:41,0.984249858,31.045198099999993
1247,-73.98521667,40.78121833,24-07-2021 15:41,0.984249858,31.045198099999993
1248,-73.98517,40.78129833,24-07-2021 15:41,0.984370065,31.045198099999993
1249,-73.985125,40.78137667,24-07-2021 15:41,0.98220635,30.843534920000025
1250,-73.98504333,40.78151167,24-07-2021 15:41,0.98220635,30.843534920000025
1251,-73.98506,40.781565,24-07-2021 15:42,0.98220635,30.843534920000025
1252,-73.98504333,40.78162833,24-07-2021 15:42,0.98220635,30.829862840000033
1253,-73.985015,40.78170333,24-07-2021 15:42,0.98220635,30.829862840000033
1254,-73.984955,40.78186167,24-07-2021 15:42,0.98220635,31.94755538000004
1255,-73.98492167,40.781945,24-07-2021 15:42,0.980042635,31.933883300000048
1256,-73.98488,40.78202667,24-07-2021 15:42,0.980042635,31.933883300000048
1257,-73.984835,40.78211333,24-07-2021 15:42,0.980042635,31.933883300000048
1258,-73.98478667,40.78221833,24-07-2021 15:42,0.980042635,31.694621900000016
1259,-73.98474667,40.78231667,24-07-2021 15:42,0.975715205,31.694621900000016
1260,-73.98470833,40.78241,24-07-2021 15:42,0.975715205,31.694621900000016
1261,-73.98467,40.78249667,24-07-2021 15:42,0.97355149,31.345983860000047
1262,-73.98463667,40.78257333,24-07-2021 15:42,0.97355149,32.070604100000025
1263,-73.98458167,40.78270667,24-07-2021 15:42,0.971387776,31.670695760000058
1264,-73.98456167,40.782765,24-07-2021 15:42,0.969224061,31.670695760000058
1265,-73.98455,40.78281167,24-07-2021 15:42,0.969224061,31.670695760000058
1266,-73.98454167,40.782855,24-07-2021 15:42,0.969224061,31.670695760000058
1267,-73.98453,40.78289833,24-07-2021 15:42,0.969224061,31.670695760000058
1268,-73.98451833,40.78293667,24-07-2021 15:42,0.971387776,31.670695760000058
1269,-73.98449667,40.78297667,24-07-2021 15:42,0.971387776,32.27910331999999
1270,-73.98444,40.78307833,24-07-2021 15:42,0.971387776,32.27910331999999
1271,-73.98434667,40.783205,24-07-2021 15:42,0.971387776,32.27910331999999
1272,-73.98428833,40.78326667,24-07-2021 15:42,0.971387776,32.42266016000002
1273,-73.98422667,40.78331833,24-07-2021 15:42,0.97355149,32.42266016000002
1274,-73.98416167,40.78338333,24-07-2021 15:42,0.97355149,32.42266016000002
1275,-73.98410167,40.783445,24-07-2021 15:42,0.97355149,32.42266016000002
1276,-73.984035,40.78351167,24-07-2021 15:42,0.97355149,31.810834580000005
1277,-73.98397,40.78357667,24-07-2021 15:42,0.97787892,31.810834580000005
1278,-73.98383667,40.78377,24-07-2021 15:42,0.980042635,31.44168841999999
1279,-73.98377,40.783835,24-07-2021 15:42,0.980042635,31.44168841999999
1280,-73.98370333,40.7839,24-07-2021 15:42,0.980042635,31.44168841999999
1281,-73.98355833,40.78403333,24-07-2021 15:42,0.980042635,31.793744479999987
1282,-73.983495,40.78409167,24-07-2021 15:42,0.980042635,31.793744479999987
1283,-73.983395,40.78415833,24-07-2021 15:42,0.98220635,31.793744479999987
1284,-73.98331,40.78422333,24-07-2021 15:42,0.98220635,31.793744479999987
1285,-73.98324833,40.78428667,24-07-2021 15:42,0.98220635,31.793744479999987
1286,-73.98313,40.78438833,24-07-2021 15:42,0.98220635,32.19707084000004
1287,-73.983075,40.78443667,24-07-2021 15:42,0.98220635,32.19707084000004
1288,-73.983055,40.78448167,24-07-2021 15:42,0.980042635,32.19707084000004
1289,-73.98302833,40.78452167,24-07-2021 15:42,0.980042635,32.19707084000004
1290,-73.98299833,40.78455,24-07-2021 15:42,0.98220635,32.19707084000004
1291,-73.98297333,40.78458833,24-07-2021 15:42,0.98220635,31.66044169999998
1292,-73.98295833,40.78462167,24-07-2021 15:42,0.98220635,31.66044169999998
1293,-73.982945,40.78465,24-07-2021 15:42,0.98220635,31.66044169999998
1294,-73.98293333,40.78468,24-07-2021 15:43,0.98220635,31.66044169999998
1295,-73.98292667,40.78469333,24-07-2021 15:43,0.98220635,31.66044169999998
1296,-73.98292333,40.78469667,24-07-2021 15:43,0.984370065,31.66044169999998
1297,-73.9828,40.784865,24-07-2021 15:43,1.00612742,31.448524460000044
1298,-73.9828,40.78492667,24-07-2021 15:43,1.003963705,31.448524460000044
1299,-73.982825,40.78497333,24-07-2021 15:43,1.003963705,31.448524460000044
1300,-73.98287167,40.785005,24-07-2021 15:43,1.003963705,30.935821460000057
1301,-73.98291833,40.78508,24-07-2021 15:43,1.003963705,30.935821460000057
1302,-73.98298833,40.785125,24-07-2021 15:43,1.00179999,30.395774300000028
1303,-73.98306,40.78516,24-07-2021 15:43,1.00179999,30.395774300000028
1304,-73.98313667,40.78519667,24-07-2021 15:43,1.00179999,30.395774300000028
1305,-73.98321833,40.78522167,24-07-2021 15:43,1.00179999,29.80103882000003
1306,-73.98329667,40.785255,24-07-2021 15:43,0.99747256,29.80103882000003
1307,-73.98337167,40.785285,24-07-2021 15:43,0.99747256,29.80103882000003
1308,-73.98344667,40.785315,24-07-2021 15:43,0.995308846,29.80103882000003
1309,-73.98352,40.785345,24-07-2021 15:44,0.995308846,29.80103882000003
1310,-73.98359,40.78536833,24-07-2021 15:44,0.995308846,29.295171859999982
1311,-73.983665,40.78539667,24-07-2021 15:44,0.995308846,29.15845106000006
1312,-73.98373833,40.785425,24-07-2021 15:44,0.990981416,29.15845106000006
1313,-73.98380667,40.78545333,24-07-2021 15:44,0.990981416,29.15845106000006
1314,-73.98386833,40.78547833,24-07-2021 15:44,0.995308846,29.025148280000053
1315,-73.98392833,40.78550167,24-07-2021 15:44,0.995308846,29.025148280000053
1316,-73.98398833,40.78551833,24-07-2021 15:44,0.995308846,29.025148280000053
1317,-73.98401333,40.78555833,24-07-2021 15:44,0.995308846,29.025148280000053
1318,-73.98405,40.78566167,24-07-2021 15:44,0.993145131,28.700436380000042
1319,-73.98407833,40.78572167,24-07-2021 15:44,0.993145131,28.700436380000042
1320,-73.98412667,40.785765,24-07-2021 15:44,0.995308846,28.700436380000042
1321,-73.98417333,40.78580667,24-07-2021 15:44,0.995308846,28.700436380000042
1322,-73.98422167,40.78584333,24-07-2021 15:44,0.990981416,28.088610800000026
1323,-73.98427333,40.78586833,24-07-2021 15:44,0.990981416,28.088610800000026
1324,-73.98432667,40.78588667,24-07-2021 15:44,0.990981416,28.088610800000026
1325,-73.98438833,40.78589167,24-07-2021 15:44,0.990981416,28.088610800000026
1326,-73.98445667,40.78588667,24-07-2021 15:44,0.988817701,28.088610800000026
1327,-73.98452167,40.78587333,24-07-2021 15:44,0.988817701,28.088610800000026
1328,-73.98458333,40.78584667,24-07-2021 15:44,0.984490271,27.374244620000013
1329,-73.984635,40.785815,24-07-2021 15:44,0.984490271,27.374244620000013
1330,-73.98470333,40.785615,24-07-2021 15:44,0.980283048,27.729718700000035
1331,-73.98468833,40.78554667,24-07-2021 15:44,0.980283048,27.729718700000035
1332,-73.98467,40.78539,24-07-2021 15:44,0.975955618,27.729718700000035
1333,-73.98467333,40.78530333,24-07-2021 15:44,0.975955618,27.70237454000005
1334,-73.98468667,40.78519833,24-07-2021 15:44,0.975955618,27.70237454000005
1335,-73.9847,40.78509833,24-07-2021 15:44,0.975955618,27.685284440000032
1336,-73.98475333,40.78489833,24-07-2021 15:44,0.975955618,27.685284440000032
1337,-73.98479,40.78479333,24-07-2021 15:44,0.971628188,27.596415920000027
1338,-73.984835,40.78469,24-07-2021 15:44,0.971628188,27.596415920000027
1339,-73.98488167,40.78458667,24-07-2021 15:44,0.969464473,27.596415920000027
1340,-73.98493,40.78449,24-07-2021 15:44,0.969464473,27.808333160000018
1341,-73.984975,40.78439667,24-07-2021 15:44,0.967300759,27.808333160000018
1342,-73.98502333,40.78431,24-07-2021 15:44,0.967300759,26.45821526000003
1343,-73.98506667,40.784235,24-07-2021 15:44,0.969464473,26.762419040000054
1344,-73.98511,40.78416833,24-07-2021 15:44,0.969464473,26.762419040000054
1345,-73.985155,40.78411167,24-07-2021 15:44,0.965137044,26.762419040000054
1346,-73.98518833,40.784065,24-07-2021 15:44,0.965137044,26.762419040000054
1347,-73.985215,40.78403833,24-07-2021 15:45,0.967300759,26.762419040000054
1348,-73.98523167,40.78401667,24-07-2021 15:45,0.967300759,27.58616186000006
1349,-73.98524667,40.78399,24-07-2021 15:45,0.965137044,27.58616186000006
1350,-73.98526667,40.78394667,24-07-2021 15:45,0.965137044,27.58616186000006
1351,-73.98528833,40.78389,24-07-2021 15:45,0.965137044,27.58616186000006
1352,-73.98535833,40.78374333,24-07-2021 15:45,0.965137044,28.09886486000005
1353,-73.98540667,40.78365667,24-07-2021 15:45,0.965137044,27.063204799999994
1354,-73.98546167,40.78356333,24-07-2021 15:45,0.965137044,27.063204799999994
1355,-73.98554167,40.78345667,24-07-2021 15:45,0.965137044,27.921127820000038
1356,-73.98562833,40.78334333,24-07-2021 15:45,0.965137044,27.921127820000038
1357,-73.98572,40.78322167,24-07-2021 15:45,0.971628188,28.584223700000052
1358,-73.985905,40.78297333,24-07-2021 15:46,0.969464473,26.953828160000057
1359,-73.985995,40.78285167,24-07-2021 15:46,0.969464473,27.69212048000003
1360,-73.98608333,40.78273,24-07-2021 15:46,0.971628188,27.69212048000003
1361,-73.986175,40.782605,24-07-2021 15:46,0.971628188,27.67844839999998
1362,-73.98627,40.78247333,24-07-2021 15:46,0.971628188,27.67844839999998
1363,-73.98636,40.78234167,24-07-2021 15:46,0.971628188,28.235585660000027
1364,-73.98645,40.78220833,24-07-2021 15:46,0.973791903,27.85618543999999
1365,-73.986545,40.782075,24-07-2021 15:46,0.973791903,27.85618543999999
1366,-73.986645,40.78194167,24-07-2021 15:46,0.973791903,28.25267575999999
1367,-73.98682333,40.7817,24-07-2021 15:46,0.973791903,27.657940280000048
1368,-73.98692833,40.78158167,24-07-2021 15:46,0.973791903,28.18089734
1369,-73.98704,40.78146167,24-07-2021 15:46,0.973791903,28.18089734
1370,-73.98715167,40.78134333,24-07-2021 15:46,0.973791903,28.86791936000003
1371,-73.98726833,40.781225,24-07-2021 15:46,0.971628188,28.109118920000014
1372,-73.98750167,40.78098333,24-07-2021 15:46,0.975955618,28.66967420000003
1373,-73.98761667,40.78086333,24-07-2021 15:47,0.975955618,29.073000560000025
1374,-73.98772667,40.78073667,24-07-2021 15:47,0.980283048,29.073000560000025
1375,-73.98783833,40.780605,24-07-2021 15:47,0.980283048,29.503671080000004
1376,-73.98803833,40.78035167,24-07-2021 15:47,0.984610478,27.039278660000036
1377,-73.99120333,40.77612,24-07-2021 15:47,0.997712973,27.750226820000023
1378,-73.991295,40.77599333,24-07-2021 15:47,0.997712973,28.502191219999986
1379,-73.99148333,40.77573667,24-07-2021 15:47,0.999876688,27.859603460000017
1380,-73.991575,40.77561167,24-07-2021 15:47,1.002040403,27.859603460000017
1381,-73.991665,40.77549167,24-07-2021 15:47,1.002040403,28.044176540000024
1382,-73.99176667,40.77536667,24-07-2021 15:47,0.997712973,28.044176540000024
1383,-73.99205667,40.77498167,24-07-2021 15:47,0.995549258,27.466531160000045
1384,-73.99215333,40.77485667,24-07-2021 15:47,0.991221829,28.095446840000022
1385,-73.99224167,40.774745,24-07-2021 15:47,0.991221829,26.62569824000002
1386,-73.99232833,40.77463,24-07-2021 15:47,0.989058114,27.37766264000004
1387,-73.99241333,40.77451667,24-07-2021 15:47,0.989058114,27.37766264000004
1388,-73.9925,40.77439833,24-07-2021 15:47,0.989058114,28.29711001999999
1389,-73.99257333,40.77427667,24-07-2021 15:47,0.989058114,26.85128756000006
1390,-73.99264333,40.774165,24-07-2021 15:47,0.993385543,26.85128756000006
1391,-73.99271833,40.77404667,24-07-2021 15:47,0.993385543,27.890365640000027
1392,-73.9928,40.77392,24-07-2021 15:47,0.997712973,27.890365640000027
1393,-73.99296833,40.77367667,24-07-2021 15:47,0.997712973,27.00509846
1394,-73.99315,40.77342333,24-07-2021 15:47,0.993385543,28.597895780000044
1395,-73.99324667,40.77329333,24-07-2021 15:47,0.997712973,30.361594100000048
1396,-73.99334,40.77316667,24-07-2021 15:47,0.997712973,28.81664906000003
1397,-73.99342833,40.77304333,24-07-2021 15:47,0.997712973,30.009538040000052
1398,-73.99350667,40.77292333,24-07-2021 15:47,0.997712973,30.009538040000052
1399,-73.99359,40.77280333,24-07-2021 15:47,0.995549258,30.85037096000002
1400,-73.99366333,40.77268833,24-07-2021 15:47,0.995549258,29.71558832000005
1401,-73.99373167,40.77257833,24-07-2021 15:47,0.993385543,29.71558832000005
1402,-73.99387167,40.77239167,24-07-2021 15:47,0.997712973,30.35817608000002
1403,-73.99393167,40.77231333,24-07-2021 15:47,0.997712973,30.35817608000002
1404,-73.99397833,40.77224833,24-07-2021 15:47,0.997712973,30.887969180000027
1405,-73.99404333,40.77215667,24-07-2021 15:47,0.997712973,30.887969180000027
1406,-73.99406833,40.77212167,24-07-2021 15:47,0.997712973,30.887969180000027
1407,-73.99408833,40.77209333,24-07-2021 15:47,1.002040403,30.385520240000005
1408,-73.99410667,40.772065,24-07-2021 15:47,1.002040403,30.385520240000005
1409,-73.99412333,40.77204,24-07-2021 15:47,1.004204118,30.385520240000005
1410,-73.99414167,40.77201667,24-07-2021 15:47,1.004204118,30.385520240000005
1411,-73.99416,40.77199667,24-07-2021 15:47,1.004204118,31.055452160000016
1412,-73.99422333,40.77191167,24-07-2021 15:47,1.008531548,31.055452160000016
1413,-73.99424333,40.77189167,24-07-2021 15:47,1.008531548,31.055452160000016
1414,-73.99426833,40.77185833,24-07-2021 15:47,1.010695263,31.055452160000016
1415,-73.99430833,40.77177333,24-07-2021 15:47,1.010695263,31.055452160000016
1416,-73.99432667,40.77173167,24-07-2021 15:47,1.012858977,31.055452160000016
1417,-73.99435,40.77168833,24-07-2021 15:47,1.012858977,31.73905616000002
1418,-73.99436833,40.77164833,24-07-2021 15:47,1.015022692,31.73905616000002
1419,-73.99438333,40.77161,24-07-2021 15:47,1.015022692,31.73905616000002
1420,-73.9944,40.77157667,24-07-2021 15:47,1.017186407,31.73905616000002
1421,-73.994415,40.771545,24-07-2021 15:47,1.017186407,31.73905616000002
1422,-73.99443,40.77151833,24-07-2021 15:47,1.015022692,31.73905616000002
1423,-73.99444333,40.77149333,24-07-2021 15:47,1.015022692,30.744412340000054
1424,-73.99445667,40.77146833,24-07-2021 15:47,1.017186407,30.744412340000054
1425,-73.99362,40.77117667,24-07-2021 15:47,1.00877196,34.415365820000034
1426,-73.99351167,40.77113333,24-07-2021 15:47,1.00877196,34.415365820000034
1427,-73.99339833,40.771095,24-07-2021 15:47,1.004444531,34.415365820000034
1428,-73.99328333,40.77104833,24-07-2021 15:47,1.004444531,34.41878384000006
1429,-73.99304,40.77093667,24-07-2021 15:47,1.002280816,34.41878384000006
1430,-73.99291167,40.77088333,24-07-2021 15:48,0.997953386,36.182482160000006
1431,-73.99278167,40.77081833,24-07-2021 15:48,0.997953386,36.182482160000006
1432,-73.99264667,40.77076833,24-07-2021 15:48,0.995789671,36.182482160000006
1433,-73.99252333,40.77071167,24-07-2021 15:48,0.995789671,35.874860360000014
1434,-73.99240333,40.77066,24-07-2021 15:48,0.997953386,35.874860360000014
1435,-73.99229667,40.77062,24-07-2021 15:48,0.997953386,37.45398560000001
1436,-73.9921,40.77052333,24-07-2021 15:48,1.002280816,36.91735646000001
1437,-73.99201333,40.77048833,24-07-2021 15:48,0.997953386,36.91735646000001
1438,-73.99186667,40.77043167,24-07-2021 15:48,0.997953386,36.790889719999996
1439,-73.99180333,40.77040333,24-07-2021 15:48,0.997953386,36.790889719999996
1440,-73.99176833,40.77036667,24-07-2021 15:48,0.997953386,37.92909038000005
1441,-73.99172667,40.770325,24-07-2021 15:48,0.997953386,37.92909038000005
1442,-73.99171,40.770285,24-07-2021 15:48,0.997953386,37.92909038000005
1443,-73.99169167,40.770275,24-07-2021 15:48,1.000117101,37.92909038000005
1444,-73.99168167,40.77027667,24-07-2021 15:48,1.024038171,37.92909038000005
1445,-73.99166667,40.77022667,24-07-2021 15:48,1.024038171,37.92909038000005
1446,-73.99146667,40.77015333,24-07-2021 15:48,1.019710741,37.706919080000034
1447,-73.991395,40.77014667,24-07-2021 15:48,1.019710741,37.706919080000034
1448,-73.991315,40.77014167,24-07-2021 15:48,1.021874456,37.706919080000034
1449,-73.991245,40.77013,24-07-2021 15:48,1.021874456,37.706919080000034
1450,-73.99107333,40.770085,24-07-2021 15:48,1.021874456,38.05213909999998
1451,-73.99097333,40.77005833,24-07-2021 15:48,1.021874456,38.05213909999998
1452,-73.99087167,40.77003167,24-07-2021 15:48,1.021874456,38.05213909999998
1453,-73.99076167,40.77000333,24-07-2021 15:48,1.019710741,38.11366346
1454,-73.99065833,40.76997167,24-07-2021 15:48,1.019710741,38.11366346
1455,-73.99055333,40.769945,24-07-2021 15:48,1.019710741,38.11366346
1456,-73.99045333,40.76991167,24-07-2021 15:48,1.019710741,38.65371062000003
1457,-73.99026,40.76984333,24-07-2021 15:48,1.015383311,38.83486568000001
1458,-73.98994167,40.76971667,24-07-2021 15:48,1.013219597,39.54581384000005
1459,-73.98988,40.76969167,24-07-2021 15:48,1.013219597,39.54581384000005
1460,-73.989825,40.76967167,24-07-2021 15:48,1.013219597,39.54581384000005
1461,-73.98977833,40.76964833,24-07-2021 15:48,1.013219597,39.54581384000005
1462,-73.98972667,40.76963333,24-07-2021 15:48,1.011055882,39.13565144000006
1463,-73.98959167,40.7696,24-07-2021 15:48,1.008892167,39.13565144000006
1464,-73.98950833,40.76958833,24-07-2021 15:48,1.008892167,39.13565144000006
1465,-73.98942,40.769575,24-07-2021 15:48,1.006728452,38.510153779999996
1466,-73.98933,40.769555,24-07-2021 15:48,1.006728452,38.510153779999996
1467,-73.98924,40.76952,24-07-2021 15:48,1.004564737,38.510153779999996
1468,-73.98915,40.76948,24-07-2021 15:48,1.004564737,38.10682742000006
1469,-73.98906167,40.769445,24-07-2021 15:49,1.002521229,36.790889719999996
1470,-73.98898,40.76941333,24-07-2021 15:49,1.002521229,36.790889719999996
1471,-73.98886667,40.76936167,24-07-2021 15:49,0.998193799,36.790889719999996
1472,-73.988815,40.7693,24-07-2021 15:49,0.996030084,36.790889719999996
1473,-73.98880667,40.76928167,24-07-2021 15:49,0.996030084,36.790889719999996
1474,-73.98882167,40.769265,24-07-2021 15:49,0.987375224,36.790889719999996
1475,-73.98851333,40.76916667,24-07-2021 15:49,0.99615029,36.168810080000014
1476,-73.98845833,40.76922833,24-07-2021 15:49,0.99615029,36.37730929999998
1477,-73.98842833,40.76926667,24-07-2021 15:49,0.993986575,36.37730929999998
1478,-73.98835833,40.76935,24-07-2021 15:49,0.998314005,36.049179380000055
1479,-73.98831833,40.76939,24-07-2021 15:49,0.998314005,36.049179380000055
1480,-73.98828167,40.76943167,24-07-2021 15:49,0.99615029,36.049179380000055
1481,-73.98823833,40.76946833,24-07-2021 15:49,0.99615029,36.049179380000055
1482,-73.98819833,40.769505,24-07-2021 15:49,0.99615029,36.640496840000026
1483,-73.98817,40.76954,24-07-2021 15:49,0.99615029,36.640496840000026
1484,-73.98814833,40.76956167,24-07-2021 15:49,0.998314005,36.640496840000026
1485,-73.98813,40.76958167,24-07-2021 15:49,0.998314005,36.640496840000026
1486,-73.98808667,40.76963167,24-07-2021 15:50,0.99615029,36.640496840000026
1487,-73.988045,40.76969333,24-07-2021 15:50,0.99615029,36.760127539999985
1488,-73.98802333,40.76972667,24-07-2021 15:50,0.993986575,36.760127539999985
1489,-73.98799667,40.76975333,24-07-2021 15:50,0.993986575,36.760127539999985
1490,-73.98798167,40.769785,24-07-2021 15:50,0.99615029,37.28308460000005
1491,-73.98796333,40.769815,24-07-2021 15:50,0.99615029,37.28308460000005
1492,-73.98790167,40.76987167,24-07-2021 15:50,0.993986575,37.28308460000005
1493,-73.98788,40.769975,24-07-2021 15:50,0.99182286,37.28308460000005
1494,-73.98785833,40.77000333,24-07-2021 15:50,0.99182286,37.28308460000005
1495,-73.98783833,40.77002667,24-07-2021 15:50,0.99182286,37.09851151999999
1496,-73.98764333,40.77021667,24-07-2021 15:50,0.99182286,37.00280696000004
1497,-73.98759667,40.77028667,24-07-2021 15:50,0.99182286,37.00280696000004
1498,-73.98752333,40.77037667,24-07-2021 15:50,0.99182286,37.45398560000001
1499,-73.98742667,40.77049167,24-07-2021 15:50,0.99182286,37.45398560000001
1500,-73.98735167,40.77058,24-07-2021 15:50,0.989659146,37.457403620000036
1501,-73.98729833,40.77066167,24-07-2021 15:50,0.989659146,37.64881274000004
1502,-73.9872,40.77085,24-07-2021 15:50,0.989659146,37.99403275999998
1503,-73.98709333,40.77099833,24-07-2021 15:50,0.989659146,37.99403275999998
1504,-73.98703167,40.77108667,24-07-2021 15:50,0.989659146,37.99403275999998
1505,-73.98697167,40.771175,24-07-2021 15:50,0.989659146,36.349965139999995
1506,-73.98685667,40.771355,24-07-2021 15:50,0.99182286,36.349965139999995
1507,-73.986785,40.77144667,24-07-2021 15:50,0.99182286,35.184420320000015
1508,-73.98666833,40.77161,24-07-2021 15:50,0.99182286,35.184420320000015
1509,-73.98661167,40.77168833,24-07-2021 15:50,0.99182286,34.54866860000004
1510,-73.98652833,40.77177333,24-07-2021 15:50,0.99182286,34.54866860000004
1511,-73.98646333,40.77186333,24-07-2021 15:50,0.99182286,34.54866860000004
1512,-73.98637833,40.77193833,24-07-2021 15:50,0.99182286,34.449546020000014
1513,-73.98632167,40.77201833,24-07-2021 15:50,0.993986575,34.449546020000014
1514,-73.98623833,40.77210833,24-07-2021 15:50,0.993986575,34.449546020000014
1515,-73.98616167,40.77220833,24-07-2021 15:50,0.99615029,34.90414268000001
1516,-73.98608,40.77231333,24-07-2021 15:50,0.99615029,34.90414268000001
1517,-73.98593333,40.77252,24-07-2021 15:50,0.99615029,35.14682210000001
1518,-73.98586,40.77262333,24-07-2021 15:50,0.99615029,35.14682210000001
1519,-73.985785,40.77272833,24-07-2021 15:50,0.99615029,35.86802432000002
1520,-73.98571333,40.77284,24-07-2021 15:50,0.99182286,35.86802432000002
1521,-73.98564,40.772945,24-07-2021 15:50,0.99182286,35.86802432000002
1522,-73.98556333,40.77305667,24-07-2021 15:50,0.991943067,36.29869484000005
1523,-73.985485,40.773165,24-07-2021 15:50,0.991943067,36.29869484000005
1524,-73.985405,40.77326833,24-07-2021 15:50,0.989779352,37.73084521999999
1525,-73.98533833,40.77336333,24-07-2021 15:50,0.989779352,37.73084521999999
1526,-73.98525833,40.77346833,24-07-2021 15:50,0.996270497,37.73084521999999
1527,-73.98517833,40.77357,24-07-2021 15:50,0.996270497,37.689828980000016
1528,-73.98510833,40.773665,24-07-2021 15:50,0.994106782,37.689828980000016
1529,-73.98504833,40.77375167,24-07-2021 15:50,0.994106782,39.69962473999999
1530,-73.98498833,40.773835,24-07-2021 15:50,0.996270497,39.25870015999999
1531,-73.98494167,40.77393667,24-07-2021 15:50,0.996270497,39.25870015999999
1532,-73.98488,40.77407833,24-07-2021 15:50,0.996270497,38.37343298000002
1533,-73.98466833,40.77435333,24-07-2021 15:50,0.996270497,36.76354556000001
1534,-73.98458333,40.77445167,24-07-2021 15:50,0.996270497,36.76354556000001
1535,-73.98452833,40.77453333,24-07-2021 15:50,0.996270497,36.76354556000001
1536,-73.984465,40.77461,24-07-2021 15:50,0.998434212,35.25961676000003
1537,-73.984435,40.77466667,24-07-2021 15:52,0.998434212,35.25961676000003
1538,-73.98433167,40.77481667,24-07-2021 15:52,0.994106782,35.83042610000001
1539,-73.98426667,40.77489,24-07-2021 15:52,0.996270497,33.93000698000003
1540,-73.984255,40.77497,24-07-2021 15:52,0.996270497,33.93000698000003
1541,-73.98421667,40.77502333,24-07-2021 15:52,0.996270497,33.93000698000003
1542,-73.98413167,40.77513167,24-07-2021 15:52,0.996270497,33.93000698000003
1543,-73.984065,40.775185,24-07-2021 15:52,0.996270497,33.400213880000024
1544,-73.98397833,40.775245,24-07-2021 15:52,0.996270497,33.906080840000016
1545,-73.98389333,40.7754,24-07-2021 15:52,0.996270497,33.906080840000016
1546,-73.98385833,40.77541333,24-07-2021 15:52,0.996270497,33.47882834000001
1547,-73.98381333,40.77548833,24-07-2021 15:52,0.991943067,33.47882834000001
1548,-73.98374833,40.77558667,24-07-2021 15:52,0.991943067,33.47882834000001
1549,-73.98368333,40.77567667,24-07-2021 15:52,0.987615637,33.47882834000001
1550,-73.983615,40.775775,24-07-2021 15:52,0.987615637,33.314763380000045
1551,-73.98358,40.77584167,24-07-2021 15:52,0.987615637,33.314763380000045
1552,-73.98354,40.77590833,24-07-2021 15:52,0.987615637,33.314763380000045
1553,-73.983495,40.77600167,24-07-2021 15:52,0.985451922,33.03106772000001
1554,-73.98347333,40.77603167,24-07-2021 15:52,0.985451922,33.03106772000001
1555,-73.98343167,40.77605667,24-07-2021 15:52,0.985451922,33.03106772000001
1556,-73.98336833,40.77598667,24-07-2021 15:52,0.983288207,33.03106772000001
1557,-73.98333833,40.77596333,24-07-2021 15:52,0.983288207,33.03106772000001
1558,-73.983305,40.77593333,24-07-2021 15:52,0.981124492,33.314763380000045
1559,-73.98325,40.77592667,24-07-2021 15:52,0.981124492,33.547188740000024
1560,-73.983205,40.775905,24-07-2021 15:52,0.981124492,33.547188740000024
1561,-73.98317,40.77588667,24-07-2021 15:52,0.981124492,33.547188740000024
1562,-73.98314,40.77586833,24-07-2021 15:52,0.981124492,33.547188740000024
1563,-73.98311333,40.775855,24-07-2021 15:52,0.981124492,33.547188740000024
1564,-73.98255833,40.775975,24-07-2021 15:53,0.987735844,34.12141610000003
1565,-73.98252833,40.775925,24-07-2021 15:53,0.987735844,35.06137160000003
1566,-73.98249167,40.77587667,24-07-2021 15:53,0.987735844,35.06137160000003
1567,-73.98246833,40.77583,24-07-2021 15:53,0.987735844,35.06137160000003
1568,-73.98244833,40.77578167,24-07-2021 15:53,0.989899558,35.06137160000003
1569,-73.98242833,40.77574333,24-07-2021 15:53,0.989899558,35.06137160000003
1570,-73.98234333,40.77564167,24-07-2021 15:53,0.983408414,34.73324167999999
1571,-73.98231167,40.77555,24-07-2021 15:53,0.983408414,34.73324167999999
1572,-73.98228833,40.77548667,24-07-2021 15:53,0.981244699,34.73324167999999
1573,-73.98226333,40.77543333,24-07-2021 15:53,0.981244699,34.73324167999999
1574,-73.98225333,40.77542167,24-07-2021 15:53,0.981244699,34.73324167999999
1575,-73.98245,40.77497833,24-07-2021 15:53,0.979080984,35.040863479999985
1576,-73.98246333,40.77492,24-07-2021 15:53,0.981244699,35.040863479999985
1577,-73.98247667,40.77485333,24-07-2021 15:53,0.981244699,35.00668328000006
1578,-73.98248667,40.77478,24-07-2021 15:53,0.976917269,35.00668328000006
1579,-73.98248667,40.77470833,24-07-2021 15:53,0.976917269,35.00668328000006
1580,-73.98253167,40.77462167,24-07-2021 15:53,0.981244699,35.00668328000006
1581,-73.98248667,40.77455333,24-07-2021 15:53,0.981244699,35.71421342000002
1582,-73.98249,40.77447333,24-07-2021 15:53,0.981244699,35.71421342000002
1583,-73.98250833,40.77431,24-07-2021 15:53,0.979080984,36.53795624000003
1584,-73.98252667,40.77414167,24-07-2021 15:53,0.981244699,36.53795624000003
1585,-73.98252167,40.77405167,24-07-2021 15:53,0.981244699,37.607796500000006
1586,-73.982515,40.77387667,24-07-2021 15:53,0.981244699,37.607796500000006
1587,-73.98251,40.77378667,24-07-2021 15:53,0.979080984,38.30507258
1588,-73.98250333,40.7737,24-07-2021 15:53,0.979080984,38.30507258
1589,-73.98249833,40.773615,24-07-2021 15:53,0.976917269,38.30507258
1590,-73.9825,40.77353667,24-07-2021 15:53,0.976917269,38.30507258
1591,-73.9825,40.77346,24-07-2021 15:53,0.974753554,38.49306367999998
1592,-73.98249833,40.77338167,24-07-2021 15:53,0.974753554,38.49306367999998
1593,-73.98249833,40.77330333,24-07-2021 15:53,0.976917269,38.49306367999998
1594,-73.9825,40.77322667,24-07-2021 15:54,0.976917269,38.28456446000001
1595,-73.9825,40.77315167,24-07-2021 15:54,0.976917269,38.28456446000001
1596,-73.98246333,40.77299167,24-07-2021 15:54,0.976917269,38.28456446000001
1597,-73.982455,40.77291167,24-07-2021 15:54,0.981244699,37.15319984000001
1598,-73.98244333,40.772835,24-07-2021 15:54,0.981244699,37.15319984000001
1599,-73.982435,40.77275833,24-07-2021 15:54,0.981244699,37.15319984000001
1600,-73.982435,40.77268167,24-07-2021 15:54,0.981244699,36.62340674000001
1601,-73.98242333,40.77237333,24-07-2021 15:54,0.985572129,35.874860360000014
1602,-73.982415,40.77230167,24-07-2021 15:54,0.985572129,35.874860360000014
1603,-73.98239333,40.77223167,24-07-2021 15:54,0.985572129,35.874860360000014
1604,-73.98237,40.772165,24-07-2021 15:54,0.987735844,35.04769952000004
1605,-73.98235,40.7721,24-07-2021 15:54,0.987735844,35.04769952000004
1606,-73.982335,40.77203167,24-07-2021 15:54,0.985572129,35.04769952000004
1607,-73.98232,40.77196667,24-07-2021 15:54,0.985572129,35.04769952000004
1608,-73.98230667,40.7719,24-07-2021 15:54,0.987735844,33.63605726000003
1609,-73.9823,40.77183,24-07-2021 15:54,0.987735844,33.63605726000003
1610,-73.98228833,40.77176833,24-07-2021 15:54,0.98785605,33.63605726000003
1611,-73.98228,40.77172333,24-07-2021 15:54,0.98785605,33.63605726000003
1612,-73.98227167,40.77167667,24-07-2021 15:54,0.985692335,33.63605726000003
1613,-73.98226833,40.77161833,24-07-2021 15:54,0.985692335,33.32501744000001
1614,-73.98228,40.77156833,24-07-2021 15:54,0.98785605,33.32501744000001
1615,-73.982295,40.77152167,24-07-2021 15:54,0.98785605,33.32501744000001
1616,-73.98228833,40.77148167,24-07-2021 15:54,0.98785605,33.32501744000001
1617,-73.98228,40.77145667,24-07-2021 15:54,0.98785605,33.32501744000001
1618,-73.98227667,40.77143333,24-07-2021 15:54,0.990019765,33.32501744000001
1619,-73.98228333,40.77141333,24-07-2021 15:55,0.990019765,33.32501744000001
1620,-73.982165,40.77127333,24-07-2021 15:55,0.99218348,33.27032912000004
1621,-73.982155,40.77122167,24-07-2021 15:55,0.99218348,33.27032912000004
1622,-73.98216167,40.77117667,24-07-2021 15:55,0.99218348,33.27032912000004
1623,-73.98217,40.77113,24-07-2021 15:55,0.98785605,33.27032912000004
1624,-73.98152833,40.77069,24-07-2021 15:55,0.974993967,34.083817880000026
1625,-73.98159,40.77065167,24-07-2021 15:55,0.974993967,34.083817880000026
1626,-73.98163,40.77062,24-07-2021 15:55,0.974993967,33.86506459999998
1627,-73.98163333,40.77057333,24-07-2021 15:55,0.974993967,33.86506459999998
1628,-73.98165167,40.77050833,24-07-2021 15:55,0.970666537,34.00178540000002
1629,-73.98166,40.77042667,24-07-2021 15:55,0.970666537,34.00178540000002
1630,-73.98167833,40.77037833,24-07-2021 15:55,0.968502822,34.00178540000002
1631,-73.981695,40.77030833,24-07-2021 15:55,0.968502822,34.00178540000002
1632,-73.98169333,40.770265,24-07-2021 15:55,0.970666537,34.25471888000004
1633,-73.981725,40.77014,24-07-2021 15:55,0.970666537,34.25471888000004
1634,-73.981785,40.76997333,24-07-2021 15:55,0.970666537,34.39485769999999
1635,-73.98187167,40.76987,24-07-2021 15:55,0.970666537,34.39485769999999
1636,-73.98183833,40.76979667,24-07-2021 15:55,0.970666537,34.39485769999999
1637,-73.98182833,40.76969667,24-07-2021 15:55,0.970666537,35.31088706000003
1638,-73.98182,40.76959833,24-07-2021 15:55,0.970666537,35.31088706000003
1639,-73.981825,40.76948667,24-07-2021 15:55,0.970666537,35.31088706000003
1640,-73.982095,40.76877,24-07-2021 15:55,0.970666537,36.72936536000003
1641,-73.982195,40.76873667,24-07-2021 15:55,0.970666537,36.72936536000003
1642,-73.98227833,40.76863833,24-07-2021 15:55,0.968502822,36.264514640000016
1643,-73.98230333,40.76855333,24-07-2021 15:55,0.968502822,36.264514640000016
1644,-73.98234333,40.76846833,24-07-2021 15:55,0.966339107,36.264514640000016
1645,-73.98238833,40.76836,24-07-2021 15:55,0.966339107,35.48862410000004
1646,-73.98241833,40.768285,24-07-2021 15:55,0.970666537,35.755229660000055
1647,-73.98242833,40.768205,24-07-2021 15:55,0.970666537,35.755229660000055
1648,-73.98240667,40.76788,24-07-2021 15:55,0.968502822,34.94857694000001
1649,-73.98238833,40.76782333,24-07-2021 15:55,0.970666537,33.47541032000004
1650,-73.98235167,40.76777833,24-07-2021 15:55,0.970666537,33.47541032000004
1651,-73.98226167,40.76772667,24-07-2021 15:55,0.970666537,33.47541032000004
1652,-73.982215,40.76773167,24-07-2021 15:55,0.970666537,33.47541032000004
1653,-73.98217,40.76773,24-07-2021 15:55,0.970666537,33.47541032000004
1654,-73.981835,40.767755,24-07-2021 15:55,0.977157682,33.44806616000005
1655,-73.98174333,40.76776333,24-07-2021 15:55,0.977157682,33.44806616000005
1656,-73.98164333,40.76779,24-07-2021 15:55,0.979321397,33.42072200000001
1657,-73.98156667,40.76781333,24-07-2021 15:55,0.979321397,33.42072200000001
1658,-73.98149,40.767845,24-07-2021 15:55,0.981485112,33.42072200000001
1659,-73.98142833,40.76788333,24-07-2021 15:55,0.981605318,34.09065392000002
1660,-73.98138167,40.76792333,24-07-2021 15:55,0.981605318,34.09065392000002
1661,-73.98134833,40.76796,24-07-2021 15:55,0.981605318,34.09065392000002
1662,-73.98133,40.76799833,24-07-2021 15:55,0.985932748,34.09065392000002
1663,-73.98132833,40.76804,24-07-2021 15:55,0.985932748,34.09065392000002
1664,-73.98133333,40.76807667,24-07-2021 15:55,0.985932748,34.09065392000002
1665,-73.98134833,40.768105,24-07-2021 15:55,0.985932748,34.09065392000002
1666,-73.98136667,40.76812667,24-07-2021 15:55,0.983769033,34.09065392000002
1667,-73.981385,40.768145,24-07-2021 15:55,0.983769033,34.562340680000034
1668,-73.98142667,40.76819833,24-07-2021 15:55,0.992423892,34.562340680000034
1669,-73.98144667,40.76821667,24-07-2021 15:55,0.988096463,34.562340680000034
1670,-73.98139167,40.76848167,24-07-2021 15:55,0.988096463,35.07846170000005
1671,-73.98137,40.76853,24-07-2021 15:55,0.988096463,35.07846170000005
1672,-73.98135,40.768595,24-07-2021 15:55,0.988096463,35.07846170000005
1673,-73.98133167,40.76864833,24-07-2021 15:55,0.985932748,35.07846170000005
1674,-73.98132167,40.76867,24-07-2021 15:55,0.985932748,33.93000698000003
1675,-73.98131,40.76869167,24-07-2021 15:55,0.981605318,34.17952244000003
1676,-73.98129667,40.76871333,24-07-2021 15:56,0.981605318,34.17952244000003
1677,-73.98128667,40.76873667,24-07-2021 15:56,0.983769033,34.17952244000003
1678,-73.98128,40.76876,24-07-2021 15:56,0.983769033,34.17952244000003
1679,-73.98127,40.76878167,24-07-2021 15:56,0.979441603,34.17952244000003
1680,-73.981255,40.76880833,24-07-2021 15:57,0.979441603,34.17952244000003
1681,-73.98123333,40.76884,24-07-2021 15:57,0.981605318,34.17952244000003
1682,-73.98118,40.76893333,24-07-2021 15:57,0.979441603,34.17952244000003
1683,-73.98114167,40.76898,24-07-2021 15:57,0.979441603,34.72640564000005
1684,-73.98111167,40.76902667,24-07-2021 15:57,0.977277888,34.72640564000005
1685,-73.98107833,40.76906833,24-07-2021 15:57,0.977277888,34.72640564000005
1686,-73.98105667,40.76911333,24-07-2021 15:57,0.977277888,34.72640564000005
1687,-73.98103333,40.76916167,24-07-2021 15:57,0.977277888,34.72640564000005
1688,-73.98100667,40.76921167,24-07-2021 15:57,0.975114173,34.72640564000005
1689,-73.98097667,40.76926167,24-07-2021 15:58,0.975114173,34.75033178000001
1690,-73.98094,40.769315,24-07-2021 15:58,0.975114173,32.77129820000005
1691,-73.98090167,40.76936833,24-07-2021 15:58,0.975114173,32.77129820000005
1692,-73.980815,40.769475,24-07-2021 15:58,0.972950458,32.77129820000005
1693,-73.98077667,40.76953,24-07-2021 15:58,0.972950458,33.26349307999999
1694,-73.98073833,40.76958333,24-07-2021 15:58,0.972950458,33.26349307999999
1695,-73.98069833,40.76963667,24-07-2021 15:58,0.972950458,33.26349307999999
1696,-73.98065833,40.76969,24-07-2021 15:58,0.972950458,33.26349307999999
1697,-73.98061833,40.769745,24-07-2021 15:58,0.972950458,33.26349307999999
1698,-73.98053,40.76986833,24-07-2021 15:58,0.972950458,32.20390687999998
1699,-73.98048167,40.76993667,24-07-2021 15:58,0.970786744,32.20390687999998
1700,-73.98043167,40.77000667,24-07-2021 15:58,0.970786744,32.20390687999998
1701,-73.98038167,40.77008,24-07-2021 15:58,0.970786744,34.27180898000006
1702,-73.980325,40.77015167,24-07-2021 15:58,0.970786744,34.27180898000006
1703,-73.98026833,40.77022333,24-07-2021 15:58,0.968623029,34.66829930000006
1704,-73.980215,40.77029,24-07-2021 15:58,0.968623029,34.36409551999998
1705,-73.98016167,40.77035667,24-07-2021 15:58,0.966459314,34.36409551999998
1706,-73.9801,40.77042333,24-07-2021 15:58,0.966459314,34.36409551999998
1707,-73.98003333,40.77049333,24-07-2021 15:58,0.966459314,34.986175160000016
1708,-73.97993,40.770645,24-07-2021 15:58,0.966459314,34.986175160000016
1709,-73.97987333,40.77071667,24-07-2021 15:58,0.966459314,34.986175160000016
1710,-73.97981833,40.77078333,24-07-2021 15:58,0.966459314,35.70395936
1711,-73.979775,40.77084167,24-07-2021 15:58,0.966459314,33.38995982000006
1712,-73.97973667,40.77089167,24-07-2021 15:58,0.966459314,33.38995982000006
1713,-73.97970667,40.770925,24-07-2021 15:58,0.966459314,33.38995982000006
1714,-73.97953833,40.77102333,24-07-2021 15:58,0.977398095,34.34358740000005
1715,-73.97950667,40.77106667,24-07-2021 15:58,0.977398095,34.34358740000005
1716,-73.97946333,40.77112,24-07-2021 15:58,0.97523438,34.34358740000005
1717,-73.97942,40.77117,24-07-2021 15:58,0.97523438,33.00030554
1718,-73.97938833,40.77121833,24-07-2021 15:58,0.97523438,33.00030554
1719,-73.97936,40.77125333,24-07-2021 15:58,0.97523438,33.00030554
1720,-73.97934333,40.77127667,24-07-2021 15:59,0.97523438,33.00030554
1721,-73.97932833,40.771295,24-07-2021 15:59,0.97523438,33.76936004000004
1722,-73.97932667,40.77130833,24-07-2021 15:59,0.97523438,33.76936004000004
1723,-73.97926667,40.771405,24-07-2021 15:59,0.97523438,33.76936004000004
1724,-73.97923833,40.77144833,24-07-2021 15:59,0.97523438,33.76936004000004
1725,-73.97921,40.77149333,24-07-2021 15:59,0.97523438,33.76936004000004
1726,-73.979175,40.77154167,24-07-2021 15:59,0.97523438,33.76936004000004
1727,-73.97914167,40.77158333,24-07-2021 15:59,0.97523438,34.52474246000003
1728,-73.979115,40.77162167,24-07-2021 15:59,0.97523438,34.52474246000003
1729,-73.97908833,40.771655,24-07-2021 15:59,0.97523438,34.52474246000003
1730,-73.97906,40.77168167,24-07-2021 15:59,0.97523438,33.30109130000005
1731,-73.97902667,40.771695,24-07-2021 15:59,0.97523438,33.30109130000005
1732,-73.97894667,40.771705,24-07-2021 15:59,0.97523438,33.30109130000005
1733,-73.978895,40.771695,24-07-2021 15:59,0.97523438,33.30109130000005
1734,-73.97882833,40.77168333,24-07-2021 15:59,0.97523438,33.30109130000005
1735,-73.97874167,40.771675,24-07-2021 15:01,0.97523438,33.30109130000005
1736,-73.97866167,40.77166,24-07-2021 15:01,0.97523438,32.20048886000001
1737,-73.97845333,40.77167667,24-07-2021 15:01,0.97090695,32.20048886000001
1738,-73.97833833,40.77169667,24-07-2021 15:01,0.973070665,31.629679520000025
1739,-73.97822667,40.77171667,24-07-2021 15:01,0.973070665,31.629679520000025
1740,-73.97811,40.77172667,24-07-2021 15:01,0.97090695,31.629679520000025
1741,-73.97787,40.771715,24-07-2021 15:01,0.968743235,31.25027929999999
1742,-73.977755,40.77168833,24-07-2021 15:01,0.968743235,31.25027929999999
1743,-73.97764,40.77166333,24-07-2021 15:01,0.968743235,30.96316562000004
1744,-73.97752333,40.77164,24-07-2021 15:01,0.968743235,30.96316562000004
1745,-73.97715667,40.771555,24-07-2021 15:01,0.97523438,30.635035700000003
1746,-73.977005,40.77146667,24-07-2021 15:01,0.97523438,29.790784760000008
1747,-73.976875,40.77135833,24-07-2021 15:01,0.97523438,29.790784760000008
1748,-73.97674833,40.77128167,24-07-2021 15:01,0.975354586,29.790784760000008
1749,-73.97662,40.77120333,24-07-2021 15:01,0.975354586,29.404548500000033
1750,-73.976495,40.77112667,24-07-2021 15:01,0.975354586,29.404548500000033
1751,-73.97637167,40.77103833,24-07-2021 15:01,0.975354586,29.404548500000033
1752,-73.97624333,40.77095167,24-07-2021 15:02,0.975354586,30.204365180000025
1753,-73.97611667,40.77086,24-07-2021 15:02,0.971027156,30.204365180000025
1754,-73.97599167,40.77077167,24-07-2021 15:02,0.971027156,30.204365180000025
1755,-73.97586667,40.77068167,24-07-2021 15:02,0.971027156,29.028566300000023
1756,-73.97573667,40.77059833,24-07-2021 15:02,0.971027156,29.028566300000023
1757,-73.97560333,40.77052,24-07-2021 15:02,0.971027156,29.028566300000023
1758,-73.97546833,40.77044333,24-07-2021 15:02,0.971027156,28.885009459999992
1759,-73.97534,40.77035833,24-07-2021 15:02,0.971027156,28.885009459999992
1760,-73.97521333,40.77027333,24-07-2021 15:02,0.971027156,28.83373916000005
1761,-73.97509667,40.77017167,24-07-2021 15:02,0.973190871,28.898681539999984
1762,-73.974975,40.77007667,24-07-2021 15:02,0.973190871,28.898681539999984
1763,-73.97485667,40.76999167,24-07-2021 15:02,0.975354586,28.80297698000004
1764,-73.974735,40.76991167,24-07-2021 15:02,0.975354586,28.997804120000012
1765,-73.97461167,40.76983333,24-07-2021 15:02,0.977518301,28.997804120000012
1766,-73.97435667,40.769675,24-07-2021 15:02,0.977518301,28.908935600000007
1767,-73.97424,40.769595,24-07-2021 15:02,0.979682016,28.908935600000007
1768,-73.97412833,40.76951167,24-07-2021 15:02,0.979682016,28.761960740000006
1769,-73.97401333,40.76944833,24-07-2021 15:02,0.981845731,28.761960740000006
1770,-73.973905,40.76938333,24-07-2021 15:02,0.981845731,29.076418579999995
1771,-73.97378833,40.76932,24-07-2021 15:02,0.981845731,29.076418579999995
1772,-73.97367167,40.76927333,24-07-2021 15:02,0.981845731,29.206303339999977
1773,-73.97353833,40.76922667,24-07-2021 15:02,0.981845731,29.206303339999977
1774,-73.973405,40.76919167,24-07-2021 15:02,0.981845731,29.401130480000006
1775,-73.97315667,40.76910333,24-07-2021 15:02,0.981845731,29.941177639999978
1776,-73.97290333,40.76901667,24-07-2021 15:02,0.981845731,30.170184980000045
1777,-73.97277667,40.76897333,24-07-2021 15:02,0.984009446,29.941177639999978
1778,-73.97263667,40.76893667,24-07-2021 15:02,0.984009446,29.941177639999978
1779,-73.97249167,40.76890333,24-07-2021 15:02,0.986173161,29.941177639999978
1780,-73.97236167,40.76886833,24-07-2021 15:02,0.986173161,29.883071299999983
1781,-73.972235,40.76882333,24-07-2021 15:02,0.986173161,29.992447940000034
1782,-73.97197167,40.76874,24-07-2021 15:02,0.984009446,30.074480419999986
1783,-73.971835,40.76870333,24-07-2021 15:02,0.984009446,30.074480419999986
1784,-73.971705,40.76865833,24-07-2021 15:02,0.984009446,30.101824580000027
1785,-73.97157833,40.76861,24-07-2021 15:02,0.984009446,30.101824580000027
1786,-73.97145,40.76855833,24-07-2021 15:02,0.981845731,30.156512900000052
1787,-73.97132667,40.76849667,24-07-2021 15:02,0.981845731,30.200947160000055
1788,-73.97120667,40.76843833,24-07-2021 15:03,0.979682016,30.200947160000055
1789,-73.97109333,40.76837833,24-07-2021 15:03,0.979682016,30.200947160000055
1790,-73.97099,40.76832167,24-07-2021 15:03,0.981845731,30.710232140000016
1791,-73.97089833,40.76827667,24-07-2021 15:03,0.981845731,30.710232140000016
1792,-73.97081833,40.76823667,24-07-2021 15:03,0.981845731,30.710232140000016
1793,-73.97075167,40.76820333,24-07-2021 15:04,0.981845731,30.93240344000003
1794,-73.970695,40.76817667,24-07-2021 15:04,0.981845731,30.93240344000003
1795,-73.97064667,40.768155,24-07-2021 15:04,0.981845731,30.93240344000003
1796,-73.97061167,40.768135,24-07-2021 15:04,0.981845731,31.612589420000006
1797,-73.97057833,40.76811833,24-07-2021 15:04,0.981845731,31.612589420000006
1798,-73.97055,40.76810333,24-07-2021 15:04,0.981845731,31.612589420000006
1799,-73.97041667,40.76793333,24-07-2021 15:04,0.984129652,32.78838830000001
1800,-73.97043833,40.76791667,24-07-2021 15:04,0.984129652,32.78838830000001
1801,-73.97046833,40.76789667,24-07-2021 15:04,0.986293367,32.78838830000001
1802,-73.97051667,40.767855,24-07-2021 15:04,0.986293367,32.78838830000001
1803,-73.97068667,40.76780167,24-07-2021 15:04,0.979802222,31.96464548000006
1804,-73.97071333,40.76775167,24-07-2021 15:04,0.984129652,31.96464548000006
1805,-73.97073333,40.76770167,24-07-2021 15:04,0.984129652,31.96464548000006
1806,-73.97074833,40.76765333,24-07-2021 15:04,0.984129652,32.37822590000002
1807,-73.970765,40.767625,24-07-2021 15:04,0.984129652,32.37822590000002
1808,-73.97078,40.76759667,24-07-2021 15:04,0.986293367,32.37822590000002
1809,-73.97080333,40.76753333,24-07-2021 15:04,0.984129652,32.37822590000002
1810,-73.970895,40.76743167,24-07-2021 15:04,0.988577288,32.37822590000002
1811,-73.97092667,40.76741333,24-07-2021 15:04,0.990741003,32.84307662000003
1812,-73.97095833,40.76738833,24-07-2021 15:04,0.990741003,32.84307662000003
1813,-73.97098833,40.76736667,24-07-2021 15:04,0.986413573,32.84307662000003
1814,-73.97101167,40.767345,24-07-2021 15:04,0.986413573,32.463676400000054
1815,-73.97106167,40.76731167,24-07-2021 15:04,0.986413573,32.463676400000054
1816,-73.97111833,40.767265,24-07-2021 15:04,0.984249858,32.463676400000054
1817,-73.971145,40.76720833,24-07-2021 15:04,0.986413573,32.463676400000054
1818,-73.97117167,40.76717667,24-07-2021 15:05,0.986413573,32.463676400000054
1819,-73.97120333,40.76713833,24-07-2021 15:05,0.990741003,32.856748700000026
1820,-73.97123667,40.76709833,24-07-2021 15:05,0.990741003,32.856748700000026
1821,-73.971305,40.76697833,24-07-2021 15:05,0.986413573,32.856748700000026
1822,-73.971385,40.76688667,24-07-2021 15:05,0.986413573,32.66533958000002
1823,-73.971425,40.76684,24-07-2021 15:05,0.990741003,32.877256820000014
1824,-73.97148667,40.76677667,24-07-2021 15:05,0.990741003,32.877256820000014
1825,-73.971505,40.76674833,24-07-2021 15:05,0.990741003,32.877256820000014
1826,-73.97151333,40.76673333,24-07-2021 15:05,0.990741003,32.877256820000014
1827,-73.97152,40.76672333,24-07-2021 15:05,0.990741003,32.877256820000014
1828,-73.97155333,40.76664,24-07-2021 15:05,0.995068433,32.877256820000014
1829,-73.97158167,40.76642167,24-07-2021 15:05,0.997232148,33.12677228000001
1830,-73.97162,40.76634333,24-07-2021 15:05,0.997232148,33.12677228000001
1831,-73.97166167,40.766305,24-07-2021 15:05,0.992904718,33.55060676000005
1832,-73.97170333,40.76625667,24-07-2021 15:05,0.992904718,33.55060676000005
1833,-73.97174667,40.76620833,24-07-2021 15:05,0.992904718,32.49785659999998
1834,-73.97182,40.766105,24-07-2021 15:05,0.990741003,32.49785659999998
1835,-73.97185167,40.76605667,24-07-2021 15:05,0.990861209,32.78497028000004
1836,-73.97187833,40.76602167,24-07-2021 15:05,0.990861209,32.78497028000004
1837,-73.97190333,40.76598333,24-07-2021 15:05,0.990861209,32.78497028000004
1838,-73.971925,40.76598833,24-07-2021 15:05,0.98653378,32.78497028000004
1839,-73.97194333,40.76597667,24-07-2021 15:05,0.98653378,32.78497028000004
1840,-73.971965,40.76593333,24-07-2021 15:05,0.988697495,32.78497028000004
1841,-73.971975,40.765915,24-07-2021 15:06,0.98653378,32.78497028000004
1842,-73.971985,40.7659,24-07-2021 15:06,0.98653378,32.78497028000004
1843,-73.972035,40.76583,24-07-2021 15:06,0.990861209,33.04815782000003
1844,-73.97208333,40.76576667,24-07-2021 15:06,0.98653378,31.903121120000037
1845,-73.97209333,40.7657,24-07-2021 15:06,0.990861209,31.903121120000037
1846,-73.97211333,40.76566167,24-07-2021 15:06,0.990861209,31.903121120000037
1847,-73.97213167,40.76562667,24-07-2021 15:06,0.990861209,31.903121120000037
1848,-73.97214333,40.7656,24-07-2021 15:06,0.990861209,32.450004320000005
1849,-73.97215667,40.76558,24-07-2021 15:06,0.990861209,32.450004320000005
1850,-73.97219833,40.76553833,24-07-2021 15:06,0.990861209,32.450004320000005
1851,-73.97222833,40.765495,24-07-2021 15:06,0.990861209,32.450004320000005
1852,-73.972245,40.765475,24-07-2021 15:06,0.993024924,32.450004320000005
1853,-73.97236333,40.76537167,24-07-2021 15:06,0.997352354,32.450004320000005
1854,-73.97239667,40.76534833,24-07-2021 15:06,0.997352354,32.88409286000001
1855,-73.97243333,40.76531833,24-07-2021 15:06,0.997352354,32.88409286000001
1856,-73.97246167,40.76527,24-07-2021 15:06,0.997352354,31.786908440000047
1857,-73.9725,40.76522167,24-07-2021 15:06,1.003843499,31.786908440000047
1858,-73.97252667,40.76516333,24-07-2021 15:06,1.003843499,31.786908440000047
1859,-73.97255667,40.76509,24-07-2021 15:06,1.008170928,31.786908440000047
1860,-73.97264333,40.76498,24-07-2021 15:06,1.010334643,31.817670620000058
1861,-73.97268667,40.76493833,24-07-2021 15:06,1.010334643,31.817670620000058
1862,-73.97272833,40.76489667,24-07-2021 15:06,1.010334643,31.817670620000058
1863,-73.97276667,40.76486,24-07-2021 15:06,1.010334643,31.817670620000058
1864,-73.97279833,40.76483,24-07-2021 15:06,1.014662073,31.414344260000007
1865,-73.97282667,40.764805,24-07-2021 15:07,1.014662073,31.93046528000002
1866,-73.97285,40.76476833,24-07-2021 15:07,1.012498358,31.93046528000002
1867,-73.97287167,40.76473667,24-07-2021 15:07,1.012498358,31.93046528000002
1868,-73.972925,40.76467,24-07-2021 15:07,1.014662073,31.93046528000002
1869,-73.97294333,40.76464333,24-07-2021 15:07,1.016825788,31.93046528000002
1870,-73.97294667,40.76459167,24-07-2021 15:07,1.014662073,31.93046528000002
1871,-73.97289333,40.76457,24-07-2021 15:07,1.016825788,31.93046528000002
1872,-73.97282,40.76456,24-07-2021 15:07,1.014662073,31.93046528000002
1873,-73.97276833,40.76455667,24-07-2021 15:08,1.014662073,32.54229085999998
1874,-73.972675,40.76454,24-07-2021 15:08,1.014662073,33.32843546000004
1875,-73.97263167,40.76453167,24-07-2021 15:08,1.012498358,33.32843546000004
1876,-73.97258833,40.76452167,24-07-2021 15:08,1.012498358,33.32843546000004
1877,-73.97254167,40.76450833,24-07-2021 15:08,1.010334643,33.32843546000004
1878,-73.97249667,40.76449167,24-07-2021 15:08,1.010334643,33.32843546000004
1879,-73.97245,40.76447167,24-07-2021 15:08,1.012498358,33.32843546000004
1880,-73.972405,40.76444667,24-07-2021 15:08,1.012498358,34.36409551999998
1881,-73.97235667,40.76442833,24-07-2021 15:08,1.014662073,34.36409551999998
1882,-73.97228167,40.76438667,24-07-2021 15:08,1.014662073,34.36409551999998
1883,-73.97222833,40.76435667,24-07-2021 15:08,1.010334643,34.36409551999998
1884,-73.97217167,40.76432167,24-07-2021 15:08,1.010334643,34.36409551999998
1885,-73.972105,40.76429833,24-07-2021 15:08,1.010334643,34.99984724000001
1886,-73.97195333,40.76423,24-07-2021 15:08,1.008170928,34.99984724000001
1887,-73.97190333,40.764195,24-07-2021 15:08,1.008170928,34.99984724000001
1888,-73.97186667,40.76416333,24-07-2021 15:08,1.008170928,35.55356648000003
1889,-73.971825,40.764105,24-07-2021 15:08,1.008170928,35.55356648000003
1890,-73.97178833,40.76408,24-07-2021 15:08,1.003843499,35.26303478
1891,-73.97176667,40.76405333,24-07-2021 15:08,1.003843499,35.26303478
1892,-73.97174667,40.76403,24-07-2021 15:08,1.00612742,35.26303478
1893,-73.97141,40.76390333,24-07-2021 15:08,1.008291135,35.64243499999998
1894,-73.97136333,40.76394167,24-07-2021 15:08,1.01045485,34.88363456000002
1895,-73.97131833,40.76402833,24-07-2021 15:08,1.008291135,34.88363456000002
1896,-73.97129833,40.764055,24-07-2021 15:08,1.008291135,34.88363456000002
1897,-73.97127833,40.764085,24-07-2021 15:08,1.008291135,34.88363456000002
1898,-73.971255,40.76410833,24-07-2021 15:08,1.008291135,34.88363456000002
1899,-73.97115833,40.76419,24-07-2021 15:08,1.010575056,34.78109396000002
1900,-73.97109,40.76432333,24-07-2021 15:08,1.010575056,35.088715760000014
1901,-73.97102667,40.76440167,24-07-2021 15:08,1.008411341,35.088715760000014
1902,-73.97088667,40.76458333,24-07-2021 15:08,1.006247626,35.211764480000056
1903,-73.97081167,40.764675,24-07-2021 15:08,1.006247626,35.211764480000056
1904,-73.970675,40.76482667,24-07-2021 15:08,1.006247626,35.76890174000005
1905,-73.97060833,40.76490333,24-07-2021 15:08,1.004083911,35.76890174000005
1906,-73.970555,40.76496,24-07-2021 15:08,1.004083911,35.76890174000005
1907,-73.970515,40.76501167,24-07-2021 15:08,1.001920197,36.056015419999994
1908,-73.97044333,40.76508833,24-07-2021 15:08,1.001920197,36.056015419999994
1909,-73.97039667,40.76514667,24-07-2021 15:08,1.004083911,36.056015419999994
1910,-73.97035667,40.76521,24-07-2021 15:08,1.004083911,36.68834912
1911,-73.970315,40.76526833,24-07-2021 15:08,1.001920197,37.16003588000001
1912,-73.97026667,40.76532167,24-07-2021 15:08,1.001920197,37.16003588000001
1913,-73.97022333,40.765375,24-07-2021 15:08,1.004083911,37.16003588000001
1914,-73.970195,40.76541667,24-07-2021 15:08,1.004083911,37.16003588000001
1915,-73.97016333,40.76544667,24-07-2021 15:08,1.008411341,37.16003588000001
1916,-73.97012667,40.76546667,24-07-2021 15:08,1.008411341,37.16003588000001
1917,-73.97008333,40.76549667,24-07-2021 15:09,1.004083911,37.16003588000001
1918,-73.97004167,40.765515,24-07-2021 15:09,1.004083911,37.16003588000001
1919,-73.96999333,40.76553,24-07-2021 15:09,1.006247626,37.35486302000004
1920,-73.96993167,40.76552667,24-07-2021 15:09,1.006247626,37.35486302000004
1921,-73.96986833,40.76546333,24-07-2021 15:09,1.004083911,37.35486302000004
1922,-73.9698,40.76541167,24-07-2021 15:10,1.004083911,37.35486302000004
1923,-73.96972333,40.76538667,24-07-2021 15:10,0.997592767,37.35486302000004
1924,-73.96956333,40.76531833,24-07-2021 15:10,0.999756482,37.28992063999999
1925,-73.96948667,40.76528667,24-07-2021 15:10,0.999756482,37.28992063999999
1926,-73.96939667,40.76525333,24-07-2021 15:10,0.997592767,37.50525590000001
1927,-73.96930667,40.76521667,24-07-2021 15:10,0.997592767,37.50525590000001
1928,-73.96912167,40.765155,24-07-2021 15:10,0.995429052,37.38904322000002
1929,-73.96904,40.76512667,24-07-2021 15:10,0.997592767,37.38904322000002
1930,-73.96890833,40.765105,24-07-2021 15:10,0.991101622,37.327518860000055
1931,-73.96886833,40.76507333,24-07-2021 15:10,0.991101622,37.327518860000055
1932,-73.96883833,40.76505333,24-07-2021 15:10,0.993265337,37.327518860000055
1933,-73.96873,40.76494333,24-07-2021 15:10,0.991221829,37.46765768
1934,-73.968675,40.76493,24-07-2021 15:10,0.989058114,37.46765768
1935,-73.96852333,40.764885,24-07-2021 15:10,0.989058114,37.17028994000003
1936,-73.96843,40.764865,24-07-2021 15:10,0.989058114,37.17028994000003
1937,-73.96833,40.764845,24-07-2021 15:10,0.986894399,37.17028994000003
1938,-73.968225,40.76482833,24-07-2021 15:10,0.986894399,37.17028994000003
1939,-73.968125,40.76479667,24-07-2021 15:10,0.984730684,37.016479040000036
1940,-73.96802833,40.76476333,24-07-2021 15:10,0.984730684,37.016479040000036
1941,-73.96792667,40.76473,24-07-2021 15:10,0.984730684,37.016479040000036
1942,-73.96782167,40.76469667,24-07-2021 15:10,0.984730684,36.872922200000005
1943,-73.96772333,40.76464667,24-07-2021 15:10,0.982566969,36.872922200000005
1944,-73.96764333,40.76460833,24-07-2021 15:10,0.982566969,36.872922200000005
1945,-73.96755333,40.76456833,24-07-2021 15:10,0.984730684,36.872922200000005
1946,-73.96748167,40.76453,24-07-2021 15:10,0.984730684,36.76696358000004
1947,-73.967405,40.76448833,24-07-2021 15:10,0.984730684,36.76696358000004
1948,-73.96733667,40.76445833,24-07-2021 15:10,0.984730684,36.76696358000004
1949,-73.96727667,40.76443,24-07-2021 15:10,0.986894399,36.83190596000003
1950,-73.967225,40.76440833,24-07-2021 15:10,0.986894399,36.83190596000003
1951,-73.96719,40.76438833,24-07-2021 15:10,0.984730684,36.83190596000003
1952,-73.96715833,40.76437167,24-07-2021 15:10,0.984730684,36.83190596000003
1953,-73.96693167,40.76412333,24-07-2021 15:10,0.999996894,36.88317626000003
1954,-73.96693,40.76408833,24-07-2021 15:10,0.999996894,36.88317626000003
1955,-73.96695667,40.76400833,24-07-2021 15:10,0.995669465,36.88317626000003
1956,-73.96697667,40.76396833,24-07-2021 15:10,0.99783318,36.88317626000003
1957,-73.967,40.76393167,24-07-2021 15:10,0.99783318,36.88317626000003
1958,-73.96702333,40.7639,24-07-2021 15:10,0.99783318,37.853893940000034
1959,-73.96704167,40.76387167,24-07-2021 15:10,0.99783318,37.853893940000034
1960,-73.96718667,40.76374333,24-07-2021 15:10,1.015263105,38.264056340000025
1961,-73.96721,40.76370667,24-07-2021 15:10,1.015263105,38.264056340000025
1962,-73.96723167,40.76367333,24-07-2021 15:10,1.00877196,38.264056340000025
1963,-73.96725,40.76364,24-07-2021 15:10,1.00877196,38.82802964000001
1964,-73.96727,40.76362,24-07-2021 15:10,1.010935675,38.82802964000001
1965,-73.96740667,40.76349833,24-07-2021 15:10,1.00877196,38.82802964000001
1966,-73.96752667,40.76339333,24-07-2021 15:10,1.010935675,38.67080071999999
1967,-73.96754333,40.763375,24-07-2021 15:10,1.015263105,39.40567501999999
1968,-73.96757,40.76335667,24-07-2021 15:10,1.015263105,39.40567501999999
1969,-73.96759167,40.76333,24-07-2021 15:10,1.015263105,39.40567501999999
1970,-73.96761333,40.76330333,24-07-2021 15:10,1.015263105,39.40567501999999
1971,-73.967645,40.76326833,24-07-2021 15:10,1.01309939,39.40567501999999
1972,-73.967675,40.76323667,24-07-2021 15:11,1.01309939,39.40567501999999
1973,-73.96767667,40.76321333,24-07-2021 15:11,1.01309939,39.40567501999999
1974,-73.96769333,40.7632,24-07-2021 15:11,1.01309939,39.40567501999999
1975,-73.96772167,40.76302667,24-07-2021 15:11,1.017547026,40.71477668
1976,-73.96774333,40.76299667,24-07-2021 15:11,1.015383311,40.71477668
1977,-73.96776,40.76296833,24-07-2021 15:11,1.015383311,40.71477668
1978,-73.96777333,40.76294333,24-07-2021 15:11,1.015383311,40.71477668
1979,-73.96778667,40.762915,24-07-2021 15:11,1.015383311,40.71477668
1980,-73.967805,40.76289,24-07-2021 15:11,1.006728452,40.71477668
1981,-73.96782833,40.76286333,24-07-2021 15:11,1.006728452,40.71477668
1982,-73.96788,40.76282,24-07-2021 15:11,1.011055882,38.5990223
1983,-73.967915,40.76278833,24-07-2021 15:11,1.011055882,38.5990223
1984,-73.96806,40.76271833,24-07-2021 15:11,1.013219597,38.5990223
1985,-73.96810667,40.76270167,24-07-2021 15:12,1.015383311,38.5990223
1986,-73.96814333,40.76267833,24-07-2021 15:12,1.015383311,38.5990223
1987,-73.968195,40.76265667,24-07-2021 15:12,1.011055882,38.5990223
1988,-73.96822333,40.76260667,24-07-2021 15:12,1.013219597,36.985716860000025
1989,-73.96821667,40.762555,24-07-2021 15:12,1.015383311,38.643456560000004
1990,-73.96815667,40.76252167,24-07-2021 15:12,1.015383311,38.643456560000004
1991,-73.96811167,40.76249667,24-07-2021 15:12,1.017547026,38.643456560000004
1992,-73.96797333,40.76244833,24-07-2021 15:12,1.015383311,38.643456560000004
1993,-73.96789667,40.76242,24-07-2021 15:12,1.015383311,38.643456560000004
1994,-73.96781667,40.76236667,24-07-2021 15:12,1.017547026,41.13177512000004
1995,-73.96773,40.76232333,24-07-2021 15:12,1.017547026,41.13177512000004
1996,-73.967645,40.76225833,24-07-2021 15:12,1.015383311,40.913021840000056
1997,-73.96755667,40.76218667,24-07-2021 15:12,1.015383311,40.913021840000056
1998,-73.96745167,40.76212333,24-07-2021 15:12,1.015383311,41.28558601999998
1999,-73.96723833,40.76202833,24-07-2021 15:12,1.015383311,41.08734086000004
2000,-73.96715167,40.76197167,24-07-2021 15:12,1.013219597,41.25482384000003
2001,-73.96706833,40.76194,24-07-2021 15:12,1.013219597,41.25482384000003
2002,-73.96696333,40.76189,24-07-2021 15:12,1.015383311,41.25482384000003
2003,-73.966945,40.76187167,24-07-2021 15:12,1.011055882,41.25482384000003
2004,-73.966935,40.76186667,24-07-2021 15:12,1.011055882,41.25482384000003
2005,-73.96677167,40.761805,24-07-2021 15:12,1.011176088,41.083922840000014
2006,-73.96667667,40.76176833,24-07-2021 15:12,1.009012373,41.083922840000014
2007,-73.96646,40.76168667,24-07-2021 15:12,1.009012373,40.595145979999984
2008,-73.96634667,40.76164833,24-07-2021 15:12,1.009012373,40.595145979999984
2009,-73.96623,40.76160167,24-07-2021 15:12,1.004684943,40.595145979999984
2010,-73.96611833,40.76155,24-07-2021 15:12,1.004684943,39.39883898000005
2011,-73.966,40.76149333,24-07-2021 15:12,1.004684943,39.15957758000002
2012,-73.965885,40.76144667,24-07-2021 15:12,1.004684943,39.15957758000002
2013,-73.96577167,40.76138333,24-07-2021 15:12,1.000357514,38.851955780000026
2014,-73.96567167,40.76134167,24-07-2021 15:12,1.000357514,38.851955780000026
2015,-73.965575,40.7613,24-07-2021 15:12,1.000357514,38.851955780000026
2016,-73.96548833,40.76126667,24-07-2021 15:12,1.000357514,38.851955780000026
2017,-73.96540333,40.76123167,24-07-2021 15:12,1.002521229,38.527243880000015
2018,-73.96532667,40.76120167,24-07-2021 15:12,1.002521229,38.15467970000003
2019,-73.965255,40.76116667,24-07-2021 15:12,1.000357514,38.15467970000003
2020,-73.96517833,40.761115,24-07-2021 15:12,1.000357514,38.15467970000003
2021,-73.965115,40.76107167,24-07-2021 15:12,1.000357514,38.15467970000003
2022,-73.96506833,40.76103833,24-07-2021 15:12,1.000357514,37.57019828
2023,-73.96503,40.76101167,24-07-2021 15:12,1.000357514,37.57019828
2024,-73.96501167,40.76098167,24-07-2021 15:12,1.000357514,37.57019828
2025,-73.96493,40.760895,24-07-2021 15:12,0.998193799,37.20788816000004
2026,-73.96490333,40.76088167,24-07-2021 15:12,0.998193799,37.20788816000004
2027,-73.964875,40.76086333,24-07-2021 15:12,1.002521229,37.20788816000004
2028,-73.964855,40.760845,24-07-2021 15:12,1.002521229,37.20788816000004
2029,-73.96483667,40.76083333,24-07-2021 15:12,1.002521229,37.20788816000004
2030,-73.96467333,40.76069167,24-07-2021 15:12,0.99615029,36.96179072000001
2031,-73.964625,40.76068333,24-07-2021 15:13,0.99615029,36.48668594000003
2032,-73.964575,40.76067333,24-07-2021 15:13,0.998314005,36.48668594000003
2033,-73.96452667,40.76066,24-07-2021 15:13,0.998314005,36.48668594000003
2034,-73.964475,40.760645,24-07-2021 15:13,0.993986575,36.48668594000003
2035,-73.964415,40.76063,24-07-2021 15:13,0.993986575,36.48668594000003
2036,-73.96434333,40.760605,24-07-2021 15:13,0.993986575,36.58239050000003
2037,-73.96420667,40.76057,24-07-2021 15:13,0.99182286,36.58239050000003
2038,-73.96410167,40.76053833,24-07-2021 15:13,0.99182286,36.58239050000003
2039,-73.96400833,40.76049333,24-07-2021 15:13,0.99182286,36.58239050000003
2040,-73.96391333,40.76044833,24-07-2021 15:13,0.99182286,36.91052042000001
2041,-73.96375833,40.76037833,24-07-2021 15:13,0.987495431,36.91052042000001
2042,-73.96368,40.76034833,24-07-2021 15:13,0.987495431,36.91052042000001
2043,-73.9636,40.76031833,24-07-2021 15:13,0.987495431,37.197634100000016
2044,-73.96351667,40.760285,24-07-2021 15:13,0.987495431,37.197634100000016
2045,-73.96343167,40.76025333,24-07-2021 15:13,0.987495431,37.197634100000016
2046,-73.96334833,40.76022333,24-07-2021 15:13,0.987495431,37.197634100000016
2047,-73.963175,40.76015167,24-07-2021 15:13,0.987495431,37.09509350000002
2048,-73.96309,40.76011667,24-07-2021 15:13,0.987495431,37.09509350000002
2049,-73.963005,40.76007833,24-07-2021 15:13,0.987495431,37.09509350000002
2050,-73.96291667,40.76003833,24-07-2021 15:13,0.985331716,36.56871841999998
2051,-73.96282333,40.75999,24-07-2021 15:14,0.985331716,36.56871841999998
2052,-73.96272667,40.75995167,24-07-2021 15:14,0.987495431,36.56871841999998
2053,-73.96262667,40.759905,24-07-2021 15:14,0.987495431,36.56871841999998
2054,-73.96253167,40.75985833,24-07-2021 15:14,0.987495431,36.43883366
2055,-73.96244,40.75981333,24-07-2021 15:14,0.987495431,36.43883366
2056,-73.96201,40.75964667,24-07-2021 15:14,0.987495431,35.772319760000016
2057,-73.96193667,40.75962,24-07-2021 15:14,0.987495431,35.772319760000016
2058,-73.96186667,40.75959333,24-07-2021 15:14,0.983168001,35.82017203999999
2059,-73.96179333,40.759565,24-07-2021 15:14,0.983168001,35.82017203999999
2060,-73.96164,40.75950333,24-07-2021 15:14,0.983288207,34.93148684000005
2061,-73.96156167,40.75948167,24-07-2021 15:14,0.983288207,35.06137160000003
2062,-73.96140667,40.75943333,24-07-2021 15:14,0.978960778,35.06137160000003
2063,-73.96133167,40.75941667,24-07-2021 15:14,0.978960778,35.06137160000003
2064,-73.961245,40.75939167,24-07-2021 15:14,0.978960778,35.06137160000003
2065,-73.96116,40.759365,24-07-2021 15:14,0.978960778,34.57943078000005
2066,-73.96098333,40.7593,24-07-2021 15:14,0.978960778,34.57943078000005
2067,-73.960885,40.75925833,24-07-2021 15:14,0.976797063,34.57943078000005
2068,-73.960785,40.759215,24-07-2021 15:14,0.976797063,34.23079274000003
2069,-73.96059333,40.75910833,24-07-2021 15:14,0.976797063,34.23079274000003
2070,-73.9604,40.75901167,24-07-2021 15:14,0.974633348,34.47005414
2071,-73.96030833,40.75897167,24-07-2021 15:14,0.972469633,35.823590060000015
2072,-73.96022833,40.75893833,24-07-2021 15:14,0.972469633,35.823590060000015
2073,-73.96006,40.758855,24-07-2021 15:14,0.972469633,35.78257382000004
2074,-73.96001,40.75881833,24-07-2021 15:14,0.972469633,35.78257382000004
2075,-73.959925,40.75880833,24-07-2021 15:14,0.979080984,35.78257382000004
2076,-73.95988167,40.75879667,24-07-2021 15:15,0.979080984,35.78257382000004
2077,-73.95982667,40.75879167,24-07-2021 15:15,0.979080984,35.78257382000004
2078,-73.959775,40.758795,24-07-2021 15:15,0.979080984,35.659525099999996
2079,-73.95973333,40.75881,24-07-2021 15:15,0.974753554,35.659525099999996
2080,-73.959675,40.75884333,24-07-2021 15:15,0.974753554,35.659525099999996
2081,-73.959615,40.75888833,24-07-2021 15:15,0.976917269,35.659525099999996
2082,-73.95957833,40.75893667,24-07-2021 15:15,0.976917269,35.659525099999996
2083,-73.95954667,40.75898167,24-07-2021 15:15,0.972589839,34.68197138000005
2084,-73.959535,40.75901,24-07-2021 15:15,0.972589839,34.68197138000005
2085,-73.95945667,40.759105,24-07-2021 15:15,0.976917269,34.68197138000005
2086,-73.959415,40.75912833,24-07-2021 15:15,0.976917269,34.36409551999998
2087,-73.95937833,40.75913167,24-07-2021 15:15,0.976917269,34.36409551999998
2088,-73.95934333,40.75913167,24-07-2021 15:15,0.974753554,34.36409551999998
2089,-73.95927833,40.759145,24-07-2021 15:15,0.979080984,34.36409551999998
2090,-73.95923833,40.75919667,24-07-2021 15:15,0.983408414,34.36409551999998
2091,-73.95916833,40.75928833,24-07-2021 15:15,0.983408414,34.593102860000045
2092,-73.95914333,40.75932667,24-07-2021 15:15,0.983408414,34.593102860000045
2093,-73.959125,40.75936333,24-07-2021 15:15,0.983408414,34.593102860000045
2094,-73.95911,40.75939667,24-07-2021 15:15,0.981244699,34.593102860000045
2095,-73.95909333,40.75942333,24-07-2021 15:15,0.981244699,34.593102860000045
2096,-73.95906833,40.75945167,24-07-2021 15:15,0.983408414,34.593102860000045
2097,-73.95904833,40.75947833,24-07-2021 15:15,0.983408414,33.150698420000026
2098,-73.95903167,40.75949667,24-07-2021 15:15,0.987735844,33.150698420000026
2099,-73.95897167,40.75956,24-07-2021 15:15,0.992063273,33.988113320000025
2100,-73.95891333,40.75961833,24-07-2021 15:15,0.992063273,33.988113320000025
2101,-73.95888,40.75965667,24-07-2021 15:15,0.992063273,33.988113320000025
2102,-73.95883833,40.75970167,24-07-2021 15:15,0.998554418,33.988113320000025
2103,-73.9588,40.75974833,24-07-2021 15:15,0.998554418,33.988113320000025
2104,-73.95876667,40.75979333,24-07-2021 15:15,1.000838339,34.50765236000001
2105,-73.95873167,40.759835,24-07-2021 15:15,1.000838339,34.50765236000001
2106,-73.95866667,40.75992333,24-07-2021 15:15,0.998674624,34.49056226000005
2107,-73.95863333,40.75997,24-07-2021 15:15,0.996510909,34.49056226000005
2108,-73.95856667,40.76006167,24-07-2021 15:15,0.99218348,37.016479040000036
2109,-73.95851667,40.76011667,24-07-2021 15:15,0.99218348,37.016479040000036
2110,-73.95846667,40.76017667,24-07-2021 15:16,0.99218348,37.016479040000036
2111,-73.95842167,40.760235,24-07-2021 15:16,0.99218348,37.016479040000036
2112,-73.95838167,40.76028333,24-07-2021 15:16,0.98785605,37.016479040000036
2113,-73.95834167,40.76032833,24-07-2021 15:16,0.98785605,36.83532398
2114,-73.95830167,40.76036667,24-07-2021 15:16,0.98785605,36.83532398
2115,-73.958265,40.76040167,24-07-2021 15:16,0.98785605,36.83532398
2116,-73.95823333,40.76044,24-07-2021 15:16,0.985692335,36.83532398
2117,-73.95819833,40.76048833,24-07-2021 15:16,0.985692335,36.83532398
2118,-73.95817333,40.76052833,24-07-2021 15:16,0.98352862,36.83532398
2119,-73.95814833,40.76056833,24-07-2021 15:16,0.98352862,36.83532398
2120,-73.95812167,40.76060833,24-07-2021 15:16,0.98352862,36.81823387999998
2121,-73.95809667,40.76064833,24-07-2021 15:16,0.98352862,36.81823387999998
2122,-73.95807667,40.76069167,24-07-2021 15:16,0.98352862,36.81823387999998
2123,-73.958055,40.76072833,24-07-2021 15:16,0.98352862,36.81823387999998
2124,-73.958015,40.76080833,24-07-2021 15:16,0.98352862,36.81823387999998
2125,-73.95800333,40.760835,24-07-2021 15:16,0.98352862,36.81823387999998
2126,-73.95799333,40.76087833,24-07-2021 15:16,0.98352862,36.466177819999984
2127,-73.95799333,40.76089,24-07-2021 15:17,0.981364905,36.466177819999984
2128,-73.95795833,40.76101333,24-07-2021 15:17,0.97920119,35.99107304000006
2129,-73.957685,40.761,24-07-2021 15:17,0.985692335,35.99107304000006
2130,-73.95767167,40.76103833,24-07-2021 15:17,0.985692335,35.99107304000006
2131,-73.95765,40.76107667,24-07-2021 15:17,0.985692335,35.99107304000006
2132,-73.95762833,40.76112167,24-07-2021 15:17,0.990019765,35.99107304000006
2133,-73.95760167,40.761165,24-07-2021 15:17,0.990019765,36.09703166000003
2134,-73.95754,40.76128833,24-07-2021 15:17,0.985812541,36.09703166000003
2135,-73.95753,40.76133167,24-07-2021 15:17,0.985812541,36.09703166000003
2136,-73.95751667,40.76136667,24-07-2021 15:17,0.983648827,36.09703166000003
2137,-73.95750833,40.76139667,24-07-2021 15:17,0.983648827,36.09703166000003
2138,-73.95749833,40.76142667,24-07-2021 15:17,0.983648827,36.018417200000044
2139,-73.95748667,40.76144833,24-07-2021 15:17,0.983648827,36.018417200000044
2140,-73.95748167,40.76146333,24-07-2021 15:17,0.983648827,36.018417200000044
2141,-73.95738833,40.76166833,24-07-2021 15:17,0.983648827,36.018417200000044
2142,-73.95738167,40.761725,24-07-2021 15:17,0.987976256,36.172228099999984
2143,-73.95735,40.76177833,24-07-2021 15:17,0.987976256,36.172228099999984
2144,-73.95731833,40.76183,24-07-2021 15:17,0.983648827,36.172228099999984
2145,-73.957275,40.76188667,24-07-2021 15:17,0.983648827,36.172228099999984
2146,-73.95723167,40.761945,24-07-2021 15:17,0.987976256,35.28012488000002
2147,-73.95718167,40.76200167,24-07-2021 15:17,0.987976256,35.28012488000002
2148,-73.957135,40.762055,24-07-2021 15:17,0.983648827,35.28012488000002
2149,-73.95709167,40.76210333,24-07-2021 15:17,0.983648827,35.28012488000002
2150,-73.95705,40.76214833,24-07-2021 15:17,0.985812541,35.28012488000002
2151,-73.95691667,40.762355,24-07-2021 15:17,0.985812541,35.37582944000002
2152,-73.95687,40.76241833,24-07-2021 15:17,0.985812541,34.083817880000026
2153,-73.95682,40.76248333,24-07-2021 15:17,0.985812541,34.16243234000001
2154,-73.95677333,40.76254667,24-07-2021 15:17,0.985812541,34.16243234000001
2155,-73.95667833,40.76265833,24-07-2021 15:17,0.987976256,34.16243234000001
2156,-73.95663833,40.76270333,24-07-2021 15:17,0.992303686,34.16243234000001
2157,-73.95661,40.76273667,24-07-2021 15:17,0.992303686,34.16243234000001
2158,-73.95656667,40.76278833,24-07-2021 15:17,0.992303686,34.42220186000003
2159,-73.95649333,40.76292,24-07-2021 15:17,1.009613405,33.65998339999999
2160,-73.95651833,40.76295333,24-07-2021 15:17,1.009613405,33.65998339999999
2161,-73.95656667,40.76298167,24-07-2021 15:17,1.009613405,34.42220186000003
2162,-73.95670333,40.76303333,24-07-2021 15:17,1.005285975,35.19467438000004
2163,-73.95678,40.76306833,24-07-2021 15:17,1.005285975,35.19467438000004
2164,-73.95685833,40.76311167,24-07-2021 15:17,1.00312226,35.19467438000004
2165,-73.956945,40.763155,24-07-2021 15:17,1.00312226,36.37047326000004
2166,-73.95712333,40.76325667,24-07-2021 15:18,1.000958546,36.37047326000004
2167,-73.95721,40.76330167,24-07-2021 15:18,1.000958546,36.36363721999999
2168,-73.95729833,40.76334333,24-07-2021 15:18,1.000958546,37.17028994000003
2169,-73.957485,40.76342333,24-07-2021 15:18,0.998794831,37.17028994000003
2170,-73.95756833,40.76347,24-07-2021 15:18,0.994467401,37.54969016000001
2171,-73.95764167,40.76351,24-07-2021 15:18,0.994467401,37.54969016000001
2172,-73.95768833,40.763555,24-07-2021 15:18,0.992303686,37.54969016000001
2173,-73.95774833,40.76361833,24-07-2021 15:18,0.994587607,37.22497826000006
2174,-73.957965,40.76368,24-07-2021 15:18,0.998915037,37.86756602000003
2175,-73.95801,40.76368333,24-07-2021 15:18,0.996751322,37.86756602000003
2176,-73.95805,40.76369833,24-07-2021 15:18,0.996751322,37.86756602000003
2177,-73.95810667,40.763705,24-07-2021 15:18,0.998915037,37.86756602000003
2178,-73.95817333,40.763715,24-07-2021 15:18,0.998915037,37.86756602000003
2179,-73.95822833,40.763735,24-07-2021 15:18,0.994587607,37.86756602000003
2180,-73.95827833,40.76375333,24-07-2021 15:18,0.994587607,37.918836320000025
2181,-73.95832333,40.76377333,24-07-2021 15:18,0.998915037,37.918836320000025
2182,-73.95836833,40.763795,24-07-2021 15:18,0.998915037,37.918836320000025
2183,-73.95840333,40.76382,24-07-2021 15:18,0.996751322,37.918836320000025
2184,-73.95843333,40.76383667,24-07-2021 15:18,0.996751322,37.49841986000001
2185,-73.95856,40.763825,24-07-2021 15:18,1.007690103,37.918836320000025
2186,-73.95860167,40.76383833,24-07-2021 15:18,1.007690103,37.49841986000001
2187,-73.95862833,40.76386167,24-07-2021 15:18,1.005526388,37.42322342
2188,-73.95865667,40.76388833,24-07-2021 15:18,1.005526388,37.42322342
2189,-73.95868,40.76390833,24-07-2021 15:18,1.001198958,37.42322342
2190,-73.95863833,40.763975,24-07-2021 15:18,1.005526388,37.42322342
2191,-73.95862,40.764025,24-07-2021 15:19,1.005526388,37.42322342
2192,-73.958615,40.76406167,24-07-2021 15:19,1.005526388,37.42322342
2193,-73.95858667,40.76410333,24-07-2021 15:19,1.001198958,36.55162832000002
2194,-73.958555,40.76414,24-07-2021 15:19,1.001198958,36.55162832000002
2195,-73.95852833,40.76417333,24-07-2021 15:19,1.001198958,36.55162832000002
2196,-73.95851167,40.76420167,24-07-2021 15:19,1.001198958,36.55162832000002
2197,-73.95848833,40.76423167,24-07-2021 15:19,1.001198958,36.55162832000002
2198,-73.95846167,40.76427,24-07-2021 15:19,1.001198958,36.55162832000002
2199,-73.958395,40.76442167,24-07-2021 15:19,1.003362673,36.04234334
2200,-73.95834333,40.76444,24-07-2021 15:19,0.994707814,36.04234334
2201,-73.95830833,40.764495,24-07-2021 15:19,0.994707814,36.04234334
2202,-73.95825,40.76460333,24-07-2021 15:19,0.996871529,35.885114420000036
2203,-73.958245,40.76462167,24-07-2021 15:19,0.994707814,35.885114420000036
2204,-73.95825,40.76464,24-07-2021 15:19,0.994707814,35.512550239999996
2205,-73.95823167,40.764685,24-07-2021 15:19,0.994707814,35.512550239999996
2206,-73.95820833,40.76473833,24-07-2021 15:19,0.994707814,35.512550239999996
2207,-73.958175,40.76480667,24-07-2021 15:19,0.992544099,35.512550239999996
2208,-73.95813,40.76488,24-07-2021 15:19,0.992544099,35.512550239999996
2209,-73.95808833,40.764955,24-07-2021 15:19,0.994707814,35.068207640000026
2210,-73.95795,40.76501333,24-07-2021 15:19,0.994707814,35.068207640000026
2211,-73.95787833,40.76510167,24-07-2021 15:19,0.992544099,34.746913759999984
2212,-73.95780833,40.765195,24-07-2021 15:19,0.992544099,34.476890180000055
2213,-73.95775167,40.765275,24-07-2021 15:19,0.994707814,34.476890180000055
2214,-73.95762167,40.76542,24-07-2021 15:19,0.994707814,34.476890180000055
2215,-73.95756833,40.765475,24-07-2021 15:19,0.996871529,34.76400386
2216,-73.95752,40.76553167,24-07-2021 15:19,0.996871529,34.299153140000044
2217,-73.95747167,40.76559833,24-07-2021 15:19,0.999035243,34.299153140000044
2218,-73.95742833,40.76566333,24-07-2021 15:19,0.999035243,34.299153140000044
2219,-73.957295,40.765725,24-07-2021 15:19,1.001198958,35.12631398000002
2220,-73.95723667,40.76579667,24-07-2021 15:19,1.001198958,35.12631398000002
2221,-73.95718167,40.76587167,24-07-2021 15:19,1.003362673,35.12631398000002
2222,-73.95712833,40.76595333,24-07-2021 15:19,1.003362673,34.63411910000002
2223,-73.95708,40.76602333,24-07-2021 15:19,1.005526388,34.907560699999976
2224,-73.95699,40.76616333,24-07-2021 15:19,0.999035243,34.907560699999976
2225,-73.956925,40.76623167,24-07-2021 15:19,0.999035243,34.907560699999976
2226,-73.95687167,40.76630167,24-07-2021 15:19,1.001198958,35.34848527999998
2227,-73.95682,40.76636833,24-07-2021 15:19,1.001198958,35.34848527999998
2228,-73.95676833,40.76644667,24-07-2021 15:19,1.001198958,34.88363456000002
2229,-73.95672667,40.76652167,24-07-2021 15:19,1.001198958,34.88363456000002
2230,-73.95669833,40.76660167,24-07-2021 15:19,1.003362673,35.19125636000001
2231,-73.95666167,40.766675,24-07-2021 15:19,1.003362673,35.19125636000001
2232,-73.95659833,40.76676333,24-07-2021 15:19,1.005646594,35.19125636000001
2233,-73.95654167,40.766845,24-07-2021 15:19,1.005646594,35.334813199999985
2234,-73.95646833,40.76693333,24-07-2021 15:19,1.005646594,35.334813199999985
2235,-73.95638333,40.76704667,24-07-2021 15:19,1.00348288,35.297214980000035
2236,-73.95633667,40.767105,24-07-2021 15:19,1.00348288,35.512550239999996
2237,-73.95629167,40.76716167,24-07-2021 15:19,1.005646594,35.512550239999996
2238,-73.95625,40.767225,24-07-2021 15:20,1.005646594,35.512550239999996
2239,-73.95620833,40.76728333,24-07-2021 15:20,1.005646594,35.512550239999996
2240,-73.95616167,40.76736333,24-07-2021 15:20,1.005646594,35.724467480000044
2241,-73.95610667,40.767445,24-07-2021 15:20,1.001319165,35.724467480000044
2242,-73.95606833,40.76753167,24-07-2021 15:20,1.001319165,35.66636114000005
2243,-73.956,40.767585,24-07-2021 15:20,1.001319165,35.66636114000005
2244,-73.95594167,40.76765,24-07-2021 15:20,1.001319165,35.85777026000005
2245,-73.95586167,40.767755,24-07-2021 15:20,1.001319165,35.85777026000005
2246,-73.95582167,40.76782,24-07-2021 15:20,1.001319165,35.85777026000005
2247,-73.95578667,40.767875,24-07-2021 15:20,1.001319165,36.02867126000001
2248,-73.95573167,40.76794667,24-07-2021 15:20,1.001319165,35.85093422
2249,-73.95567833,40.768025,24-07-2021 15:20,0.99482802,35.85093422
2250,-73.95559333,40.7682,24-07-2021 15:20,0.99482802,36.182482160000006
2251,-73.955555,40.76829,24-07-2021 15:20,0.99482802,36.182482160000006
2252,-73.95552167,40.768355,24-07-2021 15:20,0.99482802,36.182482160000006
2253,-73.95548833,40.76841333,24-07-2021 15:20,0.99915545,36.54821030000005
2254,-73.95544167,40.76846333,24-07-2021 15:20,0.99915545,36.54821030000005
2255,-73.9554,40.76851667,24-07-2021 15:20,1.001319165,36.54821030000005
2256,-73.95536333,40.76856833,24-07-2021 15:20,1.001319165,36.40123544000005
2257,-73.95529667,40.76862833,24-07-2021 15:20,0.99915545,36.40123544000005
2258,-73.95507,40.76888833,24-07-2021 15:20,1.001319165,36.66442298000004
2259,-73.955065,40.76898167,24-07-2021 15:20,1.005646594,38.332416739999985
2260,-73.95499167,40.76900667,24-07-2021 15:20,1.005646594,38.09657335999998
2261,-73.95494833,40.76901,24-07-2021 15:20,1.001319165,38.09657335999998
2262,-73.95490833,40.76900167,24-07-2021 15:20,1.001319165,38.09657335999998
2263,-73.954865,40.76899333,24-07-2021 15:20,1.005646594,38.09657335999998
2264,-73.9548,40.76898,24-07-2021 15:20,1.005646594,38.09657335999998
2265,-73.95473667,40.76894667,24-07-2021 15:20,0.99915545,37.00280696000004
2266,-73.95467,40.76891,24-07-2021 15:20,0.99915545,37.00280696000004
2267,-73.95459,40.76886667,24-07-2021 15:20,0.99915545,36.85925012000001
2268,-73.95451667,40.76882333,24-07-2021 15:21,0.99915545,36.85925012000001
2269,-73.95444,40.76877667,24-07-2021 15:21,0.99915545,36.85925012000001
2270,-73.95436667,40.76873333,24-07-2021 15:21,0.99915545,36.85925012000001
2271,-73.95422,40.76864,24-07-2021 15:21,0.992664305,36.24058850000006
2272,-73.95413167,40.76860667,24-07-2021 15:21,0.99482802,36.24058850000006
2273,-73.95405167,40.76856833,24-07-2021 15:21,0.99482802,36.24058850000006
2274,-73.95397,40.76853333,24-07-2021 15:21,0.99482802,36.24058850000006
2275,-73.95388667,40.76851333,24-07-2021 15:21,0.99482802,35.80308194000003
2276,-73.95381833,40.76848833,24-07-2021 15:21,0.99482802,35.80308194000003
2277,-73.95374,40.76847,24-07-2021 15:21,0.99482802,35.80308194000003
2278,-73.95367333,40.76845,24-07-2021 15:21,0.99482802,35.80308194000003
2279,-73.95361333,40.768435,24-07-2021 15:21,0.99482802,35.80308194000003
2280,-73.953555,40.768415,24-07-2021 15:21,0.992664305,35.67319717999999
2281,-73.95344,40.76836667,24-07-2021 15:21,0.992664305,35.334813199999985
2282,-73.95338667,40.76834833,24-07-2021 15:21,0.988336875,35.334813199999985
2283,-73.95334667,40.76832833,24-07-2021 15:21,0.988336875,35.334813199999985
2284,-73.95330333,40.76831,24-07-2021 15:21,0.986173161,35.334813199999985
2285,-73.95326,40.76829167,24-07-2021 15:21,0.986173161,35.334813199999985
2286,-73.95322333,40.76827,24-07-2021 15:21,0.984009446,36.196154240000055
2287,-73.95321333,40.76822,24-07-2021 15:21,0.984009446,36.196154240000055
2288,-73.95320667,40.76817833,24-07-2021 15:21,0.984009446,36.196154240000055
2289,-73.95304167,40.76814833,24-07-2021 15:21,0.984129652,36.196154240000055
2290,-73.95293167,40.768115,24-07-2021 15:21,0.979802222,36.10044968
2291,-73.95288333,40.76811833,24-07-2021 15:21,0.979802222,36.10044968
2292,-73.95284333,40.76813,24-07-2021 15:21,0.979802222,37.58387035999999
2293,-73.95281167,40.76815833,24-07-2021 15:21,0.979802222,39.11856134000004
2294,-73.95278,40.76819333,24-07-2021 15:21,0.979802222,39.11856134000004
2295,-73.95274167,40.76823333,24-07-2021 15:21,0.979802222,39.11856134000004
2296,-73.95270667,40.76827333,24-07-2021 15:21,0.977638507,39.11856134000004
2297,-73.95266833,40.76831833,24-07-2021 15:21,0.977638507,39.11856134000004
2298,-73.95263667,40.76835333,24-07-2021 15:21,0.979802222,39.11856134000004
2299,-73.95260667,40.76839,24-07-2021 15:22,0.979802222,39.11856134000004
2300,-73.952585,40.76842667,24-07-2021 15:22,0.977638507,39.09805322
2301,-73.95256,40.76846167,24-07-2021 15:22,0.977638507,39.09805322
2302,-73.95252333,40.76852167,24-07-2021 15:22,0.977638507,39.09805322
2303,-73.952355,40.76869333,24-07-2021 15:22,0.988457082,39.80216533999999
2304,-73.95232,40.76874833,24-07-2021 15:22,0.988457082,39.80216533999999
2305,-73.95224,40.76886667,24-07-2021 15:22,0.984129652,39.80216533999999
2306,-73.95219667,40.76892667,24-07-2021 15:22,0.988457082,39.80216533999999
2307,-73.95215,40.76899,24-07-2021 15:22,0.988457082,38.062393160000056
2308,-73.95210333,40.76904667,24-07-2021 15:22,0.986293367,38.13075356000002
2309,-73.95206,40.76910333,24-07-2021 15:22,0.986293367,38.13075356000002
2310,-73.95202333,40.76916167,24-07-2021 15:22,0.988457082,38.13075356000002
2311,-73.95199167,40.769225,24-07-2021 15:22,0.988457082,37.706919080000034
2312,-73.95191,40.76937333,24-07-2021 15:22,0.988457082,37.706919080000034
2313,-73.95186333,40.76943833,24-07-2021 15:22,0.988457082,37.706919080000034
2314,-73.95181833,40.76950667,24-07-2021 15:22,0.988577288,37.33777292000002
2315,-73.95177667,40.76957833,24-07-2021 15:22,0.988577288,37.08142142000003
2316,-73.95173333,40.76964833,24-07-2021 15:23,0.988577288,37.08142142000003
2317,-73.951685,40.76972,24-07-2021 15:23,0.995068433,37.08142142000003
2318,-73.95155,40.76987833,24-07-2021 15:23,0.999395863,37.00280696000004
2319,-73.95143833,40.76995,24-07-2021 15:23,0.999395863,37.00280696000004
2320,-73.95138,40.77003333,24-07-2021 15:23,0.997232148,37.853893940000034
2321,-73.95131333,40.770115,24-07-2021 15:23,0.997232148,37.853893940000034
2322,-73.95125667,40.77019333,24-07-2021 15:23,0.997232148,37.853893940000034
2323,-73.9512,40.770275,24-07-2021 15:23,0.997232148,37.853893940000034
2324,-73.951145,40.77035333,24-07-2021 15:23,0.999395863,38.08973732000004
2325,-73.95109667,40.77043667,24-07-2021 15:23,0.999395863,38.08973732000004
2326,-73.95104,40.77052167,24-07-2021 15:23,1.005887007,39.169831639999984
2327,-73.95098667,40.7706,24-07-2021 15:23,1.005887007,39.15274154000002
2328,-73.95088667,40.77076333,24-07-2021 15:23,1.008050722,38.83144765999998
2329,-73.95077,40.77092,24-07-2021 15:23,1.008050722,38.83144765999998
2330,-73.95065167,40.77107167,24-07-2021 15:23,1.005887007,38.790431420000004
2331,-73.95059667,40.77114833,24-07-2021 15:23,1.005887007,38.790431420000004
2332,-73.95055333,40.771225,24-07-2021 15:23,1.001559577,38.790431420000004
2333,-73.95050333,40.77130833,24-07-2021 15:23,1.001559577,38.19569594000001
2334,-73.95044833,40.77138667,24-07-2021 15:23,0.999395863,38.19569594000001
2335,-73.95039833,40.77146667,24-07-2021 15:23,0.999395863,38.19569594000001
2336,-73.95034333,40.77155,24-07-2021 15:23,1.001559577,38.63662052000001
2337,-73.95024,40.77172167,24-07-2021 15:23,1.003723292,37.72400918000005
2338,-73.95013333,40.77189,24-07-2021 15:23,1.005887007,36.937864579999996
2339,-73.95009,40.77198167,24-07-2021 15:23,1.005887007,36.937864579999996
2340,-73.95002833,40.77206333,24-07-2021 15:23,1.003723292,36.937864579999996
2341,-73.949845,40.77230833,24-07-2021 15:23,1.005887007,36.12437582000001
2342,-73.94971167,40.77244167,24-07-2021 15:23,1.008050722,35.724467480000044
2343,-73.94959,40.77249833,24-07-2021 15:23,1.005887007,35.741557580000006
2344,-73.94954167,40.772545,24-07-2021 15:23,1.005887007,35.741557580000006
2345,-73.94951833,40.77257167,24-07-2021 15:23,1.005887007,35.741557580000006
2346,-73.94951667,40.77256667,24-07-2021 15:23,1.005887007,35.741557580000006
2347,-73.94949333,40.77263,24-07-2021 15:23,1.003843499,35.461279940000054
2348,-73.94959167,40.77268333,24-07-2021 15:23,1.003843499,35.461279940000054
2349,-73.94966333,40.77271833,24-07-2021 15:24,1.001679784,35.40659162000003
2350,-73.94972833,40.772755,24-07-2021 15:24,1.001679784,35.40659162000003
2351,-73.94979833,40.77279,24-07-2021 15:24,1.003843499,35.40659162000003
2352,-73.94986833,40.77282167,24-07-2021 15:24,1.003843499,35.40659162000003
2353,-73.949935,40.77286,24-07-2021 15:24,1.001679784,35.40659162000003
2354,-73.94999833,40.77290333,24-07-2021 15:24,1.001679784,35.22543656000005
2355,-73.95006667,40.77295167,24-07-2021 15:24,0.999516069,35.22543656000005
2356,-73.950235,40.77303833,24-07-2021 15:24,0.999516069,35.22543656000005
2357,-73.95032667,40.77308167,24-07-2021 15:24,0.999516069,35.22543656000005
2358,-73.95041667,40.77312333,24-07-2021 15:24,0.997352354,35.04428150000001
2359,-73.950505,40.77316,24-07-2021 15:24,0.997352354,35.04428150000001
2360,-73.95058667,40.7732,24-07-2021 15:24,0.993024924,35.04428150000001
2361,-73.95066167,40.77323833,24-07-2021 15:24,0.993024924,35.04428150000001
2362,-73.95074167,40.77327333,24-07-2021 15:24,0.993024924,34.79818406000004
2363,-73.95090333,40.77335,24-07-2021 15:24,0.990861209,34.79818406000004
2364,-73.95099167,40.77338167,24-07-2021 15:24,0.990861209,35.01351932
2365,-73.95109667,40.773425,24-07-2021 15:24,0.990861209,35.01351932
2366,-73.95129,40.77350667,24-07-2021 15:24,0.988817701,35.01351932
2367,-73.95136833,40.77354167,24-07-2021 15:24,0.988817701,35.52622231999999
2368,-73.95144167,40.773575,24-07-2021 15:24,0.984490271,35.52622231999999
2369,-73.951515,40.77360833,24-07-2021 15:24,0.984490271,35.52622231999999
2370,-73.95159333,40.77363833,24-07-2021 15:24,0.984490271,35.52622231999999
2371,-73.95167667,40.773665,24-07-2021 15:24,0.984490271,35.52622231999999
2372,-73.95175167,40.773705,24-07-2021 15:24,0.984490271,35.97398294000004
2373,-73.95183833,40.77373,24-07-2021 15:24,0.984490271,35.97398294000004
2374,-73.95201667,40.77379,24-07-2021 15:24,0.980162841,35.97398294000004
2375,-73.95209833,40.77382167,24-07-2021 15:24,0.982326556,36.89684834000002
2376,-73.95217833,40.77384833,24-07-2021 15:24,0.982326556,36.89684834000002
2377,-73.95225,40.77387833,24-07-2021 15:24,0.977999127,36.89684834000002
2378,-73.95231833,40.77391,24-07-2021 15:24,0.977999127,36.89684834000002
2379,-73.952385,40.77393667,24-07-2021 15:24,0.980162841,36.89684834000002
2380,-73.95245833,40.773955,24-07-2021 15:24,0.980162841,37.63855868000002
2381,-73.952515,40.77397833,24-07-2021 15:24,0.980162841,37.63855868000002
2382,-73.95259667,40.77401167,24-07-2021 15:24,0.980162841,37.63855868000002
2383,-73.95262833,40.77402333,24-07-2021 15:24,0.984490271,37.63855868000002
2384,-73.952645,40.77404,24-07-2021 15:24,0.984490271,37.63855868000002
2385,-73.95281167,40.77414,24-07-2021 15:24,0.988817701,38.39052307999998
2386,-73.95285,40.77415667,24-07-2021 15:24,0.988817701,38.39052307999998
2387,-73.95288833,40.77417333,24-07-2021 15:24,0.990981416,38.39052307999998
2388,-73.95292,40.77419167,24-07-2021 15:24,0.990981416,38.39052307999998
2389,-73.95295,40.77421,24-07-2021 15:24,0.993145131,38.39052307999998
2390,-73.95298667,40.77423167,24-07-2021 15:24,0.993145131,38.39052307999998
2391,-73.953025,40.77425167,24-07-2021 15:24,0.990981416,38.39052307999998
2392,-73.95306167,40.77427333,24-07-2021 15:24,0.990981416,38.39052307999998
2393,-73.9531,40.774295,24-07-2021 15:24,0.993145131,38.39052307999998
2394,-73.95313667,40.77431167,24-07-2021 15:25,0.993145131,38.527243880000015
2395,-73.953175,40.77432667,24-07-2021 15:25,0.993145131,38.527243880000015
2396,-73.95320833,40.774345,24-07-2021 15:25,0.993145131,38.294818520000035
2397,-73.95323833,40.77436167,24-07-2021 15:25,0.995308846,38.294818520000035
2398,-73.95326833,40.774375,24-07-2021 15:25,0.995308846,38.294818520000035
2399,-73.953295,40.77438833,24-07-2021 15:25,0.995308846,38.294818520000035
2400,-73.95332,40.77439833,24-07-2021 15:25,0.995308846,38.294818520000035
2401,-73.953475,40.77449333,24-07-2021 15:25,1.014902486,38.294818520000035
2402,-73.95350167,40.77451,24-07-2021 15:25,1.014902486,38.031630980000045
2403,-73.95353333,40.77452667,24-07-2021 15:25,1.014902486,38.031630980000045
2404,-73.95357,40.774545,24-07-2021 15:25,1.014902486,38.031630980000045
2405,-73.95361,40.77456333,24-07-2021 15:25,1.012738771,38.031630980000045
2406,-73.95364833,40.77458167,24-07-2021 15:25,1.012738771,38.031630980000045
2407,-73.95372833,40.77461667,24-07-2021 15:25,1.010575056,37.79578760000004
2408,-73.95376833,40.77464,24-07-2021 15:25,1.010575056,37.79578760000004
2409,-73.95381833,40.77465333,24-07-2021 15:25,1.012738771,37.79578760000004
2410,-73.95386,40.77466833,24-07-2021 15:25,1.012738771,37.63172264000002
2411,-73.95390167,40.77467667,24-07-2021 15:25,1.010575056,37.63172264000002
2412,-73.95393667,40.77468667,24-07-2021 15:25,1.010575056,37.63172264000002
2413,-73.95396667,40.77469667,24-07-2021 15:25,1.012738771,37.63172264000002
2414,-73.95399333,40.77470667,24-07-2021 15:25,1.012738771,37.63172264000002
2415,-73.95402167,40.77470167,24-07-2021 15:25,1.017066201,37.63172264000002
2416,-73.95408833,40.77466833,24-07-2021 15:25,1.017066201,37.63172264000002
2417,-73.95411833,40.77463667,24-07-2021 15:25,1.017066201,37.63172264000002
2418,-73.95414667,40.77459833,24-07-2021 15:25,1.017066201,37.47107570000003
2419,-73.954175,40.774555,24-07-2021 15:25,1.017066201,37.47107570000003
2420,-73.95424333,40.77447,24-07-2021 15:25,1.014902486,37.51550996000003
2421,-73.95427333,40.77443,24-07-2021 15:25,1.010575056,37.51550996000003
2422,-73.9543,40.77439333,24-07-2021 15:25,1.010575056,37.51550996000003
2423,-73.95431833,40.77435667,24-07-2021 15:25,1.010575056,37.51550996000003
2424,-73.95433833,40.77433167,24-07-2021 15:25,1.010575056,38.01112286
2425,-73.95442167,40.77423,24-07-2021 15:25,1.006247626,38.01112286
2426,-73.954445,40.77419833,24-07-2021 15:25,0.995429052,38.01112286
2427,-73.95447833,40.77416333,24-07-2021 15:25,0.995429052,38.01112286
2428,-73.95450667,40.774115,24-07-2021 15:25,0.999756482,38.01112286
2429,-73.95453833,40.77405333,24-07-2021 15:25,0.999756482,38.28114644000004
2430,-73.95459,40.77399667,24-07-2021 15:25,0.997592767,37.95643454000003
2431,-73.954635,40.77393,24-07-2021 15:25,0.997592767,37.95643454000003
2432,-73.95467833,40.77386667,24-07-2021 15:25,0.995429052,37.95643454000003
2433,-73.95475167,40.77375333,24-07-2021 15:25,0.995429052,37.80945968000003
2434,-73.95479,40.77369667,24-07-2021 15:25,0.995429052,37.80945968000003
2435,-73.954825,40.77364,24-07-2021 15:25,0.995429052,37.80945968000003
2436,-73.95486,40.77358667,24-07-2021 15:25,0.993265337,37.80945968000003
2437,-73.95492,40.77351,24-07-2021 15:25,0.993265337,37.447149560000014
2438,-73.95494333,40.77348333,24-07-2021 15:25,0.993265337,37.17028994000003
2439,-73.954995,40.773435,24-07-2021 15:25,0.993265337,37.17028994000003
2440,-73.955035,40.77342333,24-07-2021 15:25,0.995429052,37.17028994000003
2441,-73.95508,40.77342167,24-07-2021 15:25,0.995429052,37.17028994000003
2442,-73.95512833,40.77343,24-07-2021 15:25,0.993265337,37.17028994000003
2443,-73.95519167,40.77345,24-07-2021 15:25,0.993265337,37.17028994000003
2444,-73.955265,40.77347833,24-07-2021 15:25,0.993265337,37.17028994000003
2445,-73.95534667,40.77351667,24-07-2021 15:25,0.993265337,36.79772576000005
2446,-73.955435,40.77355667,24-07-2021 15:25,0.995429052,37.11560162000001
2447,-73.95552833,40.77359,24-07-2021 15:26,0.995429052,37.11560162000001
2448,-73.95562,40.77362333,24-07-2021 15:26,0.988937907,37.11560162000001
2449,-73.95570833,40.77365667,24-07-2021 15:26,0.988937907,36.872922200000005
2450,-73.95581333,40.77369167,24-07-2021 15:26,0.988937907,36.872922200000005
2451,-73.955925,40.77374,24-07-2021 15:26,0.989058114,36.872922200000005
2452,-73.95614333,40.77383167,24-07-2021 15:26,0.993385543,36.95153665999999
2453,-73.95624333,40.77387333,24-07-2021 15:26,0.995549258,36.95153665999999
2454,-73.95634333,40.77391833,24-07-2021 15:26,0.995549258,36.95153665999999
2455,-73.95644333,40.77396167,24-07-2021 15:26,0.993385543,36.74987348000002
2456,-73.95654333,40.77400667,24-07-2021 15:26,0.993385543,36.74987348000002
2457,-73.95664667,40.77405833,24-07-2021 15:26,0.995549258,36.74987348000002
2458,-73.95675333,40.77410667,24-07-2021 15:26,0.995549258,35.63559896000004
2459,-73.95686667,40.77415333,24-07-2021 15:26,0.995549258,35.63559896000004
2460,-73.95697667,40.77420833,24-07-2021 15:26,0.995549258,35.63559896000004
2461,-73.95708833,40.77425667,24-07-2021 15:26,0.993385543,35.50571420000006
2462,-73.9572,40.77429833,24-07-2021 15:26,0.993385543,35.50571420000006
2463,-73.95731,40.77433667,24-07-2021 15:26,0.995549258,35.40659162000003
2464,-73.95742667,40.77436833,24-07-2021 15:26,0.995549258,35.40659162000003
2465,-73.95753167,40.774405,24-07-2021 15:26,0.991221829,35.37924745999999
2466,-73.95763167,40.77444667,24-07-2021 15:26,0.991221829,35.37924745999999
2467,-73.957725,40.77449,24-07-2021 15:26,0.993385543,35.34848527999998
2468,-73.95799833,40.77459667,24-07-2021 15:26,0.993385543,35.34848527999998
2469,-73.95807667,40.77462833,24-07-2021 15:27,0.993385543,35.560402520000025
2470,-73.95821333,40.77468,24-07-2021 15:28,0.993385543,35.560402520000025
2471,-73.95834,40.77473167,24-07-2021 15:28,0.997712973,35.560402520000025
2472,-73.9584,40.77476,24-07-2021 15:28,1.002040403,35.560402520000025
2473,-73.95845,40.77478333,24-07-2021 15:28,1.002040403,35.591164700000036
2474,-73.9585,40.77479333,24-07-2021 15:28,0.999876688,35.591164700000036
2475,-73.95854167,40.77481,24-07-2021 15:28,0.999876688,35.591164700000036
2476,-73.95857,40.77482833,24-07-2021 15:30,0.999876688,35.591164700000036
2477,-73.95868667,40.77486833,24-07-2021 15:30,1.004204118,35.591164700000036
2478,-73.958725,40.77489,24-07-2021 15:30,1.004204118,36.609734660000015
2479,-73.95888333,40.77489,24-07-2021 15:30,1.008651754,36.527702180000006
2480,-73.95892667,40.77485833,24-07-2021 15:30,1.004324324,35.58091064000001
2481,-73.95895833,40.77481667,24-07-2021 15:30,1.004324324,35.58091064000001
2482,-73.95898833,40.77477167,24-07-2021 15:30,1.004324324,35.58091064000001
2483,-73.95902167,40.77472833,24-07-2021 15:30,1.004324324,35.58091064000001
2484,-73.95904667,40.77469,24-07-2021 15:30,0.999996894,35.58091064000001
2485,-73.95908,40.77465333,24-07-2021 15:30,0.999996894,35.58091064000001
2486,-73.959115,40.77462167,24-07-2021 15:30,0.99783318,35.58091064000001
2487,-73.95915333,40.77459833,24-07-2021 15:30,0.99783318,35.46811597999999
2488,-73.95933333,40.77449333,24-07-2021 15:30,1.000117101,35.46811597999999
2489,-73.95939,40.77443167,24-07-2021 15:30,0.997953386,35.46811597999999
2490,-73.959415,40.774385,24-07-2021 15:30,0.997953386,35.46811597999999
2491,-73.95944,40.77434667,24-07-2021 15:30,0.993625956,35.46811597999999
2492,-73.95944333,40.77429167,24-07-2021 15:30,0.993625956,35.55014846000006
2493,-73.95944333,40.77425,24-07-2021 15:30,0.989298526,35.55014846000006
2494,-73.95948,40.77417667,24-07-2021 15:30,0.989298526,35.55014846000006
2495,-73.95948667,40.77415333,24-07-2021 15:30,0.989298526,35.55014846000006
2496,-73.95950333,40.77410667,24-07-2021 15:30,0.989298526,35.55014846000006
2497,-73.959525,40.77404167,24-07-2021 15:30,0.987134812,36.30553087999999
2498,-73.95954,40.774005,24-07-2021 15:30,0.984971097,36.30553087999999
2499,-73.95956667,40.773955,24-07-2021 15:30,0.984971097,36.30553087999999
2500,-73.95961333,40.77390667,24-07-2021 15:30,0.987134812,36.30553087999999
2501,-73.959665,40.77386667,24-07-2021 15:30,0.987134812,36.30553087999999
2502,-73.95971,40.77381167,24-07-2021 15:30,0.987134812,36.30553087999999
2503,-73.959765,40.77376167,24-07-2021 15:30,0.987134812,36.81481586000001
2504,-73.95980667,40.77371333,24-07-2021 15:30,0.987134812,36.81481586000001
2505,-73.959855,40.77366333,24-07-2021 15:30,0.987134812,36.81481586000001
2506,-73.9599,40.77361333,24-07-2021 15:30,0.982807382,37.26599450000003
2507,-73.95997667,40.77349833,24-07-2021 15:30,0.980643667,37.26599450000003
2508,-73.96000667,40.773435,24-07-2021 15:30,0.980643667,37.26599450000003
2509,-73.96008,40.77330333,24-07-2021 15:30,0.982807382,37.35828104000001
2510,-73.96010833,40.77325,24-07-2021 15:30,0.984971097,37.35828104000001
2511,-73.96012833,40.77321,24-07-2021 15:30,0.984971097,37.35828104000001
2512,-73.96025333,40.77317,24-07-2021 15:30,0.993746163,37.29333866000002
2513,-73.96027333,40.77305,24-07-2021 15:31,0.991582448,37.17712598000003
2514,-73.96030667,40.77299833,24-07-2021 15:31,0.991582448,37.17712598000003
2515,-73.96034333,40.77293667,24-07-2021 15:31,0.987255018,37.17712598000003
2516,-73.9604,40.77285333,24-07-2021 15:31,0.987255018,37.17712598000003
2517,-73.96045167,40.77278833,24-07-2021 15:31,0.987255018,37.20788816000004
2518,-73.96053333,40.77271833,24-07-2021 15:31,0.987255018,37.20788816000004
2519,-73.96058833,40.77265167,24-07-2021 15:31,0.985091303,37.21130618000001
2520,-73.96069167,40.77252,24-07-2021 15:31,0.982927588,37.22156024000003
2521,-73.96074,40.77246,24-07-2021 15:31,0.982927588,37.22156024000003
2522,-73.96081833,40.77240667,24-07-2021 15:31,0.985091303,37.22156024000003
2523,-73.96086167,40.77235667,24-07-2021 15:31,0.985091303,37.22156024000003
2524,-73.96089167,40.77231333,24-07-2021 15:31,0.980763873,37.22156024000003
2525,-73.96092167,40.77227333,24-07-2021 15:31,0.980763873,37.22156024000003
2526,-73.92816333,40.82427167,24-07-2021 15:31,0.99350575,37.57019828
2527,-73.92810167,40.82436167,24-07-2021 15:31,0.99350575,38.96133242000002
2528,-73.92797333,40.82451833,24-07-2021 15:31,1.000117101,38.96133242000002
2529,-73.92792167,40.82459167,24-07-2021 15:31,0.997953386,38.96133242000002
2530,-73.927865,40.82466167,24-07-2021 15:31,0.997953386,40.28752417999999
2531,-73.92780833,40.82474167,24-07-2021 15:31,0.995789671,39.21426589999999
2532,-73.92775167,40.824825,24-07-2021 15:31,0.995789671,39.21426589999999
2533,-73.92770167,40.82490333,24-07-2021 15:31,0.991462241,40.772883019999995
2534,-73.92766167,40.82498167,24-07-2021 15:31,0.991462241,40.772883019999995
2535,-73.92756333,40.82519833,24-07-2021 15:31,0.993625956,40.687432520000016
2536,-73.92752833,40.82527333,24-07-2021 15:31,0.993625956,40.687432520000016
2537,-73.92750167,40.82533833,24-07-2021 15:31,0.995789671,40.687432520000016
2538,-73.92748167,40.82539667,24-07-2021 15:31,0.995789671,40.687432520000016
2539,-73.92747,40.82543333,24-07-2021 15:31,0.991462241,40.1713115
2540,-73.92745167,40.82545167,24-07-2021 15:31,0.991462241,38.869045880000044
2541,-73.92719,40.82543833,24-07-2021 15:31,1.002280816,38.869045880000044
2542,-73.927005,40.8254,24-07-2021 15:31,1.002280816,37.98719672000004
2543,-73.92693667,40.82537667,24-07-2021 15:31,1.002280816,37.98719672000004
2544,-73.92687667,40.82535667,24-07-2021 15:31,1.002280816,37.98719672000004
2545,-73.92681333,40.82534,24-07-2021 15:31,1.002280816,37.98719672000004
2546,-73.92674,40.825325,24-07-2021 15:31,1.004444531,36.68151308000006
2547,-73.92667833,40.82531667,24-07-2021 15:31,1.004444531,36.68151308000006
2548,-73.92662,40.82530833,24-07-2021 15:31,0.997953386,36.68151308000006
2549,-73.92657167,40.825305,24-07-2021 15:31,0.997953386,36.68151308000006
2550,-73.92636667,40.825355,24-07-2021 15:31,0.997953386,35.48520608000001
2551,-73.92633,40.8254,24-07-2021 15:31,0.997953386,35.48520608000001
2552,-73.926295,40.82544833,24-07-2021 15:31,1.004444531,35.58091064000001
2553,-73.926215,40.82557333,24-07-2021 15:31,1.004444531,35.58091064000001
2554,-73.92618,40.82563167,24-07-2021 15:31,1.004444531,35.58091064000001
2555,-73.926145,40.82567833,24-07-2021 15:31,1.000117101,35.58091064000001
2556,-73.92610833,40.82572333,24-07-2021 15:32,1.000117101,35.762065699999994
2557,-73.92607667,40.82576833,24-07-2021 15:32,1.000117101,35.762065699999994
2558,-73.926045,40.82580333,24-07-2021 15:32,1.000117101,35.762065699999994
2559,-73.92601667,40.82582833,24-07-2021 15:32,1.004444531,35.00668328000006
2560,-73.925995,40.82585333,24-07-2021 15:32,1.004444531,35.00668328000006
2561,-73.92597833,40.82587333,24-07-2021 15:32,1.004444531,35.00668328000006
2562,-73.92577833,40.82604833,24-07-2021 15:32,1.002280816,35.01351932
2563,-73.9257,40.82614667,24-07-2021 15:32,1.006728452,35.01351932
2564,-73.92565667,40.82621833,24-07-2021 15:32,1.006728452,35.19467438000004
2565,-73.92560667,40.82629333,24-07-2021 15:32,1.002401022,35.98423700000001
2566,-73.92555667,40.82638,24-07-2021 15:32,1.002401022,35.98423700000001
2567,-73.92550667,40.82648,24-07-2021 15:32,1.002401022,35.98423700000001
2568,-73.92545,40.82658833,24-07-2021 15:32,1.002401022,36.94128260000002
2569,-73.92540333,40.82667333,24-07-2021 15:32,1.002401022,36.94128260000002
2570,-73.92535833,40.82676,24-07-2021 15:32,1.002401022,36.94128260000002
2571,-73.92531,40.826845,24-07-2021 15:32,0.995909877,38.13758960000001
2572,-73.92527,40.82691167,24-07-2021 15:32,0.995909877,38.12391752000002
2573,-73.92521667,40.82702,24-07-2021 15:32,1.000237307,38.12391752000002
2574,-73.92513667,40.82714167,24-07-2021 15:32,1.015383311,38.97500450000001
2575,-73.925105,40.82719333,24-07-2021 15:32,1.015383311,38.97500450000001
2576,-73.92502333,40.82733667,24-07-2021 15:32,1.011055882,39.32364254000004
2577,-73.92499667,40.827475,24-07-2021 15:32,1.009012373,39.32364254000004
2578,-73.92505667,40.82753667,24-07-2021 15:32,1.009012373,39.32364254000004
2579,-73.92509833,40.827555,24-07-2021 15:32,1.000357514,39.32364254000004
2580,-73.92514,40.82757833,24-07-2021 15:32,1.000357514,39.32364254000004
2581,-73.925185,40.82760333,24-07-2021 15:32,1.006848658,39.28604432000003
2582,-73.92523667,40.82762167,24-07-2021 15:32,1.006848658,39.28604432000003
2583,-73.92528833,40.82764,24-07-2021 15:32,1.004684943,39.28604432000003
2584,-73.92533333,40.827655,24-07-2021 15:32,1.004684943,39.46719938000001
2585,-73.92537833,40.82766833,24-07-2021 15:32,1.002521229,39.46719938000001
2586,-73.925415,40.82767833,24-07-2021 15:32,1.002521229,39.46719938000001
2587,-73.92544833,40.82769333,24-07-2021 15:32,1.004684943,39.46719938000001
2588,-73.92572,40.82785833,24-07-2021 15:32,1.011176088,38.851955780000026
2589,-73.92579,40.82785,24-07-2021 15:32,1.015503518,38.95107836
2590,-73.92586333,40.82784,24-07-2021 15:32,1.015503518,38.95107836
2591,-73.92594167,40.82784,24-07-2021 15:32,1.011176088,38.95107836
2592,-73.92603167,40.82784167,24-07-2021 15:32,1.011176088,38.869045880000044
2593,-73.92611167,40.827855,24-07-2021 15:32,1.011176088,38.14442564000001
2594,-73.92619,40.82787667,24-07-2021 15:32,1.011176088,38.14442564000001
2595,-73.92626,40.82790167,24-07-2021 15:32,1.011176088,38.14442564000001
2596,-73.92633,40.82792833,24-07-2021 15:32,1.011176088,38.14442564000001
2597,-73.92639667,40.82795167,24-07-2021 15:32,1.009012373,37.91200028000003
2598,-73.92645333,40.82797,24-07-2021 15:32,1.009012373,37.91200028000003
2599,-73.926505,40.82799833,24-07-2021 15:32,1.009012373,37.91200028000003
2600,-73.92654667,40.82802333,24-07-2021 15:32,1.009012373,37.91200028000003
2601,-73.92664167,40.82812667,24-07-2021 15:32,1.019951154,38.63320250000004
2602,-73.92668667,40.828145,24-07-2021 15:32,1.019951154,38.71865300000002
2603,-73.92674833,40.82817333,24-07-2021 15:33,1.017787439,38.71865300000002
2604,-73.92682,40.828205,24-07-2021 15:33,1.017787439,38.71865300000002
2605,-73.92698167,40.828275,24-07-2021 15:33,1.019951154,38.71865300000002
2606,-73.92707,40.82831333,24-07-2021 15:33,1.017787439,38.886135980000006
2607,-73.92716667,40.82835833,24-07-2021 15:33,1.017787439,38.886135980000006
2608,-73.92725833,40.82840167,24-07-2021 15:33,1.015623724,39.23477402000003
2609,-73.92745333,40.82850833,24-07-2021 15:33,1.011296294,39.42960116000006
2610,-73.92755667,40.82857,24-07-2021 15:33,1.011296294,39.42960116000006
2611,-73.92766667,40.828635,24-07-2021 15:33,1.00480515,39.42960116000006
2612,-73.92810667,40.8289,24-07-2021 15:33,1.00480515,39.69620672000002
2613,-73.92821167,40.828965,24-07-2021 15:33,1.00480515,38.22304010000005
2614,-73.92831667,40.82903,24-07-2021 15:33,1.00480515,38.22304010000005
2615,-73.92841833,40.82909,24-07-2021 15:33,1.00047772,38.22304010000005
2616,-73.92851833,40.82915,24-07-2021 15:33,1.00047772,38.13075356000002
2617,-73.92863167,40.82921,24-07-2021 15:33,1.00480515,36.59264456000005
2618,-73.92874,40.82927167,24-07-2021 15:33,1.00480515,36.59264456000005
2619,-73.92905833,40.82943167,24-07-2021 15:33,1.00480515,36.67125901999998
2620,-73.92916,40.829495,24-07-2021 15:33,1.00480515,35.84409818000006
2621,-73.92926333,40.82955833,24-07-2021 15:33,1.00047772,36.37047326000004
2622,-73.92945667,40.82969,24-07-2021 15:33,1.00480515,36.37047326000004
2623,-73.929555,40.82974833,24-07-2021 15:34,1.00480515,35.95347482
2624,-73.92965167,40.82980333,24-07-2021 15:34,1.00480515,35.95347482
2625,-73.929745,40.829855,24-07-2021 15:34,1.00480515,35.95347482
2626,-73.92984167,40.8299,24-07-2021 15:34,1.00480515,35.95347482
2627,-73.93004667,40.82996,24-07-2021 15:34,1.00480515,35.659525099999996
2628,-73.93015167,40.82996,24-07-2021 15:34,1.00480515,35.659525099999996
2629,-73.93024167,40.82995167,24-07-2021 15:34,1.00913258,35.659525099999996
2630,-73.93031,40.82993833,24-07-2021 15:34,1.00913258,35.36899340000002
2631,-73.93036167,40.82993,24-07-2021 15:34,1.006968865,35.36899340000002
2632,-73.9304,40.82992167,24-07-2021 15:34,1.006968865,35.36899340000002
2633,-73.93065667,40.82987667,24-07-2021 15:34,1.017907645,35.06137160000003
2634,-73.93069667,40.82986,24-07-2021 15:34,1.017907645,35.06137160000003
2635,-73.930745,40.82983833,24-07-2021 15:34,1.017907645,35.06137160000003
2636,-73.93079,40.82982167,24-07-2021 15:34,1.017907645,35.06137160000003
2637,-73.93083667,40.82980667,24-07-2021 15:34,1.017907645,35.06137160000003
2638,-73.93093667,40.82976333,24-07-2021 15:34,1.017907645,35.06137160000003
2639,-73.93098,40.82974167,24-07-2021 15:34,1.017907645,33.99494936000002
2640,-73.93101667,40.82972167,24-07-2021 15:34,1.02007136,34.152178280000044
2641,-73.93112833,40.829675,24-07-2021 15:34,1.022235075,34.152178280000044
2642,-73.93129,40.82966833,24-07-2021 15:34,1.035217365,34.152178280000044
2643,-73.93140667,40.82977167,24-07-2021 15:34,1.03305365,33.91975292000001
2644,-73.93144,40.829825,24-07-2021 15:34,1.030889935,33.91975292000001
2645,-73.93145,40.829845,24-07-2021 15:34,1.030889935,33.91975292000001
2646,-73.93149,40.82991833,24-07-2021 15:34,1.026682711,33.91975292000001
2647,-73.93154333,40.83001333,24-07-2021 15:34,1.024518996,34.825528220000024
2648,-73.931575,40.83007667,24-07-2021 15:34,1.024518996,34.825528220000024
2649,-73.93160167,40.83014,24-07-2021 15:34,1.026682711,34.825528220000024
2650,-73.93163167,40.83020333,24-07-2021 15:34,1.026682711,34.825528220000024
2651,-73.93166167,40.83027167,24-07-2021 15:34,1.024518996,34.825528220000024
2652,-73.93168667,40.830345,24-07-2021 15:34,1.024518996,34.774257920000025
2653,-73.93171167,40.830425,24-07-2021 15:34,1.015864137,34.774257920000025
2654,-73.93173833,40.83050333,24-07-2021 15:34,1.015864137,34.774257920000025
2655,-73.931765,40.83057833,24-07-2021 15:34,1.018027852,34.94857694000001
2656,-73.93179,40.830645,24-07-2021 15:34,1.018027852,34.94857694000001
2657,-73.931805,40.83072167,24-07-2021 15:34,1.015864137,34.94857694000001
2658,-73.931815,40.83080167,24-07-2021 15:34,1.015864137,34.94857694000001
2659,-73.93182167,40.83088667,24-07-2021 15:34,1.011536707,34.907560699999976
2660,-73.93182333,40.830975,24-07-2021 15:34,1.011536707,34.907560699999976
2661,-73.93181833,40.831065,24-07-2021 15:34,1.009372992,34.907560699999976
2662,-73.93181667,40.831145,24-07-2021 15:35,1.009372992,35.211764480000056
2663,-73.9318,40.831235,24-07-2021 15:35,1.009372992,35.211764480000056
2664,-73.93178667,40.83132833,24-07-2021 15:35,1.009372992,35.211764480000056
2665,-73.93177167,40.83142333,24-07-2021 15:35,1.015864137,35.61850886000002
2666,-73.93175667,40.83151333,24-07-2021 15:35,1.015864137,35.61850886000002
2667,-73.93174,40.8316,24-07-2021 15:35,1.015864137,35.61850886000002
2668,-73.93171333,40.831675,24-07-2021 15:35,1.015864137,36.04576136000003
2669,-73.931685,40.83174333,24-07-2021 15:35,1.015864137,36.04576136000003
2670,-73.931665,40.83181,24-07-2021 15:35,1.015864137,36.04576136000003
2671,-73.931645,40.83187833,24-07-2021 15:35,1.015864137,36.04576136000003
2672,-73.93162667,40.83193833,24-07-2021 15:35,1.015864137,36.38756336000006
2673,-73.93161,40.83199167,24-07-2021 15:35,1.018027852,36.38756336000006
2674,-73.93158,40.83207667,24-07-2021 15:35,1.018027852,36.32603900000004
2675,-73.93156833,40.83211833,24-07-2021 15:35,1.015864137,36.32603900000004
2676,-73.93155,40.83215333,24-07-2021 15:35,1.015864137,36.32603900000004
2677,-73.93154,40.83217833,24-07-2021 15:35,1.015864137,36.48668594000003
2678,-73.931535,40.832215,24-07-2021 15:35,1.015864137,36.48668594000003
2679,-73.93148333,40.83236833,24-07-2021 15:35,1.018027852,36.48668594000003
2680,-73.931465,40.83239667,24-07-2021 15:35,1.018027852,36.48668594000003
2681,-73.93144833,40.832425,24-07-2021 15:35,1.018027852,36.48668594000003
2682,-73.93143167,40.83246,24-07-2021 15:35,1.018027852,36.606316640000045
2683,-73.93141167,40.8325,24-07-2021 15:35,1.018027852,36.606316640000045
2684,-73.931315,40.83269333,24-07-2021 15:35,1.018027852,36.606316640000045
2685,-73.93129167,40.83273667,24-07-2021 15:35,1.018027852,36.56871841999998
2686,-73.93127333,40.83276,24-07-2021 15:35,1.018027852,36.56871841999998
2687,-73.93101167,40.83321167,24-07-2021 15:35,1.044112637,36.168810080000014
2688,-73.930995,40.83324333,24-07-2021 15:35,1.041948922,35.854352240000026
2689,-73.93098,40.83327167,24-07-2021 15:35,1.041948922,35.854352240000026
2690,-73.93097167,40.83329833,24-07-2021 15:35,1.044112637,35.854352240000026
2691,-73.93095667,40.83333167,24-07-2021 15:35,1.044112637,35.854352240000026
2692,-73.93093833,40.833365,24-07-2021 15:35,1.041948922,35.854352240000026
2693,-73.93092,40.83340167,24-07-2021 15:36,1.041948922,35.854352240000026
2694,-73.93090333,40.833445,24-07-2021 15:36,1.037621492,35.854352240000026
2695,-73.93088833,40.83348833,24-07-2021 15:36,1.037621492,35.854352240000026
2696,-73.930875,40.833535,24-07-2021 15:36,1.039785207,35.707377380000025
2697,-73.930855,40.83358,24-07-2021 15:36,1.039785207,35.738139560000036
2698,-73.93083,40.83362667,24-07-2021 15:36,1.035457777,35.738139560000036
2699,-73.9308,40.83367667,24-07-2021 15:36,1.035457777,35.738139560000036
2700,-73.93077333,40.83372333,24-07-2021 15:36,1.037621492,35.738139560000036
2701,-73.93075,40.83376667,24-07-2021 15:36,1.037621492,35.738139560000036
2702,-73.93073167,40.83380833,24-07-2021 15:36,1.033294062,35.32114111999999
2703,-73.93070833,40.83385167,24-07-2021 15:36,1.033294062,35.32114111999999
2704,-73.93068667,40.83389,24-07-2021 15:36,1.033294062,35.32114111999999
2705,-73.93066,40.83392167,24-07-2021 15:36,1.033294062,35.32114111999999
2706,-73.930635,40.83395167,24-07-2021 15:36,1.028966633,35.32114111999999
2707,-73.93062167,40.83398667,24-07-2021 15:36,1.028966633,35.32114111999999
2708,-73.93061333,40.83403,24-07-2021 15:36,1.026802918,35.32114111999999
2709,-73.9306,40.83406833,24-07-2021 15:36,1.026802918,35.266452800000025
2710,-73.93058,40.83411167,24-07-2021 15:36,1.031130348,35.266452800000025
2711,-73.93050667,40.83420333,24-07-2021 15:36,1.031130348,35.447607860000005
2712,-73.930475,40.83425167,24-07-2021 15:36,1.026802918,35.447607860000005
2713,-73.93044333,40.83429833,24-07-2021 15:36,1.026802918,35.447607860000005
2714,-73.93041667,40.83434833,24-07-2021 15:36,1.018148058,35.184420320000015
2715,-73.93039333,40.83439833,24-07-2021 15:36,1.018148058,35.184420320000015
2716,-73.930375,40.83444167,24-07-2021 15:36,1.020311773,35.184420320000015
2717,-73.93032833,40.83451333,24-07-2021 15:36,1.022475488,35.184420320000015
2718,-73.93028167,40.83455,24-07-2021 15:36,1.020311773,35.184420320000015
2719,-73.93025833,40.83456333,24-07-2021 15:36,1.020311773,35.184420320000015
2720,-73.93000667,40.83459333,24-07-2021 15:36,1.020431979,35.51596826000002
2721,-73.92992167,40.834605,24-07-2021 15:36,1.020431979,35.51596826000002
2722,-73.92983667,40.83462,24-07-2021 15:36,1.01610455,35.51596826000002
2723,-73.92974667,40.83463333,24-07-2021 15:36,1.01610455,36.48326792
2724,-73.92961833,40.83464167,24-07-2021 15:36,1.01177712,36.48326792
2725,-73.92956167,40.83465,24-07-2021 15:36,1.01177712,36.48326792
2726,-73.92951667,40.83465667,24-07-2021 15:36,1.01177712,36.48326792
2727,-73.92946333,40.83467,24-07-2021 15:36,1.01177712,36.48326792
2728,-73.929395,40.834675,24-07-2021 15:36,1.01177712,37.17370796
2729,-73.92931833,40.83465833,24-07-2021 15:36,1.009613405,37.17370796
2730,-73.92923,40.83462333,24-07-2021 15:36,1.009613405,37.17370796
2731,-73.92913833,40.83460833,24-07-2021 15:37,1.009613405,37.17370796
2732,-73.92903833,40.83459667,24-07-2021 15:37,1.009613405,37.45398560000001
2733,-73.928945,40.83457333,24-07-2021 15:37,1.00744969,36.81481586000001
2734,-73.928865,40.83454667,24-07-2021 15:37,1.00744969,36.81481586000001
2735,-73.928805,40.83452,24-07-2021 15:37,1.005285975,36.81481586000001
2736,-73.92875833,40.83449833,24-07-2021 15:37,1.005285975,36.81481586000001
2737,-73.92872833,40.834485,24-07-2021 15:37,1.005285975,36.81481586000001
2738,-73.92851,40.83436333,24-07-2021 15:37,1.013940835,36.049179380000055
2739,-73.92847833,40.83435333,24-07-2021 15:37,1.00744969,36.049179380000055
2740,-73.92844833,40.83434333,24-07-2021 15:37,1.00744969,36.049179380000055
2741,-73.92841333,40.83433,24-07-2021 15:37,1.01177712,36.049179380000055
2742,-73.92830667,40.83428333,24-07-2021 15:37,1.005285975,35.27328884000002
2743,-73.928225,40.834255,24-07-2021 15:37,1.005406182,35.27328884000002
2744,-73.92817833,40.83424167,24-07-2021 15:37,1.007569897,35.27328884000002
2745,-73.92812833,40.83423167,24-07-2021 15:37,1.007569897,35.27328884000002
2746,-73.92808333,40.83423,24-07-2021 15:37,1.007569897,35.27328884000002
2747,-73.92799167,40.834215,24-07-2021 15:37,1.001078752,34.81527416000006
2748,-73.92795833,40.834205,24-07-2021 15:38,1.001078752,34.81527416000006
2749,-73.92786,40.83417167,24-07-2021 15:38,0.996751322,34.81527416000006
2750,-73.927805,40.834155,24-07-2021 15:38,0.996751322,34.81527416000006
2751,-73.92773667,40.83413667,24-07-2021 15:38,0.998915037,34.81527416000006
2752,-73.92765333,40.834125,24-07-2021 15:38,0.998915037,34.81527416000006
2753,-73.92757667,40.83410833,24-07-2021 15:38,0.998915037,35.09896981999998
2754,-73.92750333,40.83409333,24-07-2021 15:39,0.998915037,35.09896981999998
2755,-73.92735167,40.83406333,24-07-2021 15:39,0.998915037,35.09896981999998
2756,-73.92727333,40.83405,24-07-2021 15:39,0.998915037,35.34848527999998
2757,-73.927165,40.834025,24-07-2021 15:39,0.998915037,35.96031086000005
2758,-73.927135,40.83401333,24-07-2021 15:39,0.998915037,35.96031086000005
2759,-73.92710333,40.83401,24-07-2021 15:39,0.998915037,35.96031086000005
2760,-73.92705333,40.83401833,24-07-2021 15:39,0.998915037,35.96031086000005
2761,-73.927005,40.83404333,24-07-2021 15:39,0.990260178,35.96031086000005
2762,-73.92696667,40.83407333,24-07-2021 15:39,0.990260178,35.34848527999998
2763,-73.92693333,40.83411,24-07-2021 15:39,0.990260178,35.34848527999998
2764,-73.92686833,40.83419,24-07-2021 15:39,0.990260178,35.65610708000003
2765,-73.92683667,40.83423167,24-07-2021 15:39,0.990260178,35.65610708000003
2766,-73.9268,40.83428167,24-07-2021 15:39,0.990260178,35.65610708000003
2767,-73.92676,40.834335,24-07-2021 15:39,0.994587607,35.75181164000003
2768,-73.92671167,40.834395,24-07-2021 15:39,0.994587607,35.75181164000003
2769,-73.92666833,40.83445667,24-07-2021 15:39,0.988096463,35.75181164000003
2770,-73.92662667,40.83451667,24-07-2021 15:39,0.988096463,35.75181164000003
2771,-73.92658667,40.83457833,24-07-2021 15:39,0.988096463,35.75181164000003
2772,-73.92654667,40.83463167,24-07-2021 15:39,0.988096463,36.52086614000001
2773,-73.926415,40.83474333,24-07-2021 15:39,0.996751322,36.52086614000001
2774,-73.926345,40.834825,24-07-2021 15:39,0.998915037,36.52086614000001
2775,-73.92626667,40.83489667,24-07-2021 15:39,0.992423892,36.58922654000003
2776,-73.92624833,40.834915,24-07-2021 15:39,0.992423892,36.58922654000003
2777,-73.92622833,40.83493,24-07-2021 15:39,0.998915037,36.58922654000003
2778,-73.92619667,40.83499,24-07-2021 15:39,0.998915037,37.13952776000002
2779,-73.92620667,40.83501167,24-07-2021 15:39,1.003242467,36.58922654000003
2780,-73.92624167,40.83503333,24-07-2021 15:39,1.003242467,36.58922654000003
2781,-73.926285,40.83505333,24-07-2021 15:39,0.998915037,36.58922654000003
2782,-73.92632667,40.835075,24-07-2021 15:39,0.998915037,36.58922654000003
2783,-73.92635833,40.83509167,24-07-2021 15:39,0.998915037,36.58922654000003
2784,-73.92638167,40.835105,24-07-2021 15:39,0.998915037,36.58922654000003
2785,-73.92647167,40.83514667,24-07-2021 15:39,0.998915037,37.04382320000002
2786,-73.92651333,40.83515833,24-07-2021 15:39,1.005406182,37.04382320000002
2787,-73.92656333,40.835175,24-07-2021 15:39,1.005406182,36.94811864000002
2788,-73.92661667,40.83519333,24-07-2021 15:39,1.005406182,36.94811864000002
2789,-73.92667,40.83521333,24-07-2021 15:40,1.005406182,36.94811864000002
2790,-73.92672333,40.83523667,24-07-2021 15:40,1.003242467,36.94811864000002
2791,-73.92681,40.83527167,24-07-2021 15:40,1.003242467,36.94811864000002
2792,-73.92684167,40.835285,24-07-2021 15:40,1.001078752,36.94811864000002
2793,-73.92688,40.83529833,24-07-2021 15:40,1.003242467,36.94811864000002
2794,-73.92700833,40.83533,24-07-2021 15:40,0.998915037,36.807979820000014
2795,-73.92707333,40.83535,24-07-2021 15:40,1.003242467,36.807979820000014
2796,-73.92713167,40.835375,24-07-2021 15:40,1.003242467,36.807979820000014
2797,-73.92718667,40.835395,24-07-2021 15:40,0.998915037,36.807979820000014
2798,-73.92730333,40.83543333,24-07-2021 15:40,0.992423892,37.54969016000001
2799,-73.92736167,40.83545333,24-07-2021 15:40,0.992423892,37.54969016000001
2800,-73.92744833,40.83548667,24-07-2021 15:40,0.994707814,37.54969016000001
2801,-73.92762667,40.83578667,24-07-2021 15:40,1.007690103,37.93934444000001
2802,-73.927605,40.83582833,24-07-2021 15:40,1.005526388,37.93934444000001
2803,-73.92755667,40.83593,24-07-2021 15:40,1.012017533,37.93934444000001
2804,-73.92754833,40.83595,24-07-2021 15:40,1.012017533,38.099991380000006
2805,-73.92754167,40.83596833,24-07-2021 15:41,1.007690103,38.099991380000006
2806,-73.92753833,40.83599,24-07-2021 15:41,1.007690103,38.099991380000006
2807,-73.92753167,40.836015,24-07-2021 15:41,1.012017533,38.099991380000006
2808,-73.927525,40.83604667,24-07-2021 15:41,1.012017533,38.099991380000006
2809,-73.92748833,40.83615,24-07-2021 15:41,1.005526388,38.099991380000006
2810,-73.92745333,40.83620833,24-07-2021 15:41,1.009853818,37.69324700000004
2811,-73.92741667,40.83626833,24-07-2021 15:41,1.009853818,37.69324700000004
2812,-73.92738333,40.83632333,24-07-2021 15:41,1.007690103,37.69324700000004
2813,-73.927355,40.83637333,24-07-2021 15:41,1.007690103,37.69324700000004
2814,-73.92734333,40.83641833,24-07-2021 15:41,1.005526388,37.69324700000004
2815,-73.92733167,40.836455,24-07-2021 15:41,1.005526388,37.69324700000004
2816,-73.92730833,40.83651,24-07-2021 15:41,1.005526388,37.29333866000002
2817,-73.927295,40.83653833,24-07-2021 15:41,1.007690103,37.29333866000002
2818,-73.92726833,40.83656333,24-07-2021 15:41,1.007690103,37.63855868000002
2819,-73.92724833,40.83659,24-07-2021 15:41,1.007690103,37.63855868000002
2820,-73.92723333,40.83661167,24-07-2021 15:41,1.007690103,37.63855868000002
2821,-73.927195,40.83666,24-07-2021 15:41,1.009853818,37.63855868000002
2822,-73.927175,40.83668833,24-07-2021 15:41,1.009853818,37.63855868000002
2823,-73.92715167,40.83673333,24-07-2021 15:41,1.007690103,37.63855868000002
2824,-73.92713167,40.83692167,24-07-2021 15:41,1.012017533,37.45056757999998
2825,-73.92717,40.83696833,24-07-2021 15:41,1.009853818,37.45056757999998
2826,-73.92717833,40.83698667,24-07-2021 15:41,1.007690103,37.45056757999998
2827,-73.92727,40.83709167,24-07-2021 15:41,1.007810309,37.14294577999999
2828,-73.92729833,40.83712833,24-07-2021 15:41,1.005646594,36.84899605999999
2829,-73.927325,40.837155,24-07-2021 15:41,1.005646594,36.84899605999999
2830,-73.92745667,40.83732333,24-07-2021 15:41,1.009974024,36.55162832000002
2831,-73.92749833,40.837435,24-07-2021 15:41,1.012137739,36.55162832000002
2832,-73.927515,40.837495,24-07-2021 15:41,1.012137739,36.55162832000002
2833,-73.92753167,40.83754833,24-07-2021 15:41,1.012137739,36.55162832000002
2834,-73.92755,40.8376,24-07-2021 15:41,1.009974024,36.20640830000002
2835,-73.92757333,40.837655,24-07-2021 15:41,1.009974024,36.20640830000002
2836,-73.92760333,40.83771833,24-07-2021 15:41,1.007810309,36.20640830000002
2837,-73.92762333,40.837785,24-07-2021 15:41,1.007810309,36.20640830000002
2838,-73.92763667,40.83785667,24-07-2021 15:41,1.009974024,36.202990279999995
2839,-73.92766167,40.83792833,24-07-2021 15:41,1.009974024,35.529640340000014
2840,-73.927735,40.83807,24-07-2021 15:41,1.012137739,35.529640340000014
2841,-73.927775,40.83814167,24-07-2021 15:41,1.012137739,35.215182500000026
2842,-73.92781667,40.83820833,24-07-2021 15:41,1.012137739,35.215182500000026
2843,-73.92785167,40.83826667,24-07-2021 15:43,1.009974024,35.215182500000026
2844,-73.92788333,40.83832167,24-07-2021 15:43,1.009974024,35.215182500000026
2845,-73.92791167,40.83837167,24-07-2021 15:43,1.00348288,34.09748996000002
2846,-73.92795,40.83841333,24-07-2021 15:43,1.00348288,34.09748996000002
2847,-73.92798833,40.83844667,24-07-2021 15:43,1.00348288,34.09748996000002
2848,-73.928025,40.83847167,24-07-2021 15:43,1.00348288,34.09748996000002
2849,-73.92805167,40.83853667,24-07-2021 15:43,1.00348288,34.09748996000002
2850,-73.92806167,40.83856333,24-07-2021 15:43,1.00348288,34.09748996000002
2851,-73.92806833,40.83858333,24-07-2021 15:43,1.005646594,34.09748996000002
2852,-73.92803167,40.838645,24-07-2021 15:43,1.005646594,33.742015880000054
2853,-73.92787667,40.83864333,24-07-2021 15:43,1.007810309,33.97785926000006
2854,-73.9278,40.83862833,24-07-2021 15:43,1.007810309,34.78793000000002
2855,-73.92772333,40.83861667,24-07-2021 15:43,0.996991735,34.78793000000002
2856,-73.92765167,40.83860833,24-07-2021 15:43,0.996991735,34.78793000000002
2857,-73.92746,40.83858333,24-07-2021 15:44,1.001439371,35.184420320000015
2858,-73.92741333,40.838575,24-07-2021 15:44,1.001439371,35.184420320000015
2859,-73.92737333,40.83856833,24-07-2021 15:44,0.997111941,35.184420320000015
2860,-73.92727167,40.83858667,24-07-2021 15:44,1.001439371,35.44077182000001
2861,-73.92715,40.83858,24-07-2021 15:44,0.999275656,35.44077182000001
2862,-73.92711,40.83858167,24-07-2021 15:44,0.999275656,35.44077182000001
2863,-73.92686167,40.838615,24-07-2021 15:44,1.001439371,35.72104946000002
2864,-73.92682667,40.83861667,24-07-2021 15:44,1.003603086,35.72104946000002
2865,-73.92660167,40.83859167,24-07-2021 15:44,1.005766801,35.72104946000002
2866,-73.92656833,40.83859167,24-07-2021 15:44,1.003603086,35.72104946000002
2867,-73.9264,40.83857167,24-07-2021 15:44,1.005766801,36.025253239999984
2868,-73.92622167,40.83854333,24-07-2021 15:44,1.010094231,36.025253239999984
2869,-73.92611167,40.8387,24-07-2021 15:44,1.007930516,35.676615200000015
2870,-73.92607333,40.83875333,24-07-2021 15:44,1.001439371,35.676615200000015
2871,-73.926045,40.83879667,24-07-2021 15:44,1.001439371,35.676615200000015
2872,-73.926025,40.83883167,24-07-2021 15:44,1.007930516,35.676615200000015
2873,-73.92601333,40.83885333,24-07-2021 15:44,1.007930516,35.676615200000015
2874,-73.925925,40.838995,24-07-2021 15:44,1.010214437,35.06137160000003
2875,-73.92589833,40.839055,24-07-2021 15:44,1.010214437,35.06137160000003
2876,-73.92584333,40.83917833,24-07-2021 15:44,1.018869297,35.37582944000002
2877,-73.925805,40.839235,24-07-2021 15:44,1.014541867,36.50035802000002
2878,-73.925765,40.83928833,24-07-2021 15:44,1.014541867,36.50035802000002
2879,-73.925725,40.83934667,24-07-2021 15:44,1.018869297,36.50035802000002
2880,-73.92569833,40.83940333,24-07-2021 15:44,1.018869297,36.50035802000002
2881,-73.92566167,40.83946333,24-07-2021 15:44,1.016705582,37.24548637999999
2882,-73.92562333,40.83952667,24-07-2021 15:44,1.016705582,37.24548637999999
2883,-73.92554667,40.83966,24-07-2021 15:44,1.010214437,37.24548637999999
2884,-73.92551,40.83973,24-07-2021 15:44,1.012378152,37.93934444000001
2885,-73.92546667,40.83980333,24-07-2021 15:44,1.012378152,38.71181696000002
2886,-73.92542667,40.83987667,24-07-2021 15:44,1.016705582,38.71181696000002
2887,-73.92538167,40.83993667,24-07-2021 15:44,1.016705582,38.71181696000002
2888,-73.92535,40.83998833,24-07-2021 15:44,1.016705582,38.968168460000015
2889,-73.92532667,40.84002833,24-07-2021 15:44,1.016705582,38.968168460000015
2890,-73.92531,40.840055,24-07-2021 15:44,1.018869297,38.968168460000015
2891,-73.92547167,40.84012167,24-07-2021 15:44,1.014541867,38.39052307999998
2892,-73.92551833,40.84010833,24-07-2021 15:44,1.010214437,38.39052307999998
2893,-73.92561333,40.84011333,24-07-2021 15:44,1.010214437,38.39052307999998
2894,-73.92569167,40.84011833,24-07-2021 15:44,1.010214437,38.39052307999998
2895,-73.92579167,40.84012,24-07-2021 15:45,1.010214437,37.51892798000006
2896,-73.925885,40.84012,24-07-2021 15:45,0.999395863,37.51892798000006
2897,-73.92612333,40.84015667,24-07-2021 15:45,1.003723292,35.71079540000005
2898,-73.92618,40.84016667,24-07-2021 15:45,1.003723292,35.71079540000005
2899,-73.92621667,40.840175,24-07-2021 15:45,1.003723292,35.71079540000005
2900,-73.926245,40.84018333,24-07-2021 15:45,1.001559577,35.71079540000005
2901,-73.92632833,40.84023167,24-07-2021 15:45,0.999395863,35.71079540000005
2902,-73.92633667,40.84026333,24-07-2021 15:45,0.999395863,35.61850886000002
2903,-73.92631667,40.84029,24-07-2021 15:45,0.999395863,35.61850886000002
2904,-73.92628667,40.84033,24-07-2021 15:45,0.999395863,35.61850886000002
2905,-73.92626167,40.84037833,24-07-2021 15:45,0.999395863,35.61850886000002
2906,-73.92623167,40.84042833,24-07-2021 15:45,0.999395863,35.61850886000002
2907,-73.92620667,40.84048167,24-07-2021 15:45,0.997232148,35.61850886000002
2908,-73.92617667,40.84053167,24-07-2021 15:46,0.997232148,35.37924745999999
2909,-73.92614833,40.84058,24-07-2021 15:46,0.999395863,35.37924745999999
2910,-73.92611667,40.84063,24-07-2021 15:46,0.999395863,35.37924745999999
2911,-73.92609167,40.84068,24-07-2021 15:46,0.992904718,36.985716860000025
2912,-73.92606167,40.840725,24-07-2021 15:46,0.992904718,36.985716860000025
2913,-73.92603167,40.84077333,24-07-2021 15:46,0.992904718,36.985716860000025
2914,-73.925995,40.84082333,24-07-2021 15:46,0.992904718,36.74987348000002
2915,-73.92596,40.84087333,24-07-2021 15:46,0.992904718,36.74987348000002
2916,-73.925925,40.84092,24-07-2021 15:46,0.992904718,36.74987348000002
2917,-73.925895,40.84096833,24-07-2021 15:46,0.992904718,36.74987348000002
2918,-73.92586,40.84102,24-07-2021 15:46,0.992904718,36.74987348000002
2919,-73.92585333,40.84107,24-07-2021 15:46,0.992904718,35.987655020000034
2920,-73.92581833,40.84111833,24-07-2021 15:46,0.992904718,35.987655020000034
2921,-73.925755,40.84122167,24-07-2021 15:46,0.992904718,35.987655020000034
2922,-73.92569,40.841355,24-07-2021 15:46,0.988577288,36.32262098000001
2923,-73.925665,40.84139,24-07-2021 15:46,0.986413573,36.32262098000001
2924,-73.92562167,40.84146333,24-07-2021 15:46,0.986413573,36.32262098000001
2925,-73.92559667,40.84149667,24-07-2021 15:46,0.986413573,36.32262098000001
2926,-73.92557833,40.84152667,24-07-2021 15:46,0.990741003,36.32262098000001
2927,-73.92556333,40.84154667,24-07-2021 15:46,0.990741003,36.32262098000001
2928,-73.92549333,40.84177667,24-07-2021 15:46,0.997352354,36.10386770000002
2929,-73.92543167,40.84189667,24-07-2021 15:46,0.993024924,36.134629880000034
2930,-73.92538833,40.84195333,24-07-2021 15:46,0.993024924,36.838742000000025
2931,-73.9253,40.84206833,24-07-2021 15:46,0.98653378,36.838742000000025
2932,-73.92524,40.842145,24-07-2021 15:46,0.993024924,36.80456179999999
2933,-73.925225,40.84217333,24-07-2021 15:46,0.993024924,36.80456179999999
2934,-73.92520667,40.84220167,24-07-2021 15:46,0.990861209,36.80456179999999
2935,-73.92518667,40.84222833,24-07-2021 15:46,0.990861209,36.80456179999999
2936,-73.92516167,40.84226,24-07-2021 15:46,0.98653378,36.80456179999999
2937,-73.92509833,40.84232667,24-07-2021 15:46,0.993024924,36.80456179999999
2938,-73.92507833,40.84236667,24-07-2021 15:46,0.993024924,36.80456179999999
2939,-73.92504833,40.84242,24-07-2021 15:46,0.988697495,36.60289862000002
2940,-73.92501667,40.842465,24-07-2021 15:46,0.988697495,36.63366080000003
2941,-73.92498333,40.84250333,24-07-2021 15:46,0.988697495,36.63366080000003
2942,-73.924945,40.84253333,24-07-2021 15:46,0.988697495,36.63366080000003
2943,-73.92490667,40.842565,24-07-2021 15:46,0.988697495,36.63366080000003
2944,-73.92487333,40.84259833,24-07-2021 15:46,0.988697495,36.63366080000003
2945,-73.92485333,40.84263667,24-07-2021 15:46,0.98653378,36.63366080000003
2946,-73.92481333,40.84267667,24-07-2021 15:46,0.984370065,36.29869484000005
2947,-73.92479167,40.84271333,24-07-2021 15:46,0.984370065,36.29869484000005
2948,-73.92477,40.84276667,24-07-2021 15:46,0.984370065,36.29869484000005
2949,-73.92473833,40.84281833,24-07-2021 15:46,0.984370065,36.29869484000005
2950,-73.92471833,40.84288667,24-07-2021 15:46,0.98653378,36.29869484000005
2951,-73.92469333,40.84296,24-07-2021 15:46,0.98653378,35.82700808000004
2952,-73.92467833,40.84302833,24-07-2021 15:46,0.980042635,35.82700808000004
2953,-73.92464667,40.843155,24-07-2021 15:46,0.98220635,36.349965139999995
2954,-73.92464167,40.84321333,24-07-2021 15:46,0.98220635,36.049179380000055
2955,-73.92463667,40.84326333,24-07-2021 15:46,0.980042635,36.049179380000055
2956,-73.924625,40.84333667,24-07-2021 15:46,0.980042635,36.049179380000055
2957,-73.92462167,40.84336,24-07-2021 15:46,0.980042635,36.049179380000055
2958,-73.92462333,40.84337667,24-07-2021 15:46,0.980042635,36.049179380000055
2959,-73.92458833,40.843475,24-07-2021 15:46,0.975715205,36.049179380000055
2960,-73.924555,40.84352167,24-07-2021 15:46,0.975715205,35.76890174000005
2961,-73.92452167,40.84357333,24-07-2021 15:46,0.980042635,35.76890174000005
2962,-73.92443,40.84363167,24-07-2021 15:47,0.97787892,35.76890174000005
2963,-73.92432,40.84373,24-07-2021 15:47,0.980162841,35.76890174000005
2964,-73.92429833,40.84374833,24-07-2021 15:47,0.980162841,36.18590018000003
2965,-73.92427833,40.84376833,24-07-2021 15:47,0.980162841,36.18590018000003
2966,-73.92425667,40.84378833,24-07-2021 15:47,0.980162841,36.18590018000003
2967,-73.92424,40.84380667,24-07-2021 15:47,0.980162841,36.18590018000003
2968,-73.92423,40.843825,24-07-2021 15:47,0.980162841,36.18590018000003
2969,-73.92417667,40.84387333,24-07-2021 15:47,0.982326556,36.18590018000003
2970,-73.92416167,40.843905,24-07-2021 15:47,0.982326556,36.18590018000003
2971,-73.92415,40.84393833,24-07-2021 15:47,0.982326556,36.18590018000003
2972,-73.92412667,40.84396833,24-07-2021 15:47,0.986653986,36.18590018000003
2973,-73.92408833,40.84398833,24-07-2021 15:47,0.986653986,36.18590018000003
2974,-73.92405,40.844,24-07-2021 15:47,0.980162841,36.18590018000003
2975,-73.92400833,40.84401833,24-07-2021 15:47,0.980162841,36.069687499999986
2976,-73.92392833,40.844065,24-07-2021 15:47,0.988817701,36.332875039999976
2977,-73.92389,40.84408833,24-07-2021 15:47,0.986653986,36.332875039999976
2978,-73.92384833,40.84411,24-07-2021 15:47,0.986653986,36.332875039999976
2979,-73.92378833,40.84412333,24-07-2021 15:47,0.990981416,36.332875039999976
2980,-73.923655,40.84414333,24-07-2021 15:47,0.993145131,36.332875039999976
2981,-73.92360833,40.844145,24-07-2021 15:47,0.993145131,36.332875039999976
2982,-73.92344833,40.84410333,24-07-2021 15:47,1.00179999,36.343129100000056
2983,-73.92342333,40.84410167,24-07-2021 15:47,1.00179999,36.343129100000056
2984,-73.92328333,40.844055,24-07-2021 15:47,1.00612742,36.343129100000056
2985,-73.92326333,40.84403833,24-07-2021 15:47,1.00612742,36.343129100000056
2986,-73.92326,40.843985,24-07-2021 15:47,1.00179999,36.59264456000005
2987,-73.92325833,40.84391333,24-07-2021 15:47,1.00179999,36.59264456000005
2988,-73.92325,40.84383833,24-07-2021 15:47,0.999636275,36.59264456000005
2989,-73.92323333,40.843755,24-07-2021 15:48,0.999636275,36.496939999999995
2990,-73.92323167,40.84368167,24-07-2021 15:48,1.00179999,36.97546280000006
2991,-73.92323667,40.84361833,24-07-2021 15:48,1.00179999,36.97546280000006
2992,-73.92323833,40.84356667,24-07-2021 15:48,1.00612742,36.97546280000006
2993,-73.92323667,40.843525,24-07-2021 15:48,1.00612742,36.97546280000006
2994,-73.92323667,40.84348833,24-07-2021 15:48,1.00179999,36.97546280000006
2995,-73.923235,40.84345,24-07-2021 15:48,1.00179999,37.63514066000005
2996,-73.92323333,40.843415,24-07-2021 15:48,0.999636275,37.63514066000005
2997,-73.92323333,40.84338667,24-07-2021 15:48,0.999636275,37.63514066000005
2998,-73.92323167,40.84336167,24-07-2021 15:48,1.008291135,37.63514066000005
2999,-73.92323,40.84333833,24-07-2021 15:48,1.008291135,37.63514066000005
3000,-73.923205,40.84323,24-07-2021 15:48,0.999636275,37.63514066000005
3001,-73.92319667,40.84317167,24-07-2021 15:48,1.00612742,38.086319300000014
3002,-73.92316833,40.84308,24-07-2021 15:48,1.008411341,38.086319300000014
3003,-73.92315833,40.84304167,24-07-2021 15:48,1.006247626,38.086319300000014
3004,-73.923145,40.843,24-07-2021 15:48,1.006247626,38.086319300000014
3005,-73.9231,40.84289667,24-07-2021 15:48,1.004083911,38.53066190000004
3006,-73.923075,40.84283833,24-07-2021 15:48,1.004083911,38.53066190000004
3007,-73.92304333,40.84277167,24-07-2021 15:48,1.001920197,38.53066190000004
3008,-73.923015,40.842695,24-07-2021 15:48,1.001920197,38.53066190000004
3009,-73.92298833,40.842615,24-07-2021 15:48,1.006247626,38.56142408000005
3010,-73.922955,40.84252833,24-07-2021 15:48,1.006247626,38.56142408000005
3011,-73.92292333,40.84244667,24-07-2021 15:48,1.001920197,38.56142408000005
3012,-73.92289667,40.84236167,24-07-2021 15:48,1.001920197,38.42812130000004
3013,-73.92287,40.84227667,24-07-2021 15:48,1.001920197,37.93592641999999
3014,-73.92283833,40.84219,24-07-2021 15:48,1.001920197,37.93592641999999
3015,-73.9228,40.84210333,24-07-2021 15:48,1.006247626,37.659066800000005
3016,-73.92275667,40.84201667,24-07-2021 15:48,1.006247626,37.659066800000005
3017,-73.92271,40.841935,24-07-2021 15:48,1.001920197,37.659066800000005
3018,-73.92267167,40.841855,24-07-2021 15:48,1.001920197,37.426641440000026
3019,-73.92264,40.84177833,24-07-2021 15:48,1.001920197,37.426641440000026
3020,-73.92261167,40.84170333,24-07-2021 15:48,1.001920197,37.426641440000026
3021,-73.92258333,40.84163,24-07-2021 15:48,0.999756482,37.426641440000026
3022,-73.92255,40.841555,24-07-2021 15:48,0.999756482,37.85047592000001
3023,-73.9225,40.84148333,24-07-2021 15:48,0.999756482,37.85047592000001
3024,-73.92245333,40.84141333,24-07-2021 15:48,0.999756482,37.85047592000001
3025,-73.92240667,40.84134833,24-07-2021 15:48,0.999756482,37.85047592000001
3026,-73.92235667,40.84129,24-07-2021 15:48,0.999756482,37.96327058000003
3027,-73.922305,40.84124167,24-07-2021 15:48,0.995429052,37.96327058000003
3028,-73.92225667,40.84119833,24-07-2021 15:49,0.995429052,37.96327058000003
3029,-73.92221667,40.841155,24-07-2021 15:49,0.995429052,38.30849060000003
3030,-73.92219,40.84111833,24-07-2021 15:49,0.995429052,38.30849060000003
3031,-73.92217,40.84109,24-07-2021 15:49,0.988937907,38.30849060000003
3032,-73.92215667,40.84107167,24-07-2021 15:49,0.988937907,38.30849060000003
3033,-73.92201833,40.84106167,24-07-2021 15:49,0.995429052,38.30849060000003
3034,-73.922,40.84107667,24-07-2021 15:49,0.995429052,38.30849060000003
3035,-73.92178167,40.84126667,24-07-2021 15:49,1.002040403,38.626366459999986
3036,-73.92173833,40.84130667,24-07-2021 15:49,0.999876688,38.626366459999986
3037,-73.921715,40.841325,24-07-2021 15:49,0.999876688,38.42470328000002
3038,-73.92150667,40.841505,24-07-2021 15:49,1.010695263,38.756251220000024
3039,-73.921485,40.84154167,24-07-2021 15:49,1.015022692,38.756251220000024
3040,-73.92145833,40.841585,24-07-2021 15:49,1.015022692,38.756251220000024
3041,-73.92143,40.841635,24-07-2021 15:49,1.015022692,38.558006060000025
3042,-73.92138667,40.84168833,24-07-2021 15:49,1.015022692,38.558006060000025
3043,-73.921335,40.84174833,24-07-2021 15:49,1.008531548,38.558006060000025
3044,-73.92128667,40.84181,24-07-2021 15:49,1.008531548,38.558006060000025
3045,-73.92124667,40.841865,24-07-2021 15:49,1.010695263,38.246966240000006
3046,-73.92120667,40.84191333,24-07-2021 15:49,1.010695263,38.246966240000006
3047,-73.92118,40.84195833,24-07-2021 15:49,1.008531548,38.246966240000006
3048,-73.92115,40.841995,24-07-2021 15:49,1.008531548,39.016020740000044
3049,-73.92107,40.84212667,24-07-2021 15:49,1.010695263,39.016020740000044
3050,-73.921045,40.842175,24-07-2021 15:49,1.010695263,38.49306367999998
3051,-73.92103833,40.84221667,24-07-2021 15:49,1.008531548,38.49306367999998
3052,-73.92101833,40.84230167,24-07-2021 15:49,1.004204118,38.49306367999998
3053,-73.92098333,40.84235,24-07-2021 15:49,1.004204118,38.49306367999998
3054,-73.92094167,40.842405,24-07-2021 15:49,0.999876688,37.98719672000004
3055,-73.92090333,40.84246,24-07-2021 15:49,0.999876688,37.98719672000004
3056,-73.92086333,40.84251833,24-07-2021 15:49,0.995549258,37.98719672000004
3057,-73.92082167,40.84257667,24-07-2021 15:49,0.995549258,37.98719672000004
3058,-73.92077833,40.84263333,24-07-2021 15:49,0.999876688,38.30849060000003
3059,-73.92073833,40.842685,24-07-2021 15:50,0.999876688,37.72400918000005
3060,-73.920695,40.84272833,24-07-2021 15:50,0.995549258,38.00770484000003
3061,-73.920655,40.84276667,24-07-2021 15:50,0.995549258,38.00770484000003
3062,-73.92061833,40.842805,24-07-2021 15:50,0.995549258,38.00770484000003
3063,-73.92058333,40.84284667,24-07-2021 15:50,0.995549258,38.00770484000003
3064,-73.92055167,40.84288833,24-07-2021 15:50,0.993385543,38.00770484000003
3065,-73.92051167,40.84293333,24-07-2021 15:50,0.993385543,38.00770484000003
3066,-73.92047167,40.84299,24-07-2021 15:50,0.986894399,37.06774933999998
3067,-73.92038333,40.84311167,24-07-2021 15:50,0.986894399,37.06774933999998
3068,-73.92034,40.843175,24-07-2021 15:50,0.989058114,37.300174700000014
3069,-73.9203,40.843235,24-07-2021 15:50,0.989058114,37.17712598000003
3070,-73.92026167,40.84329667,24-07-2021 15:50,0.993385543,37.17712598000003
3071,-73.92022667,40.84335667,24-07-2021 15:50,0.993385543,37.17712598000003
3072,-73.92019167,40.84341167,24-07-2021 15:50,0.995549258,37.17712598000003
3073,-73.92016167,40.84345833,24-07-2021 15:50,0.995549258,37.17712598000003
3074,-73.92014333,40.84349167,24-07-2021 15:50,0.993385543,36.98913488000005
3075,-73.92013667,40.843505,24-07-2021 15:50,0.993385543,36.98913488000005
3076,-73.92012167,40.84351167,24-07-2021 15:50,1.006488039,36.98913488000005
3077,-73.92009333,40.84353,24-07-2021 15:50,1.006488039,36.98913488000005
3078,-73.91981167,40.84349167,24-07-2021 15:50,1.010815469,38.12733553999999
3079,-73.91974667,40.84346167,24-07-2021 15:50,1.010815469,38.34608881999998
3080,-73.91968167,40.84342833,24-07-2021 15:50,0.99783318,38.34608881999998
3081,-73.919615,40.84340167,24-07-2021 15:50,0.99783318,39.033110840000006
3082,-73.91954833,40.843375,24-07-2021 15:50,0.99783318,39.033110840000006
3083,-73.91948333,40.84335333,24-07-2021 15:50,0.99783318,39.033110840000006
3084,-73.91942667,40.84333667,24-07-2021 15:50,0.999996894,39.033110840000006
3085,-73.91938333,40.84332167,24-07-2021 15:50,0.999996894,39.033110840000006
3086,-73.91935667,40.843315,24-07-2021 15:50,0.995669465,39.67911662000006
3087,-73.91925,40.84334833,24-07-2021 15:50,0.995669465,39.67911662000006
3088,-73.91921167,40.84337667,24-07-2021 15:50,0.99350575,39.67911662000006
3089,-73.91917667,40.84341333,24-07-2021 15:50,0.99350575,39.67911662000006
3090,-73.91914333,40.84345167,24-07-2021 15:50,0.98917832,39.67911662000006
3091,-73.91910833,40.84349667,24-07-2021 15:50,0.98917832,39.89103385999999
3092,-73.91901833,40.843595,24-07-2021 15:50,0.99783318,41.15911928000003
3093,-73.91897,40.84365333,24-07-2021 15:50,0.98917832,41.15911928000003
3094,-73.91892667,40.84371167,24-07-2021 15:51,0.98917832,41.31634819999999
3095,-73.91887833,40.84376833,24-07-2021 15:51,0.991342035,41.31634819999999
3096,-73.91883333,40.843825,24-07-2021 15:51,0.991342035,41.31634819999999
3097,-73.918785,40.84388167,24-07-2021 15:51,0.991342035,41.31634819999999
3098,-73.91873333,40.84393833,24-07-2021 15:51,0.991342035,40.277270120000026
3099,-73.91863167,40.84404667,24-07-2021 15:51,0.99350575,40.277270120000026
3100,-73.91855667,40.84410167,24-07-2021 15:51,0.99350575,40.18840160000002
3101,-73.91848833,40.844155,24-07-2021 15:51,0.98917832,40.18840160000002
3102,-73.91845167,40.84421167,24-07-2021 15:51,0.98917832,39.37149482000001
3103,-73.91842667,40.84428,24-07-2021 15:51,0.99350575,39.37149482000001
3104,-73.918405,40.84435333,24-07-2021 15:51,0.99350575,39.37149482000001
3105,-73.91838333,40.84442833,24-07-2021 15:51,0.99350575,39.37149482000001
3106,-73.91835333,40.84458167,24-07-2021 15:51,0.98917832,38.25038426000003
3107,-73.91832667,40.84473833,24-07-2021 15:51,0.98917832,37.53260006000005
3108,-73.9183,40.84491333,24-07-2021 15:51,0.987014605,37.53260006000005
3109,-73.91828667,40.84500667,24-07-2021 15:51,0.987014605,37.26599450000003
3110,-73.91827333,40.8451,24-07-2021 15:51,0.98917832,37.26599450000003
3111,-73.91826333,40.84518333,24-07-2021 15:51,0.98917832,37.26599450000003
3112,-73.91825667,40.84526667,24-07-2021 15:51,0.99350575,37.26599450000003
3113,-73.91824667,40.84534333,24-07-2021 15:51,0.99350575,37.17370796
3114,-73.91824333,40.84541833,24-07-2021 15:51,0.99350575,37.17370796
3115,-73.91822667,40.84549333,24-07-2021 15:51,0.99350575,37.17370796
3116,-73.918195,40.84557,24-07-2021 15:51,0.991342035,37.42322342
3117,-73.91817667,40.84565333,24-07-2021 15:51,0.991342035,37.42322342
3118,-73.91817667,40.84573167,24-07-2021 15:51,0.98917832,37.42322342
3119,-73.91817333,40.84580167,24-07-2021 15:51,0.98917832,37.42322342
3120,-73.91815667,40.84584667,24-07-2021 15:51,0.99350575,37.45398560000001
3121,-73.918145,40.845895,24-07-2021 15:51,0.993625956,37.45398560000001
3122,-73.91814167,40.84595,24-07-2021 15:51,0.991462241,37.45398560000001
3123,-73.91813833,40.846,24-07-2021 15:51,0.991462241,37.45398560000001
3124,-73.91813667,40.84604667,24-07-2021 15:51,0.987134812,37.45398560000001
3125,-73.91813333,40.846085,24-07-2021 15:51,0.987134812,37.85731196000006
3126,-73.91813667,40.84611333,24-07-2021 15:51,0.989298526,37.85731196000006
3127,-73.91809,40.84617,24-07-2021 15:51,0.989298526,37.85731196000006
3128,-73.91806833,40.84618833,24-07-2021 15:51,0.989298526,37.85731196000006
3129,-73.91803333,40.846195,24-07-2021 15:51,0.997953386,37.85731196000006
3130,-73.91797833,40.84620833,24-07-2021 15:51,0.997953386,37.85731196000006
3131,-73.91790833,40.84622333,24-07-2021 15:51,1.000117101,37.85731196000006
3132,-73.91777667,40.84623333,24-07-2021 15:51,1.000117101,37.94276246000004
3133,-73.91772667,40.846245,24-07-2021 15:51,0.995789671,37.94276246000004
3134,-73.91766833,40.84625,24-07-2021 15:51,0.995789671,37.94276246000004
3135,-73.917605,40.84625833,24-07-2021 15:51,1.000117101,37.94276246000004
3136,-73.917505,40.84626333,24-07-2021 15:51,1.000117101,37.94276246000004
3137,-73.91747,40.84624667,24-07-2021 15:51,1.000117101,37.85731196000006
3138,-73.91744333,40.84623167,24-07-2021 15:52,0.993625956,37.85731196000006
3139,-73.917425,40.846215,24-07-2021 15:52,0.993625956,37.85731196000006
3140,-73.91739167,40.84618833,24-07-2021 15:52,0.993625956,37.85731196000006
3141,-73.917345,40.846165,24-07-2021 15:52,0.993625956,37.85731196000006
3142,-73.91733333,40.846135,24-07-2021 15:52,0.993625956,37.85731196000006
3143,-73.917325,40.84609,24-07-2021 15:52,0.993625956,37.85731196000006
3144,-73.917315,40.84602833,24-07-2021 15:52,0.995789671,37.88123810000002
3145,-73.91730833,40.84596333,24-07-2021 15:52,0.995789671,37.88123810000002
3146,-73.91730667,40.84590167,24-07-2021 15:52,0.995789671,37.88123810000002
3147,-73.91730333,40.84583667,24-07-2021 15:52,0.995789671,37.88123810000002
3148,-73.91729667,40.84576333,24-07-2021 15:52,0.995789671,37.71717314
3149,-73.91728667,40.84568167,24-07-2021 15:52,0.995789671,37.71717314
3150,-73.91730333,40.84552333,24-07-2021 15:52,0.993625956,37.76502542000003
3151,-73.917315,40.84544167,24-07-2021 15:52,0.989298526,37.76502542000003
3152,-73.91735667,40.845275,24-07-2021 15:52,1.000117101,37.76502542000003
3153,-73.91740167,40.845195,24-07-2021 15:52,1.000117101,37.71717314
3154,-73.917495,40.84503833,24-07-2021 15:52,0.995789671,37.50525590000001
3155,-73.91753667,40.84496,24-07-2021 15:52,0.995789671,37.49841986000001
3156,-73.91757167,40.84487667,24-07-2021 15:52,0.995789671,37.49841986000001
3157,-73.91759833,40.84479167,24-07-2021 15:52,0.993625956,37.49841986000001
3158,-73.91761667,40.84470167,24-07-2021 15:52,0.993625956,37.905164239999976
3159,-73.91762167,40.84461833,24-07-2021 15:52,0.989298526,37.905164239999976
3160,-73.91761167,40.844535,24-07-2021 15:52,0.989298526,37.905164239999976
3161,-73.91761,40.844455,24-07-2021 15:52,0.989298526,38.63320250000004
3162,-73.91760833,40.84438333,24-07-2021 15:52,0.989298526,38.63320250000004
3163,-73.91760333,40.84432,24-07-2021 15:52,0.987134812,38.63320250000004
3164,-73.91759,40.844225,24-07-2021 15:52,0.987134812,38.63320250000004
3165,-73.91747,40.84414,24-07-2021 15:52,0.989298526,39.22793797999998
3166,-73.91731,40.84407667,24-07-2021 15:52,0.991462241,39.22793797999998
3167,-73.91723167,40.84404,24-07-2021 15:52,0.991462241,39.22793797999998
3168,-73.917075,40.84397167,24-07-2021 15:52,0.993625956,39.132233420000034
3169,-73.91688167,40.84390667,24-07-2021 15:52,0.993625956,40.06193486000001
3170,-73.91673667,40.84380333,24-07-2021 15:52,0.995789671,39.83976356000005
3171,-73.91669167,40.84378333,24-07-2021 15:52,0.995789671,39.83976356000005
3172,-73.91664333,40.84376,24-07-2021 15:52,0.989298526,39.83976356000005
3173,-73.91659167,40.84373833,24-07-2021 15:52,0.989298526,39.83976356000005
3174,-73.91650667,40.84371,24-07-2021 15:52,0.995909877,39.83976356000005
3175,-73.91625667,40.84364667,24-07-2021 15:53,1.002401022,39.32022452000001
3176,-73.91619833,40.84361667,24-07-2021 15:53,1.002401022,39.32022452000001
3177,-73.91613,40.84358833,24-07-2021 15:53,1.011055882,38.43153932000001
3178,-73.91606667,40.84356667,24-07-2021 15:53,1.011055882,38.43153932000001
3179,-73.91601333,40.84354167,24-07-2021 15:53,1.008892167,38.43153932000001
3180,-73.91598,40.84351333,24-07-2021 15:53,1.008892167,38.43153932000001
3181,-73.91596,40.84349333,24-07-2021 15:53,1.008892167,38.43153932000001
3182,-73.91581833,40.84337833,24-07-2021 15:53,1.013219597,38.05213909999998
3183,-73.91579667,40.84339167,24-07-2021 15:53,1.013219597,38.43153932000001
3184,-73.91570333,40.84338,24-07-2021 15:53,1.006848658,37.559944220000034
3185,-73.91567167,40.84337167,24-07-2021 15:53,1.006848658,37.559944220000034
3186,-73.915565,40.84341333,24-07-2021 15:53,1.002521229,37.93250840000002
3187,-73.91553167,40.84344,24-07-2021 15:53,1.002521229,37.93250840000002
3188,-73.91551167,40.84346,24-07-2021 15:53,1.006848658,37.93250840000002
3189,-73.91549,40.84347333,24-07-2021 15:53,1.006848658,37.93250840000002
3190,-73.91542,40.84352667,24-07-2021 15:53,1.004684943,37.542854120000015
3191,-73.91458,40.84432167,24-07-2021 15:53,1.002641435,37.395879260000015
3192,-73.91453667,40.84437167,24-07-2021 15:53,1.011416501,37.395879260000015
3193,-73.91449833,40.844415,24-07-2021 15:53,1.011416501,37.395879260000015
3194,-73.91444333,40.84447,24-07-2021 15:53,1.007089071,36.99255290000002
3195,-73.914395,40.84452833,24-07-2021 15:53,1.007089071,36.99255290000002
3196,-73.91435,40.84459167,24-07-2021 15:53,1.002761641,36.900266360000046
3197,-73.91430833,40.84464667,24-07-2021 15:53,1.002761641,36.900266360000046
3198,-73.914255,40.844705,24-07-2021 15:53,1.007089071,36.900266360000046
3199,-73.91422167,40.84474667,24-07-2021 15:53,1.007089071,36.496939999999995
3200,-73.914185,40.84478667,24-07-2021 15:53,1.002761641,36.496939999999995
3201,-73.91406333,40.844905,24-07-2021 15:53,1.000597926,36.496939999999995
3202,-73.91398167,40.84504333,24-07-2021 15:53,1.000597926,36.869504180000035
3203,-73.913945,40.84508167,24-07-2021 15:53,1.002761641,36.869504180000035
3204,-73.913915,40.84509667,24-07-2021 15:53,1.002761641,36.869504180000035
3205,-73.91383,40.84509167,24-07-2021 15:54,1.004925356,36.869504180000035
3206,-73.913775,40.84507667,24-07-2021 15:54,1.009252786,36.869504180000035
3207,-73.91371333,40.84505333,24-07-2021 15:54,1.009252786,36.869504180000035
3208,-73.91364833,40.84504333,24-07-2021 15:54,1.011416501,36.869504180000035
3209,-73.91358333,40.845035,24-07-2021 15:54,1.011416501,37.016479040000036
3210,-73.91333667,40.84496,24-07-2021 15:54,0.996270497,37.37537114000003
3211,-73.91327333,40.84493833,24-07-2021 15:54,0.996270497,37.46765768
3212,-73.91320833,40.84491333,24-07-2021 15:54,1.002761641,37.46765768
3213,-73.91313833,40.84489,24-07-2021 15:54,1.002761641,37.46765768
3214,-73.91306333,40.84487333,24-07-2021 15:54,1.000597926,37.46765768
3215,-73.91299667,40.844855,24-07-2021 15:54,1.000597926,37.46765768
3216,-73.91293833,40.84483667,24-07-2021 15:54,1.000597926,37.46765768
3217,-73.91288167,40.84481833,24-07-2021 15:54,1.000597926,37.08142142000003
3218,-73.91282833,40.84479,24-07-2021 15:54,0.996270497,37.08142142000003
3219,-73.912765,40.844765,24-07-2021 15:54,0.996270497,37.08142142000003
3220,-73.91269667,40.84474,24-07-2021 15:54,1.004925356,37.08142142000003
3221,-73.91262667,40.84471667,24-07-2021 15:54,1.004925356,36.89684834000002
3222,-73.91255667,40.84470167,24-07-2021 15:54,1.002761641,36.89684834000002
3223,-73.91248833,40.8447,24-07-2021 15:54,1.002761641,36.838742000000025
3224,-73.91243,40.844685,24-07-2021 15:54,0.998434212,36.838742000000025
3225,-73.912375,40.84467167,24-07-2021 15:54,0.998434212,36.838742000000025
3226,-73.91233167,40.84466667,24-07-2021 15:55,0.998434212,36.838742000000025
3227,-73.91223333,40.84472333,24-07-2021 15:56,1.000597926,36.838742000000025
3228,-73.91215167,40.84477167,24-07-2021 15:56,0.998434212,36.85241408000002
3229,-73.912105,40.84478667,24-07-2021 15:56,1.007089071,36.85241408000002
3230,-73.91202,40.84485167,24-07-2021 15:57,1.007089071,36.85241408000002
3231,-73.91198167,40.84487833,24-07-2021 15:57,0.998434212,36.85241408000002
3232,-73.91191,40.84490167,24-07-2021 15:57,0.998434212,36.85241408000002
3233,-73.91184333,40.84491333,24-07-2021 15:57,1.007089071,36.85241408000002
3234,-73.91178833,40.844915,24-07-2021 15:57,1.007089071,36.753291500000046
3235,-73.91174,40.84490833,24-07-2021 15:57,1.007089071,36.753291500000046
3236,-73.91168833,40.84490333,24-07-2021 15:57,1.007089071,36.753291500000046
3237,-73.91163,40.84489333,24-07-2021 15:57,1.007089071,36.753291500000046
3238,-73.91157167,40.844875,24-07-2021 15:57,1.007089071,36.753291500000046
3239,-73.91147833,40.84487167,24-07-2021 15:57,1.007089071,36.753291500000046
3240,-73.91136167,40.84488167,24-07-2021 15:57,1.007089071,36.784053680000056
3241,-73.91123667,40.84486333,24-07-2021 15:57,1.009252786,36.784053680000056
3242,-73.91110167,40.84484833,24-07-2021 15:57,1.009252786,36.65075090000005
3243,-73.91097667,40.84484167,24-07-2021 15:57,1.007089071,36.65075090000005
3244,-73.91079667,40.84481333,24-07-2021 15:57,1.007089071,36.65075090000005
3245,-73.91075667,40.84480833,24-07-2021 15:57,1.002761641,36.93102854000006
3246,-73.910715,40.84484667,24-07-2021 15:57,1.002881848,36.93102854000006
3247,-73.91067,40.84486833,24-07-2021 15:57,1.002881848,36.93102854000006
3248,-73.91060667,40.84487667,24-07-2021 15:57,1.002881848,36.93102854000006
3249,-73.910545,40.844885,24-07-2021 15:57,0.998554418,36.93102854000006
3250,-73.91047333,40.8449,24-07-2021 15:57,0.998554418,36.93102854000006
3251,-73.91040333,40.84490333,24-07-2021 15:57,0.996390703,36.93102854000006
3252,-73.91034167,40.84489667,24-07-2021 15:57,0.996390703,37.187380039999994
3253,-73.910275,40.84489333,24-07-2021 15:57,1.007209277,37.187380039999994
3254,-73.91021,40.84489333,24-07-2021 15:57,1.007209277,37.187380039999994
3255,-73.91014667,40.84489667,24-07-2021 15:57,1.009372992,37.187380039999994
3256,-73.91007833,40.84489667,24-07-2021 15:57,1.009372992,37.187380039999994
3257,-73.91001167,40.84488167,24-07-2021 15:58,1.011536707,37.330936880000024
3258,-73.90993167,40.844875,24-07-2021 15:58,1.011536707,37.330936880000024
3259,-73.90984167,40.84486833,24-07-2021 15:58,1.011536707,37.330936880000024
3260,-73.90966167,40.84485667,24-07-2021 15:58,1.011536707,37.36169905999998
3261,-73.90956167,40.84484333,24-07-2021 15:58,1.013700422,37.36169905999998
3262,-73.90935333,40.84482167,24-07-2021 15:58,1.013700422,37.36169905999998
3263,-73.90925333,40.84482333,24-07-2021 15:58,1.013700422,37.30701074000001
3264,-73.90915833,40.84483167,24-07-2021 15:58,1.011536707,37.30701074000001
3265,-73.909065,40.84483833,24-07-2021 15:58,1.011536707,37.30701074000001
3266,-73.90897167,40.844845,24-07-2021 15:58,1.011536707,37.30701074000001
3267,-73.90879333,40.84485,24-07-2021 15:58,1.015864137,37.25232242000004
3268,-73.90870333,40.844845,24-07-2021 15:58,1.015864137,37.25232242000004
3269,-73.90862667,40.84481167,24-07-2021 15:58,1.009372992,37.25232242000004
3270,-73.90846333,40.84479833,24-07-2021 15:58,1.013700422,37.22839628000003
3271,-73.90839833,40.84479833,24-07-2021 15:58,1.013700422,37.22839628000003
3272,-73.90834833,40.84479667,24-07-2021 15:58,1.009372992,37.22839628000003
3273,-73.90831333,40.8448,24-07-2021 15:58,1.009372992,37.22839628000003
3274,-73.90829333,40.8448,24-07-2021 15:58,1.009372992,37.22839628000003
3275,-73.90815167,40.84478167,24-07-2021 15:58,1.007209277,37.187380039999994
3276,-73.90805167,40.844765,24-07-2021 15:58,1.009372992,37.187380039999994
3277,-73.90801167,40.84476333,24-07-2021 15:58,1.009372992,37.187380039999994
3278,-73.907975,40.84476333,24-07-2021 15:58,1.011536707,37.72400918000005
3279,-73.90792833,40.84477,24-07-2021 15:58,1.011536707,37.72400918000005
3280,-73.90789167,40.84473167,24-07-2021 15:58,1.005045563,37.72400918000005
3281,-73.90784833,40.84471333,24-07-2021 15:58,1.005045563,37.72400918000005
3282,-73.90778667,40.844715,24-07-2021 15:58,0.998554418,37.72400918000005
3283,-73.90770833,40.84471667,24-07-2021 15:59,0.998554418,37.72400918000005
3284,-73.90762,40.84471833,24-07-2021 15:59,1.000718133,37.72400918000005
3285,-73.90751167,40.84471833,24-07-2021 15:59,1.000718133,37.64197669999999
3286,-73.90740333,40.84472167,24-07-2021 15:59,0.996390703,37.64197669999999
3287,-73.90730667,40.844725,24-07-2021 15:59,0.996390703,37.64197669999999
3288,-73.90722833,40.84472333,24-07-2021 15:59,0.996390703,37.54969016000001
3289,-73.90717,40.844715,24-07-2021 15:59,0.996390703,37.54969016000001
3290,-73.90707167,40.84471167,24-07-2021 15:59,1.002881848,37.54969016000001
3291,-73.90702667,40.84471167,24-07-2021 15:59,1.002881848,37.54969016000001
3292,-73.90699,40.84471333,24-07-2021 15:59,0.998554418,37.54969016000001
3293,-73.90684333,40.844695,24-07-2021 15:59,1.000718133,37.542854120000015
3294,-73.90679667,40.844695,24-07-2021 15:59,1.000718133,37.542854120000015
3295,-73.90673167,40.84469167,24-07-2021 15:59,0.998554418,37.542854120000015
3296,-73.90666333,40.84468833,24-07-2021 15:59,0.998554418,37.542854120000015
3297,-73.90659833,40.84468833,24-07-2021 15:59,0.996390703,37.542854120000015
3298,-73.90644,40.84469333,24-07-2021 15:59,1.000718133,37.70350106000001
3299,-73.90635167,40.84469167,24-07-2021 15:59,1.000718133,37.70350106000001
3300,-73.90628667,40.84466833,24-07-2021 15:59,0.996390703,37.70350106000001
3301,-73.90619167,40.84465667,24-07-2021 15:59,0.996390703,37.70350106000001
3302,-73.90599333,40.844645,24-07-2021 15:59,0.994226988,37.806041660000005
3303,-73.90589167,40.84463667,24-07-2021 15:59,0.996390703,37.66590284000006
3304,-73.90578167,40.844635,24-07-2021 15:59,0.996390703,38.48964566000001
3305,-73.90567,40.84463833,24-07-2021 15:59,0.996390703,38.48964566000001
3306,-73.90556833,40.84463667,24-07-2021 15:59,0.996390703,38.48964566000001
3307,-73.90547833,40.84463667,24-07-2021 15:59,1.000838339,38.48964566000001
3308,-73.90541,40.84463333,24-07-2021 15:59,1.000838339,39.13565144000006
3309,-73.90535333,40.84463333,24-07-2021 15:59,1.000838339,39.13565144000006
3310,-73.90531,40.84463167,24-07-2021 15:59,1.000838339,39.13565144000006
3311,-73.90527,40.84463167,24-07-2021 15:59,1.003002054,39.13565144000006
3312,-73.90523,40.84462833,24-07-2021 15:59,1.003002054,39.13565144000006
3313,-73.905105,40.84457167,24-07-2021 15:59,1.005165769,39.13565144000006
3314,-73.90507167,40.84453833,24-07-2021 15:59,1.000838339,39.5389778
3315,-73.90502333,40.84443667,24-07-2021 15:59,1.000838339,39.5389778
3316,-73.90501833,40.84437167,24-07-2021 15:59,0.998674624,39.63126434000003
3317,-73.90502,40.844305,24-07-2021 15:59,0.998674624,39.63126434000003
3318,-73.90502167,40.84417667,24-07-2021 15:59,0.994347195,39.63126434000003
3319,-73.905025,40.844115,24-07-2021 15:59,0.990019765,39.63126434000003
3320,-73.90502167,40.84404667,24-07-2021 15:59,0.990019765,39.491125520000026
3321,-73.90502667,40.84398,24-07-2021 15:59,0.98785605,39.491125520000026
3322,-73.905035,40.843915,24-07-2021 15:59,0.98785605,39.491125520000026
3323,-73.90504167,40.84385333,24-07-2021 15:59,0.985692335,39.491125520000026
3324,-73.905055,40.8438,24-07-2021 15:59,0.985692335,39.27579026000001
3325,-73.90506,40.84374,24-07-2021 15:59,0.990019765,39.27579026000001
3326,-73.90506167,40.843715,24-07-2021 15:59,0.981364905,39.27579026000001
3327,-73.905065,40.84369167,24-07-2021 15:59,0.981364905,39.27579026000001
3328,-73.90507167,40.84366833,24-07-2021 15:59,0.98352862,39.27579026000001
3329,-73.90507833,40.84364333,24-07-2021 15:59,0.98352862,39.27579026000001
3330,-73.90519333,40.84355333,24-07-2021 15:59,0.98785605,37.597542439999984
3331,-73.90524667,40.84356,24-07-2021 15:59,0.98785605,37.597542439999984
3332,-73.90529167,40.843565,24-07-2021 15:59,0.985692335,37.597542439999984
3333,-73.90533167,40.84356667,24-07-2021 15:59,0.985692335,37.597542439999984
3334,-73.90536333,40.84357167,24-07-2021 15:59,0.98785605,38.19911395999998
3335,-73.90538833,40.84357333,24-07-2021 15:59,0.98785605,38.19911395999998
3336,-73.90542167,40.84356833,24-07-2021 15:59,0.98785605,38.19911395999998
3337,-73.90546667,40.84357167,24-07-2021 15:59,0.98785605,37.28650262000002
3338,-73.90552,40.84358167,24-07-2021 15:59,0.985692335,37.28650262000002
3339,-73.90557833,40.84360667,24-07-2021 15:59,0.985692335,37.28650262000002
3340,-73.905725,40.84361333,24-07-2021 15:12,0.987976256,37.28650262000002
3341,-73.90578667,40.84361333,24-07-2021 15:12,0.987976256,37.28650262000002
3342,-73.90583833,40.84362667,24-07-2021 15:12,0.987976256,36.43541564000003
3343,-73.90590167,40.84363667,24-07-2021 15:12,0.990139971,36.43541564000003
3344,-73.905975,40.84364833,24-07-2021 15:12,0.990139971,36.43541564000003
3345,-73.90605333,40.84365667,24-07-2021 15:12,0.992303686,36.43541564000003
3346,-73.90613333,40.84366167,24-07-2021 15:12,0.992303686,36.43541564000003
3347,-73.90620333,40.84366333,24-07-2021 15:12,0.990139971,35.19467438000004
3348,-73.90634,40.84367,24-07-2021 15:12,0.987976256,35.19467438000004
3349,-73.90637833,40.84368833,24-07-2021 15:12,0.987976256,35.19467438000004
3350,-73.906415,40.84369333,24-07-2021 15:12,0.992303686,35.19467438000004
3351,-73.90647667,40.84370167,24-07-2021 15:12,0.992303686,35.19467438000004
3352,-73.90649833,40.84371,24-07-2021 15:12,0.990139971,35.19467438000004
3353,-73.90669,40.84371333,24-07-2021 15:13,0.990139971,34.78109396000002
3354,-73.90674833,40.84371,24-07-2021 15:13,0.990139971,34.78109396000002
3355,-73.9068,40.84370333,24-07-2021 15:13,1.00312226,34.78109396000002
3356,-73.906855,40.843705,24-07-2021 15:13,1.00312226,34.78109396000002
3357,-73.90697,40.84371333,24-07-2021 15:13,1.00312226,34.99642921999998
3358,-73.90702667,40.843715,24-07-2021 15:13,1.00312226,34.99642921999998
3359,-73.90708167,40.843715,24-07-2021 15:13,1.00312226,34.99642921999998
3360,-73.90714,40.84371,24-07-2021 15:13,0.998794831,34.99642921999998
3361,-73.907235,40.84371167,24-07-2021 15:13,0.998794831,34.99642921999998
3362,-73.907275,40.84371333,24-07-2021 15:13,0.998794831,35.80649996
3363,-73.90730833,40.84371,24-07-2021 15:13,1.000958546,35.80649996
3364,-73.90733333,40.843705,24-07-2021 15:13,1.000958546,35.80649996
3365,-73.907415,40.84372333,24-07-2021 15:13,1.00744969,35.80649996
3366,-73.90746,40.84372667,24-07-2021 15:13,1.00744969,35.80649996
3367,-73.90751667,40.84373167,24-07-2021 15:13,1.009613405,35.80649996
3368,-73.90758,40.84373667,24-07-2021 15:13,1.009613405,35.80649996
3369,-73.90764667,40.84374167,24-07-2021 15:13,1.00744969,36.44908772000002
3370,-73.90778333,40.84374667,24-07-2021 15:13,1.00744969,36.44908772000002
3371,-73.90785667,40.84375167,24-07-2021 15:13,1.000958546,36.44908772000002
3372,-73.907935,40.84374833,24-07-2021 15:13,1.000958546,36.44908772000002
3373,-73.90801167,40.84374667,24-07-2021 15:13,1.000958546,36.56871841999998
3374,-73.908075,40.84374167,24-07-2021 15:13,1.000958546,36.56871841999998
3375,-73.90813667,40.843735,24-07-2021 15:13,1.00312226,36.56871841999998
3376,-73.90819167,40.843735,24-07-2021 15:13,1.00312226,36.56871841999998
3377,-73.90823667,40.843735,24-07-2021 15:13,0.996631116,36.56871841999998
3378,-73.90836333,40.84376167,24-07-2021 15:13,0.998794831,36.51744812000004
3379,-73.90840667,40.84376167,24-07-2021 15:13,1.000958546,36.51744812000004
3380,-73.90847833,40.84376833,24-07-2021 15:13,1.001078752,36.51744812000004
3381,-73.90856333,40.84377333,24-07-2021 15:13,0.996751322,36.51744812000004
3382,-73.90865167,40.84377333,24-07-2021 15:13,0.996751322,36.51744812000004
3383,-73.90873833,40.84377,24-07-2021 15:13,0.994587607,36.50377604000005
3384,-73.90891333,40.84376333,24-07-2021 15:13,1.001078752,36.50377604000005
3385,-73.90906167,40.843775,24-07-2021 15:13,1.001078752,35.98423700000001
3386,-73.90912,40.84377667,24-07-2021 15:13,0.988096463,35.98423700000001
3387,-73.90917667,40.84378167,24-07-2021 15:13,0.988096463,35.98423700000001
3388,-73.90922667,40.84378167,24-07-2021 15:13,0.992423892,35.98423700000001
3389,-73.90926333,40.84379,24-07-2021 15:14,0.992423892,35.98423700000001
3390,-73.90937167,40.84380167,24-07-2021 15:14,0.996751322,35.98423700000001
3391,-73.90940167,40.84378167,24-07-2021 15:14,0.996751322,35.98423700000001
3392,-73.909445,40.84367333,24-07-2021 15:14,0.992423892,36.03892532000003
3393,-73.90945667,40.84363667,24-07-2021 15:14,0.998915037,36.069687499999986
3394,-73.90947,40.84360333,24-07-2021 15:14,0.998915037,36.069687499999986
3395,-73.909525,40.843445,24-07-2021 15:14,0.985932748,36.069687499999986
3396,-73.90954167,40.84337667,24-07-2021 15:14,0.990260178,35.74497560000003
3397,-73.90955333,40.84334333,24-07-2021 15:14,0.988096463,35.74497560000003
3398,-73.90956667,40.84331833,24-07-2021 15:14,0.988096463,35.74497560000003
3399,-73.90961833,40.843215,24-07-2021 15:14,0.988096463,35.74497560000003
3400,-73.90962167,40.84312167,24-07-2021 15:14,0.983769033,35.74497560000003
3401,-73.90963333,40.84307167,24-07-2021 15:14,0.983769033,35.99449106000003
3402,-73.90964333,40.843015,24-07-2021 15:14,0.985932748,35.99449106000003
3403,-73.90965333,40.842955,24-07-2021 15:14,0.985932748,35.99449106000003
3404,-73.90966833,40.84289333,24-07-2021 15:14,0.985932748,35.99449106000003
3405,-73.90968,40.84282,24-07-2021 15:14,0.985932748,35.22885458000002
3406,-73.90969333,40.84266167,24-07-2021 15:15,0.990260178,35.22885458000002
3407,-73.90971,40.84257833,24-07-2021 15:15,0.985932748,34.627283060000025
3408,-73.909745,40.84241167,24-07-2021 15:15,0.988096463,34.627283060000025
3409,-73.90975667,40.84233,24-07-2021 15:15,0.988096463,34.627283060000025
3410,-73.90976333,40.842245,24-07-2021 15:15,0.985932748,34.21370264000001
3411,-73.90977333,40.84216,24-07-2021 15:15,0.985932748,34.593102860000045
3412,-73.90975833,40.84208333,24-07-2021 15:15,0.985932748,34.21370264000001
3413,-73.90973833,40.84200167,24-07-2021 15:15,0.985932748,34.21370264000001
3414,-73.90972167,40.841925,24-07-2021 15:15,0.985932748,33.91633490000004
3415,-73.90970667,40.84185333,24-07-2021 15:15,0.985932748,33.91633490000004
3416,-73.90969333,40.84179167,24-07-2021 15:15,0.981605318,33.91633490000004
3417,-73.90968,40.84173833,24-07-2021 15:15,0.981605318,33.91633490000004
3418,-73.90966833,40.84168333,24-07-2021 15:15,0.988096463,33.91633490000004
3419,-73.909655,40.841625,24-07-2021 15:15,0.988096463,33.86506459999998
3420,-73.90964,40.841565,24-07-2021 15:15,0.985932748,33.86506459999998
3421,-73.90962333,40.84150833,24-07-2021 15:15,0.985932748,33.86506459999998
3422,-73.9096,40.84145167,24-07-2021 15:15,0.992423892,33.86506459999998
3423,-73.90958667,40.84139833,24-07-2021 15:15,0.992423892,34.01545748000001
3424,-73.90957167,40.841345,24-07-2021 15:15,0.988096463,34.01545748000001
3425,-73.90955667,40.84129333,24-07-2021 15:15,0.988096463,34.01545748000001
3426,-73.909545,40.84124,24-07-2021 15:15,0.988096463,34.01545748000001
3427,-73.909545,40.84119333,24-07-2021 15:15,0.988096463,34.01545748000001
3428,-73.90955167,40.841155,24-07-2021 15:15,0.986052954,34.01545748000001
3429,-73.90968,40.84089833,24-07-2021 15:15,0.994707814,34.42220186000003
3430,-73.90974167,40.84076667,24-07-2021 15:15,0.994707814,35.20492844
3431,-73.909785,40.84067667,24-07-2021 15:15,0.990380384,36.739619420000054
3432,-73.90983,40.84057167,24-07-2021 15:15,0.990380384,37.05749528000001
3433,-73.909865,40.84051333,24-07-2021 15:15,0.994707814,37.05749528000001
3434,-73.90990333,40.84045833,24-07-2021 15:15,0.994707814,37.05749528000001
3435,-73.909945,40.8404,24-07-2021 15:15,0.990380384,37.05749528000001
3436,-73.90998833,40.840345,24-07-2021 15:15,0.990380384,37.05749528000001
3437,-73.91006667,40.84022,24-07-2021 15:15,0.990380384,37.24206836000002
3438,-73.910115,40.84014833,24-07-2021 15:15,0.990380384,37.24206836000002
3439,-73.91016,40.84008,24-07-2021 15:15,0.990380384,37.99061474000001
3440,-73.91026167,40.83990333,24-07-2021 15:15,0.990380384,38.07948326000002
3441,-73.91029167,40.83985333,24-07-2021 15:15,0.990380384,38.07948326000002
3442,-73.91033667,40.839775,24-07-2021 15:15,0.994707814,37.74793532000001
3443,-73.91051333,40.83951,24-07-2021 15:15,0.99482802,38.35634288000006
3444,-73.91054167,40.839455,24-07-2021 15:15,0.99482802,38.35634288000006
3445,-73.91056333,40.839405,24-07-2021 15:15,0.99482802,38.35634288000006
3446,-73.91060667,40.83933333,24-07-2021 15:15,0.99482802,38.13417158000004
3447,-73.91062,40.839315,24-07-2021 15:15,0.99482802,38.13417158000004
3448,-73.91069167,40.83915667,24-07-2021 15:16,1.020792599,38.13417158000004
3449,-73.91072667,40.83910667,24-07-2021 15:16,1.016465169,38.13417158000004
3450,-73.91076,40.83906,24-07-2021 15:16,1.016465169,37.94618048000001
3451,-73.910795,40.83900333,24-07-2021 15:16,1.012137739,37.94618048000001
3452,-73.91086833,40.838865,24-07-2021 15:16,1.007810309,38.19911395999998
3453,-73.91090833,40.83879167,24-07-2021 15:16,1.007810309,37.594124420000014
3454,-73.91094833,40.838715,24-07-2021 15:16,1.005646594,37.594124420000014
3455,-73.91098833,40.83864333,24-07-2021 15:16,1.005646594,37.594124420000014
3456,-73.91103,40.83856833,24-07-2021 15:16,1.012137739,37.594124420000014
3457,-73.91107667,40.83848667,24-07-2021 15:16,1.012137739,36.83532398
3458,-73.911125,40.83841,24-07-2021 15:16,1.00348288,36.83532398
3459,-73.91117333,40.83833667,24-07-2021 15:16,1.00348288,36.83532398
3460,-73.91121833,40.83827167,24-07-2021 15:16,1.009974024,37.13952776000002
3461,-73.91125667,40.83821333,24-07-2021 15:16,1.009974024,36.527702180000006
3462,-73.91129,40.83817333,24-07-2021 15:16,1.007810309,36.527702180000006
3463,-73.911355,40.83813167,24-07-2021 15:16,1.00348288,36.527702180000006
3464,-73.91140333,40.83812,24-07-2021 15:17,1.00348288,36.527702180000006
3465,-73.911465,40.83812,24-07-2021 15:17,1.009974024,36.527702180000006
3466,-73.911535,40.83813333,24-07-2021 15:17,1.009974024,36.527702180000006
3467,-73.911605,40.83814833,24-07-2021 15:17,1.007810309,37.01306102000001
3468,-73.91167167,40.838165,24-07-2021 15:17,1.007810309,37.01306102000001
3469,-73.91173833,40.83818667,24-07-2021 15:17,1.005646594,37.01306102000001
3470,-73.9118,40.83821167,24-07-2021 15:17,1.005646594,37.01306102000001
3471,-73.91186,40.83823167,24-07-2021 15:17,1.005766801,37.01306102000001
3472,-73.91191167,40.83825,24-07-2021 15:17,1.005766801,37.01306102000001
3473,-73.91195667,40.83826333,24-07-2021 15:19,1.001439371,37.457403620000036
3474,-73.91199,40.83827,24-07-2021 15:19,1.001439371,37.94276246000004
3475,-73.91219,40.83830667,24-07-2021 15:19,1.003603086,37.94276246000004
3476,-73.91224667,40.83832333,24-07-2021 15:19,0.999275656,37.94276246000004
3477,-73.91231167,40.83833167,24-07-2021 15:19,0.999275656,38.23671218000004
3478,-73.91237,40.83834,24-07-2021 15:19,0.997111941,38.23671218000004
3479,-73.91241833,40.83834667,24-07-2021 15:19,0.997111941,38.23671218000004
3480,-73.91245667,40.838355,24-07-2021 15:19,0.997111941,38.23671218000004
3481,-73.91255833,40.83839167,24-07-2021 15:19,1.007930516,38.23671218000004
3482,-73.91261167,40.83841,24-07-2021 15:19,1.007930516,38.23671218000004
3483,-73.912675,40.83843333,24-07-2021 15:19,1.007930516,38.496481700000004
3484,-73.91274833,40.83846,24-07-2021 15:19,1.003603086,38.496481700000004
3485,-73.91282333,40.83848833,24-07-2021 15:19,1.003603086,38.496481700000004
3486,-73.91289333,40.83852,24-07-2021 15:19,1.007930516,38.496481700000004
3487,-73.91296,40.83854833,24-07-2021 15:19,1.007930516,37.92567236000002
3488,-73.91307667,40.838595,24-07-2021 15:19,0.999275656,37.72742720000002
3489,-73.91316,40.83862833,24-07-2021 15:19,1.005766801,37.72742720000002
3490,-73.91335,40.83872,24-07-2021 15:19,1.023196726,37.72742720000002
3491,-73.91339,40.83873833,24-07-2021 15:19,1.018869297,37.71717314
3492,-73.91343,40.838755,24-07-2021 15:19,1.018869297,37.71717314
3493,-73.913465,40.83876667,24-07-2021 15:19,1.018869297,37.71717314
3494,-73.91349667,40.83877667,24-07-2021 15:19,1.018869297,37.71717314
3495,-73.91353667,40.83879167,24-07-2021 15:19,1.023196726,37.71717314
3496,-73.91364667,40.838835,24-07-2021 15:19,1.018869297,36.47643188000001
3497,-73.91371167,40.83885833,24-07-2021 15:20,1.018869297,36.47643188000001
3498,-73.913785,40.83888333,24-07-2021 15:20,1.023196726,36.428579600000035
3499,-73.91385333,40.838905,24-07-2021 15:20,1.023196726,36.428579600000035
3500,-73.91392,40.83892833,24-07-2021 15:20,1.014541867,36.428579600000035
3501,-73.91398833,40.83895167,24-07-2021 15:20,1.014541867,36.428579600000035
3502,-73.914075,40.83897167,24-07-2021 15:20,1.016705582,36.428579600000035
3503,-73.91416333,40.83897833,24-07-2021 15:20,1.016705582,36.58922654000003
3504,-73.91424,40.839015,24-07-2021 15:20,1.010214437,36.58922654000003
3505,-73.91432167,40.839045,24-07-2021 15:20,1.010214437,36.58922654000003
3506,-73.91454,40.83912333,24-07-2021 15:20,1.008050722,36.24742454
3507,-73.91460333,40.83914833,24-07-2021 15:20,1.008050722,36.24742454
3508,-73.914675,40.83916667,24-07-2021 15:20,1.014541867,36.24742454
3509,-73.91475333,40.83917667,24-07-2021 15:20,1.014541867,36.24742454
3510,-73.914825,40.83918667,24-07-2021 15:20,1.010214437,37.17370796
3511,-73.91487833,40.83921333,24-07-2021 15:20,1.010214437,37.17370796
3512,-73.91492667,40.83923833,24-07-2021 15:20,1.012378152,37.17370796
3513,-73.914975,40.83925833,24-07-2021 15:20,1.012378152,37.17370796
3514,-73.91505667,40.83928167,24-07-2021 15:20,1.012378152,37.17370796
3515,-73.91508833,40.83928833,24-07-2021 15:20,1.012378152,37.17370796
3516,-73.91511167,40.839295,24-07-2021 15:20,1.012378152,37.17370796
3517,-73.915245,40.83936,24-07-2021 15:20,1.021033011,38.49989972000003
3518,-73.91532333,40.83937833,24-07-2021 15:21,1.018869297,38.49989972000003
3519,-73.91540667,40.83939167,24-07-2021 15:21,1.023196726,38.49989972000003
3520,-73.91545333,40.83940833,24-07-2021 15:21,1.023196726,38.49989972000003
3521,-73.91553333,40.83943667,24-07-2021 15:21,1.021033011,38.506735760000026
3522,-73.91555833,40.83944667,24-07-2021 15:21,1.025360441,38.506735760000026
3523,-73.91558333,40.83946,24-07-2021 15:21,1.025360441,38.506735760000026
3524,-73.915605,40.83947,24-07-2021 15:21,1.023196726,38.506735760000026
3525,-73.915715,40.83952167,24-07-2021 15:21,1.027524156,38.506735760000026
3526,-73.9165,40.83893833,24-07-2021 15:21,1.034255713,37.474493720000055
3527,-73.91653833,40.83888833,24-07-2021 15:21,1.034255713,37.474493720000055
3528,-73.91657333,40.83883,24-07-2021 15:21,1.032091999,37.474493720000055
3529,-73.916615,40.83876833,24-07-2021 15:21,1.032091999,35.772319760000016
3530,-73.91665167,40.838705,24-07-2021 15:21,1.029928284,35.772319760000016
3531,-73.916935,40.83837333,24-07-2021 15:21,1.021273424,35.08187972000002
3532,-73.916975,40.83831833,24-07-2021 15:21,1.019109709,35.45786192000003
3533,-73.91701833,40.83826,24-07-2021 15:21,1.019109709,35.300633000000005
3534,-73.91710333,40.83816333,24-07-2021 15:21,1.019109709,35.300633000000005
3535,-73.917135,40.83812833,24-07-2021 15:21,1.019109709,35.300633000000005
3536,-73.91715833,40.8381,24-07-2021 15:21,1.019109709,35.300633000000005
3537,-73.91717333,40.83807833,24-07-2021 15:22,1.01478228,35.300633000000005
3538,-73.917245,40.83796667,24-07-2021 15:22,1.01478228,35.119477940000024
3539,-73.91727833,40.83793,24-07-2021 15:22,1.01478228,35.119477940000024
3540,-73.91731833,40.83788833,24-07-2021 15:22,1.008291135,35.70395936
3541,-73.91735,40.83783,24-07-2021 15:22,1.008291135,35.70395936
3542,-73.91739833,40.83777833,24-07-2021 15:22,1.00179999,35.70395936
3543,-73.91744,40.83772833,24-07-2021 15:22,1.00179999,35.89536848
3544,-73.91747333,40.83768667,24-07-2021 15:22,0.988817701,35.89536848
3545,-73.91748833,40.837655,24-07-2021 15:22,0.988817701,35.89536848
3546,-73.91757667,40.83753667,24-07-2021 15:22,0.982326556,35.89536848
3547,-73.91759833,40.83750833,24-07-2021 15:22,0.984490271,35.89536848
3548,-73.91762167,40.837475,24-07-2021 15:22,0.984490271,35.89536848
3549,-73.91767833,40.8374,24-07-2021 15:22,0.986653986,36.459341780000045
3550,-73.91783,40.83718333,24-07-2021 15:22,0.986653986,36.41490752000004
3551,-73.91787667,40.83712167,24-07-2021 15:22,0.980162841,36.41490752000004
3552,-73.91792167,40.83706167,24-07-2021 15:22,0.980162841,36.41490752000004
3553,-73.917955,40.83699667,24-07-2021 15:22,0.980162841,36.41490752000004
3554,-73.918015,40.836875,24-07-2021 15:22,0.986653986,36.39098138000003
3555,-73.91804167,40.836825,24-07-2021 15:22,0.986653986,36.81139784000004
3556,-73.91809167,40.83675167,24-07-2021 15:22,0.977999127,36.81139784000004
3557,-73.91812,40.836725,24-07-2021 15:22,0.971507982,36.81139784000004
3558,-73.91831333,40.83656667,24-07-2021 15:22,0.980162841,36.81139784000004
3559,-73.91835,40.83654,24-07-2021 15:22,0.980283048,36.81139784000004
3560,-73.91839167,40.83649667,24-07-2021 15:22,0.978119333,37.14294577999999
3561,-73.91842833,40.83644833,24-07-2021 15:22,0.978119333,37.14294577999999
3562,-73.91847,40.8364,24-07-2021 15:22,0.980283048,37.14294577999999
3563,-73.91854667,40.83631167,24-07-2021 15:22,0.980283048,37.28308460000005
3564,-73.918575,40.83627333,24-07-2021 15:22,0.982446763,37.28308460000005
3565,-73.91860167,40.83623833,24-07-2021 15:22,0.982446763,37.28308460000005
3566,-73.91862667,40.83620667,24-07-2021 15:23,0.984610478,37.28308460000005
3567,-73.91865,40.83617667,24-07-2021 15:23,0.984610478,37.28308460000005
3568,-73.91867333,40.83614333,24-07-2021 15:23,0.982446763,37.28308460000005
3569,-73.91870333,40.83610833,24-07-2021 15:23,0.982446763,37.279666580000026
3570,-73.918735,40.83606833,24-07-2021 15:23,0.982446763,37.279666580000026
3571,-73.91877,40.83603333,24-07-2021 15:23,0.982446763,37.93934444000001
3572,-73.91880167,40.836005,24-07-2021 15:23,0.982446763,37.93934444000001
3573,-73.91887,40.83593167,24-07-2021 15:23,0.984610478,37.93934444000001
3574,-73.91892167,40.835885,24-07-2021 15:23,0.984610478,37.93934444000001
3575,-73.91897333,40.83582333,24-07-2021 15:23,0.988937907,36.869504180000035
3576,-73.91908333,40.83571333,24-07-2021 15:23,0.986774192,36.869504180000035
3577,-73.919125,40.835675,24-07-2021 15:23,0.986774192,39.00918469999999
3578,-73.91916,40.83564,24-07-2021 15:23,0.982446763,39.00918469999999
3579,-73.91919167,40.83559,24-07-2021 15:23,0.984610478,39.00918469999999
3580,-73.91924167,40.83548167,24-07-2021 15:23,0.986774192,38.45546546000003
3581,-73.91926667,40.83545333,24-07-2021 15:23,0.988937907,38.45546546000003
3582,-73.91928333,40.83542833,24-07-2021 15:23,0.988937907,38.45546546000003
3583,-73.91929667,40.83540333,24-07-2021 15:23,0.988937907,38.45546546000003
3584,-73.91930667,40.83537833,24-07-2021 15:23,0.988937907,38.45546546000003
3585,-73.91932167,40.835345,24-07-2021 15:23,0.986774192,38.45546546000003
3586,-73.91934,40.8353,24-07-2021 15:24,0.986774192,37.79236958000001
3587,-73.91937333,40.83525167,24-07-2021 15:24,0.995429052,37.79236958000001
3588,-73.91941167,40.8352,24-07-2021 15:24,0.995429052,37.79236958000001
3589,-73.91945167,40.83515,24-07-2021 15:24,0.997712973,37.79236958000001
3590,-73.91956833,40.83498,24-07-2021 15:24,0.995549258,37.12585568000003
3591,-73.919605,40.83492333,24-07-2021 15:24,0.991221829,37.12585568000003
3592,-73.91966167,40.83482,24-07-2021 15:24,0.991221829,37.12585568000003
3593,-73.91969,40.83477,24-07-2021 15:24,1.002040403,37.12585568000003
3594,-73.91971833,40.834715,24-07-2021 15:24,1.002040403,35.52622231999999
3595,-73.91974667,40.83466,24-07-2021 15:24,0.995549258,35.52622231999999
3596,-73.91976167,40.83461333,24-07-2021 15:24,0.995549258,35.52622231999999
3597,-73.91977333,40.83457667,24-07-2021 15:24,1.004204118,35.52622231999999
3598,-73.91981333,40.83451333,24-07-2021 15:24,0.997712973,35.52622231999999
3599,-73.91982833,40.83448,24-07-2021 15:24,0.997712973,34.75033178000001
3600,-73.91986,40.834415,24-07-2021 15:24,0.997712973,34.75033178000001
3601,-73.919885,40.83438,24-07-2021 15:24,1.002040403,34.75033178000001
3602,-73.91993167,40.834305,24-07-2021 15:24,0.999876688,34.75033178000001
3603,-73.91997667,40.83422833,24-07-2021 15:24,0.995549258,34.22737472000006
3604,-73.92000333,40.83418333,24-07-2021 15:24,0.995549258,34.22737472000006
3605,-73.92004167,40.83414167,24-07-2021 15:25,1.004204118,34.22737472000006
3606,-73.92007667,40.83409667,24-07-2021 15:25,1.004204118,34.22737472000006
3607,-73.92013833,40.83400667,24-07-2021 15:25,1.008531548,34.22737472000006
3608,-73.92016,40.83396167,24-07-2021 15:25,1.008531548,34.22737472000006
3609,-73.92018667,40.83391333,24-07-2021 15:25,1.008531548,34.018875500000036
3610,-73.920215,40.83385667,24-07-2021 15:25,1.008531548,34.018875500000036
3611,-73.92024833,40.83380333,24-07-2021 15:25,1.008531548,34.018875500000036
3612,-73.92027333,40.83376,24-07-2021 15:25,1.006367833,34.018875500000036
3613,-73.9203,40.83371667,24-07-2021 15:25,1.006367833,34.018875500000036
3614,-73.920355,40.83361833,24-07-2021 15:25,1.008531548,33.9846953
3615,-73.92038667,40.83357,24-07-2021 15:25,1.002040403,33.9846953
3616,-73.92041667,40.83351833,24-07-2021 15:25,1.002040403,33.9846953
3617,-73.92044333,40.83346167,24-07-2021 15:25,0.995549258,33.9846953
3618,-73.92047333,40.8334,24-07-2021 15:25,0.995549258,34.00862144000001
3619,-73.92050333,40.833345,24-07-2021 15:25,0.997712973,34.00862144000001
3620,-73.92053167,40.83328667,24-07-2021 15:25,0.997712973,34.00862144000001
3621,-73.92056333,40.83323333,24-07-2021 15:25,0.995549258,34.610192960000006
3622,-73.92059167,40.83317833,24-07-2021 15:25,0.995549258,34.610192960000006
3623,-73.92062833,40.83311833,24-07-2021 15:25,0.995549258,34.610192960000006
3624,-73.92067333,40.83306,24-07-2021 15:25,0.995549258,34.610192960000006
3625,-73.92075833,40.832925,24-07-2021 15:25,0.995549258,34.610192960000006
3626,-73.9208,40.83285833,24-07-2021 15:25,0.995549258,34.64095514000002
3627,-73.92084167,40.83279,24-07-2021 15:25,0.997712973,34.64095514000002
3628,-73.92088167,40.83272667,24-07-2021 15:25,0.997712973,34.64095514000002
3629,-73.92092333,40.83266667,24-07-2021 15:25,0.991221829,35.94663878000006
3630,-73.92096,40.832605,24-07-2021 15:25,0.991221829,35.93296670000001
3631,-73.92098,40.83255333,24-07-2021 15:25,0.997712973,35.93296670000001
3632,-73.921005,40.83249833,24-07-2021 15:25,0.997712973,35.93296670000001
3633,-73.92103167,40.83244667,24-07-2021 15:25,0.989058114,35.93296670000001
3634,-73.92110167,40.83233167,24-07-2021 15:25,0.989058114,36.018417200000044
3635,-73.92113833,40.83226833,24-07-2021 15:25,0.989058114,36.018417200000044
3636,-73.921175,40.83220167,24-07-2021 15:25,0.991221829,36.018417200000044
3637,-73.92120667,40.83214167,24-07-2021 15:25,0.991221829,36.018417200000044
3638,-73.92122167,40.83207833,24-07-2021 15:25,0.991221829,36.018417200000044
3639,-73.92125,40.83202667,24-07-2021 15:25,0.991221829,36.202990279999995
3640,-73.92128333,40.83197667,24-07-2021 15:25,0.991221829,36.09703166000003
3641,-73.92134,40.83189667,24-07-2021 15:25,0.995549258,36.09703166000003
3642,-73.92137167,40.831855,24-07-2021 15:25,0.995549258,36.09703166000003
3643,-73.921465,40.831715,24-07-2021 15:25,1.002160609,36.33971108000003
3644,-73.92148,40.83169,24-07-2021 15:25,0.999996894,36.33971108000003
3645,-73.92149167,40.83166667,24-07-2021 15:25,0.999996894,36.33971108000003
3646,-73.921505,40.83164167,24-07-2021 15:25,0.99350575,36.33971108000003
3647,-73.92152333,40.83161,24-07-2021 15:25,0.99350575,36.33971108000003
3648,-73.921545,40.83157,24-07-2021 15:25,0.995669465,36.33971108000003
3649,-73.921565,40.83153333,24-07-2021 15:25,0.995669465,36.71227526000001
3650,-73.92158667,40.831485,24-07-2021 15:25,1.002160609,36.71227526000001
3651,-73.92160333,40.83142167,24-07-2021 15:25,1.002160609,36.71227526000001
3652,-73.92159,40.83135833,24-07-2021 15:25,1.004324324,36.71227526000001
3653,-73.92153833,40.831295,24-07-2021 15:25,1.004324324,36.71227526000001
3654,-73.92144167,40.83126,24-07-2021 15:25,0.99783318,37.15661785999998
3655,-73.92134833,40.83121667,24-07-2021 15:25,0.99783318,37.36169905999998
3656,-73.92126333,40.83117667,24-07-2021 15:25,0.999996894,37.36169905999998
3657,-73.92118167,40.831145,24-07-2021 15:25,0.999996894,37.36169905999998
3658,-73.92110833,40.83111667,24-07-2021 15:25,1.002160609,37.36169905999998
3659,-73.921035,40.83108833,24-07-2021 15:25,1.002160609,37.36169905999998
3660,-73.92095833,40.83106167,24-07-2021 15:26,1.008651754,36.70202119999999
3661,-73.92088167,40.83102833,24-07-2021 15:26,1.008651754,36.70202119999999
3662,-73.920805,40.831,24-07-2021 15:26,1.010815469,36.70202119999999
3663,-73.92072167,40.83097,24-07-2021 15:26,1.010815469,36.97546280000006
3664,-73.92063667,40.830935,24-07-2021 15:26,1.012979184,36.97546280000006
3665,-73.92055333,40.83090167,24-07-2021 15:26,1.012979184,36.98913488000005
3666,-73.92046167,40.83086833,24-07-2021 15:26,1.006488039,36.98913488000005
3667,-73.92036667,40.83084333,24-07-2021 15:26,1.006488039,36.98913488000005
3668,-73.92018,40.83077833,24-07-2021 15:26,1.012979184,36.91052042000001
3669,-73.92009333,40.83074833,24-07-2021 15:26,1.012979184,36.91052042000001
3670,-73.91991833,40.83067,24-07-2021 15:26,1.012979184,36.95837270000004
3671,-73.919835,40.83062833,24-07-2021 15:26,1.010815469,37.68299294000002
3672,-73.91975333,40.830585,24-07-2021 15:26,1.010815469,37.68299294000002
3673,-73.919675,40.830545,24-07-2021 15:26,1.012979184,37.68299294000002
3674,-73.91959,40.83051333,24-07-2021 15:26,1.012979184,37.68299294000002
3675,-73.91950167,40.83048667,24-07-2021 15:27,1.004324324,37.559944220000034
3676,-73.91932167,40.830425,24-07-2021 15:27,1.008651754,37.48816580000005
3677,-73.91917333,40.83037167,24-07-2021 15:27,1.010815469,36.493521980000025
3678,-73.91912,40.83035333,24-07-2021 15:27,1.010815469,36.493521980000025
3679,-73.91906833,40.830345,24-07-2021 15:27,1.010815469,36.493521980000025
3680,-73.91902833,40.83034,24-07-2021 15:27,1.010815469,36.493521980000025
3681,-73.91896167,40.83036333,24-07-2021 15:27,1.006488039,36.493521980000025
3682,-73.918925,40.83039667,24-07-2021 15:27,1.006488039,36.493521980000025
3683,-73.91888833,40.830475,24-07-2021 15:27,1.006488039,36.59606258000002
3684,-73.91887667,40.83051333,24-07-2021 15:27,1.006488039,36.59606258000002
3685,-73.91886167,40.83055,24-07-2021 15:27,1.010815469,36.59606258000002
3686,-73.918845,40.83058167,24-07-2021 15:27,1.010815469,36.59606258000002
3687,-73.91883333,40.83061833,24-07-2021 15:27,1.012979184,36.12437582000001
3688,-73.918825,40.83065,24-07-2021 15:27,1.012979184,36.12437582000001
3689,-73.91881,40.83067833,24-07-2021 15:27,1.004324324,36.12437582000001
3690,-73.91879333,40.83070667,24-07-2021 15:27,1.004324324,36.12437582000001
3691,-73.91878167,40.830735,24-07-2021 15:27,1.008651754,36.30894890000002
3692,-73.91875333,40.83078667,24-07-2021 15:27,1.012979184,36.30894890000002
3693,-73.91873333,40.83080833,24-07-2021 15:27,1.012979184,36.30894890000002
3694,-73.91871833,40.83082667,24-07-2021 15:27,1.004444531,36.30894890000002
3695,-73.91870333,40.830845,24-07-2021 15:27,1.004444531,36.30894890000002
3696,-73.91862167,40.830965,24-07-2021 15:27,1.01309939,36.30894890000002
3697,-73.91860833,40.830995,24-07-2021 15:27,1.01309939,36.30894890000002
3698,-73.91860333,40.83102667,24-07-2021 15:27,1.01309939,36.57213644000001
3699,-73.91859333,40.83104833,24-07-2021 15:27,1.01309939,36.57213644000001
3700,-73.918515,40.831215,24-07-2021 15:27,1.01309939,36.57213644000001
3701,-73.9185,40.83123833,24-07-2021 15:27,1.00877196,36.57213644000001
3702,-73.91831333,40.83138833,24-07-2021 15:27,1.00877196,37.149781820000044
3703,-73.91827667,40.831435,24-07-2021 15:27,1.00877196,37.149781820000044
3704,-73.918235,40.83149,24-07-2021 15:27,1.00877196,37.149781820000044
3705,-73.91819167,40.83154667,24-07-2021 15:27,1.006608246,37.447149560000014
3706,-73.91815,40.831605,24-07-2021 15:30,1.006608246,37.447149560000014
3707,-73.91811667,40.831665,24-07-2021 15:30,0.995789671,38.67763676000004
3708,-73.918085,40.831725,24-07-2021 15:30,0.995789671,38.67763676000004
3709,-73.918055,40.83177833,24-07-2021 15:30,1.000117101,38.67763676000004
3710,-73.918025,40.83182833,24-07-2021 15:30,1.000117101,38.906644099999994
3711,-73.91799167,40.83189333,24-07-2021 15:30,0.997953386,38.906644099999994
3712,-73.917985,40.83191833,24-07-2021 15:30,0.997953386,38.906644099999994
3713,-73.91798,40.83193667,24-07-2021 15:30,1.000117101,38.906644099999994
3714,-73.91786833,40.83212833,24-07-2021 15:30,0.991462241,38.769923300000016
3715,-73.91784167,40.83216667,24-07-2021 15:30,0.993625956,38.769923300000016
3716,-73.91781833,40.832205,24-07-2021 15:30,0.993625956,38.769923300000016
3717,-73.917795,40.83223833,24-07-2021 15:30,0.995789671,38.769923300000016
3718,-73.91778167,40.83226833,24-07-2021 15:30,0.995789671,38.769923300000016
3719,-73.91776,40.832295,24-07-2021 15:30,0.991462241,38.5990223
3720,-73.917745,40.83231667,24-07-2021 15:30,0.991462241,38.5990223
3721,-73.91760333,40.83246167,24-07-2021 15:30,0.995789671,37.621468580000055
3722,-73.91757833,40.83248833,24-07-2021 15:30,0.995789671,37.621468580000055
3723,-73.91755167,40.832515,24-07-2021 15:30,0.995789671,37.621468580000055
3724,-73.91752833,40.832545,24-07-2021 15:30,0.993746163,37.621468580000055
3725,-73.917515,40.83257833,24-07-2021 15:30,0.993746163,37.621468580000055
3726,-73.91749667,40.83261,24-07-2021 15:30,0.993746163,37.621468580000055
3727,-73.91747333,40.832645,24-07-2021 15:30,0.993746163,36.44225168000003
3728,-73.91745167,40.83268,24-07-2021 15:30,0.998073592,36.44225168000003
3729,-73.91743,40.832715,24-07-2021 15:30,0.998073592,36.44225168000003
3730,-73.91741833,40.83275,24-07-2021 15:30,0.993746163,36.44225168000003
3731,-73.91739333,40.83281667,24-07-2021 15:30,0.993746163,36.12095780000004
3732,-73.91737667,40.83285667,24-07-2021 15:30,0.998073592,36.12095780000004
3733,-73.917335,40.83295167,24-07-2021 15:30,1.002401022,34.76742188000003
3734,-73.91731,40.833,24-07-2021 15:30,1.002401022,34.76742188000003
3735,-73.91728167,40.833045,24-07-2021 15:30,1.002401022,34.76742188000003
3736,-73.917255,40.83309,24-07-2021 15:30,1.002401022,34.76742188000003
3737,-73.917235,40.83313667,24-07-2021 15:30,0.991582448,34.76742188000003
3738,-73.91721667,40.83317833,24-07-2021 15:30,0.991582448,35.04769952000004
3739,-73.9172,40.83321667,24-07-2021 15:30,0.998073592,35.04769952000004
3740,-73.91715833,40.833385,24-07-2021 15:31,0.995909877,35.04769952000004
3741,-73.91714167,40.83342833,24-07-2021 15:31,0.995909877,35.61509083999999
3742,-73.917125,40.83347,24-07-2021 15:31,1.006728452,35.61509083999999
3743,-73.91710833,40.83350833,24-07-2021 15:31,1.006728452,35.61509083999999
3744,-73.91708667,40.83354667,24-07-2021 15:31,1.004564737,35.61509083999999
3745,-73.91707167,40.83358,24-07-2021 15:31,1.004564737,35.61509083999999
3746,-73.91705333,40.83361167,24-07-2021 15:31,1.006728452,35.61509083999999
3747,-73.917025,40.83364,24-07-2021 15:31,1.006728452,35.608254800000054
3748,-73.91699,40.83366167,24-07-2021 15:31,1.004564737,35.608254800000054
3749,-73.91696333,40.83369167,24-07-2021 15:31,1.004564737,35.86460629999999
3750,-73.91694,40.83371833,24-07-2021 15:31,1.002401022,35.86460629999999
3751,-73.91692,40.83374167,24-07-2021 15:31,1.002401022,35.86460629999999
3752,-73.91690167,40.83375833,24-07-2021 15:31,1.002401022,35.86460629999999
3753,-73.91661667,40.83402667,24-07-2021 15:31,0.995909877,35.55356648000003
3754,-73.91660167,40.834055,24-07-2021 15:31,0.998073592,35.55356648000003
3755,-73.91658,40.83407667,24-07-2021 15:31,0.998073592,35.55356648000003
3756,-73.916515,40.83415667,24-07-2021 15:31,1.004564737,35.55356648000003
3757,-73.91646167,40.83421833,24-07-2021 15:31,1.000237307,35.55356648000003
3758,-73.91642667,40.83425833,24-07-2021 15:31,1.006728452,35.20834646000003
3759,-73.91639833,40.83430167,24-07-2021 15:31,1.006728452,35.20834646000003
3760,-73.91635833,40.83434667,24-07-2021 15:31,1.000237307,35.20834646000003
3761,-73.91631167,40.83439333,24-07-2021 15:31,1.000237307,34.623865040000055
3762,-73.91626667,40.83444333,24-07-2021 15:31,1.002401022,35.20834646000003
3763,-73.916225,40.83449333,24-07-2021 15:31,1.002401022,34.623865040000055
3764,-73.91618167,40.83454167,24-07-2021 15:31,0.998073592,34.70589752000001
3765,-73.91614167,40.834595,24-07-2021 15:31,0.998193799,34.70589752000001
3766,-73.91610333,40.83464,24-07-2021 15:31,0.993866369,34.70589752000001
3767,-73.916065,40.83468667,24-07-2021 15:31,0.993866369,34.70589752000001
3768,-73.916035,40.83473667,24-07-2021 15:31,0.998193799,34.70589752000001
3769,-73.915995,40.83478167,24-07-2021 15:31,0.998193799,35.11605992
3770,-73.91595833,40.83482333,24-07-2021 15:31,0.987375224,35.11605992
3771,-73.91591833,40.83486167,24-07-2021 15:31,0.987375224,35.11605992
3772,-73.91588333,40.83489833,24-07-2021 15:31,0.993866369,35.11605992
3773,-73.91578333,40.83499167,24-07-2021 15:31,0.989538939,34.97933912000002
3774,-73.91574667,40.83502667,24-07-2021 15:31,0.989538939,34.97933912000002
3775,-73.91571,40.83506,24-07-2021 15:31,0.991702654,35.71763143999999
3776,-73.91567667,40.83509667,24-07-2021 15:31,0.991702654,35.71763143999999
3777,-73.91564333,40.83513667,24-07-2021 15:31,0.987375224,35.71763143999999
3778,-73.915605,40.83517833,24-07-2021 15:31,0.987375224,35.71763143999999
3779,-73.91553667,40.83525667,24-07-2021 15:31,1.000357514,35.71763143999999
3780,-73.91551333,40.83528333,24-07-2021 15:31,0.993866369,36.1893182
3781,-73.91548667,40.83530167,24-07-2021 15:32,0.993866369,36.1893182
3782,-73.915465,40.83531667,24-07-2021 15:32,1.002521229,36.71227526000001
3783,-73.91542667,40.83533667,24-07-2021 15:32,1.002521229,36.71227526000001
3784,-73.91534167,40.83540333,24-07-2021 15:32,0.993866369,36.71227526000001
3785,-73.91530167,40.83544333,24-07-2021 15:32,0.996030084,36.71227526000001
3786,-73.91525,40.83549,24-07-2021 15:32,0.996030084,36.71227526000001
3787,-73.91519667,40.83554,24-07-2021 15:32,0.996030084,36.71227526000001
3788,-73.91514833,40.83559167,24-07-2021 15:32,0.996030084,37.49841986000001
3789,-73.91510167,40.83564,24-07-2021 15:32,0.991702654,37.49841986000001
3790,-73.91505667,40.83568333,24-07-2021 15:32,0.991702654,37.49841986000001
3791,-73.91501833,40.835725,24-07-2021 15:32,0.996030084,37.49841986000001
3792,-73.91498667,40.83575667,24-07-2021 15:32,0.996030084,37.49841986000001
3793,-73.914965,40.835785,24-07-2021 15:32,1.002521229,37.49841986000001
3794,-73.91494833,40.83580833,24-07-2021 15:32,1.002521229,37.49841986000001
3795,-73.914945,40.83582833,24-07-2021 15:32,0.998193799,37.49841986000001
3796,-73.91487,40.83582833,24-07-2021 15:32,1.004684943,37.49841986000001
3797,-73.91481667,40.83581833,24-07-2021 15:32,1.002521229,37.49841986000001
3798,-73.914655,40.83578,24-07-2021 15:32,1.002521229,38.380269020000014
3799,-73.91456333,40.83575833,24-07-2021 15:32,0.998193799,38.380269020000014
3800,-73.91447,40.835735,24-07-2021 15:32,0.998193799,38.380269020000014
3801,-73.91438333,40.83571,24-07-2021 15:32,0.998193799,39.00234866000005
3802,-73.91430667,40.83569,24-07-2021 15:32,0.998193799,39.00234866000005
3803,-73.91424167,40.83567667,24-07-2021 15:32,0.998193799,39.00234866000005
3804,-73.91419,40.835665,24-07-2021 15:32,0.998193799,39.00234866000005
3805,-73.91414833,40.835655,24-07-2021 15:32,0.998193799,39.20742986000005
3806,-73.914115,40.83564667,24-07-2021 15:32,0.998193799,39.20742986000005
3807,-73.91409,40.83563833,24-07-2021 15:32,0.998193799,39.20742986000005
3808,-73.91395667,40.83560333,24-07-2021 15:32,0.993866369,39.20742986000005
3809,-73.91388833,40.83557667,24-07-2021 15:32,0.996030084,39.20742986000005
3810,-73.91380167,40.83554667,24-07-2021 15:32,0.996030084,39.40567501999999
3811,-73.91371167,40.83551833,24-07-2021 15:34,1.002521229,39.40567501999999
3812,-73.913625,40.835485,24-07-2021 15:34,1.002521229,39.40567501999999
3813,-73.91354,40.835455,24-07-2021 15:34,1.002521229,39.40567501999999
3814,-73.91345667,40.83542167,24-07-2021 15:34,1.002521229,39.40567501999999
3815,-73.913375,40.835395,24-07-2021 15:34,1.00047772,39.145905500000026
3816,-73.91329,40.835365,24-07-2021 15:34,1.00047772,39.145905500000026
3817,-73.91321,40.83533333,24-07-2021 15:34,0.998314005,39.145905500000026
3818,-73.913125,40.83531333,24-07-2021 15:34,0.998314005,39.145905500000026
3819,-73.913045,40.83529167,24-07-2021 15:34,0.989659146,38.81435756000002
3820,-73.912975,40.83526667,24-07-2021 15:34,0.989659146,38.81435756000002
3821,-73.91285833,40.835225,24-07-2021 15:35,0.99182286,38.81435756000002
3822,-73.91281333,40.83520833,24-07-2021 15:35,0.987495431,38.81435756000002
3823,-73.91275167,40.83518833,24-07-2021 15:35,0.987495431,38.81435756000002
3824,-73.91273333,40.83518167,24-07-2021 15:35,0.99182286,38.27431039999999
3825,-73.91258333,40.83513333,24-07-2021 15:35,0.993986575,38.27431039999999
3826,-73.91253333,40.83511667,24-07-2021 15:35,0.993986575,38.27431039999999
3827,-73.91245833,40.83509,24-07-2021 15:35,0.99615029,38.27431039999999
3828,-73.91218333,40.835005,24-07-2021 15:35,0.99615029,37.54969016000001
3829,-73.912075,40.83497333,24-07-2021 15:35,0.99615029,37.54969016000001
3830,-73.91197333,40.83493833,24-07-2021 15:35,0.99615029,37.330936880000024
3831,-73.91187167,40.83490167,24-07-2021 15:35,0.998314005,37.330936880000024
3832,-73.91177833,40.83487,24-07-2021 15:35,0.998314005,37.330936880000024
3833,-73.911695,40.83484,24-07-2021 15:35,0.993986575,37.330936880000024
3834,-73.91162333,40.83481167,24-07-2021 15:35,0.993986575,37.16003588000001
3835,-73.91156167,40.83478167,24-07-2021 15:35,0.99615029,37.16003588000001
3836,-73.91153,40.83477,24-07-2021 15:35,0.99615029,37.16003588000001
3837,-73.91128833,40.83468333,24-07-2021 15:35,0.99615029,37.00280696000004
3838,-73.91121833,40.83465667,24-07-2021 15:35,0.998314005,37.180544000000054
3839,-73.91114833,40.83463333,24-07-2021 15:35,0.998314005,37.180544000000054
3840,-73.91108333,40.83461,24-07-2021 15:35,1.00047772,37.180544000000054
3841,-73.91102833,40.83458667,24-07-2021 15:35,1.00047772,37.180544000000054
3842,-73.91098,40.834565,24-07-2021 15:35,1.00047772,37.180544000000054
3843,-73.910885,40.83453,24-07-2021 15:35,0.998314005,37.72742720000002
3844,-73.91083,40.83451333,24-07-2021 15:35,0.998314005,37.72742720000002
3845,-73.91077,40.83449333,24-07-2021 15:35,0.99615029,37.72742720000002
3846,-73.91071167,40.83447833,24-07-2021 15:35,0.99615029,37.72742720000002
3847,-73.910645,40.83445667,24-07-2021 15:35,0.99615029,37.72742720000002
3848,-73.910575,40.834435,24-07-2021 15:35,0.99615029,37.737681260000045
3849,-73.91050833,40.83441167,24-07-2021 15:35,0.99615029,37.737681260000045
3850,-73.91043333,40.83439,24-07-2021 15:35,0.99615029,37.81629572000003
3851,-73.91035167,40.83436333,24-07-2021 15:35,0.993986575,37.81629572000003
3852,-73.91027667,40.83433667,24-07-2021 15:35,0.993986575,37.81629572000003
3853,-73.910205,40.83431,24-07-2021 15:35,0.99182286,37.78895155999999
3854,-73.910145,40.83429167,24-07-2021 15:35,0.99182286,37.78895155999999
3855,-73.91009833,40.834275,24-07-2021 15:35,0.99615029,37.78895155999999
3856,-73.91006333,40.83426,24-07-2021 15:35,0.99615029,37.78895155999999
3857,-73.90989667,40.83419167,24-07-2021 15:35,1.002761641,37.78895155999999
3858,-73.909865,40.83418333,24-07-2021 15:35,1.002761641,37.78895155999999
3859,-73.90980333,40.83413833,24-07-2021 15:35,1.000597926,37.23523232000002
3860,-73.90979333,40.83411333,24-07-2021 15:35,1.000597926,37.23523232000002
3861,-73.90979833,40.83407833,24-07-2021 15:35,1.000597926,37.23523232000002
3862,-73.90984167,40.83400667,24-07-2021 15:35,1.000597926,37.23523232000002
3863,-73.909865,40.833975,24-07-2021 15:35,1.002761641,37.70008303999998
3864,-73.90987833,40.83396167,24-07-2021 15:36,1.002761641,37.70008303999998
3865,-73.90998667,40.83375333,24-07-2021 15:36,1.002761641,37.04040517999999
3866,-73.91002167,40.83368333,24-07-2021 15:36,1.000597926,37.04040517999999
3867,-73.91006,40.83360833,24-07-2021 15:36,1.000597926,37.04040517999999
3868,-73.910105,40.83353333,24-07-2021 15:36,0.996270497,36.872922200000005
3869,-73.91017833,40.83338667,24-07-2021 15:36,1.000597926,36.872922200000005
3870,-73.91022,40.833315,24-07-2021 15:36,1.000597926,36.79430774000002
3871,-73.91025833,40.83324333,24-07-2021 15:36,1.004925356,37.1292737
3872,-73.91031167,40.83317833,24-07-2021 15:36,1.004925356,37.1292737
3873,-73.91034833,40.83311,24-07-2021 15:36,1.002761641,37.1292737
3874,-73.91038833,40.83305,24-07-2021 15:36,1.002761641,37.07800340000006
3875,-73.91041333,40.83299167,24-07-2021 15:36,1.004925356,37.07800340000006
3876,-73.91044,40.83294,24-07-2021 15:36,1.004925356,37.07800340000006
3877,-73.910465,40.832895,24-07-2021 15:36,1.009252786,37.07800340000006
3878,-73.91048333,40.83285667,24-07-2021 15:36,1.009252786,37.07800340000006
3879,-73.910495,40.83282667,24-07-2021 15:36,1.011416501,37.07800340000006
3880,-73.91057167,40.832695,24-07-2021 15:36,1.007089071,38.311908620000054
3881,-73.91334333,40.83107333,24-07-2021 15:36,1.024639203,39.63126434000003
3882,-73.91336333,40.831035,24-07-2021 15:36,1.022475488,39.63126434000003
3883,-73.913385,40.83101333,24-07-2021 15:36,1.022475488,39.63126434000003
3884,-73.913445,40.830895,24-07-2021 15:36,1.022475488,39.84318158000002
3885,-73.91346333,40.83085833,24-07-2021 15:36,1.022475488,39.340732640000056
3886,-73.91348833,40.83082,24-07-2021 15:36,1.024639203,39.340732640000056
3887,-73.91351667,40.83077833,24-07-2021 15:36,1.024639203,39.340732640000056
3888,-73.91355,40.83073,24-07-2021 15:36,1.022475488,39.340732640000056
3889,-73.91364167,40.83062833,24-07-2021 15:36,1.018148058,39.09463520000003
3890,-73.91367833,40.83056667,24-07-2021 15:36,1.018148058,39.09463520000003
3891,-73.91372333,40.83049833,24-07-2021 15:36,1.015984343,39.09463520000003
3892,-73.91380333,40.83036333,24-07-2021 15:36,1.020311773,38.872463900000014
3893,-73.91383,40.83031,24-07-2021 15:36,1.020311773,38.872463900000014
3894,-73.91386,40.83026833,24-07-2021 15:36,1.009493199,38.872463900000014
3895,-73.913885,40.83023167,24-07-2021 15:36,1.009493199,38.872463900000014
3896,-73.91390833,40.83017333,24-07-2021 15:36,1.011656914,38.19227792000004
3897,-73.91393833,40.83001833,24-07-2021 15:36,1.015984343,38.19227792000004
3898,-73.91390833,40.83,24-07-2021 15:36,1.015984343,38.19227792000004
3899,-73.91387833,40.82998833,24-07-2021 15:36,1.011656914,38.53066190000004
3900,-73.91385833,40.82997667,24-07-2021 15:36,1.011656914,38.53066190000004
3901,-73.913815,40.82995,24-07-2021 15:36,1.011656914,38.53066190000004
3902,-73.91377167,40.82993,24-07-2021 15:36,1.011656914,38.53066190000004
3903,-73.91345833,40.829815,24-07-2021 15:36,1.005165769,37.35828104000001
3904,-73.91341333,40.82979667,24-07-2021 15:36,0.998674624,37.35828104000001
3905,-73.91338167,40.82978333,24-07-2021 15:36,0.998674624,37.35828104000001
3906,-73.913255,40.82976333,24-07-2021 15:36,0.992303686,37.35828104000001
3907,-73.91317833,40.82973667,24-07-2021 15:36,1.000958546,38.30849060000003
3908,-73.9131,40.82970333,24-07-2021 15:36,1.000958546,38.30849060000003
3909,-73.91301333,40.82967167,24-07-2021 15:36,1.00312226,38.30849060000003
3910,-73.912825,40.82960333,24-07-2021 15:36,1.00312226,38.30849060000003
3911,-73.91274,40.82957167,24-07-2021 15:37,0.998794831,38.95791440000005
3912,-73.91265833,40.82953833,24-07-2021 15:37,0.998794831,38.39735912000003
3913,-73.91259,40.82951,24-07-2021 15:37,0.998794831,38.39735912000003
3914,-73.912525,40.82948667,24-07-2021 15:37,0.998794831,38.39735912000003
3915,-73.91246333,40.82946333,24-07-2021 15:37,0.992303686,38.98867658000006
3916,-73.91240167,40.82944333,24-07-2021 15:37,0.992303686,38.98867658000006
3917,-73.91220167,40.82938333,24-07-2021 15:37,0.996631116,38.98867658000006
3918,-73.91210333,40.82934833,24-07-2021 15:37,0.992303686,39.63126434000003
3919,-73.91207,40.829335,24-07-2021 15:37,0.992303686,39.63126434000003
3920,-73.91204167,40.82932333,24-07-2021 15:37,0.992303686,39.63126434000003
3921,-73.91185833,40.82926833,24-07-2021 15:37,1.00312226,39.07070906000001
3922,-73.91182,40.82924833,24-07-2021 15:37,1.00744969,39.07070906000001
3923,-73.91171,40.829205,24-07-2021 15:37,1.00744969,39.66202652000004
3924,-73.91165667,40.82917667,24-07-2021 15:37,1.000958546,39.66202652000004
3925,-73.91161833,40.82915167,24-07-2021 15:37,1.000958546,39.66202652000004
3926,-73.91159667,40.82912833,24-07-2021 15:37,0.998794831,39.66202652000004
3927,-73.91158667,40.82911167,24-07-2021 15:37,0.998794831,39.66202652000004
3928,-73.91167333,40.828985,24-07-2021 15:37,1.00312226,38.76650528000005
3929,-73.9117,40.82894833,24-07-2021 15:37,0.998794831,38.76650528000005
3930,-73.91172833,40.82891167,24-07-2021 15:37,0.998794831,38.76650528000005
3931,-73.911755,40.82887167,24-07-2021 15:37,0.998794831,37.96327058000003
3932,-73.911785,40.82882333,24-07-2021 15:37,0.998794831,37.96327058000003
3933,-73.91182667,40.828755,24-07-2021 15:37,0.998794831,37.96327058000003
3934,-73.91185833,40.82869667,24-07-2021 15:37,0.998794831,37.34119094000005
3935,-73.91189,40.82863667,24-07-2021 15:37,0.992303686,37.34119094000005
3936,-73.91193167,40.82856333,24-07-2021 15:37,0.992303686,37.34119094000005
3937,-73.91197167,40.82849167,24-07-2021 15:37,0.992303686,37.34119094000005
3938,-73.91200833,40.82842333,24-07-2021 15:37,0.992303686,37.09509350000002
3939,-73.91204667,40.82835667,24-07-2021 15:37,0.992303686,37.09509350000002
3940,-73.912075,40.82831,24-07-2021 15:38,0.992303686,37.09509350000002
3941,-73.91210167,40.82826667,24-07-2021 15:38,0.990260178,37.09509350000002
3942,-73.91212667,40.82821833,24-07-2021 15:38,0.990260178,36.1893182
3943,-73.91215333,40.82817667,24-07-2021 15:38,0.996751322,36.54821030000005
3944,-73.91217667,40.82812,24-07-2021 15:38,0.996751322,36.54821030000005
3945,-73.91221,40.828055,24-07-2021 15:38,0.996751322,36.54821030000005
3946,-73.91225,40.82799333,24-07-2021 15:38,0.996751322,36.54821030000005
3947,-73.91230167,40.82793167,24-07-2021 15:38,0.996751322,37.75135334000004
3948,-73.91237,40.827865,24-07-2021 15:38,0.996751322,37.75135334000004
3949,-73.91244333,40.82779167,24-07-2021 15:38,0.994587607,37.75135334000004
3950,-73.91253167,40.82772833,24-07-2021 15:38,0.994587607,37.50867391999998
3951,-73.912625,40.82766667,24-07-2021 15:38,0.992423892,38.031630980000045
3952,-73.91271333,40.82760167,24-07-2021 15:38,0.992423892,38.031630980000045
3953,-73.91279833,40.82754,24-07-2021 15:38,0.998915037,38.031630980000045
3954,-73.91297167,40.82742167,24-07-2021 15:38,0.998915037,37.94276246000004
3955,-73.91305333,40.82737333,24-07-2021 15:38,0.992423892,38.36659694000002
3956,-73.91311,40.82732667,24-07-2021 15:38,0.992423892,38.36659694000002
3957,-73.913205,40.827255,24-07-2021 15:38,0.992423892,38.20253198
3958,-73.91324833,40.827215,24-07-2021 15:38,0.998915037,38.20253198
3959,-73.91329667,40.82717333,24-07-2021 15:38,0.998915037,38.20253198
3960,-73.91335167,40.82713167,24-07-2021 15:38,1.001078752,38.5990223
3961,-73.91341833,40.827085,24-07-2021 15:39,1.001078752,38.5990223
3962,-73.91361667,40.82695,24-07-2021 15:39,1.005406182,38.462301500000024
3963,-73.913845,40.8268,24-07-2021 15:39,1.005406182,38.98867658000006
3964,-73.91393333,40.82675,24-07-2021 15:39,1.005406182,38.000868800000035
3965,-73.9141,40.82664667,24-07-2021 15:39,0.998915037,38.000868800000035
3966,-73.91417667,40.82659833,24-07-2021 15:39,0.998915037,38.000868800000035
3967,-73.91424833,40.82654833,24-07-2021 15:39,1.001078752,38.56142408000005
3968,-73.91431833,40.82650167,24-07-2021 15:39,1.001078752,37.88123810000002
3969,-73.91439,40.82646,24-07-2021 15:39,1.001078752,37.88123810000002
3970,-73.91446167,40.82642333,24-07-2021 15:39,1.001078752,37.88123810000002
3971,-73.914535,40.82639333,24-07-2021 15:39,1.007569897,38.298236540000005
3972,-73.91460667,40.82637833,24-07-2021 15:39,1.007569897,38.298236540000005
3973,-73.914675,40.82637333,24-07-2021 15:39,1.003242467,37.69666502000001
3974,-73.91474,40.82637833,24-07-2021 15:39,1.003242467,37.69666502000001
3975,-73.914805,40.82639167,24-07-2021 15:39,1.007569897,37.69666502000001
3976,-73.91486333,40.82641,24-07-2021 15:39,1.007569897,37.69666502000001
3977,-73.91491667,40.826425,24-07-2021 15:39,0.998915037,37.38220718000002
3978,-73.91496333,40.82643833,24-07-2021 15:39,0.998915037,37.38220718000002
3979,-73.91500333,40.82645,24-07-2021 15:39,1.003242467,36.900266360000046
3980,-73.91503667,40.82646667,24-07-2021 15:39,1.003242467,36.900266360000046
3981,-73.91506667,40.82647667,24-07-2021 15:39,1.005406182,36.900266360000046
3982,-73.91509167,40.82648833,24-07-2021 15:39,1.005406182,36.900266360000046
3983,-73.91512,40.8265,24-07-2021 15:39,1.005406182,36.900266360000046
3984,-73.92848667,40.80900167,24-07-2021 15:39,1.04267016,35.628762919999986
3985,-73.92836333,40.80914833,24-07-2021 15:39,1.036179016,34.99984724000001
3986,-73.92830167,40.80923,24-07-2021 15:39,1.031851586,35.12289596000005
3987,-73.92824,40.80931167,24-07-2021 15:39,1.031851586,35.12289596000005
3988,-73.928175,40.809395,24-07-2021 15:39,1.029687871,35.12289596000005
3989,-73.92805167,40.80956167,24-07-2021 15:39,1.029687871,34.86312644000003
3990,-73.92799,40.80965,24-07-2021 15:39,1.023196726,34.86312644000003
3991,-73.92779,40.80993167,24-07-2021 15:39,1.018869297,35.69028728000001
3992,-73.92760833,40.81016667,24-07-2021 15:39,1.016705582,35.87827837999998
3993,-73.92755833,40.81023667,24-07-2021 15:39,1.016705582,35.87827837999998
3994,-73.92751667,40.8103,24-07-2021 15:39,1.010214437,36.88317626000003
3995,-73.92747833,40.81036167,24-07-2021 15:39,1.010214437,36.88317626000003
3996,-73.92743833,40.81042167,24-07-2021 15:39,1.014541867,36.88317626000003
3997,-73.92740167,40.81047667,24-07-2021 15:39,1.014541867,36.88317626000003
3998,-73.92736667,40.81052,24-07-2021 15:39,1.012378152,35.85093422
3999,-73.92733833,40.81055667,24-07-2021 15:39,1.012378152,36.68834912
4000,-73.927295,40.81062333,24-07-2021 15:39,1.010214437,36.68834912
4001,-73.92727833,40.81065,24-07-2021 15:39,1.012378152,36.68834912
4002,-73.92724333,40.81074333,24-07-2021 15:40,1.025360441,36.68834912
4003,-73.92722667,40.81076667,24-07-2021 15:40,1.025360441,36.68834912
4004,-73.92719,40.81080833,24-07-2021 15:40,1.023196726,37.474493720000055
4005,-73.92708833,40.81091667,24-07-2021 15:40,1.023196726,37.474493720000055
4006,-73.92701833,40.810985,24-07-2021 15:40,1.023196726,37.474493720000055
4007,-73.92694333,40.81104667,24-07-2021 15:40,1.023196726,37.20788816000004
4008,-73.92687333,40.811095,24-07-2021 15:40,1.016705582,38.15809772
4009,-73.926805,40.81114,24-07-2021 15:40,1.016705582,38.15809772
4010,-73.92673333,40.81117833,24-07-2021 15:40,1.016705582,38.15809772
4011,-73.926665,40.81122167,24-07-2021 15:40,1.016705582,38.15809772
4012,-73.92659,40.81126833,24-07-2021 15:40,1.018989503,38.07948326000002
4013,-73.92651667,40.81131667,24-07-2021 15:40,1.018989503,38.07948326000002
4014,-73.92643667,40.81137,24-07-2021 15:40,1.014662073,38.48964566000001
4015,-73.92635333,40.811425,24-07-2021 15:40,1.014662073,38.48964566000001
4016,-73.926265,40.811475,24-07-2021 15:40,1.012498358,38.458883480000054
4017,-73.92616833,40.811535,24-07-2021 15:40,1.012498358,38.458883480000054
4018,-73.92596833,40.81164667,24-07-2021 15:40,1.014662073,38.64003853999998
4019,-73.92586667,40.81169833,24-07-2021 15:40,1.014662073,38.81093954000005
4020,-73.92576667,40.81175,24-07-2021 15:40,1.014662073,38.81093954000005
4021,-73.92566667,40.8118,24-07-2021 15:40,1.018989503,38.81093954000005
4022,-73.92546667,40.811905,24-07-2021 15:40,1.014662073,38.54775200000006
4023,-73.92536333,40.81196333,24-07-2021 15:40,1.014662073,38.54775200000006
4024,-73.925255,40.81202,24-07-2021 15:40,1.016825788,38.54775200000006
4025,-73.92504167,40.81211833,24-07-2021 15:40,1.016825788,37.71033710000006
4026,-73.92494,40.81217,24-07-2021 15:40,1.014662073,37.11901964000003
4027,-73.92483333,40.81222333,24-07-2021 15:41,1.014662073,36.94470062000005
4028,-73.92472167,40.81227833,24-07-2021 15:41,1.018989503,36.94470062000005
4029,-73.92449667,40.81239667,24-07-2021 15:41,1.018989503,36.94470062000005
4030,-73.92438333,40.81245833,24-07-2021 15:41,1.018989503,36.490103960000056
4031,-73.924275,40.81252,24-07-2021 15:41,1.021153218,36.490103960000056
4032,-73.92417,40.81257667,24-07-2021 15:41,1.021153218,36.490103960000056
4033,-73.92406167,40.81263167,24-07-2021 15:41,1.018989503,37.54627214000004
4034,-73.923955,40.81268667,24-07-2021 15:41,1.018989503,37.35828104000001
4035,-73.92385167,40.81274,24-07-2021 15:41,1.018989503,37.35828104000001
4036,-73.92376333,40.81277,24-07-2021 15:41,1.018989503,37.036987160000024
4037,-73.923685,40.81280833,24-07-2021 15:41,1.014662073,37.036987160000024
4038,-73.92362333,40.81284667,24-07-2021 15:41,1.014662073,37.036987160000024
4039,-73.923575,40.81288,24-07-2021 15:41,1.008170928,37.036987160000024
4040,-73.923535,40.81290333,24-07-2021 15:41,1.008170928,37.036987160000024
4041,-73.92350167,40.81291833,24-07-2021 15:41,1.014662073,37.036987160000024
4042,-73.923475,40.81292833,24-07-2021 15:41,1.014662073,37.036987160000024
4043,-73.92343167,40.812935,24-07-2021 15:41,1.012618565,37.036987160000024
4044,-73.92333333,40.81298333,24-07-2021 15:41,1.012618565,35.58432865999998
4045,-73.92327167,40.81301667,24-07-2021 15:41,1.00612742,35.58432865999998
4046,-73.92321,40.81305167,24-07-2021 15:41,1.00612742,35.58432865999998
4047,-73.92300667,40.81315833,24-07-2021 15:41,1.012618565,35.625344900000016
4048,-73.92293167,40.81320667,24-07-2021 15:41,1.012618565,35.625344900000016
4049,-73.9229,40.81322333,24-07-2021 15:41,1.01478228,35.81333600000005
4050,-73.92277667,40.813305,24-07-2021 15:41,1.012618565,35.81333600000005
4051,-73.922605,40.81339833,24-07-2021 15:41,1.012618565,35.509132220000026
4052,-73.92254333,40.81342833,24-07-2021 15:41,1.01478228,35.509132220000026
4053,-73.92247,40.813465,24-07-2021 15:41,1.01478228,35.509132220000026
4054,-73.92239,40.8135,24-07-2021 15:41,1.01478228,35.60483678000003
4055,-73.921955,40.81371667,24-07-2021 15:41,1.019109709,36.11412175999999
4056,-73.92186333,40.813765,24-07-2021 15:42,1.019109709,36.51744812000004
4057,-73.921775,40.81381167,24-07-2021 15:42,1.019109709,36.51744812000004
4058,-73.92168667,40.81385667,24-07-2021 15:42,1.021273424,36.51744812000004
4059,-73.92159833,40.81390167,24-07-2021 15:42,1.021273424,37.183962020000024
4060,-73.92151167,40.813945,24-07-2021 15:42,1.019109709,37.183962020000024
4061,-73.921425,40.813985,24-07-2021 15:42,1.019109709,37.183962020000024
4062,-73.92133333,40.814025,24-07-2021 15:42,1.016945994,37.197634100000016
4063,-73.92124333,40.81406833,24-07-2021 15:42,1.016945994,37.864148
4064,-73.92115167,40.81411,24-07-2021 15:42,1.021273424,37.864148
4065,-73.92106,40.81415833,24-07-2021 15:42,1.021273424,37.864148
4066,-73.92097,40.81421333,24-07-2021 15:42,1.019109709,37.864148
4067,-73.92088,40.814265,24-07-2021 15:42,1.019109709,38.74941518000003
4068,-73.92070833,40.81436,24-07-2021 15:42,1.021273424,38.937406280000005
4069,-73.92062833,40.814405,24-07-2021 15:42,1.021273424,38.937406280000005
4070,-73.92055167,40.81444333,24-07-2021 15:42,1.021273424,38.937406280000005
4071,-73.920485,40.81447667,24-07-2021 15:42,1.021273424,39.37149482000001
4072,-73.92042,40.81451,24-07-2021 15:42,1.016945994,39.37149482000001
4073,-73.92035,40.81454,24-07-2021 15:42,1.016945994,39.37149482000001
4074,-73.92026167,40.81458,24-07-2021 15:42,1.019109709,39.26553620000004
4075,-73.92016167,40.814625,24-07-2021 15:43,1.019109709,39.77823920000003
4076,-73.92006,40.814675,24-07-2021 15:43,1.019109709,39.77823920000003
4077,-73.91996,40.81472667,24-07-2021 15:43,1.019109709,39.77823920000003
4078,-73.91986667,40.81477667,24-07-2021 15:43,1.016945994,39.77823920000003
4079,-73.91969167,40.81486667,24-07-2021 15:43,1.016945994,39.95939426000001
4080,-73.919615,40.81490667,24-07-2021 15:43,1.016945994,39.95939426000001
4081,-73.91955167,40.81494167,24-07-2021 15:43,1.019109709,39.95939426000001
4082,-73.91949833,40.81497,24-07-2021 15:43,1.019109709,39.95939426000001
4083,-73.91945833,40.81499,24-07-2021 15:43,1.019109709,40.229417839999996
4084,-73.91939333,40.81502333,24-07-2021 15:43,1.01478228,40.229417839999996
4085,-73.919365,40.815035,24-07-2021 15:43,1.01478228,40.229417839999996
4086,-73.91930667,40.81507,24-07-2021 15:43,1.032212205,40.229417839999996
4087,-73.91927167,40.81509,24-07-2021 15:43,1.032212205,40.229417839999996
4088,-73.91919667,40.81512667,24-07-2021 15:43,1.03004849,39.603920180000046
4089,-73.91915667,40.81514,24-07-2021 15:43,1.03004849,39.603920180000046
4090,-73.91911333,40.81515167,24-07-2021 15:43,1.027884775,39.603920180000046
4091,-73.91900833,40.81520167,24-07-2021 15:43,1.02572106,39.409093040000016
4092,-73.91888667,40.81525333,24-07-2021 15:43,1.02572106,39.409093040000016
4093,-73.918825,40.81528333,24-07-2021 15:43,1.02572106,39.409093040000016
4094,-73.91875667,40.815315,24-07-2021 15:43,1.02572106,39.409093040000016
4095,-73.91869333,40.81535,24-07-2021 15:43,1.02572106,38.72890705999998
4096,-73.91863167,40.81538167,24-07-2021 15:43,1.023557345,38.94082430000003
4097,-73.91856833,40.81542833,24-07-2021 15:43,1.023557345,38.94082430000003
4098,-73.9185,40.81547167,24-07-2021 15:43,1.02572106,38.94082430000003
4099,-73.91843667,40.81550333,24-07-2021 15:43,1.02572106,38.94082430000003
4100,-73.91837333,40.81554167,24-07-2021 15:43,1.023557345,38.61269437999999
4101,-73.91832333,40.81557833,24-07-2021 15:43,1.023557345,38.61269437999999
4102,-73.91801167,40.815775,24-07-2021 15:43,1.036780047,39.25528214000002
4103,-73.91796,40.81580833,24-07-2021 15:43,1.036780047,39.25528214000002
4104,-73.91790167,40.81584167,24-07-2021 15:43,1.032452618,39.25528214000002
4105,-73.917775,40.81591333,24-07-2021 15:43,1.032452618,39.65519047999999
4106,-73.91772,40.81594167,24-07-2021 15:43,1.032452618,39.65519047999999
4107,-73.91768,40.815965,24-07-2021 15:43,1.032452618,39.65519047999999
4108,-73.917645,40.815985,24-07-2021 15:43,1.032452618,39.80900138000004
4109,-73.91760667,40.81600833,24-07-2021 15:43,1.032452618,39.80900138000004
4110,-73.91752167,40.81605833,24-07-2021 15:43,1.030288903,39.80900138000004
4111,-73.917475,40.816085,24-07-2021 15:43,1.032452618,39.80900138000004
4112,-73.91740333,40.816125,24-07-2021 15:43,1.032452618,40.55071171999998
4113,-73.91737833,40.81614,24-07-2021 15:43,1.032452618,40.55071171999998
4114,-73.91735333,40.81615667,24-07-2021 15:43,1.034616333,40.55071171999998
4115,-73.91732167,40.81617333,24-07-2021 15:43,1.034616333,40.55071171999998
4116,-73.91722833,40.81622667,24-07-2021 15:43,1.034616333,40.64983430000001
4117,-73.91716833,40.81626167,24-07-2021 15:43,1.032452618,40.64983430000001
4118,-73.9171,40.81629667,24-07-2021 15:43,1.032452618,40.64983430000001
4119,-73.91703167,40.81633667,24-07-2021 15:43,1.032452618,40.64983430000001
4120,-73.91696333,40.81637667,24-07-2021 15:43,1.032452618,41.22747967999999
4121,-73.916895,40.81640667,24-07-2021 15:43,1.036780047,41.210389580000026
4122,-73.916765,40.81649833,24-07-2021 15:43,1.036780047,41.210389580000026
4123,-73.91670667,40.81654333,24-07-2021 15:43,1.034616333,41.210389580000026
4124,-73.91665,40.816585,24-07-2021 15:43,1.034616333,41.210389580000026
4125,-73.9166,40.816625,24-07-2021 15:43,1.036780047,41.210389580000026
4126,-73.91649167,40.81672,24-07-2021 15:44,1.034616333,41.12835710000002
4127,-73.91646333,40.81674167,24-07-2021 15:44,1.034616333,41.12835710000002
4128,-73.91644,40.81676167,24-07-2021 15:44,1.034616333,41.12835710000002
4129,-73.91641667,40.81678333,24-07-2021 15:44,1.030288903,41.12835710000002
4130,-73.91639167,40.81680667,24-07-2021 15:44,1.030288903,41.12835710000002
4131,-73.916365,40.81682833,24-07-2021 15:44,1.030288903,41.12835710000002
4132,-73.91634333,40.81685,24-07-2021 15:44,1.030288903,41.12835710000002
4133,-73.91631667,40.816875,24-07-2021 15:44,1.032452618,41.12835710000002
4134,-73.91628333,40.81690833,24-07-2021 15:44,1.032452618,40.913021840000056
4135,-73.916235,40.81694833,24-07-2021 15:44,1.030288903,40.48918736000002
4136,-73.91617667,40.81699333,24-07-2021 15:44,1.030288903,40.48918736000002
4137,-73.916115,40.81704167,24-07-2021 15:44,1.032452618,40.48918736000002
4138,-73.91605833,40.817085,24-07-2021 15:44,1.032452618,40.48918736000002
4139,-73.916005,40.81712167,24-07-2021 15:44,1.032572824,40.48918736000002
4140,-73.91588,40.81723,24-07-2021 15:44,1.032572824,40.23967190000002
4141,-73.91585167,40.81726667,24-07-2021 15:44,1.032572824,39.98673842000005
4142,-73.91579833,40.81732667,24-07-2021 15:44,1.030409109,39.98673842000005
4143,-73.91573,40.81742833,24-07-2021 15:44,1.039063969,39.98673842000005
4144,-73.91569,40.81748667,24-07-2021 15:44,1.039063969,39.79532930000005
4145,-73.915645,40.81753167,24-07-2021 15:44,1.032572824,39.79532930000005
4146,-73.9156,40.81756833,24-07-2021 15:44,1.032572824,39.79532930000005
4147,-73.915465,40.81765667,24-07-2021 15:44,1.036900254,39.935468119999996
4148,-73.91539833,40.817695,24-07-2021 15:44,1.036900254,39.935468119999996
4149,-73.91529,40.81778,24-07-2021 15:44,1.032572824,39.87736178
4150,-73.91523833,40.81782,24-07-2021 15:45,1.034736539,39.87736178
4151,-73.915195,40.81785667,24-07-2021 15:45,1.034736539,39.87736178
4152,-73.91515167,40.81788833,24-07-2021 15:45,1.041227684,40.9061858
4153,-73.91511,40.81792167,24-07-2021 15:45,1.041227684,40.9061858
4154,-73.915055,40.817965,24-07-2021 15:45,1.036900254,40.9061858
4155,-73.91500167,40.81801667,24-07-2021 15:45,1.036900254,41.439396920000036
4156,-73.91495333,40.818065,24-07-2021 15:45,1.034736539,41.439396920000036
4157,-73.91486667,40.818125,24-07-2021 15:45,1.03702046,41.439396920000036
4158,-73.91464667,40.81832,24-07-2021 15:45,1.04567532,41.48724920000001
4159,-73.91459667,40.81836333,24-07-2021 15:45,1.04567532,41.48724920000001
4160,-73.91447167,40.81844833,24-07-2021 15:45,1.026201886,41.48724920000001
4161,-73.91443167,40.81848333,24-07-2021 15:45,1.026201886,41.8461413
4162,-73.91439167,40.81852333,24-07-2021 15:45,1.024038171,41.001890360000004
4163,-73.91435,40.81856167,24-07-2021 15:45,1.024038171,41.001890360000004
4164,-73.91431167,40.81859667,24-07-2021 15:45,1.021874456,41.001890360000004
4165,-73.91427833,40.81862667,24-07-2021 15:45,1.021874456,41.001890360000004
4166,-73.91425167,40.81865833,24-07-2021 15:45,1.019710741,41.001890360000004
4167,-73.914215,40.818695,24-07-2021 15:45,1.019710741,41.001890360000004
4168,-73.91416667,40.818745,24-07-2021 15:45,1.019710741,41.001890360000004
4169,-73.914115,40.81880333,24-07-2021 15:45,1.019710741,40.50285944000001
4170,-73.91399667,40.81892667,24-07-2021 15:45,1.015383311,39.781657220000056
4171,-73.913935,40.81899167,24-07-2021 15:45,1.015383311,39.781657220000056
4172,-73.91387667,40.819055,24-07-2021 15:45,1.013219597,39.63126434000003
4173,-73.91382,40.81912,24-07-2021 15:45,1.013219597,39.63126434000003
4174,-73.91376667,40.81918333,24-07-2021 15:45,1.008892167,39.63126434000003
4175,-73.91366167,40.81930667,24-07-2021 15:45,1.013219597,39.74405899999999
4176,-73.91359833,40.819375,24-07-2021 15:45,1.013219597,39.67569860000003
4177,-73.91346167,40.81952833,24-07-2021 15:45,1.015383311,39.67569860000003
4178,-73.91333167,40.81968667,24-07-2021 15:45,1.019710741,39.48087146
4179,-73.91327,40.81976667,24-07-2021 15:45,1.019710741,39.48087146
4180,-73.91320833,40.81984667,24-07-2021 15:45,1.019710741,39.48087146
4181,-73.91314833,40.81992833,24-07-2021 15:45,1.021874456,38.95107836
4182,-73.91308667,40.82001,24-07-2021 15:45,1.021874456,38.95107836
4183,-73.91303333,40.82009,24-07-2021 15:46,1.026322092,38.95107836
4184,-73.91298167,40.82017167,24-07-2021 15:46,1.026322092,38.71865300000002
4185,-73.912935,40.82025333,24-07-2021 15:46,1.021994662,38.71865300000002
4186,-73.91283333,40.82041667,24-07-2021 15:46,1.021994662,38.58535022000001
4187,-73.91277833,40.8205,24-07-2021 15:46,1.026322092,38.58535022000001
4188,-73.91272667,40.820585,24-07-2021 15:46,1.026322092,38.58535022000001
4189,-73.912615,40.82074833,24-07-2021 15:46,1.021994662,38.147843660000035
4190,-73.91255833,40.82083,24-07-2021 15:46,1.024158377,38.147843660000035
4191,-73.91249833,40.82091333,24-07-2021 15:46,1.024158377,37.744517299999984
4192,-73.91244333,40.820995,24-07-2021 15:46,1.026322092,37.46765768
4193,-73.91239,40.821075,24-07-2021 15:46,1.026322092,37.46765768
4194,-73.91234167,40.82115167,24-07-2021 15:46,1.024158377,37.46765768
4195,-73.91229333,40.82122833,24-07-2021 15:46,1.024158377,37.40271530000001
4196,-73.91224167,40.82131,24-07-2021 15:46,1.026322092,37.40271530000001
4197,-73.91218833,40.82139,24-07-2021 15:46,1.026322092,37.25232242000004
4198,-73.91213167,40.82146833,24-07-2021 15:46,1.024158377,37.25232242000004
4199,-73.91207833,40.82154667,24-07-2021 15:46,1.024158377,37.55310817999998
4200,-73.91203,40.82161833,24-07-2021 15:46,1.021994662,37.55310817999998
4201,-73.91199167,40.821675,24-07-2021 15:46,1.021994662,37.55310817999998
4202,-73.91196,40.82172,24-07-2021 15:46,1.024158377,37.55310817999998
4203,-73.91193333,40.82175667,24-07-2021 15:46,1.024158377,37.864148
4204,-73.911925,40.82177833,24-07-2021 15:46,1.026322092,37.864148
4205,-73.911795,40.82189333,24-07-2021 15:46,1.026322092,37.93592641999999
4206,-73.91178833,40.82189667,24-07-2021 15:46,1.041468096,37.93592641999999
4207,-73.91158833,40.82201667,24-07-2021 15:46,1.037140667,38.22304010000005
4208,-73.91151333,40.822045,24-07-2021 15:46,1.034976952,38.22304010000005
4209,-73.91143667,40.82207,24-07-2021 15:46,1.034976952,38.26063832
4210,-73.91136833,40.82209,24-07-2021 15:46,1.034976952,38.26063832
4211,-73.91131,40.82210167,24-07-2021 15:46,1.034976952,38.26063832
4212,-73.911225,40.82212,24-07-2021 15:46,1.032813237,38.26063832
4213,-73.91118833,40.82212667,24-07-2021 15:46,1.037140667,38.26063832
4214,-73.91115167,40.82213833,24-07-2021 15:46,1.037140667,38.26063832
4215,-73.91111167,40.82214833,24-07-2021 15:46,1.037140667,38.25380228000006
4216,-73.91106167,40.82216,24-07-2021 15:46,1.037140667,38.25380228000006
4217,-73.91100167,40.82217167,24-07-2021 15:46,1.034976952,38.25380228000006
4218,-73.91092667,40.82219,24-07-2021 15:46,1.035097158,38.25380228000006
4219,-73.90863167,40.82411167,24-07-2021 15:46,1.00913258,39.658608500000014
4220,-73.90859667,40.82419333,24-07-2021 15:46,1.00913258,38.643456560000004
4221,-73.90856333,40.82427667,24-07-2021 15:46,1.00913258,38.643456560000004
4222,-73.90852833,40.82436167,24-07-2021 15:46,1.006968865,38.643456560000004
4223,-73.90849,40.82444333,24-07-2021 15:46,1.006968865,38.45546546000003
4224,-73.90844833,40.82452167,24-07-2021 15:46,1.00480515,38.45546546000003
4225,-73.90840167,40.82459333,24-07-2021 15:46,1.00480515,38.45546546000003
4226,-73.90835,40.82466,24-07-2021 15:46,1.006968865,38.45546546000003
4227,-73.90822833,40.82477,24-07-2021 15:46,1.006968865,37.05749528000001
4228,-73.90815667,40.82483,24-07-2021 15:46,1.013460009,37.05749528000001
4229,-73.90801167,40.82497,24-07-2021 15:46,1.011296294,37.05749528000001
4230,-73.90785833,40.82511167,24-07-2021 15:46,1.011296294,36.59606258000002
4231,-73.90778167,40.82518167,24-07-2021 15:46,1.011296294,36.59606258000002
4232,-73.90771167,40.82524833,24-07-2021 15:47,1.013460009,36.59606258000002
4233,-73.90765167,40.82531,24-07-2021 15:47,1.013460009,36.784053680000056
4234,-73.90754,40.82542833,24-07-2021 15:47,1.015623724,36.784053680000056
4235,-73.90746833,40.82549,24-07-2021 15:47,1.013460009,36.63366080000003
4236,-73.907385,40.82555167,24-07-2021 15:47,1.013460009,36.81823387999998
4237,-73.90729,40.82561667,24-07-2021 15:47,1.011296294,36.81823387999998
4238,-73.90718333,40.82568667,24-07-2021 15:47,1.011296294,36.81823387999998
4239,-73.90708167,40.82577,24-07-2021 15:47,1.013460009,36.85583210000004
4240,-73.906975,40.82584,24-07-2021 15:47,1.013460009,36.89001230000002
4241,-73.90686167,40.82591333,24-07-2021 15:47,1.00913258,36.89001230000002
4242,-73.90675167,40.82598667,24-07-2021 15:47,1.00913258,36.71569327999998
4243,-73.90653167,40.82613333,24-07-2021 15:47,1.011296294,36.514030100000014
4244,-73.90641833,40.82620333,24-07-2021 15:47,1.011296294,36.117539780000016
4245,-73.906305,40.82627333,24-07-2021 15:47,1.00913258,36.117539780000016
4246,-73.906195,40.82634333,24-07-2021 15:47,1.00913258,36.14146592000003
4247,-73.90600167,40.82647333,24-07-2021 15:47,1.006968865,35.86802432000002
4248,-73.90592667,40.82652667,24-07-2021 15:47,1.006968865,35.86802432000002
4249,-73.905865,40.82657333,24-07-2021 15:47,1.006968865,35.86802432000002
4250,-73.90580333,40.82661667,24-07-2021 15:47,1.006968865,36.14488394
4251,-73.90565333,40.82669,24-07-2021 15:47,1.011416501,36.134629880000034
4252,-73.90557833,40.826725,24-07-2021 15:47,1.011416501,36.134629880000034
4253,-73.90550333,40.82676667,24-07-2021 15:47,1.009252786,36.134629880000034
4254,-73.90543,40.82681667,24-07-2021 15:47,1.009252786,36.134629880000034
4255,-73.90536167,40.82686833,24-07-2021 15:47,1.011416501,36.74303744000002
4256,-73.905295,40.82692167,24-07-2021 15:47,1.011416501,36.74303744000002
4257,-73.90522333,40.82698,24-07-2021 15:47,1.013580216,36.74303744000002
4258,-73.90515333,40.82703667,24-07-2021 15:47,1.013580216,36.74303744000002
4259,-73.90509667,40.827085,24-07-2021 15:47,1.013580216,36.74303744000002
4260,-73.90497833,40.82717,24-07-2021 15:47,1.013580216,37.395879260000015
4261,-73.904905,40.82722333,24-07-2021 15:47,1.009252786,37.395879260000015
4262,-73.90482333,40.82729167,24-07-2021 15:47,1.009252786,37.395879260000015
4263,-73.90473,40.82737,24-07-2021 15:47,1.015743931,37.395879260000015
4264,-73.90463,40.82745,24-07-2021 15:48,1.015743931,37.9666886
4265,-73.90453833,40.82753,24-07-2021 15:48,1.017907645,37.9666886
4266,-73.90444833,40.82760833,24-07-2021 15:48,1.017907645,37.9666886
4267,-73.904375,40.82767333,24-07-2021 15:48,1.017907645,38.54091596000001
4268,-73.90432167,40.82771333,24-07-2021 15:48,1.017907645,38.54091596000001
4269,-73.90428333,40.82774167,24-07-2021 15:48,1.015743931,38.15467970000003
4270,-73.90424833,40.82777167,24-07-2021 15:48,1.015743931,38.15467970000003
4271,-73.90415167,40.82785333,24-07-2021 15:48,1.013580216,37.27283054000003
4272,-73.90407833,40.82791333,24-07-2021 15:48,1.011416501,37.27283054000003
4273,-73.90400167,40.82798,24-07-2021 15:48,1.011416501,37.27283054000003
4274,-73.90394167,40.828035,24-07-2021 15:48,1.009252786,37.27283054000003
4275,-73.903905,40.82806667,24-07-2021 15:48,1.009252786,37.28650262000002
4276,-73.90388167,40.828085,24-07-2021 15:48,1.007089071,37.28650262000002
4277,-73.90387167,40.82809167,24-07-2021 15:48,1.007089071,37.28650262000002
4278,-73.903815,40.82817,24-07-2021 15:48,1.02007136,36.48668594000003
4279,-73.903765,40.82821333,24-07-2021 15:48,1.02007136,36.48668594000003
4280,-73.90371,40.82826167,24-07-2021 15:48,1.02007136,36.48668594000003
4281,-73.90351833,40.828425,24-07-2021 15:48,1.015743931,35.79966392000006
4282,-73.90344833,40.82848667,24-07-2021 15:48,1.015743931,35.79966392000006
4283,-73.90337,40.82855333,24-07-2021 15:48,1.013700422,35.79966392000006
4284,-73.90321833,40.828685,24-07-2021 15:48,1.015864137,36.001327100000026
4285,-73.90313833,40.82875167,24-07-2021 15:48,1.015864137,36.36021920000002
4286,-73.90305833,40.82881833,24-07-2021 15:48,1.009372992,36.36021920000002
4287,-73.90298,40.82888833,24-07-2021 15:48,1.009372992,36.36021920000002
4288,-73.9029,40.82895833,24-07-2021 15:48,1.013700422,37.334354899999994
4289,-73.902815,40.82902833,24-07-2021 15:48,1.013700422,37.96327058000003
4290,-73.90273333,40.8291,24-07-2021 15:48,1.007209277,37.96327058000003
4291,-73.90265,40.82917,24-07-2021 15:48,1.007209277,37.96327058000003
4292,-73.902565,40.82923833,24-07-2021 15:48,1.007209277,38.35634288000006
4293,-73.90248167,40.82930833,24-07-2021 15:48,1.007209277,38.27431039999999
4294,-73.90232667,40.82945,24-07-2021 15:48,1.002881848,38.27431039999999
4295,-73.90225,40.82951833,24-07-2021 15:48,1.002881848,37.884656120000045
4296,-73.90217167,40.82958667,24-07-2021 15:48,1.005045563,37.884656120000045
4297,-73.90209167,40.82965667,24-07-2021 15:48,1.005045563,37.512091940000005
4298,-73.90193667,40.829795,24-07-2021 15:48,1.002881848,37.04382320000002
4299,-73.90186333,40.82986333,24-07-2021 15:48,1.002881848,37.04382320000002
4300,-73.90169333,40.830015,24-07-2021 15:48,1.002881848,37.45398560000001
4301,-73.90163333,40.83006833,24-07-2021 15:48,1.000718133,37.45398560000001
4302,-73.90156833,40.83012833,24-07-2021 15:48,1.000718133,37.45398560000001
4303,-73.90150333,40.83019333,24-07-2021 15:48,1.005045563,37.45398560000001
4304,-73.90143167,40.83026333,24-07-2021 15:49,1.005045563,37.45398560000001
4305,-73.90135,40.83033,24-07-2021 15:49,1.009372992,37.36853510000003
4306,-73.90127167,40.8304,24-07-2021 15:49,1.009372992,37.36853510000003
4307,-73.90119,40.83047167,24-07-2021 15:49,1.011536707,37.36853510000003
4308,-73.90110833,40.83054333,24-07-2021 15:49,1.011536707,37.36853510000003
4309,-73.90103,40.83061,24-07-2021 15:49,1.013700422,36.87975824
4310,-73.90089667,40.83072,24-07-2021 15:49,1.013700422,36.87975824
4311,-73.90085,40.830755,24-07-2021 15:49,1.018027852,36.87975824
4312,-73.90081833,40.83077667,24-07-2021 15:49,1.018027852,36.87975824
4313,-73.90079667,40.83078833,24-07-2021 15:49,1.015864137,36.87975824
4314,-73.90073667,40.830815,24-07-2021 15:49,1.013700422,36.87975824
4315,-73.90069167,40.830845,24-07-2021 15:49,1.015864137,37.30701074000001
4316,-73.900635,40.83088167,24-07-2021 15:49,1.015864137,37.30701074000001
4317,-73.90056667,40.830925,24-07-2021 15:49,1.013700422,37.30701074000001
4318,-73.90049333,40.83096833,24-07-2021 15:49,1.013700422,37.30701074000001
4319,-73.90034167,40.83104833,24-07-2021 15:49,1.015864137,37.10534756000004
4320,-73.89769167,40.83653833,24-07-2021 15:49,1.01177712,32.60381522
4321,-73.89768833,40.83662,24-07-2021 15:49,1.01177712,32.60381522
4322,-73.89767667,40.83671,24-07-2021 15:49,1.00744969,32.60381522
4323,-73.89763833,40.83688833,24-07-2021 15:49,1.00744969,32.50469264000003
4324,-73.89761667,40.836975,24-07-2021 15:49,1.009613405,32.50469264000003
4325,-73.89759,40.837055,24-07-2021 15:49,1.009613405,32.21074292000003
4326,-73.89756333,40.83713667,24-07-2021 15:49,1.009613405,32.21074292000003
4327,-73.89753333,40.837215,24-07-2021 15:49,1.009613405,32.21074292000003
4328,-73.89746667,40.837365,24-07-2021 15:49,1.005285975,31.909957159999976
4329,-73.89742833,40.83743667,24-07-2021 15:49,1.000958546,31.909957159999976
4330,-73.89738833,40.83750167,24-07-2021 15:49,1.000958546,31.909957159999976
4331,-73.897355,40.837555,24-07-2021 15:49,1.00744969,31.633097539999994
4332,-73.89733,40.837595,24-07-2021 15:49,1.00744969,31.633097539999994
4333,-73.89731167,40.83762667,24-07-2021 15:49,1.005285975,31.633097539999994
4334,-73.89728667,40.83767167,24-07-2021 15:49,1.00312226,31.633097539999994
4335,-73.89727,40.83769,24-07-2021 15:49,1.00312226,31.633097539999994
4336,-73.89725,40.837715,24-07-2021 15:49,1.00312226,31.633097539999994
4337,-73.89723,40.83775,24-07-2021 15:50,1.00312226,31.633097539999994
4338,-73.89720333,40.83778833,24-07-2021 15:50,1.00312226,31.633097539999994
4339,-73.89715333,40.837845,24-07-2021 15:50,1.00312226,31.417762280000034
4340,-73.897095,40.83791167,24-07-2021 15:50,1.00312226,31.417762280000034
4341,-73.896975,40.83805167,24-07-2021 15:50,1.003242467,31.315221680000036
4342,-73.89692167,40.83812667,24-07-2021 15:50,1.005406182,31.40750822000001
4343,-73.896865,40.83820333,24-07-2021 15:50,1.005406182,31.40750822000001
4344,-73.89680333,40.83828167,24-07-2021 15:50,1.001078752,31.40750822000001
4345,-73.89667833,40.83844,24-07-2021 15:50,1.001078752,31.708293980000008
4346,-73.89661,40.83851833,24-07-2021 15:50,1.001078752,32.10136627999998
4347,-73.89654,40.83859833,24-07-2021 15:50,0.998915037,32.10136627999998
4348,-73.89647333,40.83867833,24-07-2021 15:50,0.998915037,32.83624057999998
4349,-73.89634167,40.83884667,24-07-2021 15:50,0.998915037,32.83624057999998
4350,-73.89628333,40.83892667,24-07-2021 15:51,1.001078752,34.336751359999994
4351,-73.89622833,40.839005,24-07-2021 15:51,1.001078752,34.336751359999994
4352,-73.89617333,40.83908167,24-07-2021 15:51,1.001078752,34.336751359999994
4353,-73.89612167,40.839155,24-07-2021 15:51,1.001078752,34.336751359999994
4354,-73.89608167,40.83922667,24-07-2021 15:51,1.001078752,34.79476604000001
4355,-73.89603833,40.839295,24-07-2021 15:51,1.001078752,34.79476604000001
4356,-73.89599333,40.839365,24-07-2021 15:51,1.005406182,34.79476604000001
4357,-73.89595167,40.839435,24-07-2021 15:51,1.005406182,34.79476604000001
4358,-73.89591167,40.83950667,24-07-2021 15:51,1.007569897,35.922712639999986
4359,-73.89582667,40.83964667,24-07-2021 15:51,1.007569897,35.922712639999986
4360,-73.895785,40.83971333,24-07-2021 15:51,1.003242467,36.05943344000002
4361,-73.89573833,40.83978167,24-07-2021 15:51,1.003242467,36.05943344000002
4362,-73.89569,40.83985167,24-07-2021 15:51,1.003242467,36.05943344000002
4363,-73.89559,40.83999667,24-07-2021 15:51,1.005406182,35.86118828000002
4364,-73.89553833,40.84007,24-07-2021 15:51,1.005406182,35.95347482
4365,-73.89549,40.84014333,24-07-2021 15:51,1.001078752,35.95347482
4366,-73.89544833,40.84021833,24-07-2021 15:51,1.001078752,35.95347482
4367,-73.89541667,40.84029333,24-07-2021 15:51,1.001078752,35.27670685999999
4368,-73.89538333,40.84037167,24-07-2021 15:51,1.001078752,35.27670685999999
4369,-73.89534167,40.84045,24-07-2021 15:51,1.001078752,35.27670685999999
4370,-73.89529167,40.84053,24-07-2021 15:51,1.001078752,34.63411910000002
4371,-73.89524167,40.84061,24-07-2021 15:51,0.998915037,34.63411910000002
4372,-73.895145,40.840775,24-07-2021 15:51,0.996751322,34.446128000000044
4373,-73.89510167,40.84085333,24-07-2021 15:51,0.996751322,34.08039986000006
4374,-73.89506667,40.84093333,24-07-2021 15:51,0.996751322,34.08039986000006
4375,-73.89502333,40.84101667,24-07-2021 15:51,0.996751322,34.08039986000006
4376,-73.89492,40.84118,24-07-2021 15:51,0.992423892,33.988113320000025
4377,-73.89487,40.84125167,24-07-2021 15:51,0.992423892,33.988113320000025
4378,-73.89482833,40.84131167,24-07-2021 15:51,0.992423892,34.00178540000002
4379,-73.89479167,40.84135833,24-07-2021 15:51,0.992423892,33.936843020000026
4380,-73.89475833,40.84139667,24-07-2021 15:51,0.988096463,33.936843020000026
4381,-73.89473,40.84142833,24-07-2021 15:51,0.988096463,33.936843020000026
4382,-73.89470667,40.84145333,24-07-2021 15:51,0.988096463,33.936843020000026
4383,-73.89469,40.84147167,24-07-2021 15:51,0.988096463,33.936843020000026
4384,-73.89460167,40.841565,24-07-2021 15:51,0.990260178,33.936843020000026
4385,-73.89458333,40.841585,24-07-2021 15:52,0.990260178,33.936843020000026
4386,-73.894565,40.841605,24-07-2021 15:52,0.990260178,34.10090797999999
4387,-73.89454833,40.84162667,24-07-2021 15:52,0.990260178,34.10090797999999
4388,-73.89453167,40.84164667,24-07-2021 15:52,0.988096463,34.10090797999999
4389,-73.89448833,40.84168333,24-07-2021 15:52,0.988096463,34.39143968000002
4390,-73.894475,40.84169833,24-07-2021 15:52,0.985932748,34.39143968000002
4391,-73.89437833,40.84178667,24-07-2021 15:52,0.983889239,34.39143968000002
4392,-73.89430667,40.84186167,24-07-2021 15:52,0.981725524,34.955412980000006
4393,-73.89427,40.84189667,24-07-2021 15:52,0.981725524,34.955412980000006
4394,-73.89423333,40.841935,24-07-2021 15:52,0.977398095,34.955412980000006
4395,-73.89419667,40.841975,24-07-2021 15:52,0.977398095,34.955412980000006
4396,-73.89416,40.84201167,24-07-2021 15:52,0.97956181,34.955412980000006
4397,-73.894125,40.84204833,24-07-2021 15:52,0.97956181,35.211764480000056
4398,-73.89409167,40.84207667,24-07-2021 15:52,0.97523438,35.211764480000056
4399,-73.89403167,40.84209667,24-07-2021 15:52,0.97523438,35.211764480000056
4400,-73.89400167,40.842095,24-07-2021 15:52,0.97523438,35.211764480000056
4401,-73.89397333,40.842085,24-07-2021 15:52,0.977398095,35.211764480000056
4402,-73.89394,40.84206667,24-07-2021 15:52,0.977398095,35.211764480000056
4403,-73.893905,40.842045,24-07-2021 15:52,0.97956181,35.211764480000056
4404,-73.89385667,40.84201667,24-07-2021 15:52,0.97956181,35.211764480000056
4405,-73.893745,40.84194667,24-07-2021 15:52,0.981725524,35.77915580000001
4406,-73.89368333,40.841905,24-07-2021 15:52,0.981725524,35.77915580000001
4407,-73.89361667,40.84185833,24-07-2021 15:52,0.981725524,35.04769952000004
4408,-73.89354333,40.84181,24-07-2021 15:52,0.981725524,35.04769952000004
4409,-73.893465,40.84176,24-07-2021 15:52,0.981725524,35.04769952000004
4410,-73.89324333,40.84161,24-07-2021 15:52,0.97956181,35.65610708000003
4411,-73.893165,40.841565,24-07-2021 15:52,0.981725524,34.93490486000002
4412,-73.89309167,40.84152333,24-07-2021 15:52,0.981725524,34.93490486000002
4413,-73.89302333,40.84148667,24-07-2021 15:52,0.97956181,35.32114111999999
4414,-73.89296333,40.84145167,24-07-2021 15:52,0.97956181,35.32114111999999
4415,-73.89290833,40.84141833,24-07-2021 15:52,0.981725524,35.32114111999999
4416,-73.892815,40.84136167,24-07-2021 15:52,0.986052954,35.32114111999999
4417,-73.89278167,40.84133833,24-07-2021 15:52,0.986052954,35.32114111999999
4418,-73.89275833,40.841325,24-07-2021 15:52,0.983889239,35.32114111999999
4419,-73.89256833,40.841245,24-07-2021 15:52,1.005766801,35.498878160000004
4420,-73.89254,40.84122333,24-07-2021 15:52,1.005766801,35.498878160000004
4421,-73.89247,40.841175,24-07-2021 15:52,1.003603086,35.498878160000004
4422,-73.89244,40.84115667,24-07-2021 15:52,1.003603086,35.498878160000004
4423,-73.892415,40.84114167,24-07-2021 15:52,1.001439371,35.498878160000004
4424,-73.89238667,40.84112333,24-07-2021 15:52,1.001439371,35.498878160000004
4425,-73.89235667,40.84110333,24-07-2021 15:52,0.999275656,35.498878160000004
4426,-73.89232,40.84108167,24-07-2021 15:53,0.999275656,36.24742454
4427,-73.89222833,40.84105667,24-07-2021 15:53,0.992784512,36.24742454
4428,-73.89217667,40.84106667,24-07-2021 15:53,0.994948226,36.24742454
4429,-73.89213167,40.841095,24-07-2021 15:53,0.994948226,36.24742454
4430,-73.89209333,40.84113,24-07-2021 15:53,0.994948226,36.24742454
4431,-73.892055,40.84116667,24-07-2021 15:53,0.994948226,36.24742454
4432,-73.89201167,40.841205,24-07-2021 15:53,0.994948226,36.24742454
4433,-73.89196667,40.84124,24-07-2021 15:53,0.994948226,36.97888082000003
4434,-73.891925,40.84127167,24-07-2021 15:53,0.994948226,36.97888082000003
4435,-73.89188667,40.84130167,24-07-2021 15:53,0.994948226,36.97888082000003
4436,-73.891855,40.84132833,24-07-2021 15:53,0.988457082,37.15661785999998
4437,-73.89183333,40.841355,24-07-2021 15:53,0.988457082,37.15661785999998
4438,-73.89181,40.84138,24-07-2021 15:53,0.990620797,37.15661785999998
4439,-73.89179167,40.84141667,24-07-2021 15:53,0.990620797,37.15661785999998
4440,-73.89176833,40.84144667,24-07-2021 15:53,0.990620797,37.15661785999998
4441,-73.891715,40.84149167,24-07-2021 15:53,0.990620797,37.15661785999998
4442,-73.89168667,40.84152167,24-07-2021 15:53,0.990620797,37.15661785999998
4443,-73.891655,40.84155667,24-07-2021 15:53,0.990620797,37.15661785999998
4444,-73.89162667,40.84159833,24-07-2021 15:53,0.992784512,37.60437848000004
4445,-73.89159667,40.84168667,24-07-2021 15:53,0.988457082,37.60437848000004
4446,-73.89162,40.84173,24-07-2021 15:53,0.988457082,37.60437848000004
4447,-73.89167333,40.84177167,24-07-2021 15:53,0.988457082,37.20788816000004
4448,-73.89174833,40.84181333,24-07-2021 15:53,0.988457082,37.20788816000004
4449,-73.89183167,40.841855,24-07-2021 15:53,0.986293367,37.20788816000004
4450,-73.89192,40.84189667,24-07-2021 15:53,0.986293367,37.21130618000001
4451,-73.891995,40.84195667,24-07-2021 15:53,0.988457082,37.21130618000001
4452,-73.892075,40.84201,24-07-2021 15:53,0.988457082,36.903684380000016
4453,-73.89215167,40.84206667,24-07-2021 15:53,0.986293367,36.903684380000016
4454,-73.89231667,40.84217833,24-07-2021 15:53,0.981965937,36.83532398
4455,-73.89239,40.84221833,24-07-2021 15:53,0.981965937,36.643914859999995
4456,-73.89245667,40.84225833,24-07-2021 15:53,0.981965937,36.643914859999995
4457,-73.89252167,40.84230167,24-07-2021 15:53,0.981965937,36.643914859999995
4458,-73.89268167,40.842395,24-07-2021 15:53,0.981965937,36.643914859999995
4459,-73.89276333,40.84244667,24-07-2021 15:53,0.981965937,36.51061207999999
4460,-73.89284167,40.84249833,24-07-2021 15:53,0.981965937,36.51061207999999
4461,-73.89291667,40.84254667,24-07-2021 15:53,0.981965937,36.51061207999999
4462,-73.89306333,40.842645,24-07-2021 15:53,0.984129652,36.51061207999999
4463,-73.89315333,40.84270167,24-07-2021 15:54,0.986293367,36.84899605999999
4464,-73.89321667,40.84275333,24-07-2021 15:54,0.986293367,36.84899605999999
4465,-73.89327167,40.842795,24-07-2021 15:54,0.988457082,36.84899605999999
4466,-73.89329333,40.84281,24-07-2021 15:54,0.994948226,36.84899605999999
4467,-73.89331833,40.842845,24-07-2021 15:54,0.992784512,36.84899605999999
4468,-73.89332,40.84287333,24-07-2021 15:54,0.992784512,36.84899605999999
4469,-73.89330833,40.84291167,24-07-2021 15:54,0.990620797,36.84899605999999
4470,-73.89328,40.84294667,24-07-2021 15:54,0.990620797,36.96179072000001
4471,-73.893245,40.84298667,24-07-2021 15:54,0.994948226,36.96179072000001
4472,-73.893205,40.84303,24-07-2021 15:54,0.995068433,36.96179072000001
4473,-73.89316167,40.84307333,24-07-2021 15:54,0.995068433,36.96179072000001
4474,-73.89312333,40.843115,24-07-2021 15:54,0.995068433,36.96179072000001
4475,-73.89309,40.84314833,24-07-2021 15:54,0.995068433,36.96179072000001
4476,-73.89306833,40.84317333,24-07-2021 15:54,0.995068433,36.96179072000001
4477,-73.89305,40.843195,24-07-2021 15:54,0.997232148,36.96179072000001
4478,-73.89303333,40.843215,24-07-2021 15:54,0.997232148,36.886594280000054
4479,-73.89300833,40.84323833,24-07-2021 15:54,0.999395863,36.886594280000054
4480,-73.89297333,40.84327,24-07-2021 15:54,0.999395863,36.72936536000003
4481,-73.89292333,40.843315,24-07-2021 15:54,0.995068433,36.72936536000003
4482,-73.89278667,40.84344667,24-07-2021 15:54,0.995068433,36.72936536000003
4483,-73.89270833,40.84352,24-07-2021 15:54,0.997232148,36.661004960000014
4484,-73.89263,40.84358667,24-07-2021 15:54,0.997232148,36.661004960000014
4485,-73.89256333,40.843635,24-07-2021 15:54,0.995068433,36.55162832000002
4486,-73.892515,40.84366667,24-07-2021 15:54,0.995068433,36.55162832000002
4487,-73.892415,40.84373833,24-07-2021 15:54,0.992904718,36.55162832000002
4488,-73.89243,40.843775,24-07-2021 15:54,0.992904718,36.459341780000045
4489,-73.89246667,40.84380333,24-07-2021 15:54,0.992904718,36.459341780000045
4490,-73.89251833,40.843835,24-07-2021 15:54,0.992904718,36.459341780000045
4491,-73.89263667,40.84391,24-07-2021 15:54,0.997232148,36.53112020000003
4492,-73.8927,40.84395167,24-07-2021 15:54,0.992904718,36.53112020000003
4493,-73.89286667,40.84404667,24-07-2021 15:54,0.992904718,36.76696358000004
4494,-73.89295833,40.8441,24-07-2021 15:54,0.995068433,36.76696358000004
4495,-73.89304833,40.84415,24-07-2021 15:54,0.995068433,36.41490752000004
4496,-73.89312167,40.84419667,24-07-2021 15:54,0.990741003,36.41490752000004
4497,-73.89325667,40.84428333,24-07-2021 15:54,0.995068433,36.41490752000004
4498,-73.89338167,40.84437333,24-07-2021 15:54,0.995068433,35.76890174000005
4499,-73.89348333,40.84441833,24-07-2021 15:54,0.995068433,35.76890174000005
4500,-73.89369833,40.8445,24-07-2021 15:55,0.992904718,35.76890174000005
4501,-73.89378833,40.84453667,24-07-2021 15:55,0.992904718,35.34506726000001
4502,-73.89386,40.84457,24-07-2021 15:55,0.990741003,34.907560699999976
4503,-73.89391333,40.84459667,24-07-2021 15:55,0.990741003,34.907560699999976
4504,-73.89395667,40.844605,24-07-2021 15:55,0.990741003,34.907560699999976
4505,-73.89398333,40.84460167,24-07-2021 15:55,0.990741003,34.907560699999976
4506,-73.89401,40.844585,24-07-2021 15:57,0.988577288,34.907560699999976
4507,-73.89405333,40.84455,24-07-2021 15:57,0.988577288,35.34506726000001
4508,-73.894105,40.84450167,24-07-2021 15:57,0.992904718,34.986175160000016
4509,-73.89422833,40.84438167,24-07-2021 15:57,0.992904718,34.986175160000016
4510,-73.89429,40.84431833,24-07-2021 15:57,0.995068433,34.986175160000016
4511,-73.89435167,40.84425333,24-07-2021 15:57,0.995068433,35.34164924000004
4512,-73.894525,40.84408,24-07-2021 15:57,0.995068433,34.97933912000002
4513,-73.89454833,40.844055,24-07-2021 15:57,0.997232148,34.97933912000002
4514,-73.89456667,40.84402833,24-07-2021 15:57,0.997232148,34.97933912000002
4515,-73.89458167,40.84399667,24-07-2021 15:57,0.999395863,35.13656804000004
4516,-73.89459667,40.843965,24-07-2021 15:57,0.999395863,35.13656804000004
4517,-73.89461833,40.84394167,24-07-2021 15:57,0.997232148,35.13656804000004
4518,-73.89464833,40.843925,24-07-2021 15:57,0.997232148,35.13656804000004
4519,-73.89473333,40.843915,24-07-2021 15:57,0.995068433,35.13656804000004
4520,-73.89478833,40.84391333,24-07-2021 15:57,0.997232148,34.71273356000006
4521,-73.894855,40.84391667,24-07-2021 15:57,0.997232148,34.71273356000006
4522,-73.89493667,40.84393167,24-07-2021 15:57,0.999395863,34.71273356000006
4523,-73.89503,40.84394333,24-07-2021 15:57,0.999395863,34.71273356000006
4524,-73.89536167,40.84397333,24-07-2021 15:57,0.999395863,33.81721232000001
4525,-73.89548667,40.84398333,24-07-2021 15:57,1.003723292,33.81721232000001
4526,-73.89561667,40.84398667,24-07-2021 15:57,1.003723292,33.547188740000024
4527,-73.89608,40.844015,24-07-2021 15:57,0.995188639,33.84797450000002
4528,-73.89617,40.84402667,24-07-2021 15:57,0.999516069,34.02571154000003
4529,-73.89624833,40.84403667,24-07-2021 15:57,0.999516069,34.545250580000015
4530,-73.89632167,40.84404667,24-07-2021 15:57,0.997352354,34.545250580000015
4531,-73.896395,40.844055,24-07-2021 15:57,0.997352354,34.545250580000015
4532,-73.89647,40.84406167,24-07-2021 15:57,0.999516069,34.545250580000015
4533,-73.896545,40.84406833,24-07-2021 15:57,0.999516069,34.545250580000015
4534,-73.896615,40.84407333,24-07-2021 15:57,0.997352354,35.413427660000025
4535,-73.89672667,40.84407833,24-07-2021 15:57,0.995188639,35.413427660000025
4536,-73.89676,40.84407833,24-07-2021 15:57,0.995188639,35.413427660000025
4537,-73.89692333,40.84409167,24-07-2021 15:57,1.003843499,35.413427660000025
4538,-73.89699,40.844095,24-07-2021 15:57,1.006007214,36.47984989999998
4539,-73.89707167,40.84409667,24-07-2021 15:57,1.006007214,36.47984989999998
4540,-73.89715833,40.844105,24-07-2021 15:57,1.003843499,36.47984989999998
4541,-73.89724,40.84411833,24-07-2021 15:57,1.003843499,36.47984989999998
4542,-73.89730833,40.84413167,24-07-2021 15:57,1.010334643,37.67957492000005
4543,-73.89742667,40.84417167,24-07-2021 15:57,1.010334643,37.67957492000005
4544,-73.89745833,40.844185,24-07-2021 15:57,1.010334643,37.67957492000005
4545,-73.89769167,40.84403833,24-07-2021 15:57,1.023437139,38.61611240000002
4546,-73.897605,40.84388667,24-07-2021 15:57,1.023437139,38.216204059999995
4547,-73.89768333,40.84377667,24-07-2021 15:57,1.021273424,39.08096311999998
4548,-73.897715,40.84368667,24-07-2021 15:57,1.021273424,39.672280580000006
4549,-73.89777,40.84359167,24-07-2021 15:57,1.021273424,39.672280580000006
4550,-73.89783,40.843495,24-07-2021 15:57,1.021273424,39.672280580000006
4551,-73.89789167,40.84339167,24-07-2021 15:57,1.016945994,40.017500600000005
4552,-73.89795,40.84329167,24-07-2021 15:58,1.016945994,40.017500600000005
4553,-73.89800167,40.84318833,24-07-2021 15:58,1.01478228,40.331958439999994
4554,-73.89810333,40.842975,24-07-2021 15:58,1.01478228,41.23431572000004
4555,-73.89815667,40.842865,24-07-2021 15:58,1.01045485,42.01020626000002
4556,-73.89821,40.84276167,24-07-2021 15:58,1.01045485,42.01020626000002
4557,-73.89826,40.842665,24-07-2021 15:58,1.012618565,41.788034960000005
4558,-73.89830833,40.84256667,24-07-2021 15:58,1.012618565,41.788034960000005
4559,-73.89835667,40.84247,24-07-2021 15:58,1.012618565,41.788034960000005
4560,-73.89840333,40.84237167,24-07-2021 15:58,1.012618565,42.33491816000003
4561,-73.89845333,40.84227667,24-07-2021 15:58,1.01478228,42.33491816000003
4562,-73.89849833,40.84218167,24-07-2021 15:58,1.01478228,42.33491816000003
4563,-73.89858,40.84200167,24-07-2021 15:58,1.016945994,41.89399358000003
4564,-73.89861833,40.84191667,24-07-2021 15:58,1.016945994,41.89399358000003
4565,-73.898655,40.84184333,24-07-2021 15:58,1.016945994,41.33343830000001
4566,-73.898685,40.84178167,24-07-2021 15:58,1.021273424,41.33343830000001
4567,-73.89870833,40.841735,24-07-2021 15:58,1.021273424,41.33343830000001
4568,-73.898725,40.841705,24-07-2021 15:58,1.016945994,41.33343830000001
4569,-73.898735,40.841685,24-07-2021 15:58,1.016945994,42.29390192000005
4570,-73.89876,40.84166333,24-07-2021 15:58,1.019109709,42.29390192000005
4571,-73.89878167,40.84163167,24-07-2021 15:58,1.023437139,42.29390192000005
4572,-73.898825,40.84156,24-07-2021 15:59,1.021273424,41.767526840000016
4573,-73.89884667,40.84151833,24-07-2021 15:59,1.021273424,41.767526840000016
4574,-73.89887667,40.841475,24-07-2021 15:59,1.021273424,41.767526840000016
4575,-73.89890667,40.84142667,24-07-2021 15:59,1.021273424,41.767526840000016
4576,-73.89894333,40.84136833,24-07-2021 15:59,1.025600854,41.767526840000016
4577,-73.89898667,40.841305,24-07-2021 15:59,1.025600854,41.33685632000004
4578,-73.89903167,40.84124,24-07-2021 15:59,1.027764569,41.33685632000004
4579,-73.89908,40.84117667,24-07-2021 15:59,1.027764569,41.33685632000004
4580,-73.89912667,40.84111667,24-07-2021 15:59,1.027764569,41.74701872000003
4581,-73.89925167,40.84102667,24-07-2021 15:59,1.027764569,41.69233040000006
4582,-73.89929833,40.84102333,24-07-2021 15:59,1.027764569,41.69233040000006
4583,-73.89936,40.84104667,24-07-2021 15:59,1.025600854,41.69233040000006
4584,-73.89944,40.84107167,24-07-2021 15:59,1.025600854,41.74701872000003
4585,-73.89953833,40.8411,24-07-2021 15:59,1.023437139,42.20161538000002
4586,-73.89974333,40.84117,24-07-2021 15:59,1.016945994,42.20161538000002
4587,-73.89983833,40.84120167,24-07-2021 15:59,1.016945994,42.57759758000003
4588,-73.89992,40.84122667,24-07-2021 15:59,1.01478228,42.57759758000003
4589,-73.899975,40.84124333,24-07-2021 15:59,1.01478228,42.57759758000003
4590,-73.90000833,40.841255,24-07-2021 15:59,1.01478228,42.57759758000003
4591,-73.90010333,40.84129667,24-07-2021 15:59,1.01045485,42.57759758000003
4592,-73.90024667,40.84132833,24-07-2021 15:59,1.003963705,41.93159179999998
4593,-73.90034667,40.84135,24-07-2021 15:59,1.00612742,42.34859024000002
4594,-73.90054833,40.84141167,24-07-2021 15:59,1.006247626,42.52974530000006
4595,-73.90064333,40.84144667,24-07-2021 15:59,1.001920197,42.08540270000003
4596,-73.90072167,40.84147667,24-07-2021 15:59,1.001920197,42.08540270000003
4597,-73.90081833,40.841515,24-07-2021 15:59,0.999756482,42.08540270000003
4598,-73.90084,40.84153167,24-07-2021 15:59,0.995429052,42.08540270000003
4599,-73.90083833,40.841535,24-07-2021 15:59,0.997592767,42.08540270000003
4600,-73.90092333,40.84157,24-07-2021 15:59,1.001920197,42.07173062000004
4601,-73.90097667,40.84158,24-07-2021 15:59,1.008411341,42.07173062000004
4602,-73.901035,40.84157,24-07-2021 15:59,1.008411341,42.07173062000004
4603,-73.90109333,40.84154,24-07-2021 15:59,1.004083911,42.07173062000004
4604,-73.90114,40.84149333,24-07-2021 15:59,1.004083911,42.07173062000004
4605,-73.90118167,40.84142667,24-07-2021 15:59,1.004083911,42.07173062000004
4606,-73.901225,40.841355,24-07-2021 15:59,1.004083911,42.46822094000004
4607,-73.90126667,40.84128,24-07-2021 15:59,1.004083911,42.41695063999998
4608,-73.90131,40.84120167,24-07-2021 15:59,1.004083911,42.41695063999998
4609,-73.90135833,40.84112,24-07-2021 15:59,0.999756482,42.68013818000003
4610,-73.90140667,40.84103667,24-07-2021 15:59,0.999756482,42.68013818000003
4611,-73.90145333,40.84095333,24-07-2021 15:59,1.006247626,42.68013818000003
4612,-73.901545,40.84079167,24-07-2021 15:59,1.006247626,43.08688256000005
4613,-73.901585,40.84072167,24-07-2021 15:59,1.004083911,43.08688256000005
4614,-73.90169833,40.84052333,24-07-2021 15:59,1.004083911,42.68013818000003
4615,-73.90173833,40.84045833,24-07-2021 15:59,1.006247626,42.68013818000003
4616,-73.901775,40.84040333,24-07-2021 15:07,1.006247626,42.68013818000003
4617,-73.90192667,40.840235,24-07-2021 15:07,1.008411341,42.72799046
4618,-73.90196167,40.840185,24-07-2021 15:07,1.008411341,41.93842784000003
4619,-73.90200333,40.84011833,24-07-2021 15:07,1.010575056,41.93842784000003
4620,-73.90205333,40.84004167,24-07-2021 15:07,1.010575056,42.07514864000001
4621,-73.902105,40.83995333,24-07-2021 15:07,1.010575056,42.07514864000001
4622,-73.90215833,40.83986333,24-07-2021 15:07,1.010575056,42.07514864000001
4623,-73.90220833,40.839775,24-07-2021 15:07,1.008411341,42.36226232000001
4624,-73.902255,40.83969,24-07-2021 15:07,1.008411341,42.36226232000001
4625,-73.9023,40.83960833,24-07-2021 15:07,1.010575056,42.36226232000001
4626,-73.90234167,40.83953,24-07-2021 15:07,1.010695263,41.36420048000002
4627,-73.90237667,40.83946167,24-07-2021 15:07,1.004204118,41.51459336000005
4628,-73.90244167,40.839345,24-07-2021 15:07,1.004204118,41.51459336000005
4629,-73.90247167,40.839285,24-07-2021 15:07,1.004204118,41.51459336000005
4630,-73.90249667,40.839215,24-07-2021 15:07,1.004204118,40.889095699999984
4631,-73.90252333,40.83914167,24-07-2021 15:07,1.004204118,40.889095699999984
4632,-73.90255167,40.83906833,24-07-2021 15:07,1.004204118,40.889095699999984
4633,-73.90258167,40.83899833,24-07-2021 15:07,1.006367833,40.889095699999984
4634,-73.902635,40.838875,24-07-2021 15:08,1.006367833,39.19033976000003
4635,-73.90263667,40.83881833,24-07-2021 15:08,1.006367833,39.19033976000003
4636,-73.90260833,40.83876333,24-07-2021 15:08,1.006367833,39.19033976000003
4637,-73.90255,40.83872167,24-07-2021 15:08,1.006367833,39.19033976000003
4638,-73.90247,40.83868667,24-07-2021 15:08,1.004204118,37.94276246000004
4639,-73.90238333,40.83865333,24-07-2021 15:08,1.004204118,37.94276246000004
4640,-73.9023,40.83862167,24-07-2021 15:08,1.008531548,38.325580700000046
4641,-73.90221667,40.83858667,24-07-2021 15:08,1.008531548,38.325580700000046
4642,-73.902065,40.83851833,24-07-2021 15:08,1.010695263,38.325580700000046
4643,-73.90200167,40.838485,24-07-2021 15:08,1.010695263,38.325580700000046
4644,-73.90195667,40.83846167,24-07-2021 15:08,1.010695263,38.81777557999999
4645,-73.90183,40.83840167,24-07-2021 15:08,1.017186407,37.80262363999998
4646,-73.90168667,40.83833833,24-07-2021 15:08,1.017186407,37.80262363999998
4647,-73.90161333,40.838305,24-07-2021 15:08,1.017186407,37.80262363999998
4648,-73.90153667,40.83826667,24-07-2021 15:08,1.015022692,38.07264722000002
4649,-73.90146,40.83822833,24-07-2021 15:08,1.015022692,38.07264722000002
4650,-73.90137833,40.83818667,24-07-2021 15:08,1.015022692,38.07264722000002
4651,-73.90128833,40.83814833,24-07-2021 15:08,1.015022692,37.741099280000014
4652,-73.901195,40.83810833,24-07-2021 15:08,1.012858977,38.233294160000014
4653,-73.9011,40.83807167,24-07-2021 15:08,1.012858977,37.82996780000002
4654,-73.90100167,40.83803,24-07-2021 15:08,1.015022692,37.82996780000002
4655,-73.90089833,40.83798833,24-07-2021 15:08,1.015022692,37.98719672000004
4656,-73.9008,40.83794833,24-07-2021 15:08,1.015022692,37.98719672000004
4657,-73.90070667,40.83790833,24-07-2021 15:09,1.015022692,37.98719672000004
4658,-73.90062167,40.83787167,24-07-2021 15:09,1.017186407,37.98719672000004
4659,-73.90054333,40.83783333,24-07-2021 15:09,1.017186407,36.96179072000001
4660,-73.900395,40.837755,24-07-2021 15:09,1.017186407,35.69370530000003
4661,-73.90032833,40.83772167,24-07-2021 15:09,1.017186407,35.69370530000003
4662,-73.90027333,40.83769333,24-07-2021 15:09,1.015022692,35.69370530000003
4663,-73.90023,40.83767333,24-07-2021 15:09,1.015022692,33.82063033999998
4664,-73.89999333,40.83758,24-07-2021 15:09,1.008651754,33.82063033999998
4665,-73.89982167,40.83751333,24-07-2021 15:09,1.008651754,32.54912690000003
4666,-73.89974167,40.83747667,24-07-2021 15:09,1.004324324,32.54912690000003
4667,-73.89962333,40.83740167,24-07-2021 15:09,1.008651754,32.54912690000003
4668,-73.89954,40.83730833,24-07-2021 15:09,1.004324324,32.54912690000003
4669,-73.89949833,40.837245,24-07-2021 15:09,1.004324324,31.72196606
4670,-73.899455,40.83717,24-07-2021 15:09,0.999996894,31.72196606
4671,-73.89936167,40.83701167,24-07-2021 15:09,0.995669465,31.55790109999998
4672,-73.89931833,40.836935,24-07-2021 15:09,0.995669465,31.55790109999998
4673,-73.89926667,40.83685333,24-07-2021 15:09,0.99350575,31.55790109999998
4674,-73.8992,40.83677667,24-07-2021 15:09,0.99350575,31.55790109999998
4675,-73.89913,40.8367,24-07-2021 15:09,0.995669465,31.578409220000026
4676,-73.89904833,40.83662333,24-07-2021 15:09,0.995669465,31.578409220000026
4677,-73.89886333,40.8365,24-07-2021 15:09,0.99350575,31.578409220000026
4678,-73.898755,40.83646167,24-07-2021 15:09,0.995669465,31.602335359999984
4679,-73.89863833,40.83643333,24-07-2021 15:09,0.995669465,31.602335359999984
4680,-73.898395,40.83640167,24-07-2021 15:09,0.99783318,31.89970310000001
4681,-73.898285,40.83638667,24-07-2021 15:09,0.99783318,31.89970310000001
4682,-73.89817667,40.83637667,24-07-2021 15:09,0.995669465,31.89970310000001
4683,-73.89808,40.83638,24-07-2021 15:09,0.995669465,32.45342234000003
4684,-73.89789667,40.836385,24-07-2021 15:09,0.999996894,32.45342234000003
4685,-73.89786667,40.83635833,24-07-2021 15:09,0.999996894,32.45342234000003
4686,-73.897825,40.83621167,24-07-2021 15:09,1.002160609,32.45342234000003
4687,-73.89781833,40.83614333,24-07-2021 15:09,1.002160609,31.86894092
4688,-73.89781,40.83607,24-07-2021 15:09,0.995669465,31.86894092
4689,-73.89780333,40.835995,24-07-2021 15:09,0.995669465,31.86894092
4690,-73.89780167,40.83591333,24-07-2021 15:09,0.99350575,31.725384080000026
4691,-73.89779833,40.835835,24-07-2021 15:09,0.99350575,31.725384080000026
4692,-73.89779,40.83576167,24-07-2021 15:09,0.991342035,31.725384080000026
4693,-73.89777,40.83568667,24-07-2021 15:09,0.991342035,31.725384080000026
4694,-73.89774167,40.83561,24-07-2021 15:09,0.991342035,32.08427618000002
4695,-73.89772,40.83553333,24-07-2021 15:09,0.991342035,32.08427618000002
4696,-73.89767833,40.83537333,24-07-2021 15:09,0.99350575,32.82256849999999
4697,-73.89765333,40.83528833,24-07-2021 15:09,0.99350575,32.82256849999999
4698,-73.89762,40.83520167,24-07-2021 15:09,0.995669465,32.82256849999999
4699,-73.89758,40.83512167,24-07-2021 15:09,0.995669465,33.724925780000035
4700,-73.897535,40.83503833,24-07-2021 15:09,0.995669465,33.724925780000035
4701,-73.897485,40.83495333,24-07-2021 15:09,0.995669465,33.724925780000035
4702,-73.89742667,40.83487,24-07-2021 15:09,0.995669465,33.724925780000035
4703,-73.89736833,40.83479,24-07-2021 15:09,0.995669465,34.251300860000015
4704,-73.89731,40.83471167,24-07-2021 15:09,0.99350575,34.251300860000015
4705,-73.89725333,40.83463667,24-07-2021 15:09,0.99350575,34.251300860000015
4706,-73.89720333,40.83456833,24-07-2021 15:10,0.99350575,35.26987082000005
4707,-73.89716333,40.834515,24-07-2021 15:10,0.993625956,35.26987082000005
4708,-73.89712667,40.83446833,24-07-2021 15:10,0.991462241,35.26987082000005
4709,-73.89709,40.83442167,24-07-2021 15:10,0.991462241,35.150240120000035
4710,-73.89704167,40.834365,24-07-2021 15:10,0.989298526,35.150240120000035
4711,-73.89699,40.83429833,24-07-2021 15:10,0.989298526,36.281604740000034
4712,-73.89693167,40.83423,24-07-2021 15:10,0.991462241,36.281604740000034
4713,-73.896875,40.83416333,24-07-2021 15:10,0.991462241,36.281604740000034
4714,-73.89681833,40.834095,24-07-2021 15:10,0.991462241,36.281604740000034
4715,-73.89670833,40.83396667,24-07-2021 15:10,0.991462241,37.19421608000005
4716,-73.896655,40.83390167,24-07-2021 15:10,0.993625956,37.19421608000005
4717,-73.89655667,40.83378667,24-07-2021 15:10,0.993625956,37.19421608000005
4718,-73.89649667,40.833705,24-07-2021 15:10,0.991462241,37.55310817999998
4719,-73.89648333,40.83368333,24-07-2021 15:10,0.991462241,37.55310817999998
4720,-73.896485,40.83357,24-07-2021 15:10,1.015263105,37.55310817999998
4721,-73.89651333,40.83353833,24-07-2021 15:10,1.015263105,37.55310817999998
4722,-73.89656167,40.83350667,24-07-2021 15:10,1.015263105,37.55652620000001
4723,-73.89662333,40.833475,24-07-2021 15:10,1.01742682,37.55652620000001
4724,-73.89669333,40.83344333,24-07-2021 15:10,1.01742682,37.55652620000001
4725,-73.89677167,40.83340833,24-07-2021 15:10,1.01742682,37.771861460000025
4726,-73.89685333,40.83337333,24-07-2021 15:10,1.01742682,37.771861460000025
4727,-73.897025,40.83329167,24-07-2021 15:10,1.01742682,37.771861460000025
4728,-73.897115,40.83324667,24-07-2021 15:10,1.01742682,38.01112286
4729,-73.89720167,40.83319667,24-07-2021 15:10,1.01742682,37.73426324000002
4730,-73.89728667,40.83315167,24-07-2021 15:10,1.015263105,37.73426324000002
4731,-73.89737667,40.83310667,24-07-2021 15:10,1.015263105,37.73426324000002
4732,-73.89746667,40.83305833,24-07-2021 15:10,1.01742682,37.73426324000002
4733,-73.89755333,40.83301667,24-07-2021 15:10,1.01742682,37.85731196000006
4734,-73.897625,40.832985,24-07-2021 15:11,1.015263105,37.85731196000006
4735,-73.897685,40.832965,24-07-2021 15:11,1.015263105,37.09167548000005
4736,-73.89773333,40.832955,24-07-2021 15:11,1.01309939,37.09167548000005
4737,-73.89781,40.832935,24-07-2021 15:11,1.01309939,37.09167548000005
4738,-73.89783167,40.83292833,24-07-2021 15:11,1.01742682,37.03015112000003
4739,-73.89788333,40.8329,24-07-2021 15:11,1.024038171,37.03015112000003
4740,-73.89792833,40.83287667,24-07-2021 15:11,1.021874456,37.03015112000003
4741,-73.89798167,40.832845,24-07-2021 15:11,1.021874456,37.03015112000003
4742,-73.89804333,40.83280667,24-07-2021 15:11,1.021874456,37.03015112000003
4743,-73.89817333,40.83271167,24-07-2021 15:11,1.021874456,37.03015112000003
4744,-73.89824,40.83266,24-07-2021 15:11,1.021874456,36.48326792
4745,-73.89831167,40.83261,24-07-2021 15:11,1.021874456,36.48326792
4746,-73.89845167,40.83250667,24-07-2021 15:11,1.019710741,36.48326792
4747,-73.898525,40.83245333,24-07-2021 15:11,1.019710741,36.48326792
4748,-73.89860333,40.83239667,24-07-2021 15:11,1.019710741,36.36705524000001
4749,-73.89875667,40.83227333,24-07-2021 15:11,1.017547026,36.36705524000001
4750,-73.89884167,40.83221333,24-07-2021 15:11,1.017547026,36.36705524000001
4751,-73.89892,40.832165,24-07-2021 15:11,1.013219597,37.13952776000002
4752,-73.89906667,40.83205833,24-07-2021 15:11,1.013219597,36.70202119999999
4753,-73.89913667,40.83200333,24-07-2021 15:11,1.011055882,36.70202119999999
4754,-73.89921167,40.83194167,24-07-2021 15:11,1.011055882,36.70202119999999
4755,-73.89930167,40.831875,24-07-2021 15:11,1.011055882,36.22008038000001
4756,-73.89959167,40.83166667,24-07-2021 15:11,1.015383311,36.22008038000001
4757,-73.89968333,40.83159,24-07-2021 15:11,1.015383311,35.95689284000002
4758,-73.89978167,40.83152167,24-07-2021 15:11,1.015383311,35.95689284000002
4759,-73.89987667,40.83146,24-07-2021 15:11,1.015383311,35.95689284000002
4760,-73.89996667,40.83141,24-07-2021 15:11,1.015383311,35.95689284000002
4761,-73.90004167,40.83137833,24-07-2021 15:11,1.011055882,37.22497826000006
4762,-73.90011167,40.83135833,24-07-2021 15:11,1.011055882,37.22497826000006
4763,-73.900185,40.83134667,24-07-2021 15:11,1.008892167,37.04382320000002
4764,-73.90024667,40.83134,24-07-2021 15:11,1.008892167,37.04382320000002
4765,-73.90028833,40.83133167,24-07-2021 15:11,1.015383311,37.04382320000002
4766,-73.90045333,40.83134333,24-07-2021 15:11,1.008892167,37.34119094000005
4767,-73.900515,40.83134667,24-07-2021 15:11,1.008892167,37.34119094000005
4768,-73.90058,40.83134833,24-07-2021 15:11,1.006728452,37.34119094000005
4769,-73.90064833,40.83135167,24-07-2021 15:11,1.006728452,37.34119094000005
4770,-73.90081667,40.83137167,24-07-2021 15:11,1.013219597,37.78895155999999
4771,-73.90091,40.83139333,24-07-2021 15:11,1.011055882,37.78895155999999
4772,-73.90100667,40.83141667,24-07-2021 15:12,1.011055882,37.78895155999999
4773,-73.90109833,40.83144167,24-07-2021 15:12,1.011055882,36.886594280000054
4774,-73.90128,40.831495,24-07-2021 15:12,1.011055882,36.886594280000054
4775,-73.901375,40.83152333,24-07-2021 15:12,1.011055882,36.886594280000054
4776,-73.90147,40.83155667,24-07-2021 15:12,1.013219597,37.1292737
4777,-73.90156333,40.83159,24-07-2021 15:12,1.013219597,37.1292737
4778,-73.90165667,40.83162333,24-07-2021 15:12,1.011055882,37.1292737
4779,-73.901745,40.831655,24-07-2021 15:12,1.011055882,37.15661785999998
4780,-73.901825,40.83169,24-07-2021 15:12,1.015383311,37.365117080000005
4781,-73.90189833,40.83172167,24-07-2021 15:12,1.015383311,37.365117080000005
4782,-73.90205,40.83178333,24-07-2021 15:12,1.015383311,37.365117080000005
4783,-73.90213667,40.83181167,24-07-2021 15:12,1.015383311,37.365117080000005
4784,-73.90222833,40.83184,24-07-2021 15:12,1.013219597,37.559944220000034
4785,-73.90260333,40.83198,24-07-2021 15:12,1.006728452,37.758189379999976
4786,-73.90268333,40.83200833,24-07-2021 15:12,1.006848658,37.758189379999976
4787,-73.90275667,40.83204,24-07-2021 15:12,1.009012373,37.758189379999976
4788,-73.90283333,40.83207167,24-07-2021 15:12,1.009012373,37.93250840000002
4789,-73.90291833,40.83210167,24-07-2021 15:12,1.009012373,37.93250840000002
4790,-73.90300667,40.83213,24-07-2021 15:12,1.009012373,37.93250840000002
4791,-73.90309167,40.83215667,24-07-2021 15:12,1.006848658,37.93250840000002
4792,-73.90316667,40.83218167,24-07-2021 15:12,1.006848658,38.09315534000001
4793,-73.903225,40.83220167,24-07-2021 15:12,1.004684943,38.09315534000001
4794,-73.90331333,40.832235,24-07-2021 15:12,1.006848658,38.09315534000001
4795,-73.90334833,40.832255,24-07-2021 15:12,1.006848658,38.05213909999998
4796,-73.903365,40.83228667,24-07-2021 15:12,1.006848658,38.05213909999998
4797,-73.90335833,40.83235333,24-07-2021 15:12,1.006848658,38.05213909999998
4798,-73.90330667,40.83243333,24-07-2021 15:12,1.006848658,38.05213909999998
4799,-73.90327167,40.83248,24-07-2021 15:12,1.004684943,38.05213909999998
4800,-73.90323333,40.832535,24-07-2021 15:12,1.004684943,37.84363988000001
4801,-73.903155,40.83264833,24-07-2021 15:12,1.006848658,37.84363988000001
4802,-73.90311,40.83271,24-07-2021 15:12,1.004684943,37.53601808000002
4803,-73.90302333,40.832835,24-07-2021 15:12,1.004684943,37.348026979999986
4804,-73.90298333,40.83289833,24-07-2021 15:12,1.004684943,37.348026979999986
4805,-73.90294667,40.83295667,24-07-2021 15:12,1.002521229,37.348026979999986
4806,-73.90291333,40.83300167,24-07-2021 15:12,1.002521229,37.348026979999986
4807,-73.90288833,40.83303833,24-07-2021 15:13,1.002521229,37.348026979999986
4808,-73.90286333,40.833075,24-07-2021 15:13,1.002521229,37.573616300000026
4809,-73.90284,40.83311,24-07-2021 15:13,0.993866369,37.573616300000026
4810,-73.902815,40.83314667,24-07-2021 15:13,0.993866369,37.573616300000026
4811,-73.902785,40.83318833,24-07-2021 15:13,0.996030084,37.573616300000026
4812,-73.902755,40.833235,24-07-2021 15:13,0.996030084,37.132691720000025
4813,-73.90272667,40.83328333,24-07-2021 15:13,0.993866369,37.132691720000025
4814,-73.90262833,40.83342667,24-07-2021 15:13,0.989538939,37.45056757999998
4815,-73.90258667,40.83347833,24-07-2021 15:13,0.989538939,37.45056757999998
4816,-73.90253667,40.83353167,24-07-2021 15:13,0.989538939,37.9666886
4817,-73.90244167,40.83364667,24-07-2021 15:13,0.991702654,37.9666886
4818,-73.90233333,40.83381,24-07-2021 15:13,0.989538939,37.918836320000025
4819,-73.90231,40.83384167,24-07-2021 15:13,0.993866369,37.918836320000025
4820,-73.90229333,40.83386833,24-07-2021 15:13,0.993866369,37.918836320000025
4821,-73.902275,40.833895,24-07-2021 15:13,0.989538939,37.918836320000025
4822,-73.90225333,40.83392833,24-07-2021 15:13,0.989538939,37.918836320000025
4823,-73.90222667,40.83396667,24-07-2021 15:13,0.985211509,37.918836320000025
4824,-73.902195,40.83401,24-07-2021 15:13,0.985211509,37.918836320000025
4825,-73.90216,40.83405333,24-07-2021 15:13,0.987375224,39.03652886000003
4826,-73.90211667,40.83410167,24-07-2021 15:13,0.987375224,39.03652886000003
4827,-73.90207833,40.83415167,24-07-2021 15:13,0.985211509,39.03652886000003
4828,-73.90204833,40.83420167,24-07-2021 15:13,0.985211509,37.90174622000001
4829,-73.90199167,40.834295,24-07-2021 15:13,0.989538939,37.90174622000001
4830,-73.90197167,40.83433,24-07-2021 15:13,0.989538939,39.033110840000006
4831,-73.90195833,40.83436,24-07-2021 15:13,0.989538939,39.033110840000006
4832,-73.90194667,40.83438667,24-07-2021 15:13,0.989538939,39.033110840000006
4833,-73.90192167,40.83443833,24-07-2021 15:13,0.989538939,39.033110840000006
4834,-73.90191167,40.83446333,24-07-2021 15:13,0.985211509,39.033110840000006
4835,-73.90188167,40.83455333,24-07-2021 15:13,0.99615029,39.033110840000006
4836,-73.90186333,40.83459333,24-07-2021 15:13,1.00047772,39.67911662000006
4837,-73.90184667,40.83464167,24-07-2021 15:13,1.00047772,39.67911662000006
4838,-73.90183,40.834695,24-07-2021 15:13,1.00047772,39.67911662000006
4839,-73.901805,40.83475,24-07-2021 15:13,1.00047772,39.67911662000006
4840,-73.90176833,40.83480667,24-07-2021 15:13,1.002641435,39.67911662000006
4841,-73.90168333,40.834925,24-07-2021 15:14,1.002641435,38.233294160000014
4842,-73.90163833,40.83498667,24-07-2021 15:14,1.002641435,38.233294160000014
4843,-73.90159667,40.83504833,24-07-2021 15:14,1.002641435,38.233294160000014
4844,-73.90155833,40.83511167,24-07-2021 15:14,1.00047772,38.233294160000014
4845,-73.901525,40.83517333,24-07-2021 15:14,1.00047772,38.19569594000001
4846,-73.90142667,40.83529833,24-07-2021 15:14,1.002641435,38.19569594000001
4847,-73.901415,40.83532167,24-07-2021 15:14,1.002641435,38.19569594000001
4848,-73.901335,40.83544667,24-07-2021 15:14,1.00480515,37.84705789999998
4849,-73.90134167,40.83548833,24-07-2021 15:14,1.00480515,37.84705789999998
4850,-73.90137,40.835525,24-07-2021 15:14,1.00480515,37.84705789999998
4851,-73.90159833,40.83560833,24-07-2021 15:14,1.00047772,37.84705789999998
4852,-73.90167667,40.83563,24-07-2021 15:14,1.00047772,37.84705789999998
4853,-73.901755,40.83565333,24-07-2021 15:14,1.002641435,38.94766034000003
4854,-73.90183667,40.83568,24-07-2021 15:14,1.002641435,37.93250840000002
4855,-73.901925,40.83570667,24-07-2021 15:14,1.002641435,37.93250840000002
4856,-73.90201667,40.83573167,24-07-2021 15:14,1.002641435,38.94766034000003
4857,-73.90211,40.835755,24-07-2021 15:14,1.002641435,39.347568679999995
4858,-73.90220667,40.83578,24-07-2021 15:14,1.002641435,38.45546546000003
4859,-73.902305,40.835805,24-07-2021 15:14,1.002641435,38.45546546000003
4860,-73.90249333,40.835855,24-07-2021 15:15,1.00480515,38.62978448000001
4861,-73.902585,40.83587833,24-07-2021 15:15,1.00480515,38.62978448000001
4862,-73.90266833,40.83590333,24-07-2021 15:15,1.00480515,38.62978448000001
4863,-73.90279833,40.835945,24-07-2021 15:15,1.00480515,38.54433398000003
4864,-73.90284833,40.83595333,24-07-2021 15:15,1.002641435,38.54433398000003
4865,-73.90289833,40.83595,24-07-2021 15:15,1.002641435,38.54433398000003
4866,-73.90294667,40.83593167,24-07-2021 15:15,0.99615029,38.54433398000003
4867,-73.90298833,40.8359,24-07-2021 15:15,0.99615029,38.54433398000003
4868,-73.90302667,40.83585667,24-07-2021 15:15,0.99615029,38.54433398000003
4869,-73.90306333,40.83580167,24-07-2021 15:15,0.99615029,38.54433398000003
4870,-73.903105,40.83574,24-07-2021 15:15,0.99615029,39.29629838000005
4871,-73.90314667,40.83566833,24-07-2021 15:15,0.99615029,38.79726746000006
4872,-73.90318667,40.83559,24-07-2021 15:15,0.99615029,38.79726746000006
4873,-73.90323167,40.83551167,24-07-2021 15:15,0.99615029,38.79726746000006
4874,-73.90328,40.83543333,24-07-2021 15:15,0.99182286,39.344150660000025
4875,-73.90333,40.83536167,24-07-2021 15:15,0.99182286,39.344150660000025
4876,-73.90337833,40.8353,24-07-2021 15:15,0.99615029,39.344150660000025
4877,-73.90342,40.83525167,24-07-2021 15:15,0.99615029,39.344150660000025
4878,-73.90345,40.83521167,24-07-2021 15:15,0.998314005,39.785075240000026
4879,-73.90347333,40.83518333,24-07-2021 15:15,0.998314005,39.785075240000026
4880,-73.90353167,40.83513,24-07-2021 15:15,0.996270497,38.87929994000001
4881,-73.90356,40.83508833,24-07-2021 15:15,1.002761641,38.87929994000001
4882,-73.903595,40.83502667,24-07-2021 15:16,1.002761641,38.87929994000001
4883,-73.90364333,40.83495167,24-07-2021 15:16,1.000597926,38.87929994000001
4884,-73.90369667,40.83486667,24-07-2021 15:16,1.000597926,39.63126434000003
4885,-73.90375333,40.83477833,24-07-2021 15:16,0.996270497,39.63126434000003
4886,-73.90381167,40.83469,24-07-2021 15:16,0.996270497,39.63126434000003
4887,-73.90386833,40.8346,24-07-2021 15:16,0.994106782,38.445211400000005
4888,-73.90392333,40.83451333,24-07-2021 15:16,0.994106782,38.445211400000005
4889,-73.903985,40.83442333,24-07-2021 15:16,0.994106782,38.445211400000005
4890,-73.904055,40.83433,24-07-2021 15:16,0.994106782,38.68789082000001
4891,-73.904125,40.834235,24-07-2021 15:16,0.991943067,38.68789082000001
4892,-73.904255,40.83404333,24-07-2021 15:16,0.991943067,37.19079806000002
4893,-73.90431833,40.83394833,24-07-2021 15:16,0.989779352,37.19079806000002
4894,-73.90438167,40.83385333,24-07-2021 15:16,0.989779352,37.61463254
4895,-73.90444167,40.83376,24-07-2021 15:16,0.991943067,37.61463254
4896,-73.90450167,40.833665,24-07-2021 15:16,0.991943067,37.61463254
4897,-73.90456333,40.83356667,24-07-2021 15:16,0.991943067,37.80262363999998
4898,-73.90469167,40.83337167,24-07-2021 15:16,0.989779352,37.132691720000025
4899,-73.90475167,40.83327833,24-07-2021 15:16,0.989779352,37.56336224000006
4900,-73.90481333,40.83319167,24-07-2021 15:16,0.991943067,37.56336224000006
4901,-73.904875,40.83310667,24-07-2021 15:16,0.991943067,37.56336224000006
4902,-73.90494167,40.83303,24-07-2021 15:16,0.989779352,38.19569594000001
4903,-73.90499833,40.832955,24-07-2021 15:16,0.989779352,38.19569594000001
4904,-73.90505,40.83288333,24-07-2021 15:16,0.991943067,38.19569594000001
4905,-73.90603,40.83285333,24-07-2021 15:16,1.026682711,37.65223076000001
4906,-73.90605833,40.832795,24-07-2021 15:16,1.022355282,37.65223076000001
4907,-73.90609333,40.83273667,24-07-2021 15:16,1.022355282,38.43495733999998
4908,-73.90612833,40.83267333,24-07-2021 15:16,1.015864137,38.43495733999998
4909,-73.90618,40.83261333,24-07-2021 15:16,1.015864137,38.43495733999998
4910,-73.90622167,40.83255167,24-07-2021 15:16,1.015864137,38.43495733999998
4911,-73.90629167,40.83245667,24-07-2021 15:16,1.015864137,39.14932352000005
4912,-73.90632333,40.83242167,24-07-2021 15:16,1.011536707,39.14932352000005
4913,-73.90634833,40.83238833,24-07-2021 15:16,1.011536707,39.14932352000005
4914,-73.90637333,40.83235,24-07-2021 15:16,1.009372992,38.94424232000006
4915,-73.90643833,40.832235,24-07-2021 15:16,1.009372992,39.487707500000056
4916,-73.90647667,40.83216667,24-07-2021 15:16,1.009372992,39.487707500000056
4917,-73.90652,40.83209167,24-07-2021 15:16,1.002881848,39.487707500000056
4918,-73.906565,40.832015,24-07-2021 15:16,1.002881848,39.487707500000056
4919,-73.90660833,40.83194,24-07-2021 15:16,1.002881848,39.658608500000014
4920,-73.90668,40.83179833,24-07-2021 15:16,1.005045563,39.658608500000014
4921,-73.90670333,40.83174,24-07-2021 15:16,1.005045563,39.658608500000014
4922,-73.90672333,40.83169167,24-07-2021 15:16,1.005045563,38.91689816000002
4923,-73.90674333,40.83165167,24-07-2021 15:16,1.005045563,38.91689816000002
4924,-73.906865,40.83145833,24-07-2021 15:16,1.015864137,38.91689816000002
4925,-73.90689833,40.83139667,24-07-2021 15:16,1.018027852,38.35292486000003
4926,-73.90694,40.83132833,24-07-2021 15:17,1.018027852,38.35292486000003
4927,-73.90698333,40.83125333,24-07-2021 15:17,1.015864137,38.35292486000003
4928,-73.90703,40.83117667,24-07-2021 15:17,1.015864137,38.35292486000003
4929,-73.90707167,40.8311,24-07-2021 15:17,1.011536707,38.01112286
4930,-73.90711333,40.83102333,24-07-2021 15:17,1.011536707,38.15809772
4931,-73.90716,40.83094833,24-07-2021 15:17,1.011536707,38.15809772
4932,-73.907205,40.83087333,24-07-2021 15:17,1.011536707,38.099991380000006
4933,-73.90725167,40.8308,24-07-2021 15:17,1.009372992,38.099991380000006
4934,-73.90729167,40.83073167,24-07-2021 15:17,1.009372992,38.099991380000006
4935,-73.90733,40.83066833,24-07-2021 15:17,1.007209277,38.099991380000006
4936,-73.90738,40.83056833,24-07-2021 15:17,1.005045563,38.38710506000001
4937,-73.90740333,40.83052167,24-07-2021 15:17,1.005045563,38.38710506000001
4938,-73.90742667,40.83047333,24-07-2021 15:17,1.011536707,38.38710506000001
4939,-73.90745333,40.83042833,24-07-2021 15:17,1.011656914,39.15615955999999
4940,-73.907495,40.83034667,24-07-2021 15:17,1.005165769,39.21768392000001
4941,-73.90751667,40.83031333,24-07-2021 15:17,1.005165769,39.21768392000001
4942,-73.90753833,40.83027833,24-07-2021 15:17,1.007329484,39.21768392000001
4943,-73.90756,40.83024333,24-07-2021 15:17,1.007329484,39.21768392000001
4944,-73.907585,40.83021,24-07-2021 15:18,1.009493199,39.21768392000001
4945,-73.90761333,40.83017333,24-07-2021 15:18,1.009493199,39.21768392000001
4946,-73.907645,40.83013167,24-07-2021 15:18,1.009493199,39.21768392000001
4947,-73.90767333,40.83008667,24-07-2021 15:18,1.009493199,39.053618959999994
4948,-73.90769833,40.83003667,24-07-2021 15:18,1.015984343,39.053618959999994
4949,-73.90772167,40.829985,24-07-2021 15:18,1.015984343,39.053618959999994
4950,-73.90775167,40.82993167,24-07-2021 15:18,1.015984343,39.053618959999994
4951,-73.90777833,40.829875,24-07-2021 15:18,1.015984343,39.053618959999994
4952,-73.90780167,40.829815,24-07-2021 15:18,1.018148058,39.79874732000002
4953,-73.90791167,40.82963167,24-07-2021 15:18,1.018148058,39.79874732000002
4954,-73.90795667,40.82956667,24-07-2021 15:18,1.015984343,39.79874732000002
4955,-73.90800333,40.8295,24-07-2021 15:18,1.015984343,39.59708413999999
4956,-73.90804,40.82944167,24-07-2021 15:18,1.018148058,39.59708413999999
4957,-73.908065,40.82938333,24-07-2021 15:18,1.018148058,39.59708413999999
4958,-73.908105,40.82928833,24-07-2021 15:18,1.020311773,39.3338966
4959,-73.908125,40.82925333,24-07-2021 15:18,1.020311773,39.3338966
4960,-73.908145,40.82922,24-07-2021 15:18,1.015984343,39.3338966
4961,-73.90816667,40.82919167,24-07-2021 15:18,1.015984343,40.099533080000015
4962,-73.90818167,40.82916,24-07-2021 15:18,1.015984343,40.099533080000015
4963,-73.90819833,40.829135,24-07-2021 15:18,1.015984343,40.099533080000015
4964,-73.90822167,40.82908333,24-07-2021 15:18,1.015984343,40.099533080000015
4965,-73.90823167,40.82905833,24-07-2021 15:18,1.018148058,40.099533080000015
4966,-73.90824333,40.82902833,24-07-2021 15:18,1.018148058,40.099533080000015
4967,-73.908255,40.82899667,24-07-2021 15:18,1.015984343,39.658608500000014
4968,-73.90826833,40.82896833,24-07-2021 15:18,1.015984343,39.658608500000014
4969,-73.90828167,40.82894333,24-07-2021 15:18,1.018148058,39.658608500000014
4970,-73.90829,40.82892,24-07-2021 15:18,1.018148058,39.658608500000014
4971,-73.90829667,40.82889833,24-07-2021 15:18,1.022475488,39.658608500000014
4972,-73.908345,40.82879667,24-07-2021 15:18,1.022475488,39.658608500000014
4973,-73.908365,40.82876833,24-07-2021 15:18,1.028966633,39.658608500000014
4974,-73.90838667,40.82874,24-07-2021 15:18,1.028966633,39.37491283999998
4975,-73.90841167,40.82871167,24-07-2021 15:18,1.028966633,39.37491283999998
4976,-73.90843,40.82867833,24-07-2021 15:18,1.028966633,39.37491283999998
4977,-73.908485,40.82856667,24-07-2021 15:18,1.026802918,39.37491283999998
4978,-73.908505,40.82853667,24-07-2021 15:18,1.026802918,39.37491283999998
4979,-73.90856833,40.82845333,24-07-2021 15:18,1.026802918,40.58147389999999
4980,-73.90858833,40.82843333,24-07-2021 15:18,1.026802918,40.58147389999999
4981,-73.90860333,40.82841,24-07-2021 15:18,1.026802918,40.58147389999999
4982,-73.908615,40.82838667,24-07-2021 15:18,1.026802918,40.58147389999999
4983,-73.90863,40.82836833,24-07-2021 15:18,1.028966633,40.58147389999999
4984,-73.908675,40.82826167,24-07-2021 15:18,1.022475488,40.58147389999999
4985,-73.90869833,40.82821333,24-07-2021 15:19,1.018148058,40.58147389999999
4986,-73.90872333,40.828155,24-07-2021 15:19,1.018148058,40.772883019999995
4987,-73.90874833,40.82809333,24-07-2021 15:19,1.015984343,40.772883019999995
4988,-73.90877833,40.82803333,24-07-2021 15:19,1.015984343,40.772883019999995
4989,-73.908805,40.82798167,24-07-2021 15:19,1.009493199,40.772883019999995
4990,-73.90882833,40.82793667,24-07-2021 15:19,1.009493199,41.12152106000002
4991,-73.90885333,40.82789667,24-07-2021 15:19,1.009493199,41.12152106000002
4992,-73.908885,40.82786667,24-07-2021 15:19,1.009493199,41.12152106000002
4993,-73.90891333,40.82783667,24-07-2021 15:19,1.005285975,41.12152106000002
4994,-73.90893333,40.82779667,24-07-2021 15:19,1.005285975,41.12152106000002
4995,-73.908955,40.827755,24-07-2021 15:19,1.000958546,41.12152106000002
4996,-73.90899667,40.82767,24-07-2021 15:19,1.000958546,41.15570126
4997,-73.90901667,40.82762333,24-07-2021 15:19,1.005285975,41.15570126
4998,-73.90903667,40.82757,24-07-2021 15:19,1.005285975,41.15570126
4999,-73.90905833,40.82750833,24-07-2021 15:19,1.005285975,41.15570126
5000,-73.90908833,40.82744333,24-07-2021 15:19,1.005285975,41.15570126
5001,-73.90916,40.82731,24-07-2021 15:19,1.009613405,40.72161272000005
5002,-73.90919667,40.82724667,24-07-2021 15:19,1.005285975,40.72161272000005
5003,-73.90922833,40.82719333,24-07-2021 15:19,1.005285975,40.72161272000005
5004,-73.90925167,40.82714833,24-07-2021 15:19,1.00312226,40.72161272000005
5005,-73.90926833,40.82711333,24-07-2021 15:19,1.00312226,40.362720620000005
5006,-73.90932833,40.82703667,24-07-2021 15:19,1.00744969,40.08586100000002
5007,-73.90936,40.82698667,24-07-2021 15:19,1.00744969,40.08586100000002
5008,-73.909395,40.82693333,24-07-2021 15:19,1.005285975,40.08586100000002
5009,-73.90943,40.82687833,24-07-2021 15:19,1.005285975,40.08586100000002
5010,-73.90946333,40.82682,24-07-2021 15:19,1.00312226,39.96964832000003
5011,-73.909495,40.82675833,24-07-2021 15:19,1.00312226,39.96964832000003
5012,-73.90955,40.82663333,24-07-2021 15:19,1.000958546,39.96964832000003
5013,-73.90957833,40.82657667,24-07-2021 15:19,0.998794831,39.96623030000001
5014,-73.909635,40.82646333,24-07-2021 15:19,0.998794831,39.96623030000001
5015,-73.909665,40.82641333,24-07-2021 15:20,0.994467401,39.96623030000001
5016,-73.909695,40.82636667,24-07-2021 15:20,0.994467401,39.836345540000025
5017,-73.909755,40.826275,24-07-2021 15:20,0.994467401,39.867107720000035
5018,-73.909815,40.82617,24-07-2021 15:20,0.992303686,39.867107720000035
5019,-73.909875,40.82606167,24-07-2021 15:20,0.992303686,39.867107720000035
5020,-73.909905,40.82600667,24-07-2021 15:20,0.992303686,40.70110460000001
5021,-73.90993833,40.82595333,24-07-2021 15:20,0.992303686,40.70110460000001
5022,-73.90996167,40.82589833,24-07-2021 15:20,0.994467401,40.70110460000001
5023,-73.90998833,40.825845,24-07-2021 15:20,0.994467401,40.70110460000001
5024,-73.910015,40.82579167,24-07-2021 15:20,0.996631116,40.70110460000001
5025,-73.91004667,40.82573833,24-07-2021 15:20,0.996631116,40.46184320000003
5026,-73.91007667,40.82568333,24-07-2021 15:20,0.994467401,40.46184320000003
5027,-73.910105,40.82562667,24-07-2021 15:20,0.994467401,40.46184320000003
5028,-73.910135,40.82556833,24-07-2021 15:20,0.996631116,40.46184320000003
5029,-73.91016667,40.82550833,24-07-2021 15:20,0.996631116,40.30461428000001
5030,-73.91019833,40.82545167,24-07-2021 15:20,0.998794831,40.30461428000001
5031,-73.91025667,40.82533167,24-07-2021 15:20,0.998794831,40.30461428000001
5032,-73.910285,40.825275,24-07-2021 15:20,0.998794831,40.30461428000001
5033,-73.91031167,40.82522333,24-07-2021 15:21,0.998794831,40.07902496000003
5034,-73.91034,40.82517333,24-07-2021 15:21,1.000958546,40.07902496000003
5035,-73.91042,40.82502833,24-07-2021 15:21,1.005285975,40.588309940000045
5036,-73.910475,40.82492167,24-07-2021 15:21,1.00744969,39.897869900000046
5037,-73.91050667,40.824865,24-07-2021 15:21,1.01177712,39.897869900000046
5038,-73.91053667,40.82480667,24-07-2021 15:21,1.01177712,39.897869900000046
5039,-73.91056167,40.82474833,24-07-2021 15:21,1.009613405,39.897869900000046
5040,-73.91057333,40.82465333,24-07-2021 15:21,1.009733611,39.542395820000024
5041,-73.910555,40.82461833,24-07-2021 15:21,1.009733611,39.542395820000024
5042,-73.91052167,40.82459167,24-07-2021 15:21,1.009733611,39.542395820000024
5043,-73.910475,40.82457333,24-07-2021 15:21,1.009733611,39.542395820000024
5044,-73.910415,40.82456167,24-07-2021 15:21,1.011897326,39.542395820000024
5045,-73.91035,40.82455,24-07-2021 15:21,1.011897326,39.576576020000005
5046,-73.91028333,40.82453333,24-07-2021 15:21,1.016224756,39.576576020000005
5047,-73.91009167,40.82447333,24-07-2021 15:21,1.018388471,39.576576020000005
5048,-73.91002833,40.82445167,24-07-2021 15:21,1.018388471,39.49796156000002
5049,-73.90973667,40.82435833,24-07-2021 15:21,1.029207045,39.54923186000002
5050,-73.909655,40.82433,24-07-2021 15:21,1.03137076,39.887615840000024
5051,-73.90952667,40.82428,24-07-2021 15:21,1.027043331,39.887615840000024
5052,-73.90948333,40.824265,24-07-2021 15:21,1.027043331,39.887615840000024
5053,-73.90931,40.82416667,24-07-2021 15:21,1.024879616,40.09269704000002
5054,-73.90926667,40.82414833,24-07-2021 15:21,1.024879616,40.09269704000002
5055,-73.90915167,40.824105,24-07-2021 15:21,1.024879616,40.09269704000002
5056,-73.909085,40.824085,24-07-2021 15:21,1.024879616,40.09269704000002
5057,-73.90902167,40.824065,24-07-2021 15:21,1.024879616,40.09269704000002
5058,-73.91085667,40.822155,24-07-2021 15:21,0.996871529,38.25380228000006
5059,-73.91094,40.82201333,24-07-2021 15:21,1.003362673,38.17518782000002
5060,-73.91098667,40.821935,24-07-2021 15:21,1.001319165,38.17518782000002
5061,-73.91103333,40.82185833,24-07-2021 15:21,1.001319165,38.17518782000002
5062,-73.91108167,40.82178167,24-07-2021 15:21,1.00348288,38.17518782000002
5063,-73.91112333,40.82170833,24-07-2021 15:21,1.00348288,37.61805056000003
5064,-73.91115167,40.82164333,24-07-2021 15:21,1.001319165,37.61805056000003
5065,-73.91119667,40.82154,24-07-2021 15:21,1.00348288,37.61805056000003
5066,-73.91121167,40.82149333,24-07-2021 15:21,1.00348288,37.61805056000003
5067,-73.91122833,40.82144833,24-07-2021 15:21,1.005646594,37.14294577999999
5068,-73.91124833,40.82140833,24-07-2021 15:22,1.005646594,37.14294577999999
5069,-73.911265,40.82137333,24-07-2021 15:22,1.005646594,37.14294577999999
5070,-73.911345,40.821265,24-07-2021 15:22,1.007810309,37.14294577999999
5071,-73.91139333,40.82119833,24-07-2021 15:22,1.005646594,36.753291500000046
5072,-73.91144833,40.82111667,24-07-2021 15:22,1.005646594,36.753291500000046
5073,-73.91150333,40.82102667,24-07-2021 15:22,1.009974024,36.80456179999999
5074,-73.911605,40.82083833,24-07-2021 15:22,1.009974024,36.661004960000014
5075,-73.911665,40.82074667,24-07-2021 15:22,1.009974024,36.661004960000014
5076,-73.91172833,40.82065833,24-07-2021 15:22,1.009974024,36.59606258000002
5077,-73.91178833,40.82057167,24-07-2021 15:22,1.009974024,36.59606258000002
5078,-73.91184333,40.820485,24-07-2021 15:22,1.009974024,36.59606258000002
5079,-73.91194667,40.82031833,24-07-2021 15:22,1.012137739,37.23865034000005
5080,-73.91198833,40.82023833,24-07-2021 15:22,1.012137739,37.23865034000005
5081,-73.91202167,40.82016667,24-07-2021 15:22,1.009974024,37.23865034000005
5082,-73.91205167,40.82010167,24-07-2021 15:22,1.009974024,37.17028994000003
5083,-73.91207833,40.82004167,24-07-2021 15:22,1.016465169,37.17028994000003
5084,-73.912095,40.81999167,24-07-2021 15:22,1.016465169,37.17028994000003
5085,-73.91211167,40.81994667,24-07-2021 15:22,1.016465169,37.17028994000003
5086,-73.91212667,40.81991667,24-07-2021 15:22,1.016465169,37.17028994000003
5087,-73.91214833,40.81985167,24-07-2021 15:22,1.022956314,37.50867391999998
5088,-73.91215,40.81981333,24-07-2021 15:22,1.022956314,37.50867391999998
5089,-73.91213833,40.81977833,24-07-2021 15:22,1.020792599,37.50867391999998
5090,-73.9121,40.81975,24-07-2021 15:22,1.020792599,37.50867391999998
5091,-73.91203833,40.81972833,24-07-2021 15:22,1.016465169,37.50867391999998
5092,-73.91197333,40.81970833,24-07-2021 15:22,1.016465169,37.50867391999998
5093,-73.91191,40.81968833,24-07-2021 15:22,1.016465169,36.937864579999996
5094,-73.911855,40.81966167,24-07-2021 15:22,1.016465169,36.937864579999996
5095,-73.91180167,40.81963,24-07-2021 15:22,1.018628884,36.937864579999996
5096,-73.91174333,40.8196,24-07-2021 15:22,1.018628884,36.937864579999996
5097,-73.91168167,40.819565,24-07-2021 15:22,1.016465169,37.10876558000001
5098,-73.911545,40.8195,24-07-2021 15:22,1.016465169,37.00622498000001
5099,-73.91147,40.81946833,24-07-2021 15:22,1.014301454,37.00622498000001
5100,-73.91132667,40.81942,24-07-2021 15:22,1.014301454,37.00622498000001
5101,-73.91125833,40.81940333,24-07-2021 15:22,1.014301454,37.00622498000001
5102,-73.91118833,40.81938667,24-07-2021 15:22,1.014301454,36.80456179999999
5103,-73.91112167,40.81937167,24-07-2021 15:22,1.014301454,36.80456179999999
5104,-73.91106,40.81935667,24-07-2021 15:22,1.012137739,36.80456179999999
5105,-73.91100833,40.81933667,24-07-2021 15:22,1.012137739,36.80456179999999
5106,-73.91096833,40.819325,24-07-2021 15:22,1.009974024,36.80456179999999
5107,-73.910935,40.819305,24-07-2021 15:23,1.009974024,37.07458538000003
5108,-73.91079167,40.81925167,24-07-2021 15:23,1.010094231,36.99597091999999
5109,-73.91075667,40.81923833,24-07-2021 15:23,1.010094231,36.99597091999999
5110,-73.91072333,40.81922833,24-07-2021 15:23,1.010094231,36.99597091999999
5111,-73.91063,40.8192,24-07-2021 15:23,1.010094231,36.99597091999999
5112,-73.91051,40.81917,24-07-2021 15:23,1.010094231,36.99597091999999
5113,-73.91044167,40.81915167,24-07-2021 15:23,1.010094231,36.91735646000001
5114,-73.91037,40.81913833,24-07-2021 15:23,1.010094231,36.91735646000001
5115,-73.91030333,40.81912833,24-07-2021 15:23,1.012257945,36.91735646000001
5116,-73.910185,40.819105,24-07-2021 15:23,1.016585375,36.91735646000001
5117,-73.91013667,40.81909667,24-07-2021 15:23,1.016585375,36.91735646000001
5118,-73.909845,40.819065,24-07-2021 15:23,1.007930516,36.96862676000001
5119,-73.90968,40.81902667,24-07-2021 15:23,1.005766801,36.661004960000014
5120,-73.90949,40.81898333,24-07-2021 15:23,1.005766801,36.661004960000014
5121,-73.9094,40.818955,24-07-2021 15:23,1.005766801,36.57213644000001
5122,-73.90931,40.81892833,24-07-2021 15:23,1.005766801,36.57213644000001
5123,-73.90922167,40.818905,24-07-2021 15:23,1.005766801,36.57213644000001
5124,-73.90913333,40.81888,24-07-2021 15:23,1.003603086,36.57213644000001
5125,-73.90904667,40.81885667,24-07-2021 15:23,1.003603086,36.70543922000002
5126,-73.90897333,40.818825,24-07-2021 15:23,1.005766801,36.70543922000002
5127,-73.90888167,40.81879,24-07-2021 15:23,1.005766801,36.70543922000002
5128,-73.908775,40.81886333,24-07-2021 15:23,1.005766801,36.70543922000002
5129,-73.908735,40.81893667,24-07-2021 15:23,1.003603086,36.70543922000002
5130,-73.90869833,40.81901333,24-07-2021 15:23,1.003603086,36.70543922000002
5131,-73.90866167,40.81909333,24-07-2021 15:23,1.003603086,37.00964299999998
5132,-73.90862667,40.819175,24-07-2021 15:23,1.003603086,37.00964299999998
5133,-73.90853667,40.81939333,24-07-2021 15:23,0.997111941,37.29333866000002
5134,-73.90851167,40.819455,24-07-2021 15:23,0.997111941,37.29333866000002
5135,-73.90848667,40.81950667,24-07-2021 15:23,1.001439371,37.29333866000002
5136,-73.90846167,40.81953833,24-07-2021 15:23,1.001439371,37.29333866000002
5137,-73.90844333,40.819565,24-07-2021 15:23,1.001439371,37.29333866000002
5138,-73.90840833,40.81962667,24-07-2021 15:23,1.001439371,37.52918204000002
5139,-73.90837833,40.819675,24-07-2021 15:23,1.001439371,37.52918204000002
5140,-73.908345,40.81973333,24-07-2021 15:23,1.001439371,37.52918204000002
5141,-73.90821833,40.81997333,24-07-2021 15:23,1.003723292,37.91200028000003
5142,-73.90817667,40.820075,24-07-2021 15:23,1.008050722,37.91200028000003
5143,-73.90815333,40.82012667,24-07-2021 15:24,1.003723292,37.91200028000003
5144,-73.908125,40.82019167,24-07-2021 15:24,1.003723292,38.10682742000006
5145,-73.908095,40.82026833,24-07-2021 15:24,1.003723292,38.10682742000006
5146,-73.90806167,40.82034833,24-07-2021 15:24,1.003723292,38.10682742000006
5147,-73.90802667,40.82042667,24-07-2021 15:24,1.003723292,38.24013020000001
5148,-73.907995,40.820505,24-07-2021 15:24,1.003723292,38.24013020000001
5149,-73.90796167,40.82058333,24-07-2021 15:24,1.005887007,38.393941100000006
5150,-73.90792667,40.82066,24-07-2021 15:24,1.005887007,38.393941100000006
5151,-73.907895,40.820735,24-07-2021 15:24,1.003723292,38.40419516000003
5152,-73.907865,40.82080667,24-07-2021 15:24,1.003723292,38.40419516000003
5153,-73.90779667,40.82094667,24-07-2021 15:24,1.005887007,38.42812130000004
5154,-73.90776,40.82101333,24-07-2021 15:24,1.005887007,38.42812130000004
5155,-73.90772667,40.82107167,24-07-2021 15:24,1.005887007,38.42812130000004
5156,-73.9077,40.82113,24-07-2021 15:24,1.005887007,38.42812130000004
5157,-73.97117833,40.79800333,24-07-2021 15:24,0.985932748,35.54331242000001
5158,-73.97119833,40.79795833,24-07-2021 15:24,0.985932748,35.54331242000001
5159,-73.971235,40.797925,24-07-2021 15:24,0.983769033,35.54673044000003
5160,-73.97144833,40.79765,24-07-2021 15:24,0.983769033,35.53647638000001
5161,-73.97149833,40.79758167,24-07-2021 15:24,0.983769033,35.53647638000001
5162,-73.97155167,40.79749667,24-07-2021 15:24,0.981605318,35.53647638000001
5163,-73.97164667,40.79737333,24-07-2021 15:24,0.979441603,35.55014846000006
5164,-73.971695,40.7973,24-07-2021 15:24,0.979441603,35.55014846000006
5165,-73.97181,40.79717167,24-07-2021 15:24,0.979441603,35.55014846000006
5166,-73.97185333,40.79709167,24-07-2021 15:24,0.983769033,35.72104946000002
5167,-73.97187167,40.79705167,24-07-2021 15:24,0.983769033,35.72104946000002
5168,-73.97194833,40.79694667,24-07-2021 15:24,0.983769033,35.72104946000002
5169,-73.97199,40.79688667,24-07-2021 15:24,0.983769033,35.01351932
5170,-73.97203833,40.796805,24-07-2021 15:24,0.981605318,35.102387840000006
5171,-73.97208,40.79672833,24-07-2021 15:24,0.981605318,35.102387840000006
5172,-73.97211167,40.79668667,24-07-2021 15:25,0.981605318,35.102387840000006
5173,-73.97220333,40.796565,24-07-2021 15:25,0.977277888,35.20151041999998
5174,-73.97222333,40.79652833,24-07-2021 15:25,0.977277888,35.20151041999998
5175,-73.97224833,40.79648667,24-07-2021 15:25,0.979441603,35.20151041999998
5176,-73.97229,40.79639,24-07-2021 15:25,0.977277888,35.20151041999998
5177,-73.97229667,40.79637,24-07-2021 15:25,0.981605318,35.20151041999998
5178,-73.97230167,40.796355,24-07-2021 15:25,0.981605318,35.20151041999998
5179,-73.972295,40.79637,24-07-2021 15:25,0.977277888,35.20151041999998
5180,-73.97230333,40.79637833,24-07-2021 15:25,0.977277888,35.20151041999998
5181,-73.97230167,40.7964,24-07-2021 15:25,0.981605318,35.20151041999998
5182,-73.9723,40.79642333,24-07-2021 15:25,0.981605318,35.20151041999998
5183,-73.97229833,40.796455,24-07-2021 15:25,0.981605318,35.20151041999998
5184,-73.97229833,40.79648333,24-07-2021 15:25,0.981605318,35.20151041999998
5185,-73.97229333,40.796505,24-07-2021 15:25,0.981605318,35.20151041999998
5186,-73.97230167,40.79662833,24-07-2021 15:25,0.986052954,35.102387840000006
5187,-73.97234167,40.79657667,24-07-2021 15:25,0.986052954,35.20151041999998
5188,-73.97241833,40.79646333,24-07-2021 15:25,0.983889239,34.50423434000004
5189,-73.97245,40.79641,24-07-2021 15:25,0.983889239,34.66488128000003
5190,-73.97252667,40.79627667,24-07-2021 15:25,0.983889239,34.66488128000003
5191,-73.972585,40.79618333,24-07-2021 15:25,0.983889239,34.66488128000003
5192,-73.97264833,40.79610167,24-07-2021 15:25,0.988216669,34.887052580000045
5193,-73.97270833,40.79602833,24-07-2021 15:25,0.988216669,34.46663612000003
5194,-73.97282167,40.79587167,24-07-2021 15:25,0.990380384,34.76400386
5195,-73.97288333,40.79579167,24-07-2021 15:25,0.992544099,34.76400386
5196,-73.972945,40.79571167,24-07-2021 15:25,0.992544099,34.76400386
5197,-73.97300333,40.795625,24-07-2021 15:25,0.992544099,34.76400386
5198,-73.97313167,40.79540667,24-07-2021 15:25,0.996871529,34.42561988
5199,-73.97320667,40.79528833,24-07-2021 15:25,0.996871529,34.808438120000005
5200,-73.97329167,40.795165,24-07-2021 15:25,0.996871529,34.808438120000005
5201,-73.97336333,40.79506,24-07-2021 15:25,0.996871529,35.48862410000004
5202,-73.973505,40.794885,24-07-2021 15:25,0.999035243,35.611672820000024
5203,-73.973575,40.79480167,24-07-2021 15:25,0.996871529,35.85777026000005
5204,-73.97376667,40.79459833,24-07-2021 15:25,0.996871529,35.85777026000005
5205,-73.97381333,40.794525,24-07-2021 15:25,0.996871529,35.91245858000002
5206,-73.97386833,40.79445333,24-07-2021 15:25,0.996871529,35.91245858000002
5207,-73.973925,40.79440167,24-07-2021 15:25,0.996871529,35.91245858000002
5208,-73.97397833,40.79433833,24-07-2021 15:25,0.996871529,35.91245858000002
5209,-73.97403833,40.79427,24-07-2021 15:25,0.996871529,35.91245858000002
5210,-73.97409333,40.79419833,24-07-2021 15:25,0.996871529,35.13656804000004
5211,-73.97415667,40.79411667,24-07-2021 15:25,0.996871529,35.444189840000035
5212,-73.97421667,40.79403333,24-07-2021 15:25,0.992544099,35.444189840000035
5213,-73.97426,40.79396667,24-07-2021 15:25,0.992544099,35.25961676000003
5214,-73.97435833,40.79382,24-07-2021 15:25,0.992544099,35.25961676000003
5215,-73.974415,40.79374,24-07-2021 15:25,0.992544099,35.25961676000003
5216,-73.97447167,40.79366167,24-07-2021 15:25,0.992544099,34.893888619999984
5217,-73.97451833,40.79359667,24-07-2021 15:25,0.990380384,34.85970842000006
5218,-73.97459333,40.793475,24-07-2021 15:25,0.990380384,34.85970842000006
5219,-73.97468333,40.79332833,24-07-2021 15:25,0.986052954,34.62044702000003
5220,-73.974735,40.79325333,24-07-2021 15:25,0.986052954,34.62044702000003
5221,-73.97484833,40.79309333,24-07-2021 15:25,0.986052954,34.60335692000001
5222,-73.97489,40.79303667,24-07-2021 15:25,0.981725524,34.42561988
5223,-73.97492833,40.79293667,24-07-2021 15:25,0.981725524,34.42561988
5224,-73.97496667,40.792865,24-07-2021 15:25,0.97956181,34.87338050000005
5225,-73.97501,40.79282667,24-07-2021 15:25,0.97523438,34.87338050000005
5226,-73.97504,40.79276667,24-07-2021 15:25,0.97523438,34.87338050000005
5227,-73.975035,40.79273667,24-07-2021 15:25,0.975354586,34.87338050000005
5228,-73.97501333,40.79270833,24-07-2021 15:25,0.975354586,34.87338050000005
5229,-73.97494667,40.79264667,24-07-2021 15:26,0.977518301,35.5569845
5230,-73.97490667,40.792615,24-07-2021 15:26,0.975354586,35.5569845
5231,-73.97486333,40.792585,24-07-2021 15:26,0.975354586,35.5569845
5232,-73.97482,40.79254833,24-07-2021 15:26,0.975354586,35.17416625999999
5233,-73.974785,40.792515,24-07-2021 15:26,0.975354586,35.17416625999999
5234,-73.97474,40.79247,24-07-2021 15:26,0.975354586,35.17416625999999
5235,-73.97469,40.79244,24-07-2021 15:26,0.975354586,35.17416625999999
5236,-73.97464,40.792415,24-07-2021 15:26,0.975354586,35.17416625999999
5237,-73.97451833,40.79238167,24-07-2021 15:26,0.975354586,35.71763143999999
5238,-73.97446333,40.79236333,24-07-2021 15:26,0.975354586,35.59800074000003
5239,-73.97441333,40.79233667,24-07-2021 15:26,0.973190871,35.59800074000003
5240,-73.974375,40.79230333,24-07-2021 15:26,0.973190871,35.59800074000003
5241,-73.97428833,40.79223167,24-07-2021 15:26,0.971027156,35.59800074000003
5242,-73.97423333,40.79220167,24-07-2021 15:26,0.975354586,35.59800074000003
5243,-73.97418,40.792175,24-07-2021 15:26,0.975354586,35.59800074000003
5244,-73.97411833,40.79215833,24-07-2021 15:26,0.973190871,35.36899340000002
5245,-73.974045,40.79213833,24-07-2021 15:26,0.973190871,35.36899340000002
5246,-73.97396167,40.79213,24-07-2021 15:26,0.977518301,35.36899340000002
5247,-73.97381667,40.79206,24-07-2021 15:26,0.975354586,35.36899340000002
5248,-73.97366167,40.79196667,24-07-2021 15:26,0.977518301,35.36899340000002
5249,-73.973515,40.79188833,24-07-2021 15:26,0.977518301,35.28696092000001
5250,-73.97343667,40.79183667,24-07-2021 15:26,0.977518301,35.28696092000001
5251,-73.97335,40.79178333,24-07-2021 15:26,0.977518301,35.28696092000001
5252,-73.97326167,40.79173667,24-07-2021 15:26,0.975354586,35.474952020000046
5253,-73.97318,40.791715,24-07-2021 15:26,0.975354586,35.474952020000046
5254,-73.97311,40.79168,24-07-2021 15:26,0.977518301,35.676615200000015
5255,-73.97281833,40.79157,24-07-2021 15:26,0.977518301,35.676615200000015
5256,-73.97277167,40.79155,24-07-2021 15:26,0.981845731,35.854352240000026
5257,-73.97272333,40.791525,24-07-2021 15:26,0.981845731,35.854352240000026
5258,-73.97268333,40.791495,24-07-2021 15:26,0.975354586,35.854352240000026
5259,-73.97261167,40.79143833,24-07-2021 15:26,0.981845731,35.95347482
5260,-73.97249,40.79132667,24-07-2021 15:26,0.988336875,35.95347482
5261,-73.972365,40.791295,24-07-2021 15:26,0.986173161,36.165392060000045
5262,-73.97228333,40.79126667,24-07-2021 15:26,0.986173161,36.165392060000045
5263,-73.97219667,40.79122667,24-07-2021 15:26,0.988336875,36.165392060000045
5264,-73.972105,40.79120333,24-07-2021 15:26,0.988336875,36.22008038000001
5265,-73.97191167,40.791125,24-07-2021 15:26,0.984009446,36.47301386000004
5266,-73.97181333,40.79108167,24-07-2021 15:26,0.981965937,36.47301386000004
5267,-73.971715,40.79104,24-07-2021 15:26,0.981965937,36.91393844000004
5268,-73.971535,40.79095,24-07-2021 15:26,0.981965937,36.91393844000004
5269,-73.971445,40.790905,24-07-2021 15:26,0.981965937,36.609734660000015
5270,-73.97135667,40.79085833,24-07-2021 15:26,0.981965937,37.03015112000003
5271,-73.971265,40.790815,24-07-2021 15:26,0.984129652,37.03015112000003
5272,-73.971075,40.79071167,24-07-2021 15:27,0.984129652,37.03015112000003
5273,-73.970975,40.79067167,24-07-2021 15:27,0.981965937,37.10876558000001
5274,-73.97087833,40.790635,24-07-2021 15:27,0.981965937,37.10876558000001
5275,-73.97078167,40.79059667,24-07-2021 15:27,0.979802222,37.10876558000001
5276,-73.970685,40.79055167,24-07-2021 15:27,0.979802222,37.10876558000001
5277,-73.97058833,40.79050333,24-07-2021 15:27,0.979802222,37.248904400000015
5278,-73.97049167,40.79045667,24-07-2021 15:27,0.979802222,37.248904400000015
5279,-73.97039833,40.79042167,24-07-2021 15:27,0.977638507,37.248904400000015
5280,-73.97031,40.79038667,24-07-2021 15:28,0.977638507,37.38562520000005
5281,-73.97022667,40.79033667,24-07-2021 15:28,0.975474793,37.57019828
5282,-73.970155,40.79029,24-07-2021 15:28,0.975474793,37.57019828
5283,-73.97006667,40.79028333,24-07-2021 15:28,0.973311078,37.57019828
5284,-73.96998833,40.79024667,24-07-2021 15:28,0.973311078,37.57019828
5285,-73.96984667,40.790195,24-07-2021 15:28,0.973311078,38.099991380000006
5286,-73.96978667,40.79017667,24-07-2021 15:28,0.973311078,38.099991380000006
5287,-73.96971,40.790145,24-07-2021 15:28,0.971147363,38.099991380000006
5288,-73.96966333,40.79011833,24-07-2021 15:28,0.971147363,37.922254339999995
5289,-73.96963167,40.790125,24-07-2021 15:28,0.971147363,37.922254339999995
5290,-73.96959167,40.79011167,24-07-2021 15:28,0.973311078,37.922254339999995
5291,-73.96955167,40.79010167,24-07-2021 15:28,0.973311078,37.26941252000006
5292,-73.96950833,40.790095,24-07-2021 15:28,0.971147363,37.26941252000006
5293,-73.969455,40.79008333,24-07-2021 15:28,0.971147363,37.26941252000006
5294,-73.96939333,40.79005667,24-07-2021 15:28,0.973311078,37.26941252000006
5295,-73.969325,40.79003333,24-07-2021 15:28,0.973311078,37.26941252000006
5296,-73.969255,40.78999333,24-07-2021 15:28,0.968983648,37.26941252000006
5297,-73.96919333,40.78995167,24-07-2021 15:28,0.968983648,36.60289862000002
5298,-73.96912,40.789935,24-07-2021 15:28,0.966819933,36.60289862000002
5299,-73.96903667,40.789925,24-07-2021 15:28,0.966819933,36.60289862000002
5300,-73.968955,40.7899,24-07-2021 15:28,0.968983648,36.60289862000002
5301,-73.96887167,40.789865,24-07-2021 15:28,0.968983648,36.84899605999999
5302,-73.96879333,40.789815,24-07-2021 15:28,0.966819933,36.250842560000024
5303,-73.96871833,40.78978167,24-07-2021 15:28,0.966819933,36.250842560000024
5304,-73.96864167,40.789765,24-07-2021 15:28,0.968983648,36.250842560000024
5305,-73.96856,40.78973667,24-07-2021 15:28,0.968983648,36.514030100000014
5306,-73.96849,40.78971667,24-07-2021 15:28,0.971147363,36.514030100000014
5307,-73.96843167,40.78969333,24-07-2021 15:28,0.971147363,36.514030100000014
5308,-73.96837167,40.78967333,24-07-2021 15:28,0.968983648,36.514030100000014
5309,-73.96830667,40.78965667,24-07-2021 15:28,0.968983648,36.514030100000014
5310,-73.968145,40.78962333,24-07-2021 15:28,0.968983648,36.27476869999998
5311,-73.96806833,40.78959833,24-07-2021 15:29,0.968983648,35.905622540000024
5312,-73.96799,40.78956,24-07-2021 15:29,0.971147363,35.905622540000024
5313,-73.96791667,40.789525,24-07-2021 15:29,0.971147363,35.905622540000024
5314,-73.967845,40.78949,24-07-2021 15:29,0.973311078,35.94663878000006
5315,-73.96769333,40.789415,24-07-2021 15:29,0.971147363,35.94663878000006
5316,-73.96754333,40.78934833,24-07-2021 15:29,0.966819933,35.94663878000006
5317,-73.96747,40.789315,24-07-2021 15:29,0.966819933,35.331395180000015
5318,-73.967395,40.789275,24-07-2021 15:29,0.964776424,35.331395180000015
5319,-73.967315,40.78923167,24-07-2021 15:29,0.964776424,35.331395180000015
5320,-73.967235,40.78919167,24-07-2021 15:29,0.964776424,35.331395180000015
5321,-73.96715833,40.78914333,24-07-2021 15:29,0.964776424,35.331395180000015
5322,-73.96701167,40.78902333,24-07-2021 15:29,0.96261271,34.25813690000001
5323,-73.96693833,40.78897167,24-07-2021 15:29,0.956121565,34.25813690000001
5324,-73.966875,40.788935,24-07-2021 15:29,0.956121565,34.25813690000001
5325,-73.96682833,40.78891167,24-07-2021 15:29,0.95828528,34.25813690000001
5326,-73.96679167,40.78889333,24-07-2021 15:29,0.95828528,34.25813690000001
5327,-73.96674333,40.78883667,24-07-2021 15:29,0.95828528,33.30792733999999
5328,-73.96677167,40.78879667,24-07-2021 15:29,0.956121565,33.30792733999999
5329,-73.96681333,40.78876333,24-07-2021 15:29,0.956121565,33.66681944000004
5330,-73.96837667,40.78729833,24-07-2021 15:29,0.956121565,34.459800080000036
5331,-73.96869667,40.787375,24-07-2021 15:29,0.956121565,34.299153140000044
5332,-73.96877667,40.78742667,24-07-2021 15:29,0.956121565,34.299153140000044
5333,-73.96903167,40.78762167,24-07-2021 15:29,0.956121565,33.793286179999996
5334,-73.96911667,40.78766667,24-07-2021 15:29,0.956121565,33.793286179999996
5335,-73.96919833,40.78771167,24-07-2021 15:29,0.95828528,33.793286179999996
5336,-73.96928,40.787745,24-07-2021 15:29,0.95828528,34.26839096000003
5337,-73.96934667,40.78779167,24-07-2021 15:29,0.956121565,34.056473719999985
5338,-73.96941,40.78783167,24-07-2021 15:29,0.956121565,34.056473719999985
5339,-73.969485,40.78786333,24-07-2021 15:29,0.960448995,34.056473719999985
5340,-73.969555,40.78789833,24-07-2021 15:29,0.960448995,34.056473719999985
5341,-73.96962667,40.787925,24-07-2021 15:29,0.960448995,34.056473719999985
5342,-73.96976667,40.78798667,24-07-2021 15:29,0.95828528,34.60677494000004
5343,-73.969845,40.78803,24-07-2021 15:29,0.95828528,34.60677494000004
5344,-73.96992833,40.78806667,24-07-2021 15:29,0.95828528,34.60677494000004
5345,-73.97008667,40.788125,24-07-2021 15:29,0.95828528,36.086777600000005
5346,-73.970165,40.78816,24-07-2021 15:29,0.960448995,36.086777600000005
5347,-73.97024,40.7882,24-07-2021 15:29,0.960448995,36.086777600000005
5348,-73.970315,40.78823167,24-07-2021 15:29,0.960448995,36.086777600000005
5349,-73.97040333,40.78826167,24-07-2021 15:30,0.960448995,36.44225168000003
5350,-73.97048667,40.78829,24-07-2021 15:30,0.960569201,36.44225168000003
5351,-73.97074667,40.78838167,24-07-2021 15:30,0.960569201,36.24742454
5352,-73.97101,40.78848833,24-07-2021 15:30,0.960569201,35.42368171999999
5353,-73.97111,40.78852333,24-07-2021 15:30,0.960569201,35.72104946000002
5354,-73.97120833,40.788555,24-07-2021 15:30,0.960569201,35.72104946000002
5355,-73.971385,40.78861167,24-07-2021 15:30,0.960569201,35.63901698000001
5356,-73.97147333,40.78865167,24-07-2021 15:30,0.960569201,35.63901698000001
5357,-73.97157333,40.78871833,24-07-2021 15:30,0.962732916,35.63901698000001
5358,-73.97175667,40.78881,24-07-2021 15:30,0.964896631,35.65610708000003
5359,-73.97184167,40.78884333,24-07-2021 15:30,0.964896631,35.65610708000003
5360,-73.97201167,40.788905,24-07-2021 15:30,0.962732916,35.65610708000003
5361,-73.972085,40.78893333,24-07-2021 15:30,0.962732916,35.93638471999998
5362,-73.97214667,40.788945,24-07-2021 15:30,0.962732916,35.93638471999998
5363,-73.972195,40.78896333,24-07-2021 15:30,0.962732916,35.93638471999998
5364,-73.97232333,40.78900167,24-07-2021 15:30,0.962732916,35.93638471999998
5365,-73.97239667,40.78901667,24-07-2021 15:30,0.960569201,35.93638471999998
5366,-73.97247167,40.78904667,24-07-2021 15:30,0.960569201,36.23033443999998
5367,-73.97264167,40.7891,24-07-2021 15:30,0.962732916,35.42026370000002
5368,-73.97273,40.789125,24-07-2021 15:30,0.964896631,35.42026370000002
5369,-73.97289667,40.78919833,24-07-2021 15:30,0.967060346,35.560402520000025
5370,-73.97297167,40.789255,24-07-2021 15:30,0.967060346,35.560402520000025
5371,-73.97313167,40.78931833,24-07-2021 15:30,0.969224061,35.560402520000025
5372,-73.97320333,40.78933833,24-07-2021 15:30,0.967060346,36.35338316000002
5373,-73.973335,40.78936,24-07-2021 15:30,0.964896631,36.35338316000002
5374,-73.97338,40.78936833,24-07-2021 15:30,0.964896631,36.35338316000002
5375,-73.97349167,40.78922833,24-07-2021 15:30,0.969224061,36.12779383999998
5376,-73.97349333,40.78921333,24-07-2021 15:30,0.969224061,36.12779383999998
5377,-73.97368167,40.78901167,24-07-2021 15:30,0.969344267,35.24594467999998
5378,-73.97369667,40.78907833,24-07-2021 15:30,0.969344267,36.134629880000034
5379,-73.973715,40.78913333,24-07-2021 15:30,0.975835412,36.134629880000034
5380,-73.97373333,40.78918333,24-07-2021 15:30,0.975835412,36.134629880000034
5381,-73.97375667,40.789225,24-07-2021 15:30,0.975835412,36.134629880000034
5382,-73.973815,40.78928333,24-07-2021 15:30,0.973671697,36.134629880000034
5383,-73.973865,40.78929,24-07-2021 15:30,0.973671697,36.134629880000034
5384,-73.97394167,40.78931167,24-07-2021 15:30,0.973671697,35.63901698000001
5385,-73.97401833,40.78931333,24-07-2021 15:31,0.973671697,35.63901698000001
5386,-73.97409667,40.78931833,24-07-2021 15:31,0.973671697,35.63901698000001
5387,-73.97415667,40.78933,24-07-2021 15:31,0.973671697,35.63901698000001
5388,-73.97421667,40.78934333,24-07-2021 15:31,0.973671697,35.792827880000004
5389,-73.97426833,40.78938167,24-07-2021 15:31,0.973671697,35.40317360000006
5390,-73.97432167,40.78941167,24-07-2021 15:31,0.971507982,35.40317360000006
5391,-73.97437833,40.78943833,24-07-2021 15:31,0.971507982,35.40317360000006
5392,-73.97443833,40.789465,24-07-2021 15:31,0.973671697,35.40317360000006
5393,-73.974495,40.78948833,24-07-2021 15:31,0.973671697,35.40317360000006
5394,-73.974545,40.78951167,24-07-2021 15:31,0.971507982,35.40317360000006
5395,-73.97463167,40.78954333,24-07-2021 15:31,0.971507982,34.856290400000034
5396,-73.97467167,40.78955333,24-07-2021 15:31,0.969344267,34.856290400000034
5397,-73.97469833,40.78956667,24-07-2021 15:31,0.969344267,34.856290400000034
5398,-73.97479167,40.78958833,24-07-2021 15:31,0.975835412,34.856290400000034
5399,-73.97487833,40.78956667,24-07-2021 15:31,0.975835412,34.856290400000034
5400,-73.97493667,40.78957333,24-07-2021 15:31,0.975835412,34.856290400000034
5401,-73.97499667,40.78959,24-07-2021 15:31,0.975835412,34.36409551999998
5402,-73.975025,40.78959333,24-07-2021 15:31,0.973671697,34.36409551999998
5403,-73.97506,40.7896,24-07-2021 15:31,0.973671697,34.36409551999998
5404,-73.97509,40.789595,24-07-2021 15:31,0.973671697,34.36409551999998
5405,-73.97522667,40.78965333,24-07-2021 15:31,0.973671697,34.36409551999998
5406,-73.975305,40.78966833,24-07-2021 15:31,0.973671697,34.36409551999998
5407,-73.97537833,40.78968833,24-07-2021 15:31,0.973671697,34.459800080000036
5408,-73.97544667,40.78971667,24-07-2021 15:31,0.973671697,34.85970842000006
5409,-73.97551667,40.78973833,24-07-2021 15:31,0.973671697,34.85970842000006
5410,-73.97558667,40.78975833,24-07-2021 15:31,0.973671697,34.85970842000006
5411,-73.97571333,40.78980833,24-07-2021 15:31,0.971507982,35.382665480000014
5412,-73.97578,40.78983833,24-07-2021 15:31,0.971507982,35.382665480000014
5413,-73.97591667,40.78991167,24-07-2021 15:31,0.971507982,35.382665480000014
5414,-73.97599333,40.78994333,24-07-2021 15:31,0.971628188,35.382665480000014
5415,-73.97615167,40.79001,24-07-2021 15:31,0.971628188,35.98423700000001
5416,-73.97622,40.79005333,24-07-2021 15:31,0.971628188,35.98423700000001
5417,-73.97627167,40.790105,24-07-2021 15:32,0.973791903,35.98423700000001
5418,-73.97659,40.790225,24-07-2021 15:32,0.973791903,35.741557580000006
5419,-73.97669333,40.79027,24-07-2021 15:32,0.973791903,34.86312644000003
5420,-73.97678667,40.79032333,24-07-2021 15:32,0.973791903,34.86312644000003
5421,-73.97698333,40.79040167,24-07-2021 15:32,0.975955618,34.86312644000003
5422,-73.97708667,40.790445,24-07-2021 15:32,0.975955618,34.32649730000003
5423,-73.97719167,40.79048667,24-07-2021 15:32,0.978119333,34.32649730000003
5424,-73.9773,40.79052667,24-07-2021 15:32,0.978119333,34.17952244000003
5425,-73.97739833,40.79056167,24-07-2021 15:32,0.975955618,34.135088180000025
5426,-73.97749,40.79058167,24-07-2021 15:32,0.975955618,34.135088180000025
5427,-73.977585,40.79061,24-07-2021 15:32,0.975955618,34.135088180000025
5428,-73.97768667,40.79063,24-07-2021 15:32,0.975955618,34.135088180000025
5429,-73.97778167,40.79066167,24-07-2021 15:32,0.975955618,34.58968484000002
5430,-73.97787333,40.79068167,24-07-2021 15:32,0.975955618,34.58968484000002
5431,-73.97805167,40.790735,24-07-2021 15:32,0.975955618,34.58968484000002
5432,-73.97813667,40.790755,24-07-2021 15:32,0.973791903,34.47005414
5433,-73.97821167,40.79077167,24-07-2021 15:32,0.973791903,34.01203945999998
5434,-73.97835333,40.79080667,24-07-2021 15:32,0.975955618,34.01203945999998
5435,-73.978375,40.790805,24-07-2021 15:32,0.978119333,34.01203945999998
5436,-73.97845,40.79087833,24-07-2021 15:32,0.980283048,34.01203945999998
5437,-73.97847833,40.79089833,24-07-2021 15:32,0.978119333,33.21222278000005
5438,-73.978525,40.79091167,24-07-2021 15:32,0.978119333,33.21222278000005
5439,-73.97866167,40.79090167,24-07-2021 15:32,0.978119333,33.21222278000005
5440,-73.97873167,40.79087,24-07-2021 15:32,0.982446763,33.21222278000005
5441,-73.978865,40.79083333,24-07-2021 15:32,0.982446763,32.190234799999985
5442,-73.97898167,40.79077333,24-07-2021 15:32,0.978119333,32.190234799999985
5443,-73.97909167,40.79072333,24-07-2021 15:32,0.980283048,32.78838830000001
5444,-73.979125,40.790715,24-07-2021 15:32,0.982446763,32.78838830000001
5445,-73.97918,40.79069,24-07-2021 15:32,0.984610478,32.06035004
5446,-73.97936167,40.79055667,24-07-2021 15:32,0.991221829,32.06035004
5447,-73.979385,40.79054167,24-07-2021 15:32,0.991221829,32.06035004
5448,-73.97941833,40.79051,24-07-2021 15:32,0.991221829,32.06035004
5449,-73.97944833,40.79047667,24-07-2021 15:32,0.991221829,32.81231444000002
5450,-73.97951833,40.79039,24-07-2021 15:32,0.986894399,32.81231444000002
5451,-73.97955,40.79034333,24-07-2021 15:32,0.982566969,31.83476072000002
5452,-73.97958333,40.790295,24-07-2021 15:32,0.982566969,31.83476072000002
5453,-73.979625,40.79024667,24-07-2021 15:32,0.984730684,31.83476072000002
5454,-73.97967167,40.790195,24-07-2021 15:32,0.984730684,32.82940454000004
5455,-73.97973167,40.79012333,24-07-2021 15:32,0.982566969,32.82940454000004
5456,-73.97979,40.79006833,24-07-2021 15:32,0.982566969,32.82940454000004
5457,-73.97984167,40.79000667,24-07-2021 15:32,0.982566969,32.82940454000004
5458,-73.97995667,40.78990333,24-07-2021 15:32,0.982566969,33.468574279999984
5459,-73.98001167,40.78984833,24-07-2021 15:32,0.982566969,33.468574279999984
5460,-73.98006167,40.78978833,24-07-2021 15:32,0.982566969,33.468574279999984
5461,-73.98013,40.7897,24-07-2021 15:32,0.982566969,33.468574279999984
5462,-73.980175,40.78963,24-07-2021 15:32,0.982566969,34.692225440000016
5463,-73.98021833,40.78955167,24-07-2021 15:32,0.976075824,34.692225440000016
5464,-73.98027833,40.78946833,24-07-2021 15:32,0.976075824,33.348943580000025
5465,-73.98041167,40.78930333,24-07-2021 15:32,0.978239539,34.104326000000015
5466,-73.98045,40.78926,24-07-2021 15:32,0.978239539,34.104326000000015
5467,-73.98049333,40.78920667,24-07-2021 15:32,0.976075824,34.104326000000015
5468,-73.98056,40.789145,24-07-2021 15:32,0.97391211,34.22395670000003
5469,-73.980585,40.78911833,24-07-2021 15:32,0.97391211,34.22395670000003
5470,-73.98061833,40.78894667,24-07-2021 15:32,0.978239539,32.20048886000001
5471,-73.98062167,40.78886833,24-07-2021 15:32,0.978239539,31.62284348000003
5472,-73.98063333,40.788785,24-07-2021 15:33,0.978239539,31.62284348000003
5473,-73.98063833,40.788705,24-07-2021 15:33,0.980403254,31.62284348000003
5474,-73.98064333,40.78862667,24-07-2021 15:33,0.980403254,31.62284348000003
5475,-73.980645,40.78853,24-07-2021 15:33,0.980403254,31.96464548000006
5476,-73.98064,40.788475,24-07-2021 15:33,0.980403254,31.96464548000006
5477,-73.980645,40.78842,24-07-2021 15:33,0.978239539,31.96464548000006
5478,-73.98064167,40.78840667,24-07-2021 15:33,0.978239539,31.96464548000006
5479,-73.98063333,40.78836333,24-07-2021 15:33,0.97391211,31.96464548000006
5480,-73.98063,40.78830833,24-07-2021 15:33,0.97391211,32.43975025999998
5481,-73.98062333,40.78823833,24-07-2021 15:33,0.976075824,32.43975025999998
5482,-73.98061,40.78811333,24-07-2021 15:33,0.976075824,32.43975025999998
5483,-73.980605,40.78805667,24-07-2021 15:33,0.978239539,34.01203945999998
5484,-73.98059667,40.788,24-07-2021 15:33,0.978239539,34.01203945999998
5485,-73.98060667,40.78794167,24-07-2021 15:33,0.978239539,34.01203945999998
5486,-73.98063,40.78782333,24-07-2021 15:33,0.976075824,33.33185348000001
5487,-73.98064333,40.7878,24-07-2021 15:33,0.978239539,33.461738240000045
5488,-73.98068167,40.78771833,24-07-2021 15:33,0.978359746,33.461738240000045
5489,-73.980705,40.78763667,24-07-2021 15:33,0.978359746,33.461738240000045
5490,-73.980735,40.78753333,24-07-2021 15:33,0.978359746,33.43781210000003
5491,-73.98073333,40.78746333,24-07-2021 15:33,0.978359746,33.43781210000003
5492,-73.9807,40.78732833,24-07-2021 15:33,0.971868601,33.43781210000003
5493,-73.98068667,40.787285,24-07-2021 15:33,0.971868601,34.073563820000004
5494,-73.98063667,40.78726,24-07-2021 15:33,0.971868601,33.99153134000005
5495,-73.98057167,40.787235,24-07-2021 15:33,0.971868601,33.99153134000005
5496,-73.98051,40.78722,24-07-2021 15:33,0.971868601,33.99153134000005
5497,-73.98042833,40.7872,24-07-2021 15:33,0.971868601,33.99153134000005
5498,-73.98025833,40.78715167,24-07-2021 15:33,0.971868601,34.350423439999986
5499,-73.98017333,40.78712,24-07-2021 15:33,0.971868601,34.350423439999986
5500,-73.98009833,40.78709167,24-07-2021 15:33,0.974032316,34.350423439999986
5501,-73.98001833,40.78704167,24-07-2021 15:33,0.974032316,34.350423439999986
5502,-73.97992667,40.78701,24-07-2021 15:33,0.974032316,34.41194780000001
5503,-73.97954167,40.786625,24-07-2021 15:33,0.974032316,35.76890174000005
5504,-73.97945,40.78658167,24-07-2021 15:34,0.974032316,35.76890174000005
5505,-73.97933833,40.78655,24-07-2021 15:34,0.974032316,35.76890174000005
5506,-73.97914167,40.78650167,24-07-2021 15:34,0.976196031,36.92077447999998
5507,-73.97905,40.78647667,24-07-2021 15:34,0.976196031,36.92077447999998
5508,-73.97899,40.78642333,24-07-2021 15:34,0.976196031,37.19421608000005
5509,-73.97892333,40.78637667,24-07-2021 15:34,0.976196031,37.19421608000005
5510,-73.978815,40.786345,24-07-2021 15:34,0.982687175,38.74599716
5511,-73.97878333,40.78630167,24-07-2021 15:35,0.982687175,38.74599716
5512,-73.97873167,40.78607,24-07-2021 15:35,0.980643667,38.62978448000001
5513,-73.978635,40.786015,24-07-2021 15:35,0.982807382,38.62978448000001
5514,-73.97858667,40.78599,24-07-2021 15:35,0.978479952,38.62978448000001
5515,-73.97852667,40.78597333,24-07-2021 15:35,0.978479952,39.00234866000005
5516,-73.97847167,40.78597333,24-07-2021 15:35,0.978479952,39.00234866000005
5517,-73.97842667,40.78598667,24-07-2021 15:35,0.978479952,39.00234866000005
5518,-73.97837833,40.78601833,24-07-2021 15:35,0.980643667,39.00234866000005
5519,-73.97833833,40.78605833,24-07-2021 15:35,0.980643667,39.00234866000005
5520,-73.97829833,40.78609667,24-07-2021 15:35,0.978479952,39.00234866000005
5521,-73.97826,40.78613833,24-07-2021 15:35,0.978479952,39.00234866000005
5522,-73.97820833,40.78622167,24-07-2021 15:35,0.980643667,38.968168460000015
5523,-73.97817167,40.78626333,24-07-2021 15:35,0.982807382,38.038467019999985
5524,-73.97814,40.78630167,24-07-2021 15:35,0.982807382,38.038467019999985
5525,-73.97811333,40.786335,24-07-2021 15:35,0.980643667,38.038467019999985
5526,-73.97809,40.78635833,24-07-2021 15:35,0.980643667,38.038467019999985
5527,-73.97807167,40.78637,24-07-2021 15:35,0.982807382,38.038467019999985
5528,-73.97805167,40.78638167,24-07-2021 15:35,0.982807382,38.038467019999985
5529,-73.97793667,40.78639833,24-07-2021 15:35,0.987134812,38.038467019999985
5530,-73.97791833,40.78641333,24-07-2021 15:35,0.987134812,38.038467019999985
5531,-73.9779,40.78644167,24-07-2021 15:35,0.984971097,38.038467019999985
5532,-73.97787167,40.78647333,24-07-2021 15:35,0.984971097,37.737681260000045
5533,-73.97779,40.78656833,24-07-2021 15:35,0.984971097,37.54969016000001
5534,-73.97773833,40.78662167,24-07-2021 15:35,0.984971097,37.54969016000001
5535,-73.977645,40.78671833,24-07-2021 15:35,0.984971097,37.54969016000001
5536,-73.97759167,40.78677,24-07-2021 15:35,0.978479952,37.02331508000003
5537,-73.97755167,40.78683,24-07-2021 15:35,0.978479952,37.02331508000003
5538,-73.97741167,40.78694167,24-07-2021 15:35,0.980643667,36.760127539999985
5539,-73.97711,40.786885,24-07-2021 15:35,0.976316237,36.760127539999985
5540,-73.97702833,40.78686,24-07-2021 15:35,0.976316237,36.37389128000001
5541,-73.97695333,40.78683,24-07-2021 15:35,0.974272729,36.37389128000001
5542,-73.97687833,40.78680667,24-07-2021 15:35,0.974272729,36.37389128000001
5543,-73.97682333,40.78677667,24-07-2021 15:36,0.976436444,36.37389128000001
5544,-73.97677667,40.78674,24-07-2021 15:36,0.976436444,36.37389128000001
5545,-73.97672333,40.78671333,24-07-2021 15:36,0.974272729,36.380727320000005
5546,-73.97667,40.786695,24-07-2021 15:36,0.974272729,36.380727320000005
5547,-73.97662,40.78668667,24-07-2021 15:36,0.976436444,36.380727320000005
5548,-73.976585,40.78668,24-07-2021 15:36,0.976436444,36.380727320000005
5549,-73.97655667,40.78667333,24-07-2021 15:36,0.976436444,36.380727320000005
5550,-73.97648833,40.78665667,24-07-2021 15:36,0.974272729,36.380727320000005
5551,-73.97643167,40.786655,24-07-2021 15:36,0.974272729,36.380727320000005
5552,-73.97637667,40.786645,24-07-2021 15:36,0.978600158,35.96372888000002
5553,-73.97632667,40.78663833,24-07-2021 15:36,0.978600158,35.96372888000002
5554,-73.97628667,40.78663,24-07-2021 15:36,0.976436444,35.96372888000002
5555,-73.97625,40.78661833,24-07-2021 15:36,0.976436444,35.96372888000002
5556,-73.97610167,40.78657667,24-07-2021 15:36,0.982927588,35.96372888000002
5557,-73.97605,40.78654833,24-07-2021 15:36,0.982927588,35.96372888000002
5558,-73.97594,40.78648333,24-07-2021 15:36,0.978600158,36.87634022000003
5559,-73.975825,40.78643,24-07-2021 15:36,0.978600158,37.706919080000034
5560,-73.97576667,40.78641167,24-07-2021 15:36,0.985091303,37.706919080000034
5561,-73.97571167,40.78638667,24-07-2021 15:36,0.985091303,37.706919080000034
5562,-73.97566833,40.78635667,24-07-2021 15:36,0.982927588,37.99061474000001
5563,-73.97558167,40.78631667,24-07-2021 15:36,0.978600158,37.99061474000001
5564,-73.97554167,40.7863,24-07-2021 15:36,0.978600158,37.99061474000001
5565,-73.97549833,40.786285,24-07-2021 15:36,0.985091303,37.99061474000001
5566,-73.975455,40.78627,24-07-2021 15:36,0.985091303,37.99061474000001
5567,-73.97537333,40.786235,24-07-2021 15:36,0.985091303,37.99061474000001
5568,-73.97533333,40.78622,24-07-2021 15:36,0.982927588,37.99061474000001
5569,-73.97529333,40.78619667,24-07-2021 15:36,0.982927588,38.294818520000035
5570,-73.97525167,40.78618167,24-07-2021 15:36,0.980763873,38.294818520000035
5571,-73.97520833,40.78615667,24-07-2021 15:36,0.980763873,38.294818520000035
5572,-73.97516667,40.786135,24-07-2021 15:36,0.982927588,38.294818520000035
5573,-73.975115,40.78613167,24-07-2021 15:36,0.982927588,38.294818520000035
5574,-73.97506333,40.78611167,24-07-2021 15:36,0.980763873,38.294818520000035
5575,-73.97494833,40.78597833,24-07-2021 15:37,0.980763873,38.76308726000002
5576,-73.97487833,40.78594,24-07-2021 15:37,0.980763873,38.76308726000002
5577,-73.97480833,40.78590333,24-07-2021 15:37,0.980763873,38.76308726000002
5578,-73.97473833,40.78587,24-07-2021 15:37,0.976436444,38.76308726000002
5579,-73.97466333,40.785835,24-07-2021 15:37,0.976436444,38.76308726000002
5580,-73.97450167,40.78576,24-07-2021 15:37,0.976436444,38.920316179999986
5581,-73.97441833,40.78572333,24-07-2021 15:37,0.980763873,38.920316179999986
5582,-73.97433167,40.78568667,24-07-2021 15:37,0.980763873,38.920316179999986
5583,-73.974245,40.78565167,24-07-2021 15:37,0.972109014,39.050200940000025
5584,-73.974165,40.78561667,24-07-2021 15:37,0.972109014,39.050200940000025
5585,-73.97408167,40.785585,24-07-2021 15:37,0.974272729,39.050200940000025
5586,-73.974005,40.78555667,24-07-2021 15:37,0.974272729,39.22451996000001
5587,-73.97393,40.78553333,24-07-2021 15:37,0.972109014,40.478933299999994
5588,-73.97386333,40.78551167,24-07-2021 15:37,0.972109014,40.478933299999994
5589,-73.97380167,40.78548667,24-07-2021 15:37,0.969945299,40.478933299999994
5590,-73.97374167,40.78545833,24-07-2021 15:37,0.969945299,40.478933299999994
5591,-73.97367833,40.785435,24-07-2021 15:37,0.967781584,40.478933299999994
5592,-73.97362,40.78541167,24-07-2021 15:37,0.967781584,40.478933299999994
5593,-73.97357,40.785385,24-07-2021 15:37,0.965617869,39.463781359999984
5594,-73.973515,40.78537167,24-07-2021 15:37,0.965617869,39.463781359999984
5595,-73.97347167,40.78535833,24-07-2021 15:37,0.967781584,39.463781359999984
5596,-73.97344,40.78534667,24-07-2021 15:37,0.967781584,39.463781359999984
5597,-73.973295,40.785295,24-07-2021 15:37,0.974392935,39.463781359999984
5598,-73.973245,40.78527333,24-07-2021 15:37,0.974392935,38.22987613999999
5599,-73.97318333,40.78524833,24-07-2021 15:37,0.97222922,38.22987613999999
5600,-73.97311833,40.78521833,24-07-2021 15:37,0.97222922,38.22987613999999
5601,-73.97305167,40.78518833,24-07-2021 15:37,0.970065505,38.22987613999999
5602,-73.97297333,40.78515667,24-07-2021 15:37,0.970065505,38.22987613999999
5603,-73.972815,40.78509,24-07-2021 15:37,0.96790179,36.72936536000003
5604,-73.97273667,40.785065,24-07-2021 15:37,0.965738076,36.72936536000003
5605,-73.97266833,40.78503833,24-07-2021 15:37,0.965738076,36.72936536000003
5606,-73.97260833,40.78500333,24-07-2021 15:38,0.96790179,37.853893940000034
5607,-73.97254333,40.78498,24-07-2021 15:38,0.96790179,37.853893940000034
5608,-73.97247167,40.78495833,24-07-2021 15:38,0.96790179,37.58045234000002
5609,-73.97240333,40.78494667,24-07-2021 15:38,0.96790179,37.58045234000002
5610,-73.972345,40.78492333,24-07-2021 15:38,0.96790179,37.58045234000002
5611,-73.97221667,40.78488833,24-07-2021 15:38,0.965738076,37.58045234000002
5612,-73.97215333,40.78485667,24-07-2021 15:38,0.965738076,37.30701074000001
5613,-73.97209167,40.78481833,24-07-2021 15:38,0.965738076,37.30701074000001
5614,-73.97187667,40.78474167,24-07-2021 15:38,0.970065505,37.720591160000026
5615,-73.9718,40.784715,24-07-2021 15:38,0.970065505,37.25574044000001
5616,-73.97172333,40.78469167,24-07-2021 15:38,0.97222922,37.25574044000001
5617,-73.97164333,40.78466833,24-07-2021 15:38,0.97222922,37.25574044000001
5618,-73.97157833,40.78464167,24-07-2021 15:38,0.970065505,37.25574044000001
5619,-73.97151167,40.78462167,24-07-2021 15:38,0.970065505,37.25574044000001
5620,-73.97139667,40.78457833,24-07-2021 15:38,0.97222922,36.674677040000006
5621,-73.971345,40.78456,24-07-2021 15:38,0.96790179,36.674677040000006
5622,-73.97129167,40.78453667,24-07-2021 15:38,0.96790179,36.674677040000006
5623,-73.971235,40.78451667,24-07-2021 15:38,0.96790179,36.674677040000006
5624,-73.97117833,40.7845,24-07-2021 15:38,0.96790179,36.674677040000006
5625,-73.97112333,40.78448167,24-07-2021 15:38,0.96790179,36.674677040000006
5626,-73.97105667,40.78446667,24-07-2021 15:38,0.96790179,35.92954868000004
5627,-73.97099,40.78445333,24-07-2021 15:38,0.96790179,35.92954868000004
5628,-73.97091333,40.78443833,24-07-2021 15:38,0.96790179,35.92954868000004
5629,-73.97083333,40.784425,24-07-2021 15:38,0.96790179,35.92954868000004
5630,-73.97076167,40.78440833,24-07-2021 15:38,0.96790179,35.92954868000004
5631,-73.97071667,40.784385,24-07-2021 15:38,0.965738076,35.23227259999999
5632,-73.97043167,40.78420667,24-07-2021 15:38,0.963694567,35.184420320000015
5633,-73.97039667,40.78418333,24-07-2021 15:38,0.963694567,35.184420320000015
5634,-73.97033,40.78416833,24-07-2021 15:38,0.959367137,34.299153140000044
5635,-73.970265,40.78416667,24-07-2021 15:38,0.959367137,34.299153140000044
5636,-73.97013833,40.78426,24-07-2021 15:38,0.957203422,34.45296403999998
5637,-73.97010667,40.78429833,24-07-2021 15:38,0.961530852,34.45296403999998
5638,-73.97007,40.78434,24-07-2021 15:38,0.961530852,34.45296403999998
5639,-73.970035,40.78437833,24-07-2021 15:38,0.959367137,34.45296403999998
5640,-73.96999833,40.78441833,24-07-2021 15:38,0.959367137,32.005661720000035
5641,-73.96996333,40.78445667,24-07-2021 15:38,0.961530852,32.005661720000035
5642,-73.96984667,40.78458833,24-07-2021 15:38,0.961530852,32.333791640000015
5643,-73.96979833,40.78464667,24-07-2021 15:38,0.957203422,32.333791640000015
5644,-73.969695,40.78477833,24-07-2021 15:38,0.961530852,32.63457740000001
5645,-73.969635,40.78485,24-07-2021 15:38,0.961530852,31.889449040000045
5646,-73.96957833,40.78492,24-07-2021 15:38,0.961530852,31.889449040000045
5647,-73.96952667,40.78498667,24-07-2021 15:38,0.961530852,31.889449040000045
5648,-73.96947667,40.78504667,24-07-2021 15:38,0.959367137,32.95245326000003
5649,-73.96943667,40.78510333,24-07-2021 15:38,0.959367137,32.95245326000003
5650,-73.96940667,40.78515,24-07-2021 15:38,0.963694567,32.95245326000003
5651,-73.969385,40.78518167,24-07-2021 15:38,0.963694567,32.95245326000003
5652,-73.96935667,40.78521,24-07-2021 15:38,0.961530852,32.95245326000003
5653,-73.96931667,40.78523333,24-07-2021 15:38,0.961530852,32.95245326000003
5654,-73.96927333,40.78523667,24-07-2021 15:38,0.963694567,32.25517718000003
5655,-73.96922333,40.78522667,24-07-2021 15:39,0.963694567,32.25517718000003
5656,-73.96916,40.78520833,24-07-2021 15:39,0.963694567,32.25517718000003
5657,-73.96907833,40.78517667,24-07-2021 15:39,0.963694567,32.25517718000003
5658,-73.96898,40.78514,24-07-2021 15:39,0.961530852,32.25517718000003
5659,-73.96877667,40.785065,24-07-2021 15:39,0.961530852,31.369910000000004
5660,-73.968665,40.785025,24-07-2021 15:39,0.961530852,31.369910000000004
5661,-73.96854833,40.784995,24-07-2021 15:39,0.961530852,30.153094880000026
5662,-73.96841667,40.78497,24-07-2021 15:39,0.961530852,30.153094880000026
5663,-73.96828833,40.78494,24-07-2021 15:39,0.961530852,30.153094880000026
5664,-73.968165,40.78491167,24-07-2021 15:39,0.961530852,29.442146719999982
5665,-73.96804,40.78488167,24-07-2021 15:39,0.961530852,29.442146719999982
5666,-73.96791667,40.78484167,24-07-2021 15:39,0.959367137,29.442146719999982
5667,-73.967795,40.7848,24-07-2021 15:39,0.959367137,28.939697780000017
5668,-73.96768333,40.78474667,24-07-2021 15:39,0.959367137,29.086672640000018
5669,-73.967575,40.78469,24-07-2021 15:39,0.959367137,28.826903119999997
5670,-73.967465,40.78463167,24-07-2021 15:39,0.961530852,28.826903119999997
5671,-73.96735167,40.784575,24-07-2021 15:39,0.961530852,28.826903119999997
5672,-73.96724167,40.784515,24-07-2021 15:39,0.961530852,28.826903119999997
5673,-73.96713167,40.78445333,24-07-2021 15:40,0.961530852,29.028566300000023
5674,-73.96702833,40.784395,24-07-2021 15:40,0.963694567,29.028566300000023
5675,-73.96691667,40.78432,24-07-2021 15:40,0.963694567,29.028566300000023
5676,-73.966775,40.784245,24-07-2021 15:40,0.961530852,28.874755400000026
5677,-73.96649667,40.78412667,24-07-2021 15:40,0.961530852,29.54468731999998
5678,-73.96636333,40.78407833,24-07-2021 15:40,0.961530852,29.54468731999998
5679,-73.966235,40.78403333,24-07-2021 15:40,0.961530852,29.54468731999998
5680,-73.96611667,40.783995,24-07-2021 15:40,0.961530852,30.35817608000002
5681,-73.96598333,40.78396167,24-07-2021 15:40,0.963694567,30.35817608000002
5682,-73.96585833,40.78393,24-07-2021 15:40,0.963694567,30.35817608000002
5683,-73.96561167,40.78386,24-07-2021 15:40,0.965858282,30.11207864000005
5684,-73.96548333,40.78382333,24-07-2021 15:40,0.965858282,30.27614360000001
5685,-73.96535,40.78378667,24-07-2021 15:40,0.968021997,29.93434160000004
5686,-73.96521667,40.78374667,24-07-2021 15:40,0.968142203,29.93434160000004
5687,-73.96494833,40.78367,24-07-2021 15:40,0.970305918,28.990968080000016
5688,-73.96482,40.78363167,24-07-2021 15:40,0.970305918,28.990968080000016
5689,-73.9647,40.78359333,24-07-2021 15:40,0.970305918,27.958726039999988
5690,-73.96458167,40.78355667,24-07-2021 15:40,0.968142203,28.81664906000003
5691,-73.96446667,40.78351167,24-07-2021 15:40,0.968142203,28.81664906000003
5692,-73.964355,40.783465,24-07-2021 15:40,0.968142203,27.750226820000023
5693,-73.96424333,40.783415,24-07-2021 15:40,0.968142203,27.750226820000023
5694,-73.96413333,40.78336667,24-07-2021 15:40,0.968142203,27.750226820000023
5695,-73.96403,40.78330833,24-07-2021 15:40,0.968142203,28.843993220000016
5696,-73.96392667,40.78325167,24-07-2021 15:40,0.970305918,27.832259300000032
5697,-73.96383167,40.78319,24-07-2021 15:40,0.970305918,27.832259300000032
5698,-73.96376,40.78311167,24-07-2021 15:40,0.970305918,27.832259300000032
5699,-73.96371,40.78302,24-07-2021 15:40,0.970305918,29.124270860000024
5700,-73.96366167,40.78293333,24-07-2021 15:40,0.965978488,29.124270860000024
5701,-73.96362333,40.78284,24-07-2021 15:40,0.965978488,27.91770980000001
5702,-73.96356167,40.78263333,24-07-2021 15:40,0.970305918,28.57396964000003
5703,-73.96353167,40.78252667,24-07-2021 15:40,0.965978488,28.57396964000003
5704,-73.96350333,40.78242,24-07-2021 15:40,0.965978488,28.81664906000003
5705,-73.96346833,40.782315,24-07-2021 15:40,0.965978488,28.81664906000003
5706,-73.96343167,40.78220833,24-07-2021 15:40,0.965978488,28.85424727999998
5707,-73.96338167,40.78211333,24-07-2021 15:40,0.965978488,28.85424727999998
5708,-73.96314833,40.78182333,24-07-2021 15:41,0.968142203,28.768796780000002
5709,-73.963055,40.78173333,24-07-2021 15:41,0.968142203,28.768796780000002
5710,-73.96296,40.781645,24-07-2021 15:41,0.968142203,30.508568960000048
5711,-73.96285333,40.78155833,24-07-2021 15:41,0.968142203,30.508568960000048
5712,-73.96273667,40.78147167,24-07-2021 15:41,0.968142203,30.508568960000048
5713,-73.96263,40.78139333,24-07-2021 15:41,0.968142203,31.968063500000028
5714,-73.96244333,40.78124333,24-07-2021 15:41,0.965978488,31.968063500000028
5715,-73.96228833,40.78109833,24-07-2021 15:41,0.968142203,33.20880476000002
5716,-73.96223667,40.78101333,24-07-2021 15:41,0.965978488,33.20880476000002
5717,-73.96211167,40.78086167,24-07-2021 15:41,0.968142203,35.58091064000001
5718,-73.96204667,40.78079333,24-07-2021 15:41,0.968142203,35.58091064000001
5719,-73.96198,40.78073333,24-07-2021 15:41,0.972469633,35.58091064000001
5720,-73.96192833,40.780675,24-07-2021 15:41,0.972469633,35.30746904
5721,-73.96188,40.78062667,24-07-2021 15:41,0.974633348,35.30746904
5722,-73.96184,40.78058167,24-07-2021 15:41,0.974633348,36.165392060000045
5723,-73.96180833,40.78055333,24-07-2021 15:41,0.974633348,36.165392060000045
5724,-73.961785,40.78053,24-07-2021 15:41,0.974633348,36.165392060000045
5725,-73.96177,40.78051667,24-07-2021 15:41,0.968142203,36.165392060000045
5726,-73.96170833,40.780455,24-07-2021 15:41,0.972469633,36.165392060000045
5727,-73.96168,40.78043167,24-07-2021 15:41,0.974633348,36.165392060000045
5728,-73.96165,40.78040167,24-07-2021 15:41,0.974633348,36.165392060000045
5729,-73.96157,40.780325,24-07-2021 15:41,0.972469633,36.558464360000016
5730,-73.961525,40.78028333,24-07-2021 15:41,0.974633348,36.558464360000016
5731,-73.96147833,40.78024333,24-07-2021 15:41,0.974633348,36.558464360000016
5732,-73.96143,40.78020333,24-07-2021 15:42,0.976797063,36.558464360000016
5733,-73.96137667,40.78017,24-07-2021 15:42,0.976797063,36.558464360000016
5734,-73.96130833,40.780145,24-07-2021 15:42,0.981124492,36.558464360000016
5735,-73.96124,40.78012167,24-07-2021 15:42,0.981124492,36.558464360000016
5736,-73.96116667,40.78010167,24-07-2021 15:42,0.978960778,36.40123544000005
5737,-73.96108833,40.78008,24-07-2021 15:42,0.978960778,36.264514640000016
5738,-73.961,40.78006,24-07-2021 15:42,0.981124492,36.264514640000016
5739,-73.96091,40.78003333,24-07-2021 15:42,0.981124492,36.264514640000016
5740,-73.96081833,40.78001167,24-07-2021 15:42,0.978960778,36.19273622000003
5741,-73.960735,40.77998333,24-07-2021 15:42,0.978960778,36.19273622000003
5742,-73.96065,40.77996333,24-07-2021 15:42,0.981124492,36.19273622000003
5743,-73.96056,40.779955,24-07-2021 15:42,0.981124492,36.19273622000003
5744,-73.96047167,40.77993667,24-07-2021 15:42,0.981124492,36.24742454
5745,-73.96036667,40.77992,24-07-2021 15:42,0.981124492,36.24742454
5746,-73.96026833,40.77989833,24-07-2021 15:42,0.981124492,36.24742454
5747,-73.96016833,40.779895,24-07-2021 15:42,0.981124492,36.24742454
5748,-73.96003667,40.779835,24-07-2021 15:42,0.981244699,36.295276820000026
5749,-73.95998667,40.77982,24-07-2021 15:42,0.981244699,36.295276820000026
5750,-73.95996333,40.77981667,24-07-2021 15:42,0.981244699,36.295276820000026
5751,-73.95983333,40.77977667,24-07-2021 15:42,0.985572129,36.739619420000054
5752,-73.95979,40.77981167,24-07-2021 15:42,0.985572129,36.739619420000054
5753,-73.95974333,40.77985,24-07-2021 15:42,0.992063273,36.33629306
5754,-73.959695,40.77989167,24-07-2021 15:42,0.992063273,36.33629306
5755,-73.95963833,40.77996,24-07-2021 15:42,0.987735844,36.33629306
5756,-73.95961,40.779995,24-07-2021 15:42,0.987735844,36.33629306
5757,-73.959585,40.780035,24-07-2021 15:42,0.987735844,36.33629306
5758,-73.95955667,40.78006333,24-07-2021 15:42,0.992063273,36.33629306
5759,-73.95954167,40.78012,24-07-2021 15:42,0.992063273,35.65610708000003
5760,-73.95946667,40.78023333,24-07-2021 15:42,0.99218348,35.65610708000003
5761,-73.95941667,40.780265,24-07-2021 15:42,0.99218348,35.56382054000005
5762,-73.95936833,40.78029833,24-07-2021 15:42,0.990019765,35.56382054000005
5763,-73.95931833,40.78033833,24-07-2021 15:42,0.990019765,35.56382054000005
5764,-73.95928667,40.780385,24-07-2021 15:42,0.990019765,35.58432865999998
5765,-73.95924833,40.78043333,24-07-2021 15:42,0.990019765,35.58432865999998
5766,-73.95922,40.78048167,24-07-2021 15:42,0.98785605,35.58432865999998
5767,-73.95918667,40.78052333,24-07-2021 15:42,0.98785605,35.58432865999998
5768,-73.959165,40.78056,24-07-2021 15:42,0.98785605,35.58432865999998
5769,-73.95914,40.78058333,24-07-2021 15:42,0.98785605,35.58432865999998
5770,-73.959135,40.78060333,24-07-2021 15:42,0.985692335,35.58432865999998
5771,-73.95909667,40.780655,24-07-2021 15:42,0.985692335,35.68686925999998
5772,-73.95907333,40.78068167,24-07-2021 15:42,0.99218348,35.68686925999998
5773,-73.95902,40.78075333,24-07-2021 15:42,0.99218348,36.43883366
5774,-73.95897833,40.78079667,24-07-2021 15:42,0.99218348,36.43883366
5775,-73.95886167,40.780895,24-07-2021 15:42,0.98785605,36.018417200000044
5776,-73.95880667,40.78094167,24-07-2021 15:42,0.98785605,36.018417200000044
5777,-73.958745,40.781015,24-07-2021 15:42,0.98785605,36.018417200000044
5778,-73.95867667,40.7811,24-07-2021 15:42,0.98785605,36.19273622000003
5779,-73.95854,40.78126333,24-07-2021 15:42,0.98785605,36.196154240000055
5780,-73.95848333,40.78135333,24-07-2021 15:42,0.98785605,36.196154240000055
5781,-73.958465,40.78144,24-07-2021 15:42,0.98785605,36.069687499999986
5782,-73.95842333,40.78152,24-07-2021 15:42,0.98785605,36.069687499999986
5783,-73.958365,40.78159333,24-07-2021 15:42,0.98352862,36.069687499999986
5784,-73.95831833,40.781665,24-07-2021 15:42,0.98352862,36.08335957999998
5785,-73.958265,40.78173333,24-07-2021 15:42,0.981364905,35.84068016000003
5786,-73.958225,40.78180333,24-07-2021 15:42,0.981364905,35.84068016000003
5787,-73.958125,40.78195167,24-07-2021 15:42,0.97920119,35.84068016000003
5788,-73.95807167,40.78202167,24-07-2021 15:42,0.98352862,35.39975558000003
5789,-73.958035,40.782085,24-07-2021 15:43,0.98352862,35.39975558000003
5790,-73.957945,40.78221,24-07-2021 15:43,0.985692335,34.97933912000002
5791,-73.95779833,40.78239167,24-07-2021 15:43,0.985692335,34.40511176000001
5792,-73.95776,40.782445,24-07-2021 15:43,0.98785605,34.40511176000001
5793,-73.95774667,40.78249667,24-07-2021 15:43,0.98785605,34.40511176000001
5794,-73.957715,40.78255667,24-07-2021 15:43,0.985692335,34.05989174000001
5795,-73.95769833,40.78261167,24-07-2021 15:43,0.985692335,34.05989174000001
5796,-73.9575,40.782845,24-07-2021 15:43,0.985692335,34.12141610000003
5797,-73.95745167,40.78292,24-07-2021 15:43,0.98785605,34.12141610000003
5798,-73.95740167,40.782995,24-07-2021 15:43,0.98785605,34.12141610000003
5799,-73.95731,40.78309167,24-07-2021 15:43,0.981364905,34.10774402000004
5800,-73.95724167,40.78316167,24-07-2021 15:43,0.981364905,34.32649730000003
5801,-73.95716667,40.78321,24-07-2021 15:43,0.98352862,34.32649730000003
5802,-73.9571,40.78326167,24-07-2021 15:43,0.98352862,34.32649730000003
5803,-73.95704667,40.78329,24-07-2021 15:43,0.981364905,34.32649730000003
5804,-73.95700667,40.783315,24-07-2021 15:43,0.981364905,34.47347216000003
5805,-73.956795,40.783345,24-07-2021 15:43,0.977157682,34.68197138000005
5806,-73.956745,40.78332667,24-07-2021 15:43,0.977157682,34.68197138000005
5807,-73.956685,40.78331333,24-07-2021 15:43,0.977157682,34.68197138000005
5808,-73.95655667,40.783285,24-07-2021 15:43,0.977157682,34.68197138000005
5809,-73.95649667,40.78326667,24-07-2021 15:43,0.974993967,34.85970842000006
5810,-73.956375,40.78322833,24-07-2021 15:43,0.972830252,34.85970842000006
5811,-73.95631333,40.78320167,24-07-2021 15:43,0.972830252,34.72982366000002
5812,-73.95626167,40.78317167,24-07-2021 15:43,0.968502822,34.72982366000002
5813,-73.95606,40.78312667,24-07-2021 15:43,0.968502822,35.69370530000003
5814,-73.955985,40.78311833,24-07-2021 15:43,0.966339107,35.69370530000003
5815,-73.95591,40.78311,24-07-2021 15:43,0.966339107,35.69370530000003
5816,-73.95577,40.78308667,24-07-2021 15:43,0.970666537,35.772319760000016
5817,-73.95571333,40.78306667,24-07-2021 15:43,0.968502822,35.772319760000016
5818,-73.95566333,40.78305,24-07-2021 15:43,0.968502822,35.772319760000016
5819,-73.95563667,40.78301333,24-07-2021 15:43,0.970666537,35.772319760000016
5820,-73.95550833,40.78289167,24-07-2021 15:43,0.972830252,35.738139560000036
5821,-73.95547833,40.78286667,24-07-2021 15:43,0.966339107,35.738139560000036
5822,-73.95545167,40.782845,24-07-2021 15:43,0.966339107,35.823590060000015
5823,-73.955425,40.78282833,24-07-2021 15:43,0.970666537,35.823590060000015
5824,-73.95540667,40.78281167,24-07-2021 15:43,0.970666537,35.823590060000015
5825,-73.95535167,40.78278,24-07-2021 15:43,0.970666537,35.823590060000015
5826,-73.95533333,40.782775,24-07-2021 15:43,0.970666537,35.823590060000015
5827,-73.95531333,40.78277,24-07-2021 15:43,0.968502822,35.823590060000015
5828,-73.95528667,40.78276333,24-07-2021 15:43,0.968502822,35.823590060000015
5829,-73.95525,40.782755,24-07-2021 15:43,0.968502822,35.823590060000015
5830,-73.95520667,40.782755,24-07-2021 15:43,0.968502822,35.823590060000015
5831,-73.95515667,40.78275167,24-07-2021 15:43,0.970666537,35.823590060000015
5832,-73.95511167,40.78274167,24-07-2021 15:43,0.970666537,35.823590060000015
5833,-73.95507,40.78273333,24-07-2021 15:43,0.968502822,35.58091064000001
5834,-73.95502667,40.78272833,24-07-2021 15:43,0.968502822,35.58091064000001
5835,-73.95498667,40.78272333,24-07-2021 15:43,0.968502822,35.58091064000001
5836,-73.954945,40.78271833,24-07-2021 15:43,0.968502822,35.58091064000001
5837,-73.954905,40.78271833,24-07-2021 15:43,0.974993967,35.58091064000001
5838,-73.95487167,40.78271667,24-07-2021 15:43,0.974993967,35.58091064000001
5839,-73.95484333,40.78269833,24-07-2021 15:43,0.970666537,35.58091064000001
5840,-73.95480333,40.78269,24-07-2021 15:43,0.970666537,35.58091064000001
5841,-73.95477167,40.78266333,24-07-2021 15:43,0.972830252,35.79624590000003
5842,-73.95472833,40.78263167,24-07-2021 15:43,0.972830252,35.79624590000003
5843,-73.954665,40.78261,24-07-2021 15:43,0.968502822,35.79624590000003
5844,-73.95453167,40.78256167,24-07-2021 15:44,0.968502822,35.79624590000003
5845,-73.95446333,40.782535,24-07-2021 15:44,0.968502822,35.79624590000003
5846,-73.95432667,40.78249167,24-07-2021 15:44,0.968502822,35.772319760000016
5847,-73.95425833,40.78247,24-07-2021 15:44,0.968502822,35.772319760000016
5848,-73.95419333,40.78244667,24-07-2021 15:44,0.968502822,35.772319760000016
5849,-73.95412667,40.78241833,24-07-2021 15:44,0.968502822,35.772319760000016
5850,-73.95406,40.78239,24-07-2021 15:44,0.968502822,36.59948059999999
5851,-73.954,40.78235833,24-07-2021 15:44,0.968502822,36.59948059999999
5852,-73.95396,40.78233167,24-07-2021 15:44,0.972830252,36.59948059999999
5853,-73.95385833,40.78207333,24-07-2021 15:44,0.977277888,36.85241408000002
5854,-73.95387667,40.782035,24-07-2021 15:44,0.977277888,36.85241408000002
5855,-73.95395833,40.78191667,24-07-2021 15:44,0.979441603,36.85241408000002
5856,-73.95398,40.78188167,24-07-2021 15:44,0.979441603,36.85241408000002
5857,-73.954005,40.781845,24-07-2021 15:44,0.979441603,36.934446560000026
5858,-73.95403167,40.781815,24-07-2021 15:44,0.979441603,36.934446560000026
5859,-73.95405833,40.781785,24-07-2021 15:44,0.981605318,36.934446560000026
5860,-73.95408333,40.781755,24-07-2021 15:44,0.981605318,36.934446560000026
5861,-73.954105,40.78173167,24-07-2021 15:44,0.981605318,36.934446560000026
5862,-73.95412333,40.78171833,24-07-2021 15:44,0.981605318,36.37730929999998
5863,-73.95426833,40.78157,24-07-2021 15:44,0.992423892,36.37730929999998
5864,-73.954295,40.78154833,24-07-2021 15:44,0.992423892,36.37730929999998
5865,-73.95431667,40.78151833,24-07-2021 15:44,0.990260178,36.37730929999998
5866,-73.95435167,40.78146,24-07-2021 15:44,0.990260178,36.37730929999998
5867,-73.95436833,40.78143333,24-07-2021 15:44,0.990260178,36.37730929999998
5868,-73.95438333,40.78141333,24-07-2021 15:44,0.994587607,36.37730929999998
5869,-73.95438833,40.78135833,24-07-2021 15:44,0.992423892,36.37730929999998
5870,-73.95439333,40.781325,24-07-2021 15:44,0.994587607,36.27476869999998
5871,-73.95440833,40.78129167,24-07-2021 15:44,0.994587607,36.27476869999998
5872,-73.95441,40.781265,24-07-2021 15:44,0.998915037,36.27476869999998
5873,-73.95441167,40.78123833,24-07-2021 15:44,0.998915037,36.27476869999998
5874,-73.954425,40.781195,24-07-2021 15:44,0.998915037,36.27476869999998
5875,-73.95446,40.78113,24-07-2021 15:44,0.998915037,36.27476869999998
5876,-73.95453,40.78102,24-07-2021 15:44,0.996751322,36.91052042000001
5877,-73.954575,40.78096,24-07-2021 15:44,0.996751322,36.91052042000001
5878,-73.95464833,40.780895,24-07-2021 15:44,1.001078752,36.91052042000001
5879,-73.95471667,40.78082833,24-07-2021 15:44,1.001078752,36.91052042000001
5880,-73.95483333,40.780705,24-07-2021 15:44,1.001078752,36.72936536000003
5881,-73.9549,40.780625,24-07-2021 15:44,1.001078752,36.62340674000001
5882,-73.95496833,40.78053333,24-07-2021 15:44,1.001078752,36.62340674000001
5883,-73.95501,40.78044667,24-07-2021 15:44,1.003242467,36.44908772000002
5884,-73.955065,40.78035833,24-07-2021 15:44,1.003242467,36.44908772000002
5885,-73.95519,40.78018,24-07-2021 15:44,1.005406182,36.43541564000003
5886,-73.95527,40.78009333,24-07-2021 15:44,1.001078752,36.12779383999998
5887,-73.95533167,40.78001167,24-07-2021 15:45,1.001078752,36.12779383999998
5888,-73.95539167,40.77993333,24-07-2021 15:45,1.005406182,37.12243766000006
5889,-73.95541667,40.77985167,24-07-2021 15:45,1.005406182,37.12243766000006
5890,-73.95545333,40.779775,24-07-2021 15:45,1.005406182,37.12243766000006
5891,-73.9555,40.77970833,24-07-2021 15:45,1.005406182,37.25232242000004
5892,-73.95555667,40.77965,24-07-2021 15:45,1.005526388,37.25232242000004
5893,-73.95561333,40.77959833,24-07-2021 15:45,1.005526388,37.25232242000004
5894,-73.95566167,40.77955167,24-07-2021 15:45,1.003362673,37.25232242000004
5895,-73.95572167,40.77948667,24-07-2021 15:45,1.003362673,37.25232242000004
5896,-73.95577667,40.77941,24-07-2021 15:45,1.005526388,37.07800340000006
5897,-73.95582167,40.779335,24-07-2021 15:45,1.005526388,37.07800340000006
5898,-73.955865,40.77925667,24-07-2021 15:45,1.003362673,37.07800340000006
5899,-73.95590833,40.77918333,24-07-2021 15:45,1.003362673,36.613152679999985
5900,-73.95596167,40.77911833,24-07-2021 15:45,1.003362673,36.349965139999995
5901,-73.95612167,40.77894167,24-07-2021 15:45,1.003362673,36.349965139999995
5902,-73.95622833,40.77883833,24-07-2021 15:45,1.007690103,35.37924745999999
5903,-73.95628667,40.778785,24-07-2021 15:45,1.007690103,35.66977916000002
5904,-73.95633833,40.77872333,24-07-2021 15:45,1.007690103,35.66977916000002
5905,-73.95638667,40.77865833,24-07-2021 15:45,1.007690103,35.66977916000002
5906,-73.956435,40.77860333,24-07-2021 15:45,1.005526388,35.65610708000003
5907,-73.956485,40.77855,24-07-2021 15:45,1.005526388,35.65610708000003
5908,-73.956545,40.77848167,24-07-2021 15:45,1.005526388,35.65610708000003
5909,-73.95661333,40.77841333,24-07-2021 15:45,1.005526388,35.65610708000003
5910,-73.95668167,40.77834167,24-07-2021 15:45,1.001198958,36.20982632000005
5911,-73.956735,40.77824833,24-07-2021 15:45,1.001198958,36.20982632000005
5912,-73.95678333,40.77815167,24-07-2021 15:45,1.005526388,36.20982632000005
5913,-73.956845,40.778045,24-07-2021 15:45,1.005526388,36.32945702000001
5914,-73.95690167,40.77796167,24-07-2021 15:45,1.003362673,36.32945702000001
5915,-73.95697167,40.77786,24-07-2021 15:45,1.003362673,36.32945702000001
5916,-73.95709667,40.777665,24-07-2021 15:45,1.003362673,37.09509350000002
5917,-73.957145,40.77757,24-07-2021 15:45,1.005526388,37.09509350000002
5918,-73.95719,40.77749667,24-07-2021 15:45,1.005526388,37.0267331
5919,-73.95724,40.777415,24-07-2021 15:45,1.003362673,37.0267331
5920,-73.95728667,40.77734833,24-07-2021 15:45,1.003362673,37.0267331
5921,-73.95741167,40.777185,24-07-2021 15:46,1.001198958,36.91393844000004
5922,-73.95743167,40.77715,24-07-2021 15:46,1.003362673,36.91393844000004
5923,-73.95738,40.77708833,24-07-2021 15:46,1.001198958,36.91393844000004
5924,-73.95734,40.777045,24-07-2021 15:46,1.001198958,36.903684380000016
5925,-73.957295,40.777005,24-07-2021 15:46,1.001198958,36.661004960000014
5926,-73.95718667,40.77693833,24-07-2021 15:46,0.996871529,36.661004960000014
5927,-73.95713333,40.77691,24-07-2021 15:46,0.999035243,36.661004960000014
5928,-73.957075,40.77687833,24-07-2021 15:46,0.999035243,36.661004960000014
5929,-73.95701667,40.77684833,24-07-2021 15:46,0.999035243,36.661004960000014
5930,-73.95690833,40.77679667,24-07-2021 15:46,0.999035243,36.63366080000003
5931,-73.95685167,40.776775,24-07-2021 15:46,0.999035243,36.63366080000003
5932,-73.95679333,40.77674667,24-07-2021 15:46,0.994707814,36.12779383999998
5933,-73.95673,40.77672,24-07-2021 15:47,0.994707814,36.12779383999998
5934,-73.95666667,40.77669167,24-07-2021 15:47,0.999035243,36.12779383999998
5935,-73.95660833,40.776665,24-07-2021 15:47,0.999035243,35.922712639999986
5936,-73.95655333,40.776645,24-07-2021 15:47,0.999035243,35.922712639999986
5937,-73.95651167,40.77662667,24-07-2021 15:47,0.999035243,35.922712639999986
5938,-73.95646833,40.776615,24-07-2021 15:47,0.994707814,35.922712639999986
5939,-73.95643667,40.77660167,24-07-2021 15:47,0.994707814,35.922712639999986
5940,-73.95641167,40.77659,24-07-2021 15:47,0.992544099,35.922712639999986
5941,-73.95623667,40.776575,24-07-2021 15:47,1.001198958,35.56723856000002
5942,-73.95607167,40.77652167,24-07-2021 15:47,1.001319165,35.56723856000002
5943,-73.95596833,40.77644833,24-07-2021 15:47,1.001319165,35.594582720000005
5944,-73.95589833,40.776415,24-07-2021 15:47,0.99915545,35.902204520000055
5945,-73.955815,40.77638333,24-07-2021 15:47,0.99915545,35.902204520000055
5946,-73.95572833,40.77635333,24-07-2021 15:47,0.99915545,35.902204520000055
5947,-73.95564833,40.77633333,24-07-2021 15:47,0.99915545,35.902204520000055
5948,-73.95557167,40.77628333,24-07-2021 15:47,1.001319165,35.902204520000055
5949,-73.95548,40.77624,24-07-2021 15:47,1.001319165,36.65416892000002
5950,-73.9554,40.776175,24-07-2021 15:47,1.001319165,36.91393844000004
5951,-73.95531,40.77612333,24-07-2021 15:47,1.001319165,36.91393844000004
5952,-73.95521833,40.77605167,24-07-2021 15:47,1.001319165,37.7616074
5953,-73.95501667,40.77594167,24-07-2021 15:47,1.001319165,37.28992063999999
5954,-73.95492167,40.775885,24-07-2021 15:47,1.001319165,37.65223076000001
5955,-73.95482167,40.77584333,24-07-2021 15:47,1.001319165,37.65223076000001
5956,-73.954725,40.7758,24-07-2021 15:48,1.00348288,37.65223076000001
5957,-73.95462333,40.77575,24-07-2021 15:48,1.00348288,37.65223076000001
5958,-73.95453167,40.77569333,24-07-2021 15:48,1.00348288,37.85731196000006
5959,-73.95432,40.77564833,24-07-2021 15:48,0.99915545,37.85731196000006
5960,-73.95423,40.77560667,24-07-2021 15:48,0.99915545,37.85731196000006
5961,-73.95414833,40.77556667,24-07-2021 15:48,0.99915545,37.7616074
5962,-73.95408333,40.77553333,24-07-2021 15:48,0.99915545,37.7616074
5963,-73.95400833,40.77549,24-07-2021 15:48,0.99915545,37.7616074
5964,-73.95384833,40.77527667,24-07-2021 15:48,0.992784512,37.58387035999999
5965,-73.9538,40.77526667,24-07-2021 15:48,0.994948226,37.58387035999999
5966,-73.95374667,40.77525167,24-07-2021 15:48,0.994948226,37.58387035999999
5967,-73.953685,40.775215,24-07-2021 15:48,0.994948226,37.58387035999999
5968,-73.95362333,40.77517667,24-07-2021 15:48,0.994948226,37.58387035999999
5969,-73.95348,40.77510833,24-07-2021 15:49,0.994948226,37.35144500000001
5970,-73.95340667,40.77507,24-07-2021 15:49,0.994948226,37.35144500000001
5971,-73.953265,40.775005,24-07-2021 15:49,0.994948226,37.35144500000001
5972,-73.95318167,40.77498333,24-07-2021 15:49,0.994948226,37.35144500000001
5973,-73.95310333,40.77496667,24-07-2021 15:49,0.994948226,37.52576402
5974,-73.95291667,40.77494167,24-07-2021 15:49,0.999275656,37.52576402
5975,-73.95285667,40.77492333,24-07-2021 15:49,0.999275656,37.52576402
5976,-73.95273167,40.77487833,24-07-2021 15:49,0.994948226,37.30359271999998
5977,-73.95267,40.77486167,24-07-2021 15:49,0.992784512,37.87098404000005
5978,-73.95260333,40.77485667,24-07-2021 15:49,0.992784512,37.87098404000005
5979,-73.95255667,40.77484,24-07-2021 15:49,0.994948226,37.87098404000005
5980,-73.95251833,40.77482167,24-07-2021 15:49,0.994948226,37.87098404000005
5981,-73.95248833,40.774805,24-07-2021 15:49,0.992784512,37.87098404000005
5982,-73.95245833,40.77479333,24-07-2021 15:49,0.992784512,37.87098404000005
5983,-73.95244,40.77477333,24-07-2021 15:49,0.992784512,37.87098404000005
5984,-73.95241833,40.77475833,24-07-2021 15:49,0.992784512,37.87098404000005
5985,-73.95239,40.77474667,24-07-2021 15:49,0.992784512,37.344608960000016
5986,-73.95236167,40.77473167,24-07-2021 15:49,0.992784512,37.344608960000016
5987,-73.95233333,40.77472,24-07-2021 15:49,0.994948226,37.344608960000016
5988,-73.95227333,40.77470333,24-07-2021 15:49,0.994948226,37.344608960000016
5989,-73.95224167,40.774695,24-07-2021 15:49,0.994948226,37.344608960000016
5990,-73.95221,40.77468833,24-07-2021 15:49,0.992784512,37.344608960000016
5991,-73.95214,40.77466333,24-07-2021 15:49,0.992784512,37.344608960000016
5992,-73.95205333,40.774655,24-07-2021 15:49,0.994948226,36.640496840000026
5993,-73.951955,40.77463833,24-07-2021 15:49,0.997111941,36.640496840000026
5994,-73.95190167,40.77461333,24-07-2021 15:49,0.999275656,36.640496840000026
5995,-73.95174167,40.774535,24-07-2021 15:49,0.999275656,36.739619420000054
5996,-73.95169667,40.77451333,24-07-2021 15:49,0.997111941,36.37047326000004
5997,-73.95166,40.77449667,24-07-2021 15:49,0.997111941,36.37047326000004
5998,-73.95144,40.77423167,24-07-2021 15:49,1.001559577,36.3943994
5999,-73.95138667,40.77422667,24-07-2021 15:49,1.001559577,36.3943994
6000,-73.95133167,40.77421833,24-07-2021 15:49,1.005887007,36.17564612000001
6001,-73.95127333,40.77420833,24-07-2021 15:49,1.005887007,36.17564612000001
6002,-73.95116167,40.77417667,24-07-2021 15:49,1.005887007,36.17564612000001
6003,-73.951055,40.77412833,24-07-2021 15:49,1.001559577,36.17564612000001
6004,-73.95100333,40.77409833,24-07-2021 15:49,1.001559577,36.17564612000001
6005,-73.95095,40.77407167,24-07-2021 15:49,1.001559577,36.172228099999984
6006,-73.95089,40.77405,24-07-2021 15:49,1.001559577,35.32114111999999
6007,-73.95082167,40.77402667,24-07-2021 15:49,1.001559577,35.32114111999999
6008,-73.950755,40.77400167,24-07-2021 15:49,0.999395863,35.32114111999999
6009,-73.95069167,40.77397167,24-07-2021 15:50,0.999395863,35.32114111999999
6010,-73.95062667,40.77394333,24-07-2021 15:50,0.995068433,35.32114111999999
6011,-73.95055833,40.77391667,24-07-2021 15:50,0.995068433,35.26987082000005
6012,-73.95048333,40.77388333,24-07-2021 15:50,0.992904718,35.26987082000005
6013,-73.95040667,40.77384667,24-07-2021 15:50,0.992904718,35.26987082000005
6014,-73.950315,40.77381833,24-07-2021 15:50,0.992904718,35.26987082000005
6015,-73.95022833,40.773785,24-07-2021 15:50,0.992904718,35.05453555999998
6016,-73.95006333,40.77372167,24-07-2021 15:50,0.992904718,35.05453555999998
6017,-73.94998,40.77368667,24-07-2021 15:50,0.988577288,35.792827880000004
6018,-73.94990167,40.77365667,24-07-2021 15:50,0.988577288,35.792827880000004
6019,-73.94976333,40.77361667,24-07-2021 15:50,0.986413573,35.792827880000004
6020,-73.9497,40.77359833,24-07-2021 15:50,0.986413573,35.792827880000004
6021,-73.94963667,40.77358167,24-07-2021 15:50,0.986413573,35.792827880000004
6022,-73.949585,40.77356,24-07-2021 15:50,0.986413573,35.724467480000044
6023,-73.94947167,40.77350333,24-07-2021 15:50,0.982086144,35.724467480000044
6024,-73.94942333,40.77348,24-07-2021 15:50,0.984249858,35.724467480000044
6025,-73.94934167,40.77344833,24-07-2021 15:50,0.982086144,35.724467480000044
6026,-73.94915667,40.77333167,24-07-2021 15:50,0.984370065,35.86118828000002
6027,-73.94908333,40.77331833,24-07-2021 15:50,0.98220635,35.86118828000002
6028,-73.94900833,40.77330667,24-07-2021 15:50,0.98220635,35.86118828000002
6029,-73.94884667,40.773265,24-07-2021 15:50,0.980042635,35.509132220000026
6030,-73.94876167,40.77323667,24-07-2021 15:50,0.980042635,35.509132220000026
6031,-73.94865833,40.773195,24-07-2021 15:50,0.980042635,35.509132220000026
6032,-73.948565,40.77315167,24-07-2021 15:50,0.97787892,35.81333600000005
6033,-73.94846833,40.77310833,24-07-2021 15:50,0.97787892,35.63559896000004
6034,-73.94837333,40.77307667,24-07-2021 15:50,0.975715205,35.63559896000004
6035,-73.94827167,40.77302833,24-07-2021 15:50,0.975715205,35.63559896000004
6036,-73.94817,40.772985,24-07-2021 15:50,0.97787892,34.52132444000006
6037,-73.94807333,40.77294333,24-07-2021 15:50,0.97787892,34.52132444000006
6038,-73.947965,40.772905,24-07-2021 15:50,0.984370065,34.52132444000006
6039,-73.94785833,40.772865,24-07-2021 15:50,0.984370065,35.32455914000002
6040,-73.94774833,40.772835,24-07-2021 15:50,0.980042635,34.617029
6041,-73.94764333,40.7728,24-07-2021 15:50,0.980042635,34.617029
6042,-73.947535,40.77276167,24-07-2021 15:50,0.980042635,34.617029
6043,-73.94735,40.77270667,24-07-2021 15:50,0.980042635,34.018875500000036
6044,-73.94725833,40.772675,24-07-2021 15:50,0.97787892,34.018875500000036
6045,-73.94717167,40.77262333,24-07-2021 15:50,0.97787892,34.04280163999999
6046,-73.94709167,40.772575,24-07-2021 15:50,0.975715205,33.91633490000004
6047,-73.947025,40.77252833,24-07-2021 15:50,0.975715205,33.91633490000004
6048,-73.94696333,40.77245833,24-07-2021 15:50,0.97355149,33.91633490000004
6049,-73.94685833,40.772385,24-07-2021 15:50,0.975715205,33.91633490000004
6050,-73.94682333,40.77236667,24-07-2021 15:50,0.975715205,33.91633490000004
6051,-73.94670333,40.77236833,24-07-2021 15:50,0.975715205,34.429037900000026
6052,-73.94667667,40.772385,24-07-2021 15:51,0.97355149,34.429037900000026
6053,-73.946655,40.77240667,24-07-2021 15:51,0.97355149,34.429037900000026
6054,-73.94663333,40.77243833,24-07-2021 15:52,0.975715205,34.429037900000026
6055,-73.94661333,40.77247667,24-07-2021 15:52,0.975715205,34.429037900000026
6056,-73.94659,40.77251833,24-07-2021 15:52,0.97355149,34.429037900000026
6057,-73.94657,40.77256167,24-07-2021 15:52,0.97355149,34.429037900000026
6058,-73.94655,40.77260167,24-07-2021 15:52,0.975715205,34.429037900000026
6059,-73.946535,40.77263833,24-07-2021 15:52,0.975715205,34.76742188000003
6060,-73.94653833,40.77267833,24-07-2021 15:52,0.975715205,34.76742188000003
6061,-73.94653667,40.77271667,24-07-2021 15:52,0.975715205,34.76742188000003
6062,-73.94652667,40.77275167,24-07-2021 15:52,0.971387776,34.76742188000003
6063,-73.94651833,40.77279333,24-07-2021 15:52,0.971387776,34.76742188000003
6064,-73.94650333,40.77282667,24-07-2021 15:52,0.967060346,34.76742188000003
6065,-73.946465,40.77287667,24-07-2021 15:52,0.967060346,34.76742188000003
6066,-73.94639333,40.7729,24-07-2021 15:52,0.967060346,34.7195696
6067,-73.94628167,40.77306333,24-07-2021 15:52,0.964896631,34.7195696
6068,-73.94624667,40.77311,24-07-2021 15:52,0.964896631,34.7195696
6069,-73.94612167,40.77327167,24-07-2021 15:52,0.97355149,34.661463260000005
6070,-73.94607833,40.773335,24-07-2021 15:52,0.97355149,34.661463260000005
6071,-73.94604667,40.77338333,24-07-2021 15:52,0.975715205,34.661463260000005
6072,-73.94601667,40.77344,24-07-2021 15:52,0.975715205,35.755229660000055
6073,-73.945985,40.773495,24-07-2021 15:52,0.971387776,35.755229660000055
6074,-73.94594,40.773565,24-07-2021 15:52,0.971387776,35.755229660000055
6075,-73.94588833,40.77362333,24-07-2021 15:52,0.975715205,35.755229660000055
6076,-73.94583167,40.77368333,24-07-2021 15:52,0.975715205,35.755229660000055
6077,-73.94577167,40.77374,24-07-2021 15:52,0.97355149,36.09361364000006
6078,-73.94571833,40.77379667,24-07-2021 15:52,0.97355149,36.09361364000006
6079,-73.94566833,40.77386,24-07-2021 15:52,0.975715205,35.762065699999994
6080,-73.94562167,40.77392333,24-07-2021 15:52,0.975715205,35.762065699999994
6081,-73.94557667,40.77398167,24-07-2021 15:52,0.97787892,35.33823122000001
6082,-73.94553167,40.77404167,24-07-2021 15:52,0.97787892,35.33823122000001
6083,-73.94547667,40.77410667,24-07-2021 15:52,0.975715205,35.33823122000001
6084,-73.94542667,40.77417,24-07-2021 15:52,0.975715205,35.33823122000001
6085,-73.94537,40.774235,24-07-2021 15:52,0.97355149,35.33823122000001
6086,-73.94530667,40.77430333,24-07-2021 15:52,0.97355149,34.49398028000002
6087,-73.94519667,40.77444333,24-07-2021 15:52,0.975715205,34.49398028000002
6088,-73.94514333,40.77451167,24-07-2021 15:52,0.975715205,34.49398028000002
6089,-73.94509,40.774585,24-07-2021 15:52,0.97355149,34.27864502
6090,-73.94503333,40.77465833,24-07-2021 15:52,0.973671697,34.27864502
6091,-73.94498,40.77473333,24-07-2021 15:52,0.971507982,34.27864502
6092,-73.944925,40.77480667,24-07-2021 15:52,0.971507982,33.95393311999999
6093,-73.94486833,40.77487833,24-07-2021 15:52,0.971507982,33.95393311999999
6094,-73.94474167,40.77500833,24-07-2021 15:52,0.969344267,33.95393311999999
6095,-73.94467833,40.77507,24-07-2021 15:52,0.969344267,34.19319452000002
6096,-73.94461833,40.77512833,24-07-2021 15:52,0.973671697,34.19319452000002
6097,-73.94456333,40.77518333,24-07-2021 15:52,0.973671697,33.11310020000002
6098,-73.94451667,40.77523667,24-07-2021 15:52,0.975835412,33.11310020000002
6099,-73.94447333,40.77528833,24-07-2021 15:52,0.975835412,33.11310020000002
6100,-73.94443,40.77533333,24-07-2021 15:52,0.973671697,33.755687960000046
6101,-73.94439667,40.77537333,24-07-2021 15:52,0.973671697,33.755687960000046
6102,-73.94435333,40.77543167,24-07-2021 15:52,0.975835412,33.755687960000046
6103,-73.94427333,40.77552833,24-07-2021 15:52,0.988817701,33.755687960000046
6104,-73.944205,40.775625,24-07-2021 15:52,0.988817701,33.21222278000005
6105,-73.94418667,40.77567,24-07-2021 15:52,0.988817701,33.21222278000005
6106,-73.94415667,40.77572333,24-07-2021 15:52,0.986653986,33.21222278000005
6107,-73.94411333,40.77578,24-07-2021 15:52,0.986653986,33.21222278000005
6108,-73.94406667,40.77584333,24-07-2021 15:52,0.980162841,33.21222278000005
6109,-73.94401833,40.77590667,24-07-2021 15:53,0.980162841,33.22247684000001
6110,-73.943915,40.77603833,24-07-2021 15:53,0.980162841,33.22247684000001
6111,-73.94386833,40.776105,24-07-2021 15:53,0.977999127,32.78155226000001
6112,-73.94382,40.776175,24-07-2021 15:53,0.977999127,33.560860820000016
6113,-73.94377167,40.77624833,24-07-2021 15:53,0.973671697,33.560860820000016
6114,-73.94372167,40.77632333,24-07-2021 15:53,0.973671697,33.560860820000016
6115,-73.94367,40.77639667,24-07-2021 15:54,0.975835412,33.560860820000016
6116,-73.94361667,40.77647167,24-07-2021 15:54,0.975835412,34.25471888000004
6117,-73.94347333,40.77665833,24-07-2021 15:54,0.973671697,33.58820498
6118,-73.94342667,40.776715,24-07-2021 15:54,0.973791903,34.497398299999986
6119,-73.94342167,40.77680167,24-07-2021 15:54,0.975955618,34.497398299999986
6120,-73.94344333,40.77684333,24-07-2021 15:54,0.975955618,34.497398299999986
6121,-73.94348167,40.77688167,24-07-2021 15:54,0.975955618,34.497398299999986
6122,-73.94354167,40.77691333,24-07-2021 15:54,0.975955618,34.95883100000003
6123,-73.94359833,40.77693833,24-07-2021 15:54,0.975955618,34.95883100000003
6124,-73.943665,40.77696,24-07-2021 15:54,0.973791903,36.264514640000016
6125,-73.94373333,40.776985,24-07-2021 15:54,0.973791903,36.264514640000016
6126,-73.94379833,40.77701167,24-07-2021 15:54,0.969464473,36.264514640000016
6127,-73.943855,40.77704167,24-07-2021 15:54,0.969464473,36.264514640000016
6128,-73.94390833,40.77707333,24-07-2021 15:54,0.971628188,36.30553087999999
6129,-73.94395333,40.77710667,24-07-2021 15:54,0.971628188,36.30553087999999
6130,-73.94400833,40.77712,24-07-2021 15:54,0.973791903,36.30553087999999
6131,-73.94405,40.77714167,24-07-2021 15:54,0.973791903,36.30553087999999
6132,-73.94409333,40.77715667,24-07-2021 15:54,0.973791903,36.30553087999999
6133,-73.94412833,40.77716833,24-07-2021 15:54,0.973791903,36.30553087999999
6134,-73.944155,40.777175,24-07-2021 15:54,0.969464473,36.30553087999999
6135,-73.94428667,40.77723833,24-07-2021 15:54,0.967300759,37.46765768
6136,-73.94432333,40.77725333,24-07-2021 15:54,0.967300759,37.46765768
6137,-73.944365,40.77727833,24-07-2021 15:54,0.967300759,37.46765768
6138,-73.94447,40.777325,24-07-2021 15:54,0.969464473,37.46765768
6139,-73.944525,40.777355,24-07-2021 15:54,0.969464473,37.46765768
6140,-73.94464667,40.777405,24-07-2021 15:54,0.971628188,37.22839628000003
6141,-73.94471333,40.77742667,24-07-2021 15:54,0.971628188,37.22839628000003
6142,-73.944775,40.77744667,24-07-2021 15:54,0.973791903,37.22839628000003
6143,-73.94483667,40.77747333,24-07-2021 15:54,0.973791903,37.22839628000003
6144,-73.944895,40.7775,24-07-2021 15:54,0.973791903,38.458883480000054
6145,-73.94494333,40.77752667,24-07-2021 15:54,0.973791903,38.458883480000054
6146,-73.94499833,40.77755333,24-07-2021 15:54,0.975955618,38.458883480000054
6147,-73.94504667,40.77758333,24-07-2021 15:54,0.975955618,38.458883480000054
6148,-73.94509167,40.77760833,24-07-2021 15:54,0.978119333,38.458883480000054
6149,-73.94512,40.77763833,24-07-2021 15:54,0.978119333,38.458883480000054
6150,-73.94515167,40.777655,24-07-2021 15:54,0.973791903,38.458883480000054
6151,-73.94518,40.77766833,24-07-2021 15:54,0.973791903,38.458883480000054
6152,-73.94550833,40.77785167,24-07-2021 15:54,0.989058114,38.11024544000003
6153,-73.94553833,40.77785833,24-07-2021 15:54,0.989058114,38.11024544000003
6154,-73.94557667,40.77786167,24-07-2021 15:54,0.989058114,38.11024544000003
6155,-73.94562833,40.77786333,24-07-2021 15:55,0.989058114,37.54627214000004
6156,-73.94568667,40.77786167,24-07-2021 15:55,0.989058114,37.54627214000004
6157,-73.94574,40.77789,24-07-2021 15:55,0.989058114,37.54627214000004
6158,-73.94588167,40.77792667,24-07-2021 15:55,0.986894399,37.54627214000004
6159,-73.94595667,40.77796,24-07-2021 15:55,0.986894399,36.29869484000005
6160,-73.94603167,40.77799667,24-07-2021 15:55,0.984730684,36.29869484000005
6161,-73.94612,40.77803333,24-07-2021 15:55,0.984730684,36.380727320000005
6162,-73.94621167,40.77806833,24-07-2021 15:55,0.980403254,36.380727320000005
6163,-73.94630333,40.778105,24-07-2021 15:55,0.980403254,36.380727320000005
6164,-73.94639,40.778155,24-07-2021 15:55,0.980403254,35.86802432000002
6165,-73.94647667,40.7782,24-07-2021 15:55,0.980403254,35.86802432000002
6166,-73.94665333,40.7783,24-07-2021 15:55,0.982566969,36.24400652000003
6167,-73.94674333,40.77835,24-07-2021 15:55,0.982566969,36.06285146000005
6168,-73.94683833,40.77838833,24-07-2021 15:55,0.980403254,36.06285146000005
6169,-73.94693167,40.77842667,24-07-2021 15:55,0.980403254,36.06285146000005
6170,-73.94703333,40.77846,24-07-2021 15:55,0.980403254,36.11070374000002
6171,-73.94711833,40.77850833,24-07-2021 15:55,0.980403254,36.11070374000002
6172,-73.94720167,40.77854667,24-07-2021 15:55,0.980403254,36.11070374000002
6173,-73.94734833,40.77861167,24-07-2021 15:55,0.978239539,36.35680118000005
6174,-73.94742333,40.77863667,24-07-2021 15:55,0.978239539,36.32603900000004
6175,-73.947495,40.778655,24-07-2021 15:55,0.976075824,36.32603900000004
6176,-73.94757,40.77866833,24-07-2021 15:55,0.976075824,36.32603900000004
6177,-73.94765,40.77868667,24-07-2021 15:55,0.976075824,36.32603900000004
6178,-73.94773,40.778705,24-07-2021 15:55,0.976075824,36.32603900000004
6179,-73.94780333,40.77872,24-07-2021 15:55,0.97391211,36.281604740000034
6180,-73.94785833,40.77873833,24-07-2021 15:55,0.97391211,36.281604740000034
6181,-73.94788833,40.77877167,24-07-2021 15:56,0.97391211,36.281604740000034
6182,-73.94786333,40.77884,24-07-2021 15:56,0.97391211,36.21324434000002
6183,-73.94781667,40.77893833,24-07-2021 15:56,0.97391211,36.21324434000002
6184,-73.947805,40.77898167,24-07-2021 15:56,0.976075824,36.21324434000002
6185,-73.947785,40.77902833,24-07-2021 15:56,0.976075824,36.21324434000002
6186,-73.94776667,40.77907333,24-07-2021 15:56,0.976075824,36.21324434000002
6187,-73.94775667,40.77911667,24-07-2021 15:56,0.976075824,36.21666235999999
6188,-73.94775,40.779145,24-07-2021 15:56,0.971748395,36.21666235999999
6189,-73.94774667,40.77920167,24-07-2021 15:56,0.971748395,36.50377604000005
6190,-73.94772667,40.77923333,24-07-2021 15:56,0.97391211,36.50377604000005
6191,-73.94767667,40.77926333,24-07-2021 15:56,0.97391211,36.50377604000005
6192,-73.94758833,40.77929833,24-07-2021 15:56,0.96958468,36.50377604000005
6193,-73.94751167,40.77934333,24-07-2021 15:56,0.96958468,36.50377604000005
6194,-73.94746667,40.77941167,24-07-2021 15:56,0.97391211,36.575554460000035
6195,-73.94742,40.77947833,24-07-2021 15:56,0.97391211,36.575554460000035
6196,-73.94734833,40.77961167,24-07-2021 15:56,0.96958468,36.69860318000002
6197,-73.94731,40.77967167,24-07-2021 15:56,0.96958468,36.56188238000004
6198,-73.94727,40.77973,24-07-2021 15:56,0.96958468,36.56188238000004
6199,-73.94723,40.779785,24-07-2021 15:56,0.96958468,36.56188238000004
6200,-73.94715,40.77989167,24-07-2021 15:56,0.971748395,36.56188238000004
6201,-73.94715667,40.77994167,24-07-2021 15:56,0.971748395,36.12437582000001
6202,-73.94713167,40.779995,24-07-2021 15:56,0.96958468,36.12437582000001
6203,-73.947085,40.78004,24-07-2021 15:56,0.96958468,36.12437582000001
6204,-73.94700833,40.78014333,24-07-2021 15:56,0.971748395,36.36021920000002
6205,-73.94697,40.78019833,24-07-2021 15:56,0.97391211,35.95005680000003
6206,-73.94694833,40.78026167,24-07-2021 15:56,0.974032316,35.95005680000003
6207,-73.94691,40.78031833,24-07-2021 15:56,0.974032316,35.95005680000003
6208,-73.94687,40.780375,24-07-2021 15:56,0.974032316,35.95005680000003
6209,-73.94682667,40.78043167,24-07-2021 15:56,0.974032316,35.95005680000003
6210,-73.94677667,40.78048333,24-07-2021 15:56,0.974032316,35.5569845
6211,-73.94661333,40.78059667,24-07-2021 15:56,0.978359746,36.12095780000004
6212,-73.94645667,40.780765,24-07-2021 15:56,0.976196031,35.63218094000001
6213,-73.946415,40.78081833,24-07-2021 15:56,0.976196031,35.63218094000001
6214,-73.946375,40.78087167,24-07-2021 15:56,0.976196031,35.63218094000001
6215,-73.946335,40.78093167,24-07-2021 15:56,0.976196031,35.63218094000001
6216,-73.946295,40.78098833,24-07-2021 15:56,0.976196031,34.56917672000003
6217,-73.94627,40.78104167,24-07-2021 15:56,0.974032316,34.56917672000003
6218,-73.94623333,40.78109833,24-07-2021 15:56,0.974032316,34.56917672000003
6219,-73.94621167,40.78114667,24-07-2021 15:56,0.974032316,34.56917672000003
6220,-73.94618833,40.78118333,24-07-2021 15:56,0.974032316,34.56917672000003
6221,-73.94614333,40.78124833,24-07-2021 15:56,0.978359746,34.56917672000003
6222,-73.94608833,40.78129833,24-07-2021 15:56,0.978359746,34.47347216000003
6223,-73.946035,40.78134667,24-07-2021 15:56,0.971868601,34.47347216000003
6224,-73.946,40.781405,24-07-2021 15:56,0.971868601,34.47347216000003
6225,-73.94595833,40.78146667,24-07-2021 15:56,0.974032316,34.47347216000003
6226,-73.945925,40.78153,24-07-2021 15:56,0.974032316,34.44270998000002
6227,-73.94588167,40.781595,24-07-2021 15:56,0.976196031,34.44270998000002
6228,-73.94574833,40.78179167,24-07-2021 15:56,0.974032316,34.73665970000002
6229,-73.94563833,40.78193333,24-07-2021 15:56,0.976196031,34.73665970000002
6230,-73.94558167,40.78200833,24-07-2021 15:56,0.974032316,34.63411910000002
6231,-73.94552833,40.78208833,24-07-2021 15:56,0.974032316,35.119477940000024
6232,-73.94541833,40.78226,24-07-2021 15:56,0.974032316,35.119477940000024
6233,-73.94535833,40.78235,24-07-2021 15:56,0.974032316,35.89195046000003
6234,-73.94529167,40.78244167,24-07-2021 15:56,0.976196031,35.89195046000003
6235,-73.94522,40.78253167,24-07-2021 15:57,0.976196031,36.14488394
6236,-73.94514667,40.78262333,24-07-2021 15:57,0.978359746,37.04382320000002
6237,-73.945075,40.782715,24-07-2021 15:57,0.978359746,37.04382320000002
6238,-73.94500667,40.78280667,24-07-2021 15:57,0.978359746,37.04382320000002
6239,-73.94481833,40.78307,24-07-2021 15:57,0.978359746,37.09509350000002
6240,-73.94475167,40.78315333,24-07-2021 15:57,0.987014605,37.737681260000045
6241,-73.94468667,40.78323833,24-07-2021 15:57,0.987014605,37.737681260000045
6242,-73.94462333,40.78332833,24-07-2021 15:57,0.987014605,37.737681260000045
6243,-73.94455333,40.78342,24-07-2021 15:57,0.987014605,38.27772842000002
6244,-73.94448167,40.78351167,24-07-2021 15:57,0.987014605,38.27772842000002
6245,-73.94441333,40.78360333,24-07-2021 15:57,0.987014605,37.37195312000006
6246,-73.94434833,40.78369167,24-07-2021 15:57,0.98485089,38.099991380000006
6247,-73.94428333,40.78377667,24-07-2021 15:57,0.98485089,38.099991380000006
6248,-73.94421833,40.783865,24-07-2021 15:57,0.987014605,38.099991380000006
6249,-73.94414667,40.78395333,24-07-2021 15:57,0.987014605,39.193757780000055
6250,-73.94407333,40.784045,24-07-2021 15:57,0.98917832,39.193757780000055
6251,-73.94399833,40.78413833,24-07-2021 15:57,0.98917832,38.10340940000003
6252,-73.943925,40.78423167,24-07-2021 15:57,0.99350575,38.61611240000002
6253,-73.94385,40.784325,24-07-2021 15:57,0.99350575,38.61611240000002
6254,-73.94377,40.784415,24-07-2021 15:57,0.991342035,38.61611240000002
6255,-73.94361667,40.78460667,24-07-2021 15:57,0.991342035,38.40419516000003
6256,-73.94347,40.78480333,24-07-2021 15:57,0.98917832,38.838283700000034
6257,-73.94339833,40.78489667,24-07-2021 15:57,0.98485089,38.838283700000034
6258,-73.94332833,40.78498833,24-07-2021 15:57,0.98485089,38.41786724000002
6259,-73.94326167,40.78508,24-07-2021 15:57,0.987014605,38.92373420000001
6260,-73.94319833,40.78516667,24-07-2021 15:57,0.987014605,38.92373420000001
6261,-73.943135,40.785255,24-07-2021 15:57,0.987014605,38.92373420000001
6262,-73.94301667,40.78543,24-07-2021 15:57,0.987014605,39.23477402000003
6263,-73.94296,40.78551833,24-07-2021 15:57,0.987014605,38.78701339999998
6264,-73.94290167,40.78560333,24-07-2021 15:57,0.98485089,39.09463520000003
6265,-73.94283833,40.785685,24-07-2021 15:57,0.98485089,39.09463520000003
6266,-73.94271667,40.78584,24-07-2021 15:57,0.98485089,39.14248748
6267,-73.94260333,40.78599167,24-07-2021 15:57,0.980523461,38.899808060000055
6268,-73.94255333,40.786065,24-07-2021 15:57,0.982687175,38.899808060000055
6269,-73.94250167,40.78612667,24-07-2021 15:57,0.982687175,38.96475043999999
6270,-73.94246333,40.78617833,24-07-2021 15:57,0.98485089,38.96475043999999
6271,-73.94243167,40.78621667,24-07-2021 15:57,0.984971097,38.96475043999999
6272,-73.94242167,40.78625,24-07-2021 15:57,0.984971097,38.96475043999999
6273,-73.94242167,40.786285,24-07-2021 15:57,0.984971097,38.96475043999999
6274,-73.94240167,40.78630667,24-07-2021 15:57,0.980643667,38.96475043999999
6275,-73.94239333,40.786335,24-07-2021 15:57,0.980643667,38.96475043999999
6276,-73.94239167,40.78640667,24-07-2021 15:57,0.980643667,38.769923300000016
6277,-73.94240833,40.78643833,24-07-2021 15:57,0.987134812,38.769923300000016
6278,-73.94257667,40.786515,24-07-2021 15:57,0.984971097,38.769923300000016
6279,-73.94264667,40.78654,24-07-2021 15:57,0.984971097,39.14248748
6280,-73.94271333,40.78656667,24-07-2021 15:57,0.984971097,39.14248748
6281,-73.94278167,40.78659667,24-07-2021 15:57,0.984971097,39.14248748
6282,-73.94285167,40.78662833,24-07-2021 15:57,0.987134812,39.14248748
6283,-73.942925,40.786665,24-07-2021 15:57,0.987134812,38.79726746000006
6284,-73.943005,40.786695,24-07-2021 15:57,0.987134812,39.26553620000004
6285,-73.94307833,40.78673833,24-07-2021 15:57,0.987134812,39.26553620000004
6286,-73.94315333,40.78677667,24-07-2021 15:57,0.984971097,39.26553620000004
6287,-73.94323167,40.78680833,24-07-2021 15:57,0.984971097,39.26553620000004
6288,-73.943315,40.78683667,24-07-2021 15:57,0.982807382,39.26553620000004
6289,-73.943395,40.78686333,24-07-2021 15:57,0.982807382,38.8041035
6290,-73.94347333,40.78689,24-07-2021 15:57,0.984971097,38.8041035
6291,-73.94354333,40.78692167,24-07-2021 15:58,0.984971097,38.209368020000056
6292,-73.94361833,40.78695333,24-07-2021 15:58,0.984971097,38.209368020000056
6293,-73.94369667,40.786995,24-07-2021 15:58,0.984971097,38.209368020000056
6294,-73.94378,40.78703,24-07-2021 15:58,0.987134812,37.676156900000024
6295,-73.94386667,40.78706167,24-07-2021 15:58,0.987134812,37.676156900000024
6296,-73.94395667,40.78709333,24-07-2021 15:58,0.987134812,37.676156900000024
6297,-73.94404333,40.78713167,24-07-2021 15:58,0.987134812,37.676156900000024
6298,-73.944125,40.787165,24-07-2021 15:58,0.984971097,36.411489500000016
6299,-73.94420333,40.7872,24-07-2021 15:58,0.984971097,36.21666235999999
6300,-73.94428,40.78723167,24-07-2021 15:58,0.987134812,36.21666235999999
6301,-73.94434333,40.78725833,24-07-2021 15:58,0.987134812,36.21666235999999
6302,-73.94440333,40.78728333,24-07-2021 15:58,0.984971097,36.21666235999999
6303,-73.94451,40.78733167,24-07-2021 15:58,0.984971097,35.76890174000005
6304,-73.94455,40.78735,24-07-2021 15:58,0.987134812,35.76890174000005
6305,-73.94458833,40.78736833,24-07-2021 15:58,0.987134812,35.76890174000005
6306,-73.94463167,40.78738167,24-07-2021 15:58,0.989298526,35.76890174000005
6307,-73.94468333,40.787385,24-07-2021 15:58,0.989298526,35.76890174000005
6308,-73.944735,40.787375,24-07-2021 15:58,0.987134812,35.76890174000005
6309,-73.94477833,40.78735667,24-07-2021 15:58,0.987134812,35.76890174000005
6310,-73.94483667,40.78731,24-07-2021 15:58,0.989298526,35.30746904
6311,-73.944855,40.78729333,24-07-2021 15:58,0.989298526,35.30746904
6312,-73.94491167,40.78726333,24-07-2021 15:58,0.984971097,35.30746904
6313,-73.94494167,40.78725167,24-07-2021 15:58,0.984971097,35.30746904
6314,-73.945085,40.787035,24-07-2021 15:58,0.993746163,35.498878160000004
6315,-73.94510167,40.78701333,24-07-2021 15:58,0.989418733,35.498878160000004
6316,-73.94522333,40.78692,24-07-2021 15:58,0.995909877,34.60677494000004
6317,-73.94527,40.78689167,24-07-2021 15:58,0.995909877,34.921232780000025
6318,-73.94529333,40.78686333,24-07-2021 15:58,0.998073592,34.921232780000025
6319,-73.94539,40.78679833,24-07-2021 15:59,0.998073592,34.921232780000025
6320,-73.94543667,40.78676,24-07-2021 15:59,1.000237307,34.921232780000025
6321,-73.94546667,40.78671833,24-07-2021 15:59,1.000237307,34.921232780000025
6322,-73.94548667,40.78667333,24-07-2021 15:59,0.995909877,34.921232780000025
6323,-73.945505,40.78662833,24-07-2021 15:59,0.995909877,34.893888619999984
6324,-73.94551667,40.78658667,24-07-2021 15:59,0.995909877,34.893888619999984
6325,-73.94556167,40.78651167,24-07-2021 15:59,0.993746163,34.893888619999984
6326,-73.94558667,40.78647167,24-07-2021 15:59,0.993746163,34.893888619999984
6327,-73.9456,40.786425,24-07-2021 15:59,0.991582448,34.893888619999984
6328,-73.945605,40.78637833,24-07-2021 15:59,0.991582448,34.893888619999984
6329,-73.94562167,40.78633167,24-07-2021 15:59,0.993746163,35.42026370000002
6330,-73.94565,40.78628833,24-07-2021 15:59,0.993746163,35.42026370000002
6331,-73.94568167,40.78624667,24-07-2021 15:59,0.995909877,35.42026370000002
6332,-73.945715,40.78620167,24-07-2021 15:59,0.995909877,35.42026370000002
6333,-73.94576333,40.78612167,24-07-2021 15:59,0.995909877,35.42026370000002
6334,-73.945785,40.78608667,24-07-2021 15:59,0.995909877,35.970564920000015
6335,-73.94580667,40.786055,24-07-2021 15:59,0.995909877,35.970564920000015
6336,-73.94583,40.78602167,24-07-2021 15:59,1.002401022,35.970564920000015
6337,-73.94584667,40.785985,24-07-2021 15:59,1.002401022,35.970564920000015
6338,-73.94586833,40.78595,24-07-2021 15:59,1.000237307,35.49546013999998
6339,-73.945885,40.78591333,24-07-2021 15:59,1.000237307,35.49546013999998
6340,-73.94593167,40.78584167,24-07-2021 15:59,1.000237307,35.49546013999998
6341,-73.94595333,40.78580667,24-07-2021 15:59,1.000237307,36.558464360000016
6342,-73.94597333,40.78577,24-07-2021 15:59,0.993746163,36.558464360000016
6343,-73.945995,40.78573,24-07-2021 15:59,0.993746163,36.558464360000016
6344,-73.94602167,40.78568667,24-07-2021 15:59,0.995909877,36.558464360000016
6345,-73.94604833,40.78564167,24-07-2021 15:59,0.995909877,36.558464360000016
6346,-73.946075,40.785595,24-07-2021 15:59,0.995909877,36.558464360000016
6347,-73.94614667,40.7855,24-07-2021 15:59,0.991582448,36.80456179999999
6348,-73.946185,40.78545333,24-07-2021 15:59,0.991582448,36.80456179999999
6349,-73.94622167,40.785405,24-07-2021 15:59,0.989418733,36.80456179999999
6350,-73.94626167,40.78536,24-07-2021 15:59,0.989418733,36.35338316000002
6351,-73.94629833,40.78532333,24-07-2021 15:59,0.993746163,36.35338316000002
6352,-73.94633833,40.78529,24-07-2021 15:59,0.993746163,36.35338316000002
6353,-73.94637,40.785255,24-07-2021 15:59,0.991582448,36.66442298000004
6354,-73.9464,40.78522167,24-07-2021 15:59,0.991582448,36.66442298000004
6355,-73.94643,40.785185,24-07-2021 15:59,0.989418733,36.66442298000004
6356,-73.94668,40.78500833,24-07-2021 15:59,1.006848658,36.84216002000005
6357,-73.94683167,40.784995,24-07-2021 15:59,1.002521229,36.84216002000005
6358,-73.94689167,40.78503,24-07-2021 15:03,1.002521229,36.84216002000005
6359,-73.94696167,40.78506333,24-07-2021 15:04,1.002521229,36.613152679999985
6360,-73.94703667,40.78511,24-07-2021 15:04,0.998193799,36.613152679999985
6361,-73.947215,40.78519833,24-07-2021 15:04,0.998193799,36.20982632000005
6362,-73.94730667,40.78524333,24-07-2021 15:04,1.000357514,36.10728572000005
6363,-73.94747333,40.785325,24-07-2021 15:04,0.991702654,36.10728572000005
6364,-73.94755333,40.78536167,24-07-2021 15:04,0.991702654,36.10728572000005
6365,-73.94771,40.785435,24-07-2021 15:04,0.989538939,35.885114420000036
6366,-73.947795,40.78546667,24-07-2021 15:04,0.993866369,35.885114420000036
6367,-73.94795667,40.78553,24-07-2021 15:04,0.993866369,35.885114420000036
6368,-73.94803,40.785555,24-07-2021 15:04,0.993866369,35.594582720000005
6369,-73.94815333,40.785595,24-07-2021 15:04,0.993866369,35.594582720000005
6370,-73.94820333,40.78560333,24-07-2021 15:04,0.996030084,35.594582720000005
6371,-73.94824167,40.78560667,24-07-2021 15:04,0.996030084,35.594582720000005
6372,-73.94836667,40.78567333,24-07-2021 15:04,1.002641435,35.645853020000004
6373,-73.94840667,40.78568167,24-07-2021 15:04,1.002641435,35.79624590000003
6374,-73.94844,40.78569167,24-07-2021 15:04,1.00047772,35.79624590000003
6375,-73.94847,40.78569833,24-07-2021 15:04,1.00047772,35.79624590000003
6376,-73.948335,40.78581167,24-07-2021 15:04,1.011296294,35.645853020000004
6377,-73.94838,40.785835,24-07-2021 15:04,1.011296294,35.79624590000003
6378,-73.948435,40.78586333,24-07-2021 15:04,1.00913258,35.79624590000003
6379,-73.94849667,40.78593833,24-07-2021 15:04,1.00913258,36.26793266000004
6380,-73.94849833,40.78597667,24-07-2021 15:04,1.002641435,36.26793266000004
6381,-73.94848667,40.78601833,24-07-2021 15:04,1.002641435,36.26793266000004
6382,-73.948465,40.78606333,24-07-2021 15:04,1.002641435,36.26793266000004
6383,-73.94844,40.78610833,24-07-2021 15:04,1.002641435,36.26793266000004
6384,-73.94840333,40.78619333,24-07-2021 15:04,1.00047772,36.466177819999984
6385,-73.94836833,40.78626167,24-07-2021 15:04,1.00047772,36.12437582000001
6386,-73.94835333,40.78628333,24-07-2021 15:04,0.989659146,36.12437582000001
6387,-73.94834167,40.78629,24-07-2021 15:04,0.989659146,36.12437582000001
6388,-73.94835167,40.78641,24-07-2021 15:04,0.989659146,36.12437582000001
6389,-73.94831667,40.78646333,24-07-2021 15:04,0.987615637,36.50377604000005
6390,-73.94811667,40.78674,24-07-2021 15:04,0.987615637,36.10728572000005
6391,-73.94801167,40.78688,24-07-2021 15:04,0.983288207,36.10728572000005
6392,-73.94796,40.78695333,24-07-2021 15:04,0.983288207,36.10728572000005
6393,-73.94791,40.78702833,24-07-2021 15:04,0.987615637,35.02719139999999
6394,-73.94785167,40.78710167,24-07-2021 15:04,0.987615637,35.02719139999999
6395,-73.94779167,40.78718333,24-07-2021 15:04,0.987615637,35.02719139999999
6396,-73.94773333,40.78727167,24-07-2021 15:04,0.987615637,35.31088706000003
6397,-73.94767167,40.78736667,24-07-2021 15:04,0.983288207,35.31088706000003
6398,-73.94761167,40.78746,24-07-2021 15:04,0.983288207,35.31088706000003
6399,-73.94755167,40.78755333,24-07-2021 15:04,0.981124492,35.334813199999985
6400,-73.947485,40.78764667,24-07-2021 15:04,0.981124492,35.334813199999985
6401,-73.94742,40.78773667,24-07-2021 15:04,0.981124492,35.334813199999985
6402,-73.94735167,40.787825,24-07-2021 15:04,0.981124492,35.724467480000044
6403,-73.94728167,40.78791,24-07-2021 15:04,0.978960778,35.724467480000044
6404,-73.94721667,40.78799333,24-07-2021 15:04,0.978960778,35.724467480000044
6405,-73.94715333,40.78807667,24-07-2021 15:05,0.978960778,35.560402520000025
6406,-73.94702333,40.78824833,24-07-2021 15:05,0.978960778,35.560402520000025
6407,-73.94695833,40.78833,24-07-2021 15:05,0.976797063,35.560402520000025
6408,-73.946895,40.78841,24-07-2021 15:05,0.976797063,36.08335957999998
6409,-73.94683667,40.78849333,24-07-2021 15:05,0.976797063,35.187838339999985
6410,-73.94677833,40.78857667,24-07-2021 15:06,0.976797063,35.187838339999985
6411,-73.94671833,40.78865167,24-07-2021 15:06,0.978960778,35.65268906000006
6412,-73.94661833,40.78878833,24-07-2021 15:06,0.978960778,35.65268906000006
6413,-73.94658,40.78884,24-07-2021 15:06,0.978960778,35.65268906000006
6414,-73.94655167,40.78887667,24-07-2021 15:06,0.978960778,35.65268906000006
6415,-73.94653667,40.78891167,24-07-2021 15:06,0.978960778,35.625344900000016
6416,-73.946595,40.789015,24-07-2021 15:06,0.985451922,35.625344900000016
6417,-73.946635,40.78903333,24-07-2021 15:06,0.987615637,35.625344900000016
6418,-73.94668167,40.78905333,24-07-2021 15:06,0.987615637,35.625344900000016
6419,-73.94673,40.78907667,24-07-2021 15:06,0.985451922,35.625344900000016
6420,-73.946785,40.7891,24-07-2021 15:06,0.985451922,35.625344900000016
6421,-73.94684167,40.78912667,24-07-2021 15:06,0.989779352,35.625344900000016
6422,-73.9469,40.78915167,24-07-2021 15:06,0.989779352,35.79624590000003
6423,-73.94696167,40.78918333,24-07-2021 15:06,0.994106782,35.79624590000003
6424,-73.94718,40.78928667,24-07-2021 15:06,0.991943067,35.79624590000003
6425,-73.94725333,40.78932333,24-07-2021 15:06,0.991943067,35.71079540000005
6426,-73.94732,40.78935833,24-07-2021 15:06,0.991943067,35.71079540000005
6427,-73.94738333,40.78938667,24-07-2021 15:06,0.991943067,35.71079540000005
6428,-73.947445,40.78941333,24-07-2021 15:07,0.994106782,35.71079540000005
6429,-73.94750333,40.78944333,24-07-2021 15:07,0.994106782,35.31772310000002
6430,-73.94756,40.78947167,24-07-2021 15:07,0.989779352,35.31772310000002
6431,-73.94761833,40.78949833,24-07-2021 15:07,0.989779352,35.17758428000002
6432,-73.94767833,40.78952167,24-07-2021 15:07,0.989779352,35.17758428000002
6433,-73.947735,40.78954333,24-07-2021 15:07,0.989779352,35.17758428000002
6434,-73.947785,40.78956333,24-07-2021 15:07,0.989779352,35.17758428000002
6435,-73.94782833,40.78957833,24-07-2021 15:07,0.989779352,35.17758428000002
6436,-73.94786333,40.789595,24-07-2021 15:07,0.994106782,35.17758428000002
6437,-73.94788833,40.78961167,24-07-2021 15:07,0.994106782,35.17758428000002
6438,-73.94791,40.78962333,24-07-2021 15:07,0.991943067,35.17758428000002
6439,-73.94808833,40.789675,24-07-2021 15:07,0.996270497,36.66784100000001
6440,-73.94821167,40.78971167,24-07-2021 15:07,0.996270497,36.527702180000006
6441,-73.94827167,40.78973667,24-07-2021 15:07,0.996270497,36.527702180000006
6442,-73.94832833,40.78976667,24-07-2021 15:07,0.991943067,36.50035802000002
6443,-73.94844667,40.78983333,24-07-2021 15:07,0.994226988,36.50035802000002
6444,-73.94850667,40.78985667,24-07-2021 15:07,0.994226988,36.50035802000002
6445,-73.948565,40.78987833,24-07-2021 15:07,0.994226988,36.50035802000002
6446,-73.94862667,40.7899,24-07-2021 15:07,0.994226988,36.50035802000002
6447,-73.94869,40.78993,24-07-2021 15:07,0.989899558,36.558464360000016
6448,-73.94875833,40.78996667,24-07-2021 15:07,0.989899558,35.249362700000006
6449,-73.94883333,40.79,24-07-2021 15:07,0.989899558,35.249362700000006
6450,-73.94891667,40.79002667,24-07-2021 15:07,0.989899558,35.249362700000006
6451,-73.94908833,40.790085,24-07-2021 15:07,0.987735844,34.79134801999999
6452,-73.94917,40.79011833,24-07-2021 15:07,0.989899558,34.79134801999999
6453,-73.94924333,40.79014833,24-07-2021 15:07,0.989899558,34.79134801999999
6454,-73.94930667,40.79017667,24-07-2021 15:07,0.987735844,34.79134801999999
6455,-73.94939833,40.79022,24-07-2021 15:07,0.992063273,34.740077720000045
6456,-73.94942833,40.79024333,24-07-2021 15:07,0.992063273,34.234210759999996
6457,-73.94945167,40.79026,24-07-2021 15:07,0.994226988,34.234210759999996
6458,-73.94948167,40.79027833,24-07-2021 15:07,0.994226988,34.234210759999996
6459,-73.949515,40.790295,24-07-2021 15:07,0.996390703,34.234210759999996
6460,-73.94956833,40.79030167,24-07-2021 15:07,0.996390703,34.234210759999996
6461,-73.94962333,40.790305,24-07-2021 15:07,0.996390703,34.234210759999996
6462,-73.94965667,40.79032,24-07-2021 15:07,0.996390703,34.234210759999996
6463,-73.94971333,40.79035167,24-07-2021 15:07,0.994226988,34.234210759999996
6464,-73.94972833,40.790365,24-07-2021 15:07,0.994226988,34.05989174000001
6465,-73.94974167,40.79037167,24-07-2021 15:07,0.998554418,34.05989174000001
6466,-73.94998333,40.790455,24-07-2021 15:07,1.000838339,34.05989174000001
6467,-73.95002833,40.79045333,24-07-2021 15:07,1.000838339,34.05989174000001
6468,-73.950055,40.7904,24-07-2021 15:07,0.998674624,34.05989174000001
6469,-73.95006667,40.790365,24-07-2021 15:07,0.998674624,34.05989174000001
6470,-73.950125,40.79025667,24-07-2021 15:07,0.996510909,33.81721232000001
6471,-73.95016167,40.79019833,24-07-2021 15:07,0.996510909,34.329915320000055
6472,-73.95021167,40.79013833,24-07-2021 15:07,0.998674624,34.329915320000055
6473,-73.95026667,40.79008167,24-07-2021 15:07,0.998674624,34.329915320000055
6474,-73.95031167,40.79001333,24-07-2021 15:07,1.000838339,34.329915320000055
6475,-73.95036333,40.78994667,24-07-2021 15:07,1.000838339,36.760127539999985
6476,-73.95041333,40.78988,24-07-2021 15:07,1.000838339,36.760127539999985
6477,-73.95046333,40.78981167,24-07-2021 15:08,1.000838339,36.56188238000004
6478,-73.95049833,40.78974,24-07-2021 15:08,1.000838339,36.56188238000004
6479,-73.95054,40.78966833,24-07-2021 15:08,1.000838339,37.19421608000005
6480,-73.95059333,40.78959833,24-07-2021 15:08,0.998674624,37.19421608000005
6481,-73.95068833,40.78944667,24-07-2021 15:08,0.998674624,37.19421608000005
6482,-73.95074,40.78937333,24-07-2021 15:08,0.994347195,38.15809772
6483,-73.950785,40.78930333,24-07-2021 15:08,0.994347195,38.15809772
6484,-73.95082667,40.789235,24-07-2021 15:08,0.996510909,37.69324700000004
6485,-73.95087333,40.78917,24-07-2021 15:08,0.996510909,37.69324700000004
6486,-73.95091833,40.789105,24-07-2021 15:08,0.996510909,39.07754510000001
6487,-73.95099333,40.78897,24-07-2021 15:08,0.996510909,39.07754510000001
6488,-73.95102833,40.78890333,24-07-2021 15:08,0.996510909,39.07754510000001
6489,-73.95106167,40.788835,24-07-2021 15:08,0.994347195,39.13906946000003
6490,-73.95113667,40.78870667,24-07-2021 15:08,0.996510909,39.13906946000003
6491,-73.95118,40.78864167,24-07-2021 15:08,0.996510909,38.445211400000005
6492,-73.95121667,40.78857167,24-07-2021 15:08,0.996510909,38.70839894000005
6493,-73.951275,40.788505,24-07-2021 15:08,0.996510909,38.70839894000005
6494,-73.95137333,40.78845167,24-07-2021 15:08,0.996510909,38.70839894000005
6495,-73.95140833,40.78838667,24-07-2021 15:08,0.996510909,38.70839894000005
6496,-73.95146,40.78832667,24-07-2021 15:08,0.996510909,38.151261680000005
6497,-73.95149,40.788265,24-07-2021 15:08,0.996510909,38.151261680000005
6498,-73.951505,40.78820167,24-07-2021 15:08,0.994347195,38.151261680000005
6499,-73.95153,40.78814167,24-07-2021 15:08,0.994347195,37.50525590000001
6500,-73.95156333,40.78808333,24-07-2021 15:08,0.996510909,37.50525590000001
6501,-73.95160167,40.788025,24-07-2021 15:08,0.996510909,36.50035802000002
6502,-73.95163833,40.78796667,24-07-2021 15:08,0.994347195,36.50035802000002
6503,-73.95167833,40.78790833,24-07-2021 15:08,0.994347195,36.50035802000002
6504,-73.95173833,40.78784833,24-07-2021 15:08,0.994347195,36.50035802000002
6505,-73.95179167,40.78779167,24-07-2021 15:08,0.994347195,36.05943344000002
6506,-73.95188,40.78767333,24-07-2021 15:08,0.996510909,36.295276820000026
6507,-73.95192667,40.78761667,24-07-2021 15:08,0.996510909,36.295276820000026
6508,-73.95197667,40.78756333,24-07-2021 15:08,0.99218348,36.295276820000026
6509,-73.95202167,40.787515,24-07-2021 15:08,0.99218348,35.80649996
6510,-73.952065,40.787475,24-07-2021 15:08,0.994347195,35.80649996
6511,-73.952085,40.78743667,24-07-2021 15:08,0.994347195,35.80649996
6512,-73.95214333,40.78734667,24-07-2021 15:08,0.99218348,35.80649996
6513,-73.952185,40.787295,24-07-2021 15:08,0.98785605,35.80649996
6514,-73.95224,40.78723167,24-07-2021 15:08,0.98785605,35.68003322000004
6515,-73.95229,40.78717333,24-07-2021 15:08,0.990019765,35.68003322000004
6516,-73.95239667,40.78704333,24-07-2021 15:08,0.99218348,35.68003322000004
6517,-73.95244333,40.78698333,24-07-2021 15:08,0.99218348,35.55356648000003
6518,-73.95248333,40.78692833,24-07-2021 15:08,0.99218348,35.55356648000003
6519,-73.95252833,40.786885,24-07-2021 15:08,0.99218348,35.55356648000003
6520,-73.95269,40.78675167,24-07-2021 15:08,0.981485112,35.676615200000015
6521,-73.95272833,40.78671167,24-07-2021 15:08,0.979321397,35.625344900000016
6522,-73.95276,40.78666667,24-07-2021 15:08,0.979321397,35.625344900000016
6523,-73.95280833,40.78662667,24-07-2021 15:08,0.981485112,35.625344900000016
6524,-73.95288667,40.786565,24-07-2021 15:08,0.981485112,35.625344900000016
6525,-73.95291333,40.78654167,24-07-2021 15:08,0.981485112,35.625344900000016
6526,-73.952935,40.78652,24-07-2021 15:08,0.981485112,35.625344900000016
6527,-73.95299833,40.78638667,24-07-2021 15:08,0.979321397,36.32262098000001
6528,-73.953025,40.786345,24-07-2021 15:09,0.977157682,36.32262098000001
6529,-73.953045,40.78630167,24-07-2021 15:09,0.977157682,36.32262098000001
6530,-73.95307667,40.786245,24-07-2021 15:09,0.977157682,36.32262098000001
6531,-73.95311333,40.78619167,24-07-2021 15:09,0.977157682,36.32262098000001
6532,-73.95312833,40.78614167,24-07-2021 15:09,0.977157682,36.25767860000002
6533,-73.953155,40.78610167,24-07-2021 15:09,0.977157682,36.25767860000002
6534,-73.95318667,40.78607167,24-07-2021 15:09,0.977157682,36.25767860000002
6535,-73.95327667,40.78604667,24-07-2021 15:09,0.977157682,36.25767860000002
6536,-73.95333167,40.78604333,24-07-2021 15:09,0.977157682,36.459341780000045
6537,-73.95339167,40.78604833,24-07-2021 15:09,0.974993967,36.459341780000045
6538,-73.95345,40.78607333,24-07-2021 15:09,0.974993967,36.459341780000045
6539,-73.95350833,40.786105,24-07-2021 15:09,0.977157682,36.459341780000045
6540,-73.953565,40.78614333,24-07-2021 15:09,0.977157682,36.459341780000045
6541,-73.95369667,40.7862,24-07-2021 15:09,0.974993967,36.821651900000006
6542,-73.95375667,40.78622667,24-07-2021 15:09,0.970666537,36.821651900000006
6543,-73.95381167,40.78625333,24-07-2021 15:09,0.970666537,36.821651900000006
6544,-73.95386667,40.78627667,24-07-2021 15:09,0.977277888,36.821651900000006
6545,-73.95392167,40.78629667,24-07-2021 15:09,0.977277888,36.821651900000006
6546,-73.95397833,40.78631833,24-07-2021 15:09,0.970786744,36.821651900000006
6547,-73.95403167,40.78634167,24-07-2021 15:09,0.970786744,36.821651900000006
6548,-73.95408333,40.78636667,24-07-2021 15:09,0.977277888,36.725947340000005
6549,-73.95413333,40.78638833,24-07-2021 15:09,0.977277888,36.725947340000005
6550,-73.95418667,40.78641,24-07-2021 15:09,0.975114173,36.725947340000005
6551,-73.95429333,40.786455,24-07-2021 15:09,0.975114173,36.725947340000005
6552,-73.954345,40.78648333,24-07-2021 15:09,0.970786744,37.071167360000004
6553,-73.9544,40.78651,24-07-2021 15:09,0.970786744,37.25574044000001
6554,-73.95445167,40.78654,24-07-2021 15:09,0.975114173,37.25574044000001
6555,-73.95455167,40.78672667,24-07-2021 15:09,0.970786744,37.628304619999994
6556,-73.95454,40.78676833,24-07-2021 15:09,0.977277888,37.628304619999994
6557,-73.954515,40.78683333,24-07-2021 15:09,0.972950458,37.628304619999994
6558,-73.95450667,40.78686167,24-07-2021 15:09,0.972950458,37.628304619999994
6559,-73.95449167,40.78688833,24-07-2021 15:09,0.970786744,37.628304619999994
6560,-73.95447,40.78692,24-07-2021 15:09,0.970786744,37.628304619999994
6561,-73.954455,40.78694667,24-07-2021 15:09,0.975114173,37.628304619999994
6562,-73.95442333,40.787,24-07-2021 15:09,0.983769033,37.80262363999998
6563,-73.95440667,40.78704,24-07-2021 15:09,0.983769033,37.80262363999998
6564,-73.954375,40.78708833,24-07-2021 15:09,0.979441603,37.806041660000005
6565,-73.95433,40.787145,24-07-2021 15:09,0.979441603,37.806041660000005
6566,-73.95427833,40.78720333,24-07-2021 15:09,0.981605318,37.806041660000005
6567,-73.954225,40.78726667,24-07-2021 15:09,0.981605318,37.9666886
6568,-73.95417833,40.78733333,24-07-2021 15:09,0.981605318,37.9666886
6569,-73.95413667,40.78739833,24-07-2021 15:09,0.981605318,37.9666886
6570,-73.9541,40.78746333,24-07-2021 15:09,0.983769033,37.9666886
6571,-73.954055,40.78751833,24-07-2021 15:09,0.983769033,37.9666886
6572,-73.954005,40.78756333,24-07-2021 15:09,0.977277888,38.37343298000002
6573,-73.95395333,40.78764667,24-07-2021 15:09,0.977277888,38.37343298000002
6574,-73.95392667,40.78767833,24-07-2021 15:09,0.977277888,38.37343298000002
6575,-73.953905,40.787695,24-07-2021 15:09,0.977277888,38.37343298000002
6576,-73.95381333,40.78776667,24-07-2021 15:09,0.981725524,38.37343298000002
6577,-73.95382333,40.78780833,24-07-2021 15:09,0.97956181,38.84853776
6578,-73.95382,40.78784833,24-07-2021 15:10,0.97956181,38.84853776
6579,-73.95383333,40.78788833,24-07-2021 15:10,0.97956181,38.84853776
6580,-73.95387667,40.78792833,24-07-2021 15:10,0.97956181,38.84853776
6581,-73.95393,40.78796333,24-07-2021 15:10,0.981725524,38.84853776
6582,-73.954055,40.78803333,24-07-2021 15:10,0.981725524,37.75477136000001
6583,-73.95412333,40.78806833,24-07-2021 15:10,0.97956181,37.75477136000001
6584,-73.9542,40.78810833,24-07-2021 15:10,0.97956181,37.49158382000002
6585,-73.95427,40.78814167,24-07-2021 15:10,0.981725524,37.49158382000002
6586,-73.95434167,40.788175,24-07-2021 15:10,0.981725524,36.96179072000001
6587,-73.95440833,40.78820333,24-07-2021 15:10,0.97956181,36.96179072000001
6588,-73.95446833,40.78823333,24-07-2021 15:10,0.97956181,36.96179072000001
6589,-73.954535,40.78826667,24-07-2021 15:10,0.97956181,36.96179072000001
6590,-73.95459667,40.78829667,24-07-2021 15:10,0.97956181,36.96179072000001
6591,-73.95464333,40.78832667,24-07-2021 15:10,0.981725524,36.96179072000001
6592,-73.95468833,40.78835167,24-07-2021 15:10,0.981725524,35.43393578000001
6593,-73.95472333,40.788365,24-07-2021 15:10,0.981725524,35.43393578000001
6594,-73.95476167,40.78837,24-07-2021 15:10,0.981725524,35.43393578000001
6595,-73.95479,40.78837667,24-07-2021 15:10,0.97956181,35.43393578000001
6596,-73.95486667,40.78841167,24-07-2021 15:10,0.981725524,35.43393578000001
6597,-73.95489833,40.788425,24-07-2021 15:10,0.981725524,35.43393578000001
6598,-73.954945,40.78844333,24-07-2021 15:10,0.986052954,35.43393578000001
6599,-73.955005,40.78846667,24-07-2021 15:10,0.986052954,35.43393578000001
6600,-73.95507333,40.78849833,24-07-2021 15:10,0.983889239,33.80354024000002
6601,-73.95515167,40.78852833,24-07-2021 15:10,0.983889239,33.80354024000002
6602,-73.95524333,40.78855667,24-07-2021 15:10,0.981725524,33.80354024000002
6603,-73.955345,40.78858333,24-07-2021 15:10,0.981725524,33.80354024000002
6604,-73.95544833,40.78862,24-07-2021 15:10,0.983889239,32.22441500000002
6605,-73.95564833,40.78873,24-07-2021 15:10,0.983889239,31.492958720000047
6606,-73.95575333,40.78879333,24-07-2021 15:10,0.981725524,30.97000165999998
6607,-73.955865,40.78884833,24-07-2021 15:10,0.981725524,30.97000165999998
6608,-73.95597667,40.788905,24-07-2021 15:10,0.981725524,30.97000165999998
6609,-73.95609333,40.78896167,24-07-2021 15:10,0.981725524,30.97000165999998
6610,-73.95621833,40.78902333,24-07-2021 15:10,0.981725524,29.589121579999983
6611,-73.95634667,40.78908333,24-07-2021 15:10,0.981725524,29.589121579999983
6612,-73.95662167,40.78919167,24-07-2021 15:10,0.981725524,29.60621168
6613,-73.956765,40.78924167,24-07-2021 15:10,0.981725524,29.712170300000025
6614,-73.95691333,40.7893,24-07-2021 15:11,0.981725524,29.52759722000002
6615,-73.95706167,40.78935667,24-07-2021 15:11,0.97956181,29.52759722000002
6616,-73.95721167,40.78941167,24-07-2021 15:11,0.97956181,29.137942940000016
6617,-73.95736333,40.78946667,24-07-2021 15:11,0.981725524,29.137942940000016
6618,-73.95752,40.78952167,24-07-2021 15:11,0.981725524,29.862563180000052
6619,-73.957785,40.78965667,24-07-2021 15:11,0.981725524,29.431892660000017
6620,-73.95792333,40.78971167,24-07-2021 15:11,0.981725524,29.756604560000028
6621,-73.95807,40.78977167,24-07-2021 15:11,0.981725524,29.756604560000028
6622,-73.958215,40.789835,24-07-2021 15:11,0.97956181,30.41286439999999
6623,-73.95852,40.78995333,24-07-2021 15:11,0.97956181,30.14284082000006
6624,-73.95884167,40.79005333,24-07-2021 15:11,0.97523438,29.384040379999988
6625,-73.95900667,40.790095,24-07-2021 15:11,0.97523438,29.452400780000005
6626,-73.959175,40.79013667,24-07-2021 15:11,0.973070665,29.452400780000005
6627,-73.95934167,40.79017167,24-07-2021 15:11,0.973070665,29.52417920000005
6628,-73.959505,40.79020333,24-07-2021 15:11,0.973070665,29.52417920000005
6629,-73.95982333,40.79027833,24-07-2021 15:11,0.973070665,29.53785128000004
6630,-73.95997667,40.79032333,24-07-2021 15:11,0.973070665,30.29665172
6631,-73.96012333,40.79037667,24-07-2021 15:11,0.973070665,30.29665172
6632,-73.96026,40.790435,24-07-2021 15:11,0.97090695,30.29665172
6633,-73.96039667,40.79050167,24-07-2021 15:12,0.97090695,30.26247152000002
6634,-73.96053167,40.79057667,24-07-2021 15:12,0.97090695,30.26247152000002
6635,-73.96066167,40.79066,24-07-2021 15:12,0.97090695,30.52565906000001
6636,-73.96078667,40.790745,24-07-2021 15:12,0.97090695,30.371848160000013
6637,-73.96091167,40.79082333,24-07-2021 15:12,0.97090695,30.371848160000013
6638,-73.96103833,40.79090167,24-07-2021 15:12,0.968743235,29.756604560000028
6639,-73.961165,40.790975,24-07-2021 15:12,0.968743235,29.756604560000028
6640,-73.96129167,40.79104667,24-07-2021 15:12,0.968743235,29.756604560000028
6641,-73.961415,40.79112,24-07-2021 15:12,0.968743235,29.811292879999996
6642,-73.96154333,40.79118833,24-07-2021 15:12,0.968863441,29.503671080000004
6643,-73.96167667,40.79125333,24-07-2021 15:12,0.968863441,29.503671080000004
6644,-73.96181167,40.79131667,24-07-2021 15:12,0.966699727,29.62330178000002
6645,-73.96209667,40.79145167,24-07-2021 15:12,0.968863441,29.39087642000004
6646,-73.962385,40.79157167,24-07-2021 15:12,0.966699727,29.486580979999985
6647,-73.962535,40.79162667,24-07-2021 15:12,0.966699727,29.599375640000005
6648,-73.96267167,40.791675,24-07-2021 15:12,0.968863441,29.219975420000026
6649,-73.96281833,40.79172333,24-07-2021 15:12,0.968863441,29.219975420000026
6650,-73.96308167,40.79181667,24-07-2021 15:12,0.971027156,29.466072860000054
6651,-73.96317833,40.79185,24-07-2021 15:12,0.975354586,29.466072860000054
6652,-73.96331833,40.7919,24-07-2021 15:12,0.975354586,29.773694660000046
6653,-73.963365,40.79192333,24-07-2021 15:12,0.973190871,29.773694660000046
6654,-73.96340667,40.79194167,24-07-2021 15:12,0.973190871,29.534433260000014
6655,-73.96344833,40.79196667,24-07-2021 15:12,0.977518301,29.534433260000014
6656,-73.96349333,40.79199667,24-07-2021 15:12,0.977518301,29.534433260000014
6657,-73.96353833,40.79202667,24-07-2021 15:12,0.975354586,29.534433260000014
6658,-73.96358,40.792055,24-07-2021 15:12,0.975354586,30.76833848000001
6659,-73.96367167,40.79212,24-07-2021 15:12,0.975354586,30.76833848000001
6660,-73.96376,40.79218333,24-07-2021 15:12,0.975354586,30.76833848000001
6661,-73.96380167,40.79221167,24-07-2021 15:12,0.975354586,30.70339610000002
6662,-73.963845,40.792235,24-07-2021 15:12,0.975354586,30.70339610000002
6663,-73.963885,40.79225833,24-07-2021 15:12,0.975354586,30.70339610000002
6664,-73.96393333,40.79228,24-07-2021 15:12,0.975354586,34.39143968000002
6665,-73.96399333,40.792315,24-07-2021 15:12,0.975354586,34.299153140000044
6666,-73.96406833,40.79235333,24-07-2021 15:12,0.975354586,34.299153140000044
6667,-73.96415,40.79239333,24-07-2021 15:12,0.977518301,34.299153140000044
6668,-73.96424,40.79243,24-07-2021 15:12,0.977518301,34.299153140000044
6669,-73.96433333,40.79247333,24-07-2021 15:12,0.977518301,35.69370530000003
6670,-73.96442833,40.792515,24-07-2021 15:12,0.977518301,35.69370530000003
6671,-73.96452,40.79255333,24-07-2021 15:12,0.979682016,35.69370530000003
6672,-73.96461167,40.79259833,24-07-2021 15:12,0.979682016,35.29379696000001
6673,-73.96480833,40.79269167,24-07-2021 15:12,0.979682016,36.04576136000003
6674,-73.96491,40.792745,24-07-2021 15:12,0.979682016,36.11070374000002
6675,-73.96501167,40.7928,24-07-2021 15:12,0.981845731,36.11070374000002
6676,-73.96511167,40.792855,24-07-2021 15:12,0.981845731,35.885114420000036
6677,-73.96521333,40.7929,24-07-2021 15:12,0.979682016,35.885114420000036
6678,-73.96532167,40.792935,24-07-2021 15:12,0.979682016,36.12779383999998
6679,-73.96542167,40.792985,24-07-2021 15:12,0.981845731,36.12779383999998
6680,-73.96562,40.79307333,24-07-2021 15:12,0.979682016,36.09019562000003
6681,-73.96572,40.79310833,24-07-2021 15:12,0.979682016,35.26303478
6682,-73.96581667,40.79314,24-07-2021 15:12,0.979682016,35.26303478
6683,-73.96590167,40.79317167,24-07-2021 15:12,0.979682016,35.26303478
6684,-73.965975,40.79319833,24-07-2021 15:12,0.977518301,36.459341780000045
6685,-73.96604,40.79321667,24-07-2021 15:12,0.977518301,36.459341780000045
6686,-73.96609667,40.79322667,24-07-2021 15:13,0.979682016,36.459341780000045
6687,-73.96615,40.793245,24-07-2021 15:13,0.979682016,36.459341780000045
6688,-73.96619333,40.79326667,24-07-2021 15:13,0.979682016,36.459341780000045
6689,-73.96624167,40.79328833,24-07-2021 15:13,0.979682016,36.459341780000045
6690,-73.96628833,40.79331667,24-07-2021 15:13,0.981845731,36.459341780000045
6691,-73.96633833,40.79333167,24-07-2021 15:13,0.981845731,36.3943994
6692,-73.96637167,40.79335167,24-07-2021 15:13,0.979682016,36.3943994
6693,-73.96639167,40.79336333,24-07-2021 15:13,0.979682016,36.3943994
6694,-73.96646,40.79340333,24-07-2021 15:13,0.979682016,36.11070374000002
6695,-73.96650167,40.79341667,24-07-2021 15:13,0.981845731,36.11070374000002
6696,-73.96660167,40.79346333,24-07-2021 15:13,0.981845731,36.11070374000002
6697,-73.96665,40.79348167,24-07-2021 15:13,0.984009446,36.11070374000002
6698,-73.96669333,40.79351333,24-07-2021 15:13,0.984009446,36.117539780000016
6699,-73.96673,40.79353167,24-07-2021 15:13,0.986173161,36.117539780000016
6700,-73.96676333,40.79354,24-07-2021 15:13,0.986173161,36.117539780000016
6701,-73.96679833,40.79354833,24-07-2021 15:13,0.986173161,36.117539780000016
6702,-73.96683,40.79356,24-07-2021 15:13,0.986173161,36.117539780000016
6703,-73.96685833,40.79357333,24-07-2021 15:13,0.986173161,36.117539780000016
6704,-73.966965,40.79354,24-07-2021 15:13,0.988336875,36.117539780000016
6705,-73.96699167,40.79349833,24-07-2021 15:13,0.988336875,36.117539780000016
6706,-73.96706333,40.79340333,24-07-2021 15:13,0.981965937,36.148301960000026
6707,-73.96710833,40.79335167,24-07-2021 15:13,0.986293367,36.332875039999976
6708,-73.96714333,40.79329833,24-07-2021 15:13,0.986293367,36.332875039999976
6709,-73.96718,40.79324833,24-07-2021 15:13,0.986293367,36.332875039999976
6710,-73.96721167,40.79320167,24-07-2021 15:13,0.986293367,36.332875039999976
6711,-73.967245,40.79316,24-07-2021 15:14,0.988457082,36.332875039999976
6712,-73.96727167,40.79312833,24-07-2021 15:14,0.988457082,36.332875039999976
6713,-73.96743,40.79307,24-07-2021 15:14,0.986293367,36.172228099999984
6714,-73.96750833,40.79305667,24-07-2021 15:14,0.988457082,36.172228099999984
6715,-73.96753167,40.793035,24-07-2021 15:14,0.988457082,36.172228099999984
6716,-73.96755,40.79301833,24-07-2021 15:14,0.986293367,36.172228099999984
6717,-73.96768167,40.79301167,24-07-2021 15:14,0.988457082,36.172228099999984
6718,-73.96771833,40.79302667,24-07-2021 15:14,0.988457082,36.172228099999984
6719,-73.96777333,40.79305,24-07-2021 15:14,0.990620797,36.07652354000004
6720,-73.967925,40.79310833,24-07-2021 15:14,0.988457082,36.281604740000034
6721,-73.96801667,40.79314167,24-07-2021 15:14,0.988457082,36.281604740000034
6722,-73.96811333,40.79317667,24-07-2021 15:14,0.988457082,36.281604740000034
6723,-73.96821167,40.79321333,24-07-2021 15:14,0.988457082,35.55356648000003
6724,-73.96830667,40.79324833,24-07-2021 15:14,0.986293367,35.55356648000003
6725,-73.968405,40.79329,24-07-2021 15:14,0.986293367,35.55356648000003
6726,-73.968505,40.79333333,24-07-2021 15:14,0.984129652,36.20982632000005
6727,-73.96861167,40.79338833,24-07-2021 15:14,0.984129652,36.821651900000006
6728,-73.96872,40.79343333,24-07-2021 15:14,0.986293367,36.821651900000006
6729,-73.96882833,40.79347333,24-07-2021 15:14,0.986293367,36.821651900000006
6730,-73.968935,40.79351167,24-07-2021 15:14,0.984129652,37.218142220000004
6731,-73.96925,40.79365667,24-07-2021 15:14,0.986293367,37.32410084000003
6732,-73.96935667,40.79371,24-07-2021 15:14,0.984129652,37.32410084000003
6733,-73.969575,40.79381167,24-07-2021 15:14,0.984129652,36.74303744000002
6734,-73.969675,40.79387167,24-07-2021 15:14,0.981965937,36.74303744000002
6735,-73.96977833,40.79392333,24-07-2021 15:14,0.981965937,38.42470328000002
6736,-73.96997667,40.79402333,24-07-2021 15:14,0.981965937,35.98081897999998
6737,-73.970065,40.79406333,24-07-2021 15:14,0.984129652,35.98081897999998
6738,-73.97017833,40.79412,24-07-2021 15:14,0.984129652,35.98081897999998
6739,-73.970205,40.79413667,24-07-2021 15:14,0.984129652,35.98081897999998
6740,-73.97020833,40.79418333,24-07-2021 15:14,0.984249858,36.264514640000016
6741,-73.97020167,40.79421,24-07-2021 15:14,0.984249858,36.264514640000016
6742,-73.97016833,40.79423667,24-07-2021 15:14,0.986413573,36.264514640000016
6743,-73.97008833,40.79431333,24-07-2021 15:14,0.982086144,36.264514640000016
6744,-73.97004167,40.79436,24-07-2021 15:14,0.982086144,36.264514640000016
6745,-73.97000167,40.79440833,24-07-2021 15:14,0.988577288,36.264514640000016
6746,-73.96997333,40.79444833,24-07-2021 15:14,0.988577288,36.264514640000016
6747,-73.96993833,40.79448333,24-07-2021 15:14,0.984249858,36.558464360000016
6748,-73.96991,40.79451167,24-07-2021 15:14,0.984249858,38.69130884000003
6749,-73.96987167,40.79455333,24-07-2021 15:14,0.986413573,38.69130884000003
6750,-73.90799,40.80651167,24-07-2021 15:14,1.006367833,37.26257648000001
6751,-73.907685,40.80660667,24-07-2021 15:14,1.006367833,37.06433132000001
6752,-73.90754167,40.80664833,24-07-2021 15:14,1.006367833,37.06433132000001
6753,-73.90737,40.80669167,24-07-2021 15:14,1.006367833,37.248904400000015
6754,-73.90719333,40.80673,24-07-2021 15:14,0.997712973,37.248904400000015
6755,-73.90702833,40.80677667,24-07-2021 15:14,0.997712973,37.49158382000002
6756,-73.90687,40.80683333,24-07-2021 15:14,1.008531548,37.49158382000002
6757,-73.906715,40.80688167,24-07-2021 15:14,1.008531548,37.51892798000006
6758,-73.906285,40.807055,24-07-2021 15:14,1.002040403,37.67957492000005
6759,-73.90615667,40.80712833,24-07-2021 15:14,1.002040403,37.30359271999998
6760,-73.90603667,40.80720667,24-07-2021 15:14,0.999876688,37.41638738000006
6761,-73.90591667,40.80727667,24-07-2021 15:14,0.999876688,37.41638738000006
6762,-73.90579333,40.80734667,24-07-2021 15:14,0.999876688,37.41638738000006
6763,-73.90567167,40.80741667,24-07-2021 15:14,0.999876688,37.27283054000003
6764,-73.90554333,40.807485,24-07-2021 15:14,0.999876688,37.27283054000003
6765,-73.90541667,40.807555,24-07-2021 15:14,0.999876688,37.27283054000003
6766,-73.9053,40.80761833,24-07-2021 15:14,0.999876688,37.38220718000002
6767,-73.90509833,40.80774333,24-07-2021 15:14,0.995549258,37.46423966000003
6768,-73.90499833,40.80779667,24-07-2021 15:15,0.995549258,37.89491018000001
6769,-73.90489833,40.807855,24-07-2021 15:15,0.991221829,37.89491018000001
6770,-73.90480167,40.80790833,24-07-2021 15:15,0.991221829,37.89491018000001
6771,-73.904705,40.80796333,24-07-2021 15:15,0.993385543,37.95985256000006
6772,-73.90453333,40.80806167,24-07-2021 15:15,0.991221829,38.13075356000002
6773,-73.90446,40.80808667,24-07-2021 15:15,0.991221829,38.13075356000002
6774,-73.90434167,40.80813333,24-07-2021 15:15,0.995549258,38.13075356000002
6775,-73.90431333,40.80816,24-07-2021 15:15,0.995549258,38.13075356000002
6776,-73.90425667,40.80820333,24-07-2021 15:15,0.995549258,38.16835178000002
6777,-73.90421833,40.808225,24-07-2021 15:15,0.993385543,38.16835178000002
6778,-73.90416167,40.80823833,24-07-2021 15:15,0.993385543,38.16835178000002
6779,-73.90410167,40.80825833,24-07-2021 15:15,0.999876688,38.16835178000002
6780,-73.904035,40.80828333,24-07-2021 15:15,0.999876688,38.16835178000002
6781,-73.90396833,40.80831667,24-07-2021 15:15,0.997712973,38.16835178000002
6782,-73.90386167,40.80836667,24-07-2021 15:15,0.991221829,37.65223076000001
6783,-73.90381667,40.80839,24-07-2021 15:15,0.991221829,37.65223076000001
6784,-73.90377833,40.808405,24-07-2021 15:15,0.986894399,37.65223076000001
6785,-73.90375167,40.80843,24-07-2021 15:15,0.986894399,37.65223076000001
6786,-73.90373,40.808445,24-07-2021 15:15,0.986894399,37.65223076000001
6787,-73.90358333,40.80854833,24-07-2021 15:15,0.989058114,37.72400918000005
6788,-73.90345,40.80862333,24-07-2021 15:15,0.993385543,37.79920562000001
6789,-73.903395,40.80864333,24-07-2021 15:15,0.99350575,37.79920562000001
6790,-73.903345,40.80863667,24-07-2021 15:15,0.99350575,37.79920562000001
6791,-73.90307167,40.80981667,24-07-2021 15:15,0.98917832,37.98036067999999
6792,-73.90309167,40.80992333,24-07-2021 15:15,0.98485089,37.98036067999999
6793,-73.903105,40.81004,24-07-2021 15:15,0.98485089,37.98036067999999
6794,-73.90312667,40.81015167,24-07-2021 15:15,0.982687175,37.9666886
6795,-73.903145,40.810265,24-07-2021 15:15,0.982687175,38.33583476000001
6796,-73.903165,40.81038667,24-07-2021 15:15,0.982687175,37.768443440000055
6797,-73.903185,40.81051167,24-07-2021 15:15,0.982687175,37.768443440000055
6798,-73.90320333,40.81063667,24-07-2021 15:15,0.99350575,37.58045234000002
6799,-73.903225,40.81076,24-07-2021 15:15,0.99350575,37.58045234000002
6800,-73.903245,40.81088,24-07-2021 15:15,0.987014605,37.58045234000002
6801,-73.90328,40.81110833,24-07-2021 15:16,0.987134812,38.41444922000005
6802,-73.90331,40.81131333,24-07-2021 15:16,0.989298526,38.496481700000004
6803,-73.90332667,40.81139667,24-07-2021 15:16,0.993625956,38.496481700000004
6804,-73.903355,40.81146167,24-07-2021 15:16,0.993625956,38.527243880000015
6805,-73.903385,40.81151833,24-07-2021 15:16,1.000117101,38.527243880000015
6806,-73.903435,40.81156833,24-07-2021 15:16,1.000117101,38.527243880000015
6807,-73.90357,40.81167667,24-07-2021 15:16,0.991462241,38.81777557999999
6808,-73.903635,40.81173167,24-07-2021 15:16,0.991462241,38.77675934000001
6809,-73.90369167,40.81178167,24-07-2021 15:16,0.991462241,38.77675934000001
6810,-73.90373833,40.81182,24-07-2021 15:16,0.993625956,38.77675934000001
6811,-73.90377833,40.81185333,24-07-2021 15:16,0.993625956,38.77675934000001
6812,-73.90392667,40.81202833,24-07-2021 15:16,1.006608246,38.66738270000002
6813,-73.903995,40.81207333,24-07-2021 15:16,1.006608246,38.66738270000002
6814,-73.90406167,40.81211833,24-07-2021 15:16,1.010935675,38.66738270000002
6815,-73.90412333,40.812155,24-07-2021 15:16,1.010935675,38.66738270000002
6816,-73.90417833,40.81218833,24-07-2021 15:16,1.010935675,38.66738270000002
6817,-73.90422667,40.81222,24-07-2021 15:16,1.010935675,38.01454088000003
6818,-73.904275,40.81225167,24-07-2021 15:16,1.00877196,37.41980540000003
6819,-73.90431667,40.81227667,24-07-2021 15:16,1.00877196,37.41980540000003
6820,-73.904355,40.812295,24-07-2021 15:16,1.00877196,37.41980540000003
6821,-73.90438333,40.81231333,24-07-2021 15:17,1.00877196,37.41980540000003
6822,-73.90441333,40.812335,24-07-2021 15:17,1.006608246,37.41980540000003
6823,-73.90446,40.81235167,24-07-2021 15:17,1.006608246,37.41980540000003
6824,-73.904505,40.81237,24-07-2021 15:17,1.004444531,37.41980540000003
6825,-73.904645,40.81238833,24-07-2021 15:17,1.004444531,37.26257648000001
6826,-73.90473333,40.81239833,24-07-2021 15:17,1.004444531,37.26257648000001
6827,-73.904825,40.81241167,24-07-2021 15:17,1.011055882,37.26257648000001
6828,-73.90492,40.81242,24-07-2021 15:17,1.011055882,37.26257648000001
6829,-73.90510333,40.812445,24-07-2021 15:17,1.006728452,36.50719406000002
6830,-73.905195,40.81245667,24-07-2021 15:17,1.008892167,36.50719406000002
6831,-73.905285,40.81247,24-07-2021 15:17,1.008892167,36.233752460000005
6832,-73.905375,40.81248667,24-07-2021 15:17,1.006728452,36.233752460000005
6833,-73.90547333,40.81250667,24-07-2021 15:17,1.006728452,36.53453822000006
6834,-73.90557833,40.81253333,24-07-2021 15:17,1.004564737,36.53453822000006
6835,-73.90580833,40.81258167,24-07-2021 15:17,1.006728452,36.514030100000014
6836,-73.90592,40.812595,24-07-2021 15:17,1.006728452,36.514030100000014
6837,-73.90602833,40.81261,24-07-2021 15:17,1.008892167,36.872922200000005
6838,-73.90624167,40.812655,24-07-2021 15:17,1.008892167,36.872922200000005
6839,-73.906345,40.81268667,24-07-2021 15:17,1.008892167,36.872922200000005
6840,-73.906455,40.81272333,24-07-2021 15:17,1.008892167,36.82506992000003
6841,-73.90679833,40.81281833,24-07-2021 15:17,1.011055882,37.35144500000001
6842,-73.906905,40.812845,24-07-2021 15:18,1.011055882,37.35144500000001
6843,-73.90699833,40.812865,24-07-2021 15:18,1.011055882,37.296756680000044
6844,-73.90708,40.81288667,24-07-2021 15:18,1.011055882,37.296756680000044
6845,-73.90714,40.81291333,24-07-2021 15:18,1.013219597,37.296756680000044
6846,-73.90717833,40.81294333,24-07-2021 15:18,1.013219597,37.296756680000044
6847,-73.90720333,40.81298333,24-07-2021 15:18,1.008892167,37.296756680000044
6848,-73.90720167,40.81308,24-07-2021 15:18,1.006728452,37.80945968000003
6849,-73.907185,40.81313333,24-07-2021 15:18,1.006728452,37.80945968000003
6850,-73.90717,40.81319,24-07-2021 15:18,1.004564737,37.80945968000003
6851,-73.907145,40.81326,24-07-2021 15:18,1.004564737,37.80945968000003
6852,-73.907115,40.81333,24-07-2021 15:18,1.006728452,38.212786040000026
6853,-73.90706167,40.81346167,24-07-2021 15:18,1.006728452,38.212786040000026
6854,-73.90703333,40.813525,24-07-2021 15:18,1.006728452,38.212786040000026
6855,-73.90700667,40.81359,24-07-2021 15:18,1.013219597,38.657128639999996
6856,-73.90697833,40.81365667,24-07-2021 15:18,1.013219597,38.441793380000036
6857,-73.90691333,40.81378833,24-07-2021 15:18,1.011055882,38.441793380000036
6858,-73.90688,40.81385167,24-07-2021 15:18,1.006728452,38.15809772
6859,-73.90685167,40.81391833,24-07-2021 15:18,1.006728452,38.15809772
6860,-73.90682833,40.81398833,24-07-2021 15:18,1.006728452,38.15809772
6861,-73.90676833,40.81414333,24-07-2021 15:18,1.006728452,38.26747436000005
6862,-73.90673,40.814225,24-07-2021 15:18,1.006728452,38.26747436000005
6863,-73.90669667,40.81430667,24-07-2021 15:18,1.006728452,38.26747436000005
6864,-73.90666833,40.814385,24-07-2021 15:18,1.004564737,38.20253198
6865,-73.90664333,40.81444833,24-07-2021 15:18,1.004564737,38.20253198
6866,-73.90662167,40.81451333,24-07-2021 15:18,1.004564737,38.575096160000044
6867,-73.9066,40.81457833,24-07-2021 15:18,1.004564737,38.575096160000044
6868,-73.90658667,40.81464333,24-07-2021 15:18,1.008892167,38.575096160000044
6869,-73.90656833,40.81471833,24-07-2021 15:18,1.008892167,38.506735760000026
6870,-73.906545,40.8148,24-07-2021 15:18,1.004564737,38.506735760000026
6871,-73.906525,40.81488167,24-07-2021 15:18,1.004564737,38.506735760000026
6872,-73.90650167,40.81496333,24-07-2021 15:20,1.002401022,38.43495733999998
6873,-73.90647167,40.815045,24-07-2021 15:20,1.002401022,38.43495733999998
6874,-73.90643833,40.81512667,24-07-2021 15:20,1.002401022,38.43495733999998
6875,-73.90640667,40.81520667,24-07-2021 15:20,1.002401022,38.05555712
6876,-73.90637667,40.81528,24-07-2021 15:20,1.002401022,38.05555712
6877,-73.90635,40.81534333,24-07-2021 15:20,1.002401022,38.05555712
6878,-73.90633,40.81539833,24-07-2021 15:20,0.998073592,38.05555712
6879,-73.90630833,40.81547833,24-07-2021 15:20,1.000237307,37.46423966000003
6880,-73.90629833,40.81550167,24-07-2021 15:20,1.000237307,37.46423966000003
6881,-73.90626333,40.81556667,24-07-2021 15:20,1.002401022,38.00770484000003
6882,-73.906225,40.815575,24-07-2021 15:20,1.002401022,38.00770484000003
6883,-73.906165,40.81557333,24-07-2021 15:20,1.015383311,38.00770484000003
6884,-73.90609833,40.81557167,24-07-2021 15:20,1.015383311,38.00770484000003
6885,-73.90601667,40.81556833,24-07-2021 15:20,1.011055882,38.00770484000003
6886,-73.90585833,40.81554333,24-07-2021 15:20,1.011055882,38.36659694000002
6887,-73.90578667,40.81552833,24-07-2021 15:20,1.006728452,38.36659694000002
6888,-73.90571833,40.81551833,24-07-2021 15:20,1.006728452,38.36659694000002
6889,-73.90566167,40.815505,24-07-2021 15:20,1.013219597,38.36659694000002
6890,-73.90561667,40.81549667,24-07-2021 15:20,1.013219597,38.36659694000002
6891,-73.90558667,40.81549167,24-07-2021 15:20,1.006848658,38.36659694000002
6892,-73.90547167,40.81547667,24-07-2021 15:20,1.011176088,38.08290127999999
6893,-73.905405,40.81547167,24-07-2021 15:20,1.011176088,38.08290127999999
6894,-73.90532333,40.81546167,24-07-2021 15:20,1.004684943,38.08290127999999
6895,-73.90523167,40.815445,24-07-2021 15:20,1.004684943,38.43495733999998
6896,-73.90512667,40.81542333,24-07-2021 15:20,1.002521229,37.758189379999976
6897,-73.905015,40.81540333,24-07-2021 15:20,1.002521229,37.758189379999976
6898,-73.90490833,40.815395,24-07-2021 15:20,1.004684943,37.758189379999976
6899,-73.904805,40.81538667,24-07-2021 15:20,1.004684943,37.047241220000046
6900,-73.904715,40.81537,24-07-2021 15:20,1.000357514,37.047241220000046
6901,-73.90463333,40.81535667,24-07-2021 15:20,1.000357514,37.047241220000046
6902,-73.90450667,40.815335,24-07-2021 15:20,0.998193799,37.047241220000046
6903,-73.90445667,40.81534833,24-07-2021 15:20,0.993866369,36.70202119999999
6904,-73.90441167,40.81538167,24-07-2021 15:20,0.993866369,36.70202119999999
6905,-73.90437,40.81542667,24-07-2021 15:20,0.991702654,36.70202119999999
6906,-73.90434333,40.81547833,24-07-2021 15:20,0.991702654,36.19273622000003
6907,-73.90432167,40.81553667,24-07-2021 15:20,0.996030084,36.19273622000003
6908,-73.904295,40.8156,24-07-2021 15:20,0.996030084,36.19273622000003
6909,-73.90426167,40.815685,24-07-2021 15:20,0.991702654,36.19273622000003
6910,-73.90423,40.81577,24-07-2021 15:20,0.991702654,35.57407460000002
6911,-73.904125,40.81603167,24-07-2021 15:20,0.996030084,34.839200300000016
6912,-73.9041,40.81611833,24-07-2021 15:20,0.989538939,35.28012488000002
6913,-73.90408167,40.81619833,24-07-2021 15:20,0.989538939,35.28012488000002
6914,-73.90406333,40.816275,24-07-2021 15:20,0.985211509,35.133150020000016
6915,-73.904045,40.81634833,24-07-2021 15:20,0.985211509,35.133150020000016
6916,-73.904015,40.816425,24-07-2021 15:20,0.989538939,35.133150020000016
6917,-73.90398167,40.81650167,24-07-2021 15:21,0.989538939,35.133150020000016
6918,-73.90394333,40.81658667,24-07-2021 15:21,0.985211509,35.09896981999998
6919,-73.90386667,40.81676167,24-07-2021 15:21,0.978720365,35.09896981999998
6920,-73.90383,40.816845,24-07-2021 15:21,0.978720365,35.17758428000002
6921,-73.90380167,40.81692,24-07-2021 15:21,0.991702654,35.17758428000002
6922,-73.90378,40.81698,24-07-2021 15:21,0.991702654,35.17758428000002
6923,-73.90376333,40.81703,24-07-2021 15:21,0.987375224,35.17758428000002
6924,-73.90375,40.81707333,24-07-2021 15:21,0.987375224,35.577492620000044
6925,-73.90374,40.81711167,24-07-2021 15:21,0.978720365,35.905622540000024
6926,-73.90372833,40.817145,24-07-2021 15:21,0.978720365,35.905622540000024
6927,-73.90371333,40.81718667,24-07-2021 15:21,0.983047795,35.905622540000024
6928,-73.90369667,40.81724167,24-07-2021 15:21,0.983047795,35.905622540000024
6929,-73.90368,40.81729833,24-07-2021 15:21,0.987375224,35.905622540000024
6930,-73.90366167,40.81734667,24-07-2021 15:21,0.987375224,35.905622540000024
6931,-73.90364,40.81738833,24-07-2021 15:21,0.985211509,36.30553087999999
6932,-73.90362167,40.81742,24-07-2021 15:21,0.985211509,36.30553087999999
6933,-73.90340333,40.81751,24-07-2021 15:21,0.998193799,36.30553087999999
6934,-73.90332833,40.81749667,24-07-2021 15:21,0.993866369,36.900266360000046
6935,-73.90324667,40.817485,24-07-2021 15:21,0.993866369,36.900266360000046
6936,-73.90316333,40.81746667,24-07-2021 15:21,0.987375224,36.900266360000046
6937,-73.902995,40.81744167,24-07-2021 15:21,0.98088408,37.20447014000001
6938,-73.90292,40.81743,24-07-2021 15:21,0.98088408,37.20447014000001
6939,-73.902855,40.81742667,24-07-2021 15:21,0.987375224,37.20447014000001
6940,-73.90265833,40.81737,24-07-2021 15:21,0.978720365,37.56678026000003
6941,-73.90257,40.81734833,24-07-2021 15:21,0.978720365,37.56678026000003
6942,-73.90246833,40.81732,24-07-2021 15:21,0.978720365,37.25232242000004
6943,-73.90225167,40.81726667,24-07-2021 15:21,0.989538939,37.628304619999994
6944,-73.90214333,40.81724833,24-07-2021 15:21,0.991702654,37.628304619999994
6945,-73.90204,40.81722833,24-07-2021 15:21,0.991702654,37.628304619999994
6946,-73.90194333,40.81720833,24-07-2021 15:21,0.987375224,37.78211552000005
6947,-73.90185,40.81718833,24-07-2021 15:22,0.987375224,37.78211552000005
6948,-73.90176667,40.81717167,24-07-2021 15:22,0.989538939,37.78211552000005
6949,-73.90168,40.81716333,24-07-2021 15:22,0.989538939,37.78211552000005
6950,-73.9016,40.81714833,24-07-2021 15:22,0.985331716,37.659066800000005
6951,-73.90152167,40.81711833,24-07-2021 15:22,0.985331716,37.659066800000005
6952,-73.901435,40.81707667,24-07-2021 15:22,0.987495431,37.79236958000001
6953,-73.901355,40.81703,24-07-2021 15:22,0.987495431,37.79236958000001
6954,-73.90128833,40.81696667,24-07-2021 15:22,0.978840571,37.79236958000001
6955,-73.90121833,40.81690833,24-07-2021 15:22,0.978840571,37.365117080000005
6956,-73.90114667,40.816855,24-07-2021 15:22,0.983168001,37.365117080000005
6957,-73.90108667,40.81679,24-07-2021 15:22,0.983168001,37.559944220000034
6958,-73.90103833,40.81671,24-07-2021 15:22,0.985331716,37.559944220000034
6959,-73.900995,40.81662333,24-07-2021 15:22,0.985331716,37.559944220000034
6960,-73.90089667,40.81644167,24-07-2021 15:22,0.983168001,36.62682475999998
6961,-73.90085,40.81634833,24-07-2021 15:22,0.983168001,36.62682475999998
6962,-73.90080333,40.81625667,24-07-2021 15:22,0.985331716,36.035507300000006
6963,-73.90075667,40.81616333,24-07-2021 15:22,0.985331716,36.035507300000006
6964,-73.90071167,40.81607,24-07-2021 15:22,0.983168001,36.035507300000006
6965,-73.90066333,40.81597333,24-07-2021 15:22,0.983168001,35.49204212000001
6966,-73.90060833,40.81587667,24-07-2021 15:22,0.985331716,35.762065699999994
6967,-73.90037,40.81538333,24-07-2021 15:22,0.989659146,35.01693734000003
6968,-73.90032667,40.81529833,24-07-2021 15:22,0.99182286,35.01693734000003
6969,-73.900285,40.81521833,24-07-2021 15:22,0.99182286,35.01693734000003
6970,-73.90025167,40.81514333,24-07-2021 15:22,0.981004286,35.59800074000003
6971,-73.90021667,40.81507167,24-07-2021 15:22,0.981004286,35.59800074000003
6972,-73.90018833,40.81499833,24-07-2021 15:22,0.983168001,35.59800074000003
6973,-73.900155,40.81492167,24-07-2021 15:22,0.983168001,35.57065657999999
6974,-73.90008,40.81477167,24-07-2021 15:22,0.985331716,35.57065657999999
6975,-73.90004167,40.814695,24-07-2021 15:22,0.985331716,35.57065657999999
6976,-73.89999667,40.81461667,24-07-2021 15:22,0.985331716,35.78257382000004
6977,-73.899955,40.814545,24-07-2021 15:22,0.985331716,35.78257382000004
6978,-73.899925,40.81448167,24-07-2021 15:22,0.985331716,35.78257382000004
6979,-73.89989667,40.81443667,24-07-2021 15:22,0.985331716,35.78257382000004
6980,-73.899875,40.81440667,24-07-2021 15:22,0.985331716,37.201052119999986
6981,-73.89979333,40.81436333,24-07-2021 15:23,0.983168001,37.88123810000002
6982,-73.89976667,40.81431667,24-07-2021 15:23,0.983168001,37.88123810000002
6983,-73.89969833,40.814215,24-07-2021 15:23,0.981004286,37.88123810000002
6984,-73.89966833,40.81414667,24-07-2021 15:23,0.981004286,37.88123810000002
6985,-73.899635,40.81407333,24-07-2021 15:23,0.976676856,38.46913754000002
6986,-73.89960667,40.813995,24-07-2021 15:23,0.976676856,38.46913754000002
6987,-73.89957333,40.81392,24-07-2021 15:23,0.983168001,38.46913754000002
6988,-73.89954667,40.813855,24-07-2021 15:23,0.983168001,38.46913754000002
6989,-73.899535,40.81380167,24-07-2021 15:23,0.978840571,39.97990238
6990,-73.899525,40.81376167,24-07-2021 15:23,0.978840571,39.97990238
6991,-73.89950167,40.81365833,24-07-2021 15:23,0.976797063,39.97990238
6992,-73.89945333,40.81358333,24-07-2021 15:23,0.981124492,39.97990238
6993,-73.89937333,40.81350833,24-07-2021 15:23,0.981124492,40.21232773999998
6994,-73.89933,40.81348667,24-07-2021 15:23,0.981124492,40.21232773999998
6995,-73.89929833,40.81347833,24-07-2021 15:23,0.981124492,40.21232773999998
6996,-73.89927667,40.81347167,24-07-2021 15:23,0.985451922,40.21232773999998
6997,-73.89907167,40.813545,24-07-2021 15:23,0.985451922,41.148865220000005
6998,-73.89900333,40.81359333,24-07-2021 15:23,0.987615637,41.114685020000024
6999,-73.898935,40.81364833,24-07-2021 15:23,0.987615637,41.114685020000024
7000,-73.89887,40.81371333,24-07-2021 15:23,0.985451922,41.114685020000024
7001,-73.89881167,40.81378,24-07-2021 15:23,0.985451922,41.37103652000002
7002,-73.89875333,40.81384667,24-07-2021 15:23,0.994106782,41.37103652000002
7003,-73.898685,40.81390833,24-07-2021 15:23,0.994106782,41.37103652000002
7004,-73.89861,40.813965,24-07-2021 15:23,0.991943067,41.37103652000002
7005,-73.89854,40.814015,24-07-2021 15:23,0.991943067,41.37103652000002
7006,-73.89848167,40.81406333,24-07-2021 15:23,0.991943067,41.23431572000004
7007,-73.89843167,40.814105,24-07-2021 15:23,0.991943067,41.76410882000005
7008,-73.89839,40.81414667,24-07-2021 15:23,0.996270497,41.76410882000005
7009,-73.89835333,40.81418333,24-07-2021 15:23,0.996270497,41.76410882000005
7010,-73.89832167,40.81421667,24-07-2021 15:23,0.994106782,41.76410882000005
7011,-73.89829,40.81424833,24-07-2021 15:23,0.994106782,41.76410882000005
7012,-73.89826,40.814275,24-07-2021 15:23,0.994106782,41.76410882000005
7013,-73.89823167,40.8143,24-07-2021 15:23,0.994106782,40.97112818000005
7014,-73.898205,40.81432667,24-07-2021 15:23,0.991943067,40.97112818000005
7015,-73.89814667,40.81438167,24-07-2021 15:23,0.991943067,40.97112818000005
7016,-73.89811333,40.81442,24-07-2021 15:23,0.991943067,40.97112818000005
7017,-73.898075,40.81446333,24-07-2021 15:23,0.991943067,41.029234520000045
7018,-73.89802833,40.81451167,24-07-2021 15:23,0.996270497,41.029234520000045
7019,-73.89797833,40.81456167,24-07-2021 15:23,0.996270497,41.029234520000045
7020,-73.89787667,40.814655,24-07-2021 15:23,0.991943067,40.229417839999996
7021,-73.89778333,40.81473667,24-07-2021 15:23,0.998434212,40.229417839999996
7022,-73.89774167,40.814775,24-07-2021 15:23,0.996270497,41.19329948000001
7023,-73.897705,40.814815,24-07-2021 15:23,0.996270497,41.19329948000001
7024,-73.89767833,40.81485,24-07-2021 15:23,0.998434212,40.718194700000026
7025,-73.89768667,40.81489833,24-07-2021 15:23,0.998434212,40.718194700000026
7026,-73.897715,40.81494167,24-07-2021 15:23,1.000597926,40.718194700000026
7027,-73.897755,40.81497667,24-07-2021 15:23,1.000597926,39.49796156000002
7028,-73.89781333,40.81500667,24-07-2021 15:23,0.998434212,39.49796156000002
7029,-73.89787833,40.81503667,24-07-2021 15:23,0.998434212,39.49796156000002
7030,-73.89794333,40.81507667,24-07-2021 15:23,1.000597926,39.49796156000002
7031,-73.89800833,40.81511667,24-07-2021 15:24,1.000597926,38.325580700000046
7032,-73.89806833,40.81516167,24-07-2021 15:24,0.998434212,38.325580700000046
7033,-73.898135,40.8152,24-07-2021 15:24,0.998434212,37.51892798000006
7034,-73.89820167,40.81523667,24-07-2021 15:24,1.004925356,37.51892798000006
7035,-73.898255,40.815265,24-07-2021 15:24,1.005045563,37.51892798000006
7036,-73.89829667,40.81528333,24-07-2021 15:24,1.005045563,37.51892798000006
7037,-73.89832333,40.8153,24-07-2021 15:24,1.005045563,37.51892798000006
7038,-73.89838333,40.815415,24-07-2021 15:24,1.007209277,37.51892798000006
7039,-73.89833833,40.815475,24-07-2021 15:24,1.007209277,36.66784100000001
7040,-73.89829333,40.81551833,24-07-2021 15:24,1.007209277,36.66784100000001
7041,-73.89824667,40.81556333,24-07-2021 15:24,1.007209277,36.66784100000001
7042,-73.89819833,40.81560167,24-07-2021 15:24,1.007209277,36.66784100000001
7043,-73.898155,40.81564833,24-07-2021 15:24,1.007209277,36.13121186000001
7044,-73.898105,40.81569167,24-07-2021 15:24,1.011536707,36.13121186000001
7045,-73.898025,40.81578,24-07-2021 15:24,1.009372992,36.29869484000005
7046,-73.89798,40.81582167,24-07-2021 15:24,1.009372992,36.29869484000005
7047,-73.89793833,40.81586667,24-07-2021 15:24,1.007209277,36.29869484000005
7048,-73.89789167,40.81590833,24-07-2021 15:24,1.007209277,36.29869484000005
7049,-73.897845,40.815955,24-07-2021 15:24,1.007209277,35.85093422
7050,-73.897795,40.816,24-07-2021 15:24,1.007209277,35.85093422
7051,-73.89774833,40.81605167,24-07-2021 15:24,1.007209277,35.85093422
7052,-73.89764333,40.81613667,24-07-2021 15:24,1.005045563,36.81481586000001
7053,-73.89758333,40.81618833,24-07-2021 15:24,1.005045563,36.41490752000004
7054,-73.89748833,40.81627833,24-07-2021 15:24,1.009372992,36.41490752000004
7055,-73.897465,40.81632667,24-07-2021 15:24,1.009372992,36.41490752000004
7056,-73.89742333,40.81637333,24-07-2021 15:24,1.009372992,36.41490752000004
7057,-73.89737167,40.816415,24-07-2021 15:24,1.015864137,37.46423966000003
7058,-73.89733,40.81646167,24-07-2021 15:24,1.015864137,37.101929540000015
7059,-73.89728833,40.81650167,24-07-2021 15:24,1.013700422,37.101929540000015
7060,-73.89725333,40.81653667,24-07-2021 15:24,1.013700422,37.101929540000015
7061,-73.89723,40.816555,24-07-2021 15:24,1.011536707,37.101929540000015
7062,-73.897175,40.81670667,24-07-2021 15:24,1.020191567,37.101929540000015
7063,-73.89720833,40.81673833,24-07-2021 15:24,1.020191567,36.886594280000054
7064,-73.89725667,40.81677667,24-07-2021 15:24,1.018027852,36.886594280000054
7065,-73.89731,40.816815,24-07-2021 15:24,1.018027852,36.886594280000054
7066,-73.89737667,40.816865,24-07-2021 15:24,1.015864137,36.886594280000054
7067,-73.89744167,40.81691333,24-07-2021 15:24,1.015864137,36.199572260000025
7068,-73.89750167,40.816965,24-07-2021 15:24,1.013700422,36.199572260000025
7069,-73.89757833,40.81705333,24-07-2021 15:26,1.013700422,36.47643188000001
7070,-73.897605,40.81707833,24-07-2021 15:27,1.015864137,36.47643188000001
7071,-73.89762167,40.81709667,24-07-2021 15:27,1.015864137,36.47643188000001
7072,-73.89770167,40.81716833,24-07-2021 15:27,1.011536707,36.47643188000001
7073,-73.89782,40.81723333,24-07-2021 15:27,1.011656914,36.22349840000004
7074,-73.89789833,40.81727833,24-07-2021 15:27,1.011656914,36.22349840000004
7075,-73.89797833,40.81733167,24-07-2021 15:27,1.007329484,36.22349840000004
7076,-73.89806667,40.81739333,24-07-2021 15:27,1.007329484,36.61657070000001
7077,-73.89834667,40.81758167,24-07-2021 15:27,1.005165769,37.04382320000002
7078,-73.89844333,40.81764667,24-07-2021 15:27,1.005165769,37.180544000000054
7079,-73.898535,40.81770833,24-07-2021 15:27,0.998674624,37.20447014000001
7080,-73.898615,40.81777833,24-07-2021 15:27,0.998674624,37.20447014000001
7081,-73.89869833,40.81784333,24-07-2021 15:27,1.000838339,37.20447014000001
7082,-73.898785,40.81790333,24-07-2021 15:27,1.000838339,36.544792280000024
7083,-73.89887,40.817965,24-07-2021 15:27,1.005165769,36.544792280000024
7084,-73.89894167,40.81802333,24-07-2021 15:27,1.005165769,36.544792280000024
7085,-73.89901333,40.818075,24-07-2021 15:27,1.005165769,36.544792280000024
7086,-73.89906833,40.818115,24-07-2021 15:27,1.005165769,36.544792280000024
7087,-73.89913167,40.818185,24-07-2021 15:27,1.003002054,36.68151308000006
7088,-73.89914333,40.81822167,24-07-2021 15:27,1.005165769,36.68151308000006
7089,-73.899105,40.81830333,24-07-2021 15:27,1.005165769,36.68151308000006
7090,-73.899055,40.81834667,24-07-2021 15:27,1.005165769,36.2918588
7091,-73.89885667,40.81853,24-07-2021 15:28,0.998674624,36.086777600000005
7092,-73.89879333,40.81860167,24-07-2021 15:28,0.994347195,36.086777600000005
7093,-73.89872833,40.818675,24-07-2021 15:28,0.994347195,35.37582944000002
7094,-73.89867167,40.81873667,24-07-2021 15:28,0.99218348,35.34164924000004
7095,-73.89845333,40.81892667,24-07-2021 15:28,0.99218348,35.34164924000004
7096,-73.89839333,40.818975,24-07-2021 15:28,0.994347195,36.15171998000005
7097,-73.89835,40.819015,24-07-2021 15:28,0.994347195,35.51596826000002
7098,-73.898315,40.81904167,24-07-2021 15:28,1.000838339,35.51596826000002
7099,-73.89823333,40.81911833,24-07-2021 15:28,0.998674624,35.51596826000002
7100,-73.89817667,40.81917333,24-07-2021 15:28,0.998674624,35.51596826000002
7101,-73.89805667,40.81929833,24-07-2021 15:28,0.996510909,36.021835220000014
7102,-73.89799167,40.819365,24-07-2021 15:28,0.994347195,35.47153400000002
7103,-73.89785833,40.819495,24-07-2021 15:28,0.990019765,35.47153400000002
7104,-73.897785,40.81956167,24-07-2021 15:28,0.990019765,35.99449106000003
7105,-73.89771167,40.81963,24-07-2021 15:28,0.994347195,35.99449106000003
7106,-73.89764333,40.81969333,24-07-2021 15:28,0.994347195,35.27670685999999
7107,-73.897545,40.81979167,24-07-2021 15:28,0.990019765,36.134629880000034
7108,-73.89751333,40.81982333,24-07-2021 15:28,0.98785605,36.134629880000034
7109,-73.89748667,40.81984667,24-07-2021 15:28,0.98785605,36.134629880000034
7110,-73.89745333,40.81988167,24-07-2021 15:28,0.98785605,36.134629880000034
7111,-73.89741167,40.81992333,24-07-2021 15:28,0.98785605,36.134629880000034
7112,-73.89735833,40.819975,24-07-2021 15:28,0.98352862,36.134629880000034
7113,-73.8973,40.82002667,24-07-2021 15:28,0.98352862,36.134629880000034
7114,-73.89719167,40.82009833,24-07-2021 15:28,0.985692335,35.41000964
7115,-73.89714167,40.82011833,24-07-2021 15:28,0.985692335,35.41000964
7116,-73.89709667,40.82013167,24-07-2021 15:28,0.985692335,35.41000964
7117,-73.89705167,40.82013833,24-07-2021 15:28,0.985692335,35.41000964
7118,-73.89695333,40.820135,24-07-2021 15:28,0.98785605,35.41000964
7119,-73.89689667,40.82012,24-07-2021 15:28,0.985692335,35.003265260000035
7120,-73.8967,40.81993667,24-07-2021 15:28,0.985692335,35.26303478
7121,-73.896655,40.81986333,24-07-2021 15:28,0.985692335,35.26303478
7122,-73.896615,40.81978333,24-07-2021 15:28,0.990019765,35.26303478
7123,-73.89657333,40.81969167,24-07-2021 15:28,0.990019765,35.36899340000002
7124,-73.89652,40.81959667,24-07-2021 15:28,0.990019765,35.22543656000005
7125,-73.89647,40.81950333,24-07-2021 15:28,0.990019765,35.22543656000005
7126,-73.896365,40.81930833,24-07-2021 15:28,0.98352862,35.19467438000004
7127,-73.89630833,40.81921,24-07-2021 15:29,0.99218348,35.19467438000004
7128,-73.896255,40.819115,24-07-2021 15:29,0.99218348,35.987655020000034
7129,-73.89620167,40.81901833,24-07-2021 15:29,0.98352862,35.987655020000034
7130,-73.896095,40.81881833,24-07-2021 15:29,0.99218348,34.70247949999998
7131,-73.89604,40.81871833,24-07-2021 15:29,0.99218348,34.70247949999998
7132,-73.89598667,40.81862333,24-07-2021 15:29,0.996631116,34.70247949999998
7133,-73.89593667,40.81853,24-07-2021 15:29,0.996631116,35.26303478
7134,-73.89589667,40.81844833,24-07-2021 15:29,0.998794831,35.26303478
7135,-73.895865,40.818385,24-07-2021 15:29,0.998794831,35.26303478
7136,-73.89584333,40.81834,24-07-2021 15:29,0.998794831,35.26303478
7137,-73.895825,40.818305,24-07-2021 15:29,0.998794831,35.12631398000002
7138,-73.89581167,40.81827833,24-07-2021 15:29,0.998794831,35.12631398000002
7139,-73.89576167,40.81816833,24-07-2021 15:29,1.000958546,35.12631398000002
7140,-73.89573833,40.81813333,24-07-2021 15:29,1.000958546,35.12631398000002
7141,-73.895715,40.81808833,24-07-2021 15:29,1.000958546,35.12631398000002
7142,-73.895645,40.81794833,24-07-2021 15:29,1.00312226,35.95689284000002
7143,-73.895605,40.81787333,24-07-2021 15:29,0.998794831,35.95689284000002
7144,-73.89556,40.81780167,24-07-2021 15:29,0.998794831,36.58580852
7145,-73.89551333,40.81773667,24-07-2021 15:29,0.998794831,37.25574044000001
7146,-73.89543,40.817625,24-07-2021 15:29,0.998794831,37.25574044000001
7147,-73.89539833,40.81755167,24-07-2021 15:29,0.992303686,37.25574044000001
7148,-73.89539167,40.81753333,24-07-2021 15:29,0.992303686,37.25574044000001
7149,-73.89538,40.81742667,24-07-2021 15:29,0.992423892,38.01795890000005
7150,-73.89536333,40.81739167,24-07-2021 15:29,0.992423892,38.01795890000005
7151,-73.89533667,40.81736333,24-07-2021 15:29,0.994587607,38.01795890000005
7152,-73.8953,40.81734333,24-07-2021 15:29,0.994587607,38.01795890000005
7153,-73.895195,40.817355,24-07-2021 15:29,0.992423892,37.88123810000002
7154,-73.895145,40.81738167,24-07-2021 15:29,0.992423892,37.88123810000002
7155,-73.89509667,40.81741667,24-07-2021 15:29,0.992423892,37.88123810000002
7156,-73.89504167,40.81745833,24-07-2021 15:29,0.988096463,37.88123810000002
7157,-73.89499333,40.81750167,24-07-2021 15:29,0.988096463,37.88123810000002
7158,-73.89494667,40.81754833,24-07-2021 15:29,0.994587607,37.37195312000006
7159,-73.89489167,40.817605,24-07-2021 15:29,0.994587607,37.37195312000006
7160,-73.89484167,40.81764,24-07-2021 15:29,0.992423892,36.907102399999985
7161,-73.89477333,40.81768333,24-07-2021 15:29,0.992423892,36.907102399999985
7162,-73.89471167,40.81773667,24-07-2021 15:29,1.001078752,36.907102399999985
7163,-73.89458,40.81784333,24-07-2021 15:29,1.001078752,36.82848794000006
7164,-73.894485,40.81791333,24-07-2021 15:30,1.001078752,36.70885724000004
7165,-73.89445167,40.817935,24-07-2021 15:30,1.001078752,36.70885724000004
7166,-73.89442333,40.81795667,24-07-2021 15:30,1.001078752,36.70885724000004
7167,-73.89412833,40.81823833,24-07-2021 15:30,1.007569897,37.836803840000016
7168,-73.89409167,40.818285,24-07-2021 15:30,1.007569897,37.836803840000016
7169,-73.89405833,40.81832667,24-07-2021 15:30,1.005406182,37.836803840000016
7170,-73.89401833,40.81837333,24-07-2021 15:30,1.005406182,38.838283700000034
7171,-73.89398167,40.81841667,24-07-2021 15:30,1.007569897,38.838283700000034
7172,-73.89393,40.81846167,24-07-2021 15:30,1.007569897,38.838283700000034
7173,-73.89388,40.81850167,24-07-2021 15:30,1.007569897,38.838283700000034
7174,-73.89383333,40.81853667,24-07-2021 15:30,1.007569897,38.838283700000034
7175,-73.89378667,40.81857167,24-07-2021 15:30,1.009733611,38.87929994000001
7176,-73.89373833,40.818605,24-07-2021 15:30,1.009733611,39.37149482000001
7177,-73.89369333,40.81863333,24-07-2021 15:30,1.011897326,39.37149482000001
7178,-73.89365167,40.81865833,24-07-2021 15:30,1.011897326,39.37149482000001
7179,-73.89360833,40.81870833,24-07-2021 15:30,1.011897326,39.37149482000001
7180,-73.89352833,40.81880333,24-07-2021 15:30,1.011897326,39.37149482000001
7181,-73.89347333,40.81885167,24-07-2021 15:30,1.009733611,39.37149482000001
7182,-73.89342167,40.81891167,24-07-2021 15:30,1.009733611,38.164933760000054
7183,-73.893375,40.81897667,24-07-2021 15:30,1.007569897,38.164933760000054
7184,-73.89332667,40.81905167,24-07-2021 15:30,1.007569897,38.164933760000054
7185,-73.89329667,40.819085,24-07-2021 15:30,1.005406182,38.164933760000054
7186,-73.89327,40.81910667,24-07-2021 15:30,1.005406182,38.164933760000054
7187,-73.89323833,40.81913167,24-07-2021 15:30,1.011897326,38.164933760000054
7188,-73.89315833,40.81921833,24-07-2021 15:30,1.022836107,37.597542439999984
7189,-73.893125,40.81925,24-07-2021 15:30,1.022836107,37.597542439999984
7190,-73.893085,40.81928833,24-07-2021 15:30,1.012017533,37.597542439999984
7191,-73.89299,40.81938167,24-07-2021 15:30,1.012017533,37.38562520000005
7192,-73.89293333,40.81943667,24-07-2021 15:30,1.018508677,37.279666580000026
7193,-73.892875,40.81949167,24-07-2021 15:30,1.018508677,37.279666580000026
7194,-73.89281833,40.81953833,24-07-2021 15:30,1.014181248,37.279666580000026
7195,-73.892765,40.81958833,24-07-2021 15:30,1.014181248,37.279666580000026
7196,-73.89270833,40.81964,24-07-2021 15:30,1.016344962,37.248904400000015
7197,-73.89265333,40.81969333,24-07-2021 15:30,1.016344962,37.46423966000003
7198,-73.89259833,40.819745,24-07-2021 15:30,1.016344962,37.46423966000003
7199,-73.89254167,40.81979667,24-07-2021 15:30,1.016344962,37.46423966000003
7200,-73.892485,40.81984833,24-07-2021 15:30,1.009853818,37.46423966000003
7201,-73.89243333,40.81989833,24-07-2021 15:30,1.009853818,37.46423966000003
7202,-73.89237833,40.81994833,24-07-2021 15:30,1.009853818,37.46423966000003
7203,-73.89233,40.81998833,24-07-2021 15:30,1.009853818,38.25038426000003
7204,-73.89228667,40.82003833,24-07-2021 15:30,1.003362673,38.25038426000003
7205,-73.89224667,40.82010167,24-07-2021 15:30,1.003362673,38.25038426000003
7206,-73.89218167,40.82017333,24-07-2021 15:30,1.007690103,38.25038426000003
7207,-73.89211833,40.82025167,24-07-2021 15:30,1.007690103,38.26063832
7208,-73.892055,40.820335,24-07-2021 15:30,1.007690103,38.26063832
7209,-73.89195,40.82045667,24-07-2021 15:30,1.007690103,38.20253198
7210,-73.89190667,40.82050333,24-07-2021 15:30,1.007690103,37.87098404000005
7211,-73.89185833,40.820555,24-07-2021 15:30,1.003362673,37.87098404000005
7212,-73.891815,40.82061,24-07-2021 15:30,1.003362673,37.87098404000005
7213,-73.89177667,40.82066333,24-07-2021 15:30,1.001198958,37.87098404000005
7214,-73.89174667,40.82070833,24-07-2021 15:31,1.001198958,37.87098404000005
7215,-73.89172833,40.82074,24-07-2021 15:31,0.999035243,37.87098404000005
7216,-73.89171833,40.82075833,24-07-2021 15:31,0.999035243,37.87098404000005
7217,-73.89167333,40.82067667,24-07-2021 15:31,1.016465169,37.87098404000005
7218,-73.89166833,40.82069833,24-07-2021 15:31,1.009974024,37.87098404000005
7219,-73.89165667,40.82075333,24-07-2021 15:31,1.012137739,37.87098404000005
7220,-73.89164667,40.82079167,24-07-2021 15:31,1.012137739,37.426641440000026
7221,-73.89163833,40.82083333,24-07-2021 15:31,1.009974024,37.426641440000026
7222,-73.89163167,40.82087333,24-07-2021 15:31,1.009974024,37.597542439999984
7223,-73.89162667,40.82090667,24-07-2021 15:31,1.009974024,37.597542439999984
7224,-73.891625,40.82093833,24-07-2021 15:31,1.009974024,37.597542439999984
7225,-73.89161667,40.82097667,24-07-2021 15:31,1.007810309,37.597542439999984
7226,-73.89160667,40.82102333,24-07-2021 15:31,1.007810309,37.597542439999984
7227,-73.891595,40.821075,24-07-2021 15:31,1.001319165,37.197634100000016
7228,-73.891585,40.82112833,24-07-2021 15:31,1.001319165,37.197634100000016
7229,-73.89158333,40.82124667,24-07-2021 15:31,0.996991735,37.197634100000016
7230,-73.891585,40.821315,24-07-2021 15:31,0.99915545,37.218142220000004
7231,-73.89158333,40.821385,24-07-2021 15:31,0.99915545,37.218142220000004
7232,-73.891605,40.82160833,24-07-2021 15:31,1.001319165,37.50525590000001
7233,-73.89161333,40.82168,24-07-2021 15:31,1.001319165,37.50525590000001
7234,-73.89162333,40.82183333,24-07-2021 15:31,1.007930516,37.50525590000001
7235,-73.89162667,40.82191,24-07-2021 15:31,1.007930516,37.71033710000006
7236,-73.89162833,40.82198333,24-07-2021 15:31,1.010094231,37.71033710000006
7237,-73.89162833,40.82205667,24-07-2021 15:31,1.010094231,37.71033710000006
7238,-73.89162833,40.82212667,24-07-2021 15:31,1.007930516,37.82654978000005
7239,-73.89163167,40.822195,24-07-2021 15:31,1.007930516,37.82654978000005
7240,-73.89163167,40.82226,24-07-2021 15:31,1.010094231,37.248904400000015
7241,-73.89164333,40.82239167,24-07-2021 15:31,1.012257945,37.132691720000025
7242,-73.89165667,40.82246167,24-07-2021 15:31,1.012257945,37.132691720000025
7243,-73.89166333,40.822535,24-07-2021 15:31,1.01442166,37.132691720000025
7244,-73.89166833,40.82260667,24-07-2021 15:31,1.01442166,37.132691720000025
7245,-73.89167333,40.82267,24-07-2021 15:31,1.010094231,36.97546280000006
7246,-73.89168167,40.82272833,24-07-2021 15:31,1.010094231,36.97546280000006
7247,-73.891685,40.82278167,24-07-2021 15:31,1.01442166,36.97546280000006
7248,-73.891685,40.82282833,24-07-2021 15:31,1.01442166,36.97546280000006
7249,-73.89168167,40.822875,24-07-2021 15:31,1.012257945,36.97546280000006
7250,-73.89168,40.82292,24-07-2021 15:31,1.012257945,37.82654978000005
7251,-73.89167667,40.82297333,24-07-2021 15:31,1.01442166,37.82654978000005
7252,-73.891685,40.82317167,24-07-2021 15:31,1.016585375,37.82654978000005
7253,-73.891685,40.82322833,24-07-2021 15:31,1.012257945,37.85047592000001
7254,-73.89169,40.82328333,24-07-2021 15:31,1.012257945,37.85047592000001
7255,-73.89169667,40.82333167,24-07-2021 15:32,1.012257945,37.85047592000001
7256,-73.89172167,40.82345167,24-07-2021 15:32,1.02307652,37.85047592000001
7257,-73.89172167,40.823495,24-07-2021 15:32,1.02307652,38.069229199999995
7258,-73.89172333,40.82354167,24-07-2021 15:32,1.020912805,38.069229199999995
7259,-73.891725,40.82359167,24-07-2021 15:32,1.020912805,38.069229199999995
7260,-73.89172833,40.82364,24-07-2021 15:32,1.02740395,38.069229199999995
7261,-73.89173167,40.82372333,24-07-2021 15:32,1.02740395,38.332416739999985
7262,-73.891745,40.82379333,24-07-2021 15:32,1.02740395,38.332416739999985
7263,-73.89175,40.82382333,24-07-2021 15:32,1.02740395,38.332416739999985
7264,-73.89175667,40.823855,24-07-2021 15:32,1.02740395,38.332416739999985
7265,-73.891765,40.82393,24-07-2021 15:32,1.025240235,38.332416739999985
7266,-73.89177,40.82396667,24-07-2021 15:32,1.031731379,38.332416739999985
7267,-73.89177333,40.82400833,24-07-2021 15:32,1.031731379,37.624886600000025
7268,-73.89178,40.82411,24-07-2021 15:32,1.02740395,37.624886600000025
7269,-73.89178333,40.82416333,24-07-2021 15:32,1.031731379,37.624886600000025
7270,-73.89179,40.82421667,24-07-2021 15:32,1.031731379,37.624886600000025
7271,-73.891795,40.82427,24-07-2021 15:32,1.031731379,37.97352464000005
7272,-73.89179167,40.82436833,24-07-2021 15:32,1.025240235,37.97352464000005
7273,-73.89179,40.82441667,24-07-2021 15:32,1.025240235,37.97352464000005
7274,-73.89179,40.824465,24-07-2021 15:32,1.02307652,37.97352464000005
7275,-73.89179,40.824515,24-07-2021 15:32,1.023196726,37.97352464000005
7276,-73.89178333,40.82457,24-07-2021 15:32,1.025360441,38.216204059999995
7277,-73.89177333,40.82461667,24-07-2021 15:32,1.025360441,38.216204059999995
7278,-73.89173833,40.82465333,24-07-2021 15:32,1.023196726,38.216204059999995
7279,-73.89169167,40.82468833,24-07-2021 15:32,1.023196726,38.216204059999995
7280,-73.891635,40.82471,24-07-2021 15:33,1.021033011,38.216204059999995
7281,-73.89158167,40.82472833,24-07-2021 15:33,1.021033011,38.216204059999995
7282,-73.89146333,40.82481833,24-07-2021 15:33,1.031851586,37.86756602000003
7283,-73.89140667,40.82483833,24-07-2021 15:33,1.029687871,37.86756602000003
7284,-73.89126833,40.82489833,24-07-2021 15:33,1.031851586,37.86756602000003
7285,-73.89119,40.82493833,24-07-2021 15:33,1.031851586,37.86756602000003
7286,-73.89095167,40.82507333,24-07-2021 15:33,1.025360441,37.56336224000006
7287,-73.89086167,40.82511333,24-07-2021 15:33,1.025360441,37.56336224000006
7288,-73.89076167,40.825165,24-07-2021 15:33,1.021033011,37.19079806000002
7289,-73.89065667,40.82522833,24-07-2021 15:33,1.021033011,37.19079806000002
7290,-73.890555,40.82528667,24-07-2021 15:33,1.018869297,37.19079806000002
7291,-73.89034667,40.82541,24-07-2021 15:33,1.018869297,37.054077259999985
7292,-73.89023833,40.82546667,24-07-2021 15:33,1.018869297,37.054077259999985
7293,-73.89013167,40.82552167,24-07-2021 15:33,1.018869297,37.054077259999985
7294,-73.890025,40.82557667,24-07-2021 15:33,1.012378152,36.56871841999998
7295,-73.88991667,40.82563,24-07-2021 15:33,1.012378152,36.57213644000001
7296,-73.88980667,40.82568667,24-07-2021 15:33,1.012378152,36.57213644000001
7297,-73.8897,40.82574333,24-07-2021 15:33,1.012378152,36.59264456000005
7298,-73.889595,40.82580167,24-07-2021 15:33,1.012378152,36.59264456000005
7299,-73.88938833,40.82591667,24-07-2021 15:33,1.008050722,37.13610974000005
7300,-73.88929,40.82596667,24-07-2021 15:33,1.008050722,37.13610974000005
7301,-73.8892,40.82601333,24-07-2021 15:33,1.008050722,37.13610974000005
7302,-73.88911667,40.82605667,24-07-2021 15:33,1.008050722,37.13610974000005
7303,-73.88904167,40.8261,24-07-2021 15:33,1.010214437,37.13610974000005
7304,-73.88890833,40.82617333,24-07-2021 15:33,1.005887007,37.26941252000006
7305,-73.88886167,40.82617833,24-07-2021 15:33,1.005887007,37.26941252000006
7306,-73.88881833,40.82617333,24-07-2021 15:33,1.008050722,37.26941252000006
7307,-73.88878167,40.82615333,24-07-2021 15:33,1.008050722,37.26941252000006
7308,-73.88876,40.826115,24-07-2021 15:33,1.001559577,37.11218359999998
7309,-73.88874833,40.82608,24-07-2021 15:33,1.001559577,37.11218359999998
7310,-73.88874,40.82603833,24-07-2021 15:33,1.008050722,37.11218359999998
7311,-73.888735,40.82598333,24-07-2021 15:33,1.008050722,37.11218359999998
7312,-73.88873,40.82583167,24-07-2021 15:33,1.008050722,36.53453822000006
7313,-73.88872167,40.825745,24-07-2021 15:33,1.008050722,36.53453822000006
7314,-73.88871667,40.825665,24-07-2021 15:33,1.008050722,36.53453822000006
7315,-73.88871667,40.82558667,24-07-2021 15:33,1.008050722,36.28844078000003
7316,-73.88871,40.82543,24-07-2021 15:33,1.008050722,36.28844078000003
7317,-73.88871833,40.82535,24-07-2021 15:33,1.001559577,36.28844078000003
7318,-73.88873,40.82510833,24-07-2021 15:33,1.006007214,36.035507300000006
7319,-73.88872,40.82501833,24-07-2021 15:33,1.008170928,36.784053680000056
7320,-73.88867833,40.82466167,24-07-2021 15:33,1.003843499,36.40465346000002
7321,-73.88867,40.82456167,24-07-2021 15:33,1.003843499,36.17564612000001
7322,-73.88866,40.82446833,24-07-2021 15:33,0.999516069,35.44077182000001
7323,-73.88865,40.82437667,24-07-2021 15:33,0.999516069,35.44077182000001
7324,-73.88864667,40.82428667,24-07-2021 15:33,0.997352354,35.44077182000001
7325,-73.88864333,40.82419833,24-07-2021 15:33,0.997352354,34.746913759999984
7326,-73.88863833,40.824115,24-07-2021 15:33,1.001679784,34.746913759999984
7327,-73.888625,40.82403167,24-07-2021 15:33,1.001679784,34.746913759999984
7328,-73.88861333,40.82394833,24-07-2021 15:34,1.001679784,34.15559630000001
7329,-73.888615,40.82386667,24-07-2021 15:34,1.001679784,34.15559630000001
7330,-73.88861667,40.82378667,24-07-2021 15:34,0.999516069,34.15559630000001
7331,-73.88861333,40.82370833,24-07-2021 15:34,0.999516069,33.93000698000003
7332,-73.88860667,40.82363,24-07-2021 15:34,1.001679784,33.93000698000003
7333,-73.8886,40.82355667,24-07-2021 15:34,1.001679784,33.93000698000003
7334,-73.88859333,40.82348667,24-07-2021 15:34,1.001679784,33.93000698000003
7335,-73.88859333,40.82338,24-07-2021 15:34,0.997352354,34.08039986000006
7336,-73.88858333,40.82334667,24-07-2021 15:34,0.997352354,34.08039986000006
7337,-73.88858167,40.82332833,24-07-2021 15:34,0.993024924,34.08039986000006
7338,-73.88855833,40.82328667,24-07-2021 15:34,0.999516069,34.08039986000006
7339,-73.88849333,40.82322667,24-07-2021 15:34,0.999516069,34.08039986000006
7340,-73.88843833,40.82320833,24-07-2021 15:34,0.98653378,34.08039986000006
7341,-73.88836,40.823205,24-07-2021 15:34,0.98653378,34.497398299999986
7342,-73.888265,40.82321167,24-07-2021 15:34,0.988697495,34.497398299999986
7343,-73.88817,40.82322,24-07-2021 15:34,0.988697495,34.497398299999986
7344,-73.88806833,40.82322667,24-07-2021 15:34,0.98653378,34.497398299999986
7345,-73.88788833,40.82323333,24-07-2021 15:34,0.984370065,34.955412980000006
7346,-73.887815,40.823235,24-07-2021 15:34,0.984370065,34.955412980000006
7347,-73.88775167,40.82323667,24-07-2021 15:34,0.97787892,34.955412980000006
7348,-73.88768333,40.82324,24-07-2021 15:34,0.97787892,35.53989439999998
7349,-73.88761167,40.82324167,24-07-2021 15:34,0.975715205,35.53989439999998
7350,-73.88753,40.82324,24-07-2021 15:35,0.975715205,35.53989439999998
7351,-73.88744167,40.82323667,24-07-2021 15:35,0.98220635,35.53989439999998
7352,-73.88736333,40.82323667,24-07-2021 15:35,0.98220635,35.53989439999998
7353,-73.88729833,40.82323667,24-07-2021 15:35,0.984370065,36.134629880000034
7354,-73.88725167,40.82323167,24-07-2021 15:35,0.984370065,36.134629880000034
7355,-73.88712833,40.82322333,24-07-2021 15:35,0.980042635,36.134629880000034
7356,-73.88711,40.82319833,24-07-2021 15:35,0.980042635,36.134629880000034
7357,-73.88710167,40.82316833,24-07-2021 15:35,0.980042635,36.12095780000004
7358,-73.887115,40.823125,24-07-2021 15:35,0.980042635,36.12095780000004
7359,-73.88713833,40.82307,24-07-2021 15:35,0.975715205,36.12095780000004
7360,-73.88716833,40.82300667,24-07-2021 15:35,0.975715205,36.12095780000004
7361,-73.88720667,40.82294,24-07-2021 15:35,0.980042635,36.12095780000004
7362,-73.88731333,40.822805,24-07-2021 15:35,0.975715205,36.88317626000003
7363,-73.887435,40.82266667,24-07-2021 15:35,0.975715205,36.40123544000005
7364,-73.88758833,40.82253333,24-07-2021 15:35,0.98220635,37.00280696000004
7365,-73.88767,40.82246833,24-07-2021 15:35,0.980042635,37.00280696000004
7366,-73.88783,40.82233667,24-07-2021 15:35,0.98653378,37.35144500000001
7367,-73.88792167,40.82226833,24-07-2021 15:35,0.98653378,37.35144500000001
7368,-73.88801167,40.82219833,24-07-2021 15:35,0.990861209,37.35144500000001
7369,-73.888095,40.82213,24-07-2021 15:35,0.990861209,36.94128260000002
7370,-73.88826,40.82200833,24-07-2021 15:35,0.993024924,36.903684380000016
7371,-73.888345,40.82195333,24-07-2021 15:35,1.006007214,36.903684380000016
7372,-73.88852167,40.82184,24-07-2021 15:35,1.008170928,37.050659240000016
7373,-73.88860333,40.82178,24-07-2021 15:35,1.008170928,36.81139784000004
7374,-73.88867,40.82173,24-07-2021 15:35,1.014662073,36.81139784000004
7375,-73.88872833,40.821685,24-07-2021 15:35,1.014662073,36.81139784000004
7376,-73.888835,40.82161,24-07-2021 15:35,1.021153218,36.93102854000006
7377,-73.88888167,40.82158,24-07-2021 15:35,1.021153218,36.93102854000006
7378,-73.88892167,40.821555,24-07-2021 15:35,1.021273424,36.85583210000004
7379,-73.88894833,40.82153667,24-07-2021 15:35,1.021273424,36.85583210000004
7380,-73.88897167,40.82152167,24-07-2021 15:35,1.021273424,36.85583210000004
7381,-73.88899167,40.82151,24-07-2021 15:35,1.023437139,36.85583210000004
7382,-73.88913167,40.82143,24-07-2021 15:35,1.027764569,36.73620140000003
7383,-73.88917167,40.82140333,24-07-2021 15:35,1.027764569,36.73620140000003
7384,-73.88922167,40.82137167,24-07-2021 15:35,1.034255713,36.73620140000003
7385,-73.889325,40.82130667,24-07-2021 15:35,1.034255713,36.73620140000003
7386,-73.88936667,40.82127833,24-07-2021 15:35,1.034255713,36.84557804000002
7387,-73.889405,40.82125333,24-07-2021 15:35,1.042910573,36.84557804000002
7388,-73.889435,40.82123167,24-07-2021 15:35,1.042910573,36.84557804000002
7389,-73.88945667,40.821215,24-07-2021 15:35,1.042910573,36.84557804000002
7390,-73.89132167,40.81974667,24-07-2021 15:35,1.043030779,37.36853510000003
7391,-73.891435,40.81970667,24-07-2021 15:35,1.034496126,37.36853510000003
7392,-73.891465,40.81969,24-07-2021 15:35,1.032332411,37.36853510000003
7393,-73.89154333,40.81963667,24-07-2021 15:35,1.028004982,36.886594280000054
7394,-73.89170167,40.81952667,24-07-2021 15:35,1.034496126,37.166871920000006
7395,-73.89173667,40.819485,24-07-2021 15:36,1.025841267,37.166871920000006
7396,-73.89177833,40.81944833,24-07-2021 15:36,1.025841267,37.166871920000006
7397,-73.89181333,40.81941667,24-07-2021 15:36,1.032332411,37.166871920000006
7398,-73.89184167,40.81939167,24-07-2021 15:36,1.032332411,36.790889719999996
7399,-73.89187833,40.81935333,24-07-2021 15:36,1.028004982,36.790889719999996
7400,-73.89189833,40.81933167,24-07-2021 15:36,1.028004982,36.790889719999996
7401,-73.89193667,40.819295,24-07-2021 15:36,1.021513837,36.790889719999996
7402,-73.891975,40.819255,24-07-2021 15:36,1.021513837,36.790889719999996
7403,-73.892025,40.81921,24-07-2021 15:36,1.021513837,37.00280696000004
7404,-73.89207333,40.81916667,24-07-2021 15:36,1.021513837,37.00280696000004
7405,-73.89211833,40.81912167,24-07-2021 15:36,1.034496126,36.934446560000026
7406,-73.89220667,40.81902833,24-07-2021 15:36,1.038823556,36.934446560000026
7407,-73.892255,40.81897333,24-07-2021 15:36,1.038823556,36.934446560000026
7408,-73.89231,40.81891,24-07-2021 15:36,1.036659841,36.934446560000026
7409,-73.89237167,40.81883667,24-07-2021 15:36,1.036659841,37.11218359999998
7410,-73.89243333,40.81876667,24-07-2021 15:36,1.032332411,37.11218359999998
7411,-73.89249667,40.81869667,24-07-2021 15:36,1.032332411,37.11218359999998
7412,-73.89268667,40.818475,24-07-2021 15:36,1.028004982,37.07458538000003
7413,-73.89273833,40.81841333,24-07-2021 15:36,1.028004982,37.55652620000001
7414,-73.89278333,40.81835833,24-07-2021 15:36,1.028004982,37.55652620000001
7415,-73.89282333,40.81831167,24-07-2021 15:36,1.028004982,37.30701074000001
7416,-73.89285167,40.81827667,24-07-2021 15:36,1.028004982,37.30701074000001
7417,-73.89287,40.81825167,24-07-2021 15:36,1.028004982,37.30701074000001
7418,-73.89295167,40.81814,24-07-2021 15:36,1.034496126,37.30701074000001
7419,-73.893,40.81809,24-07-2021 15:36,1.028125188,37.30701074000001
7420,-73.89302667,40.81806333,24-07-2021 15:36,1.028125188,36.739619420000054
7421,-73.893055,40.818035,24-07-2021 15:36,1.032452618,36.739619420000054
7422,-73.89308333,40.81800833,24-07-2021 15:36,1.032452618,37.06774933999998
7423,-73.89311833,40.81797833,24-07-2021 15:36,1.032452618,37.06774933999998
7424,-73.89315333,40.81794667,24-07-2021 15:36,1.032452618,37.06774933999998
7425,-73.89318333,40.817915,24-07-2021 15:36,1.030288903,37.06774933999998
7426,-73.89320833,40.81788,24-07-2021 15:36,1.030288903,37.06774933999998
7427,-73.89322167,40.81784167,24-07-2021 15:36,1.034616333,37.06774933999998
7428,-73.89321667,40.81780333,24-07-2021 15:36,1.034616333,37.06774933999998
7429,-73.89319667,40.81776167,24-07-2021 15:36,1.025961473,36.86608616000001
7430,-73.89317333,40.81770833,24-07-2021 15:36,1.025961473,36.86608616000001
7431,-73.89313333,40.81766833,24-07-2021 15:36,1.028125188,36.86608616000001
7432,-73.89308167,40.817635,24-07-2021 15:36,1.028125188,36.86608616000001
7433,-73.893025,40.81760333,24-07-2021 15:36,1.019470328,36.67809506000003
7434,-73.89296667,40.817565,24-07-2021 15:36,1.019470328,36.67809506000003
7435,-73.89291,40.81752,24-07-2021 15:36,1.021634043,36.643914859999995
7436,-73.89286,40.81748667,24-07-2021 15:36,1.021634043,36.643914859999995
7437,-73.89281167,40.81745667,24-07-2021 15:36,1.012979184,36.643914859999995
7438,-73.89276333,40.81742,24-07-2021 15:36,1.012979184,36.643914859999995
7439,-73.89271333,40.81738167,24-07-2021 15:36,1.021634043,36.609734660000015
7440,-73.89265667,40.81734333,24-07-2021 15:36,1.021634043,36.609734660000015
7441,-73.89260167,40.81730667,24-07-2021 15:36,1.015142899,36.609734660000015
7442,-73.89250833,40.81725333,24-07-2021 15:36,1.015142899,36.37389128000001
7443,-73.89247667,40.817235,24-07-2021 15:37,1.021634043,36.37389128000001
7444,-73.89244833,40.81722167,24-07-2021 15:37,1.021634043,36.37389128000001
7445,-73.89235167,40.81715333,24-07-2021 15:37,1.030288903,36.26109661999999
7446,-73.8923,40.817115,24-07-2021 15:37,1.030288903,36.26109661999999
7447,-73.89224333,40.81707167,24-07-2021 15:37,1.021634043,36.26109661999999
7448,-73.89218667,40.817015,24-07-2021 15:37,1.021634043,36.26109661999999
7449,-73.89214,40.81695,24-07-2021 15:37,1.023797758,35.905622540000024
7450,-73.89210167,40.816885,24-07-2021 15:37,1.023797758,35.905622540000024
7451,-73.89207167,40.81683167,24-07-2021 15:37,1.019470328,35.905622540000024
7452,-73.89205,40.81678833,24-07-2021 15:37,1.019470328,35.905622540000024
7453,-73.89195167,40.81660667,24-07-2021 15:37,1.017306614,35.35532132000003
7454,-73.89193,40.81654667,24-07-2021 15:37,1.017306614,35.35532132000003
7455,-73.89190833,40.81647833,24-07-2021 15:37,1.019470328,35.35532132000003
7456,-73.89188667,40.81640167,24-07-2021 15:37,1.019470328,34.760585839999976
7457,-73.89181833,40.816145,24-07-2021 15:37,1.010815469,34.09748996000002
7458,-73.89179,40.81605167,24-07-2021 15:37,1.010815469,34.09748996000002
7459,-73.89176167,40.81595667,24-07-2021 15:37,1.017306614,34.09748996000002
7460,-73.891735,40.81586333,24-07-2021 15:37,1.017306614,33.926588960000004
7461,-73.89170833,40.81577167,24-07-2021 15:37,1.017306614,33.54377072
7462,-73.89168167,40.81567833,24-07-2021 15:37,1.017306614,33.54377072
7463,-73.89165667,40.81558333,24-07-2021 15:37,1.019470328,33.83088440000006
7464,-73.89163167,40.815485,24-07-2021 15:37,1.019470328,33.83088440000006
7465,-73.89160667,40.81538667,24-07-2021 15:37,1.010815469,33.83088440000006
7466,-73.89158333,40.815285,24-07-2021 15:37,1.010815469,34.907560699999976
7467,-73.89156,40.81518333,24-07-2021 15:37,1.010815469,34.907560699999976
7468,-73.89154,40.81508667,24-07-2021 15:37,1.010815469,36.052597400000025
7469,-73.89152167,40.815,24-07-2021 15:37,1.012979184,36.052597400000025
7470,-73.891505,40.81492667,24-07-2021 15:37,1.012979184,36.052597400000025
7471,-73.89149,40.81486167,24-07-2021 15:37,1.012979184,36.052597400000025
7472,-73.891475,40.81480167,24-07-2021 15:37,1.01309939,36.79772576000005
7473,-73.89145833,40.81474333,24-07-2021 15:37,1.01742682,36.79772576000005
7474,-73.89144333,40.81468333,24-07-2021 15:37,1.01742682,36.79772576000005
7475,-73.89141333,40.81457,24-07-2021 15:37,1.015263105,36.79772576000005
7476,-73.8914,40.81452,24-07-2021 15:37,1.02175425,37.23865034000005
7477,-73.89138333,40.81444333,24-07-2021 15:37,1.02175425,37.23865034000005
7478,-73.89137833,40.81441833,24-07-2021 15:37,1.023917965,37.23865034000005
7479,-73.89137,40.81440333,24-07-2021 15:37,1.023917965,37.23865034000005
7480,-73.89133167,40.814355,24-07-2021 15:37,1.023917965,36.53453822000006
7481,-73.8913,40.81423833,24-07-2021 15:37,1.01742682,37.0267331
7482,-73.89128667,40.81419167,24-07-2021 15:37,1.030409109,37.0267331
7483,-73.891275,40.81414667,24-07-2021 15:37,1.030409109,37.0267331
7484,-73.891265,40.8141,24-07-2021 15:37,1.032572824,37.0267331
7485,-73.89125333,40.81405167,24-07-2021 15:37,1.032572824,37.0267331
7486,-73.89124167,40.814,24-07-2021 15:37,1.023917965,37.58728838000002
7487,-73.89123167,40.81395167,24-07-2021 15:37,1.023917965,37.58728838000002
7488,-73.89122167,40.81391167,24-07-2021 15:37,1.028245394,37.58728838000002
7489,-73.89120667,40.81387667,24-07-2021 15:37,1.028245394,37.58728838000002
7490,-73.89118833,40.81384667,24-07-2021 15:37,1.030409109,37.58728838000002
7491,-73.891165,40.81381667,24-07-2021 15:37,1.030409109,37.58728838000002
7492,-73.89112,40.813795,24-07-2021 15:37,1.028245394,37.58728838000002
7493,-73.89104833,40.81378333,24-07-2021 15:37,1.028245394,37.58728838000002
7494,-73.890965,40.813785,24-07-2021 15:37,1.02175425,37.91200028000003
7495,-73.89087833,40.81379333,24-07-2021 15:38,1.02175425,37.91200028000003
7496,-73.89078833,40.81380167,24-07-2021 15:38,1.023917965,37.91200028000003
7497,-73.89058167,40.813825,24-07-2021 15:38,1.023917965,37.58728838000002
7498,-73.89047167,40.81382667,24-07-2021 15:38,1.01742682,37.58728838000002
7499,-73.890355,40.81383,24-07-2021 15:38,1.01742682,37.58728838000002
7500,-73.890215,40.81386667,24-07-2021 15:38,1.023917965,37.330936880000024
7501,-73.89010167,40.813885,24-07-2021 15:38,1.023917965,37.330936880000024
7502,-73.89000333,40.8139,24-07-2021 15:38,1.01309939,37.330936880000024
7503,-73.88993333,40.81391167,24-07-2021 15:38,1.01309939,37.330936880000024
7504,-73.88988833,40.81391333,24-07-2021 15:38,1.02175425,37.79578760000004
7505,-73.88976,40.81391667,24-07-2021 15:38,1.01742682,37.79578760000004
7506,-73.88969167,40.81391667,24-07-2021 15:38,1.01742682,37.79578760000004
7507,-73.889525,40.81392333,24-07-2021 15:38,1.02175425,37.768443440000055
7508,-73.88944,40.81392167,24-07-2021 15:38,1.02175425,37.768443440000055
7509,-73.88933333,40.81396167,24-07-2021 15:38,1.015263105,37.768443440000055
7510,-73.88922833,40.813985,24-07-2021 15:38,1.015263105,37.768443440000055
7511,-73.88912,40.81399667,24-07-2021 15:38,1.01742682,37.81287770000006
7512,-73.889005,40.81401167,24-07-2021 15:38,1.01742682,36.40807147999999
7513,-73.88868833,40.814055,24-07-2021 15:38,1.01309939,36.65075090000005
7514,-73.88861167,40.814065,24-07-2021 15:38,1.01309939,36.65075090000005
7515,-73.88855333,40.814075,24-07-2021 15:38,1.00877196,36.65075090000005
7516,-73.88851333,40.81408,24-07-2021 15:38,1.00877196,36.65075090000005
7517,-73.88842833,40.814125,24-07-2021 15:38,1.010935675,36.907102399999985
7518,-73.88808667,40.8142,24-07-2021 15:38,1.002280816,37.279666580000026
7519,-73.88798,40.81422167,24-07-2021 15:38,1.002280816,37.344608960000016
7520,-73.88787833,40.81423833,24-07-2021 15:38,1.004444531,37.344608960000016
7521,-73.88778333,40.81425333,24-07-2021 15:38,1.004444531,37.344608960000016
7522,-73.8877,40.814265,24-07-2021 15:38,0.995789671,37.447149560000014
7523,-73.88763167,40.814275,24-07-2021 15:38,0.995789671,37.447149560000014
7524,-73.88758167,40.81428167,24-07-2021 15:38,1.000117101,37.447149560000014
7525,-73.88755333,40.81428833,24-07-2021 15:38,1.000117101,37.447149560000014
7526,-73.88743833,40.814295,24-07-2021 15:38,1.000237307,37.447149560000014
7527,-73.88742167,40.81426333,24-07-2021 15:38,0.995909877,37.447149560000014
7528,-73.88740167,40.81422,24-07-2021 15:38,0.995909877,37.46765768
7529,-73.88739167,40.81416333,24-07-2021 15:38,1.000237307,37.40613331999998
7530,-73.88735833,40.81403667,24-07-2021 15:38,0.995909877,37.40613331999998
7531,-73.88734333,40.81396333,24-07-2021 15:38,0.995909877,37.40613331999998
7532,-73.887325,40.813895,24-07-2021 15:38,0.995909877,37.047241220000046
7533,-73.88730667,40.81382833,24-07-2021 15:38,0.995909877,37.047241220000046
7534,-73.88727833,40.81372167,24-07-2021 15:38,1.000237307,37.047241220000046
7535,-73.88726833,40.81368333,24-07-2021 15:38,1.000237307,37.047241220000046
7536,-73.887255,40.813645,24-07-2021 15:38,0.991582448,36.79430774000002
7537,-73.88723833,40.81360333,24-07-2021 15:39,0.991582448,36.79430774000002
7538,-73.88722167,40.81355,24-07-2021 15:39,0.993746163,36.79430774000002
7539,-73.88720667,40.81348667,24-07-2021 15:39,0.993746163,36.79430774000002
7540,-73.88718833,40.813415,24-07-2021 15:39,0.995909877,36.79430774000002
7541,-73.88714667,40.81326833,24-07-2021 15:39,0.989418733,36.68151308000006
7542,-73.887125,40.81319167,24-07-2021 15:39,0.989418733,36.68151308000006
7543,-73.88710333,40.81311333,24-07-2021 15:39,0.989418733,36.65758693999999
7544,-73.88708167,40.81303833,24-07-2021 15:39,0.989418733,36.65758693999999
7545,-73.88706,40.81296833,24-07-2021 15:39,0.993746163,36.65758693999999
7546,-73.88704333,40.81291167,24-07-2021 15:40,0.993746163,36.65758693999999
7547,-73.887045,40.81286833,24-07-2021 15:40,0.985091303,36.65758693999999
7548,-73.88704833,40.81283833,24-07-2021 15:40,0.985091303,37.55310817999998
7549,-73.88704167,40.81281333,24-07-2021 15:40,1.000237307,37.55310817999998
7550,-73.88703667,40.812785,24-07-2021 15:40,1.000237307,37.55310817999998
7551,-73.88703167,40.81274667,24-07-2021 15:40,0.989418733,37.55310817999998
7552,-73.88701833,40.81270167,24-07-2021 15:40,0.989418733,37.55310817999998
7553,-73.88700833,40.81264667,24-07-2021 15:40,0.991582448,37.55310817999998
7554,-73.88699333,40.81258333,24-07-2021 15:40,0.991582448,37.72742720000002
7555,-73.88697667,40.81251833,24-07-2021 15:40,1.000237307,37.72742720000002
7556,-73.88695833,40.81245167,24-07-2021 15:40,1.000237307,37.72742720000002
7557,-73.88693667,40.81239,24-07-2021 15:40,0.998073592,37.72742720000002
7558,-73.886915,40.81233333,24-07-2021 15:40,0.998073592,37.72742720000002
7559,-73.88689833,40.812285,24-07-2021 15:40,1.000237307,37.888074140000015
7560,-73.88688833,40.81224667,24-07-2021 15:40,1.000237307,37.888074140000015
7561,-73.88688,40.81220333,24-07-2021 15:40,0.993746163,37.888074140000015
7562,-73.88677333,40.81208667,24-07-2021 15:40,1.019830948,38.24354821999998
7563,-73.88670333,40.81208167,24-07-2021 15:42,1.019830948,38.24354821999998
7564,-73.88662,40.812085,24-07-2021 15:42,1.024158377,38.24354821999998
7565,-73.88651833,40.81209333,24-07-2021 15:42,1.024158377,38.24354821999998
7566,-73.88641,40.81210667,24-07-2021 15:42,1.019830948,38.66396468000005
7567,-73.886295,40.81211833,24-07-2021 15:42,1.019830948,38.66396468000005
7568,-73.88617667,40.81213167,24-07-2021 15:42,1.019830948,38.66396468000005
7569,-73.88606167,40.812145,24-07-2021 15:42,1.019830948,38.74941518000003
7570,-73.88594667,40.81215833,24-07-2021 15:42,1.017667233,38.74941518000003
7571,-73.88583167,40.812175,24-07-2021 15:42,1.017667233,38.74941518000003
7572,-73.88571667,40.81219,24-07-2021 15:42,1.015503518,38.74941518000003
7573,-73.885605,40.81220667,24-07-2021 15:42,1.015503518,39.12881540000001
7574,-73.88549833,40.81222,24-07-2021 15:42,1.017667233,39.12881540000001
7575,-73.88540333,40.81223167,24-07-2021 15:42,1.017667233,39.12881540000001
7576,-73.88532167,40.81224,24-07-2021 15:42,1.015503518,39.378330860000005
7577,-73.885245,40.81225,24-07-2021 15:42,1.015503518,39.378330860000005
7578,-73.88517667,40.81226333,24-07-2021 15:42,1.009012373,39.378330860000005
7579,-73.88512,40.81227333,24-07-2021 15:42,1.009012373,39.378330860000005
7580,-73.885075,40.812285,24-07-2021 15:42,1.013339803,39.378330860000005
7581,-73.88504,40.8123,24-07-2021 15:42,1.013339803,39.378330860000005
7582,-73.88501333,40.81232667,24-07-2021 15:42,1.004684943,39.20742986000005
7583,-73.885005,40.81243167,24-07-2021 15:42,1.004684943,39.20742986000005
7584,-73.88504833,40.81256333,24-07-2021 15:42,1.009012373,39.20742986000005
7585,-73.88507333,40.81264,24-07-2021 15:42,1.011176088,38.99209460000003
7586,-73.885095,40.81272333,24-07-2021 15:42,1.011176088,38.99209460000003
7587,-73.885115,40.812815,24-07-2021 15:42,1.006848658,38.99209460000003
7588,-73.88513833,40.81290667,24-07-2021 15:42,1.006848658,38.72890705999998
7589,-73.88522833,40.813235,24-07-2021 15:42,1.019830948,38.42128525999999
7590,-73.88525333,40.81335667,24-07-2021 15:43,1.019830948,38.42128525999999
7591,-73.88526333,40.81340667,24-07-2021 15:43,1.017667233,38.151261680000005
7592,-73.88529,40.81349833,24-07-2021 15:43,1.013339803,38.151261680000005
7593,-73.8853,40.813545,24-07-2021 15:43,1.013339803,38.151261680000005
7594,-73.88531333,40.81363167,24-07-2021 15:43,1.017667233,38.151261680000005
7595,-73.88530833,40.81366667,24-07-2021 15:43,1.011176088,37.84705789999998
7596,-73.88521167,40.81382667,24-07-2021 15:43,1.017667233,37.84705789999998
7597,-73.88520167,40.81387333,24-07-2021 15:43,1.017667233,37.84705789999998
7598,-73.88520333,40.81392167,24-07-2021 15:43,1.011176088,37.84705789999998
7599,-73.88525167,40.81403,24-07-2021 15:43,1.011176088,37.101929540000015
7600,-73.88529333,40.81408,24-07-2021 15:43,1.017667233,37.101929540000015
7601,-73.88535333,40.81413833,24-07-2021 15:43,1.017667233,37.28650262000002
7602,-73.88541833,40.81420167,24-07-2021 15:43,1.017667233,37.28650262000002
7603,-73.88549,40.81426667,24-07-2021 15:43,1.017667233,37.08142142000003
7604,-73.88555833,40.81433667,24-07-2021 15:43,1.017667233,37.08142142000003
7605,-73.88571,40.81448833,24-07-2021 15:43,1.017667233,37.00964299999998
7606,-73.88579167,40.81457,24-07-2021 15:43,1.017667233,37.460821640000006
7607,-73.88588,40.81465333,24-07-2021 15:43,1.013339803,37.460821640000006
7608,-73.88596667,40.814735,24-07-2021 15:43,1.013339803,37.460821640000006
7609,-73.88613667,40.81491167,24-07-2021 15:43,1.015503518,37.63855868000002
7610,-73.886225,40.81499833,24-07-2021 15:43,1.002521229,37.63855868000002
7611,-73.8865,40.81526667,24-07-2021 15:43,1.00913258,36.96520873999998
7612,-73.88660167,40.815355,24-07-2021 15:43,1.011296294,36.466177819999984
7613,-73.88670167,40.81544167,24-07-2021 15:43,1.011296294,36.28502276000006
7614,-73.88679667,40.81552667,24-07-2021 15:43,1.00047772,36.28502276000006
7615,-73.88688,40.81560833,24-07-2021 15:43,1.00047772,35.905622540000024
7616,-73.88697,40.815695,24-07-2021 15:43,1.00480515,35.905622540000024
7617,-73.88705333,40.81578333,24-07-2021 15:43,1.00480515,35.905622540000024
7618,-73.88713167,40.81587,24-07-2021 15:43,0.998314005,35.382665480000014
7619,-73.88721,40.815955,24-07-2021 15:43,0.998314005,35.382665480000014
7620,-73.88728833,40.81604333,24-07-2021 15:43,1.00480515,35.382665480000014
7621,-73.88736667,40.81613333,24-07-2021 15:43,1.00480515,35.211764480000056
7622,-73.88744333,40.81621167,24-07-2021 15:43,1.006968865,35.755229660000055
7623,-73.88750667,40.81628,24-07-2021 15:43,1.006968865,35.755229660000055
7624,-73.887635,40.81639667,24-07-2021 15:43,1.00913258,35.87827837999998
7625,-73.88775167,40.816505,24-07-2021 15:43,1.013460009,35.87827837999998
7626,-73.88776333,40.81651833,24-07-2021 15:43,1.00913258,35.87827837999998
7627,-73.88784333,40.81662833,24-07-2021 15:43,1.024278584,36.544792280000024
7628,-73.8879,40.81670333,24-07-2021 15:43,1.013460009,36.65416892000002
7629,-73.88795,40.816785,24-07-2021 15:43,1.013460009,36.65416892000002
7630,-73.888005,40.81687333,24-07-2021 15:43,1.006968865,36.65416892000002
7631,-73.88823167,40.81725167,24-07-2021 15:43,1.00913258,36.98913488000005
7632,-73.888285,40.81734833,24-07-2021 15:43,1.00913258,36.86608616000001
7633,-73.88839667,40.81753,24-07-2021 15:43,1.011296294,36.84899605999999
7634,-73.88845833,40.817625,24-07-2021 15:43,1.011296294,36.84899605999999
7635,-73.88851833,40.81772667,24-07-2021 15:43,1.011296294,37.1292737
7636,-73.88858,40.81783,24-07-2021 15:43,1.002641435,37.35144500000001
7637,-73.88864333,40.81793,24-07-2021 15:43,1.002641435,37.35144500000001
7638,-73.8887,40.818025,24-07-2021 15:43,1.00480515,37.35144500000001
7639,-73.88875167,40.81811333,24-07-2021 15:43,1.00480515,37.93592641999999
7640,-73.88879833,40.818185,24-07-2021 15:43,1.00913258,37.93592641999999
7641,-73.88883333,40.81824,24-07-2021 15:43,1.00913258,37.93592641999999
7642,-73.88884833,40.81828,24-07-2021 15:43,1.00913258,37.93592641999999
7643,-73.88886333,40.81832,24-07-2021 15:43,1.00913258,37.95985256000006
7644,-73.88887167,40.81834333,24-07-2021 15:43,0.99615029,38.16151574000003
7645,-73.88896,40.81841667,24-07-2021 15:44,1.002761641,38.16151574000003
7646,-73.88898333,40.81845167,24-07-2021 15:44,1.004925356,38.16151574000003
7647,-73.88901167,40.81849333,24-07-2021 15:44,1.004925356,38.16151574000003
7648,-73.88904333,40.818545,24-07-2021 15:44,0.996270497,38.16151574000003
7649,-73.88912833,40.818685,24-07-2021 15:44,1.007089071,37.15319984000001
7650,-73.889175,40.81876667,24-07-2021 15:44,1.007089071,37.15319984000001
7651,-73.88922167,40.81885,24-07-2021 15:44,1.000597926,37.15319984000001
7652,-73.88927167,40.81893333,24-07-2021 15:44,1.000597926,37.49158382000002
7653,-73.88932,40.81901167,24-07-2021 15:44,1.002761641,37.49158382000002
7654,-73.88937,40.819085,24-07-2021 15:44,1.002761641,37.49158382000002
7655,-73.88941667,40.81914833,24-07-2021 15:44,1.002761641,37.300174700000014
7656,-73.88946,40.81920833,24-07-2021 15:44,1.002761641,37.300174700000014
7657,-73.88949667,40.81926167,24-07-2021 15:44,1.002761641,36.83190596000003
7658,-73.88952667,40.81931833,24-07-2021 15:44,1.002761641,36.83190596000003
7659,-73.889545,40.819375,24-07-2021 15:44,1.002761641,36.83190596000003
7660,-73.88954333,40.81943333,24-07-2021 15:44,1.002761641,36.91393844000004
7661,-73.88951,40.81948833,24-07-2021 15:44,1.007089071,36.91393844000004
7662,-73.889455,40.81954333,24-07-2021 15:44,1.007089071,37.163453900000036
7663,-73.88937833,40.81959833,24-07-2021 15:44,1.004925356,37.163453900000036
7664,-73.88919667,40.819725,24-07-2021 15:44,1.004925356,37.047241220000046
7665,-73.88909333,40.819795,24-07-2021 15:44,1.009252786,37.334354899999994
7666,-73.88899,40.81986667,24-07-2021 15:44,1.009252786,37.334354899999994
7667,-73.88889167,40.81993833,24-07-2021 15:44,1.009252786,37.334354899999994
7668,-73.88879667,40.820005,24-07-2021 15:44,1.009252786,36.84557804000002
7669,-73.88868833,40.82007,24-07-2021 15:44,1.007089071,36.92761052000003
7670,-73.88836833,40.82025167,24-07-2021 15:44,1.000597926,36.613152679999985
7671,-73.88828,40.82030333,24-07-2021 15:44,1.002761641,36.613152679999985
7672,-73.8882,40.82034833,24-07-2021 15:44,1.002761641,36.613152679999985
7673,-73.88813333,40.82038833,24-07-2021 15:44,0.991943067,36.613152679999985
7674,-73.88806833,40.82042833,24-07-2021 15:44,0.991943067,36.613152679999985
7675,-73.888015,40.820465,24-07-2021 15:44,1.009252786,37.54969016000001
7676,-73.88796667,40.82049167,24-07-2021 15:44,1.009252786,37.41638738000006
7677,-73.88791167,40.82052333,24-07-2021 15:44,0.989779352,37.41638738000006
7678,-73.88785667,40.82055667,24-07-2021 15:44,0.989779352,37.41638738000006
7679,-73.887805,40.82059167,24-07-2021 15:44,0.994106782,37.41638738000006
7680,-73.887755,40.820625,24-07-2021 15:44,0.994106782,37.41638738000006
7681,-73.88772833,40.820665,24-07-2021 15:44,1.002761641,37.41638738000006
7682,-73.88768333,40.820695,24-07-2021 15:44,1.002761641,37.48816580000005
7683,-73.88761333,40.82075333,24-07-2021 15:44,0.996270497,37.48816580000005
7684,-73.88748333,40.82085333,24-07-2021 15:44,1.002761641,37.53943609999999
7685,-73.887445,40.82087667,24-07-2021 15:44,1.002761641,37.53943609999999
7686,-73.88740333,40.82090167,24-07-2021 15:44,1.000597926,37.53943609999999
7687,-73.88728667,40.82095833,24-07-2021 15:44,1.000597926,37.92909038000005
7688,-73.88713167,40.82099833,24-07-2021 15:44,1.002761641,37.92909038000005
7689,-73.887055,40.82101167,24-07-2021 15:44,1.011416501,37.92909038000005
7690,-73.88697833,40.82102333,24-07-2021 15:44,1.011416501,37.92909038000005
7691,-73.88690333,40.82103833,24-07-2021 15:45,1.000597926,38.53749793999998
7692,-73.88683,40.82105167,24-07-2021 15:45,1.000597926,38.53749793999998
7693,-73.88676,40.82106333,24-07-2021 15:45,1.002761641,38.53749793999998
7694,-73.88669333,40.82107333,24-07-2021 15:45,1.002761641,38.53749793999998
7695,-73.88663167,40.82108333,24-07-2021 15:45,1.009252786,38.53749793999998
7696,-73.88657,40.821095,24-07-2021 15:45,1.009252786,39.32706056000001
7697,-73.886495,40.821105,24-07-2021 15:45,1.011416501,39.32706056000001
7698,-73.886405,40.82111833,24-07-2021 15:45,1.011416501,39.32706056000001
7699,-73.88630167,40.821135,24-07-2021 15:45,1.02007136,39.32706056000001
7700,-73.88619167,40.82115833,24-07-2021 15:45,1.02007136,40.25676199999998
7701,-73.885965,40.82119,24-07-2021 15:45,1.015743931,40.25676199999998
7702,-73.88585667,40.821205,24-07-2021 15:45,1.020191567,40.54729370000001
7703,-73.88575,40.82122,24-07-2021 15:45,1.020191567,40.328540420000024
7704,-73.88565167,40.82122833,24-07-2021 15:45,1.020191567,40.328540420000024
7705,-73.88548167,40.82121833,24-07-2021 15:45,1.015864137,39.86027167999998
7706,-73.885415,40.8212,24-07-2021 15:45,1.015864137,40.834407380000016
7707,-73.885365,40.82116167,24-07-2021 15:45,1.018027852,40.834407380000016
7708,-73.88532,40.82105,24-07-2021 15:45,1.018027852,40.834407380000016
7709,-73.88530333,40.820975,24-07-2021 15:45,1.018027852,40.834407380000016
7710,-73.88528667,40.82088667,24-07-2021 15:45,1.015864137,41.74018268000003
7711,-73.88527333,40.820795,24-07-2021 15:45,1.015864137,41.74018268000003
7712,-73.885255,40.82070333,24-07-2021 15:45,1.009372992,41.74018268000003
7713,-73.885215,40.82051667,24-07-2021 15:45,1.009372992,40.37981072000002
7714,-73.88520167,40.82042333,24-07-2021 15:45,1.009372992,40.37981072000002
7715,-73.88517833,40.82033167,24-07-2021 15:45,1.009372992,39.80900138000004
7716,-73.88515833,40.82024333,24-07-2021 15:45,1.002881848,39.80900138000004
7717,-73.88514167,40.82015833,24-07-2021 15:45,1.002881848,39.80900138000004
7718,-73.885125,40.82007333,24-07-2021 15:45,1.002881848,39.37491283999998
7719,-73.88510333,40.81998833,24-07-2021 15:45,1.002881848,39.37491283999998
7720,-73.88508333,40.81990833,24-07-2021 15:45,1.000718133,39.37491283999998
7721,-73.88507,40.81983,24-07-2021 15:45,1.000718133,38.97158648000004
7722,-73.885055,40.81975667,24-07-2021 15:45,0.996390703,38.97158648000004
7723,-73.88503833,40.81968167,24-07-2021 15:45,0.996390703,38.97158648000004
7724,-73.88502167,40.81961,24-07-2021 15:45,1.000718133,38.97158648000004
7725,-73.88500333,40.81954,24-07-2021 15:45,1.000718133,38.622948440000016
7726,-73.88498667,40.819475,24-07-2021 15:45,0.994226988,38.622948440000016
7727,-73.88497667,40.819425,24-07-2021 15:45,0.994226988,38.622948440000016
7728,-73.884905,40.81926167,24-07-2021 15:45,1.009372992,38.349506840000004
7729,-73.884885,40.81920833,24-07-2021 15:45,1.009372992,38.069229199999995
7730,-73.88486667,40.81914,24-07-2021 15:45,1.007209277,38.069229199999995
7731,-73.88484833,40.81905833,24-07-2021 15:45,1.007209277,38.069229199999995
7732,-73.88483167,40.81897167,24-07-2021 15:45,1.007209277,38.065811180000026
7733,-73.88478833,40.81878167,24-07-2021 15:46,1.007209277,38.233294160000014
7734,-73.88476,40.81868167,24-07-2021 15:46,1.007209277,38.233294160000014
7735,-73.88473333,40.81857833,24-07-2021 15:46,1.007209277,38.233294160000014
7736,-73.884705,40.818475,24-07-2021 15:46,1.007209277,38.49306367999998
7737,-73.88467667,40.81837,24-07-2021 15:46,1.007209277,38.49306367999998
7738,-73.88464833,40.818265,24-07-2021 15:46,1.002881848,38.49306367999998
7739,-73.88462167,40.81816167,24-07-2021 15:46,1.002881848,38.359760900000026
7740,-73.88459167,40.81805833,24-07-2021 15:46,1.002881848,38.359760900000026
7741,-73.88456667,40.81796,24-07-2021 15:46,1.002881848,38.332416739999985
7742,-73.88452167,40.81776833,24-07-2021 15:46,0.996390703,36.514030100000014
7743,-73.8845,40.81768,24-07-2021 15:46,1.000718133,37.888074140000015
7744,-73.884475,40.81759667,24-07-2021 15:46,1.000718133,37.888074140000015
7745,-73.88445167,40.81751833,24-07-2021 15:46,1.005045563,37.888074140000015
7746,-73.88443333,40.817445,24-07-2021 15:46,1.005045563,37.888074140000015
7747,-73.88441833,40.81738,24-07-2021 15:46,0.998554418,39.81583741999998
7748,-73.88440333,40.81732667,24-07-2021 15:46,0.998554418,39.81583741999998
7749,-73.88439333,40.81728833,24-07-2021 15:46,1.009372992,39.81583741999998
7750,-73.884385,40.817265,24-07-2021 15:46,1.009372992,39.81583741999998
7751,-73.88437167,40.81722167,24-07-2021 15:46,1.007209277,39.81583741999998
7752,-73.884365,40.81719667,24-07-2021 15:46,1.007209277,39.81583741999998
7753,-73.88435667,40.81716,24-07-2021 15:46,1.009372992,41.05316066
7754,-73.88434167,40.81711167,24-07-2021 15:46,1.009372992,41.05316066
7755,-73.88432667,40.81704833,24-07-2021 15:46,1.005045563,41.05316066
7756,-73.88430667,40.81697167,24-07-2021 15:46,1.005045563,41.05316066
7757,-73.88425833,40.81680167,24-07-2021 15:46,1.007209277,40.74895688000004
7758,-73.884235,40.81670833,24-07-2021 15:46,1.007209277,40.74895688000004
7759,-73.88421,40.81661167,24-07-2021 15:46,1.002881848,39.573158000000035
7760,-73.88418667,40.81651167,24-07-2021 15:46,1.002881848,39.573158000000035
7761,-73.88416167,40.81641167,24-07-2021 15:46,0.998554418,39.70304276000002
7762,-73.88413667,40.81631167,24-07-2021 15:46,0.998554418,38.53066190000004
7763,-73.88411333,40.81621333,24-07-2021 15:46,1.003002054,38.53066190000004
7764,-73.88408667,40.81611333,24-07-2021 15:46,1.003002054,38.53066190000004
7765,-73.88405833,40.81601167,24-07-2021 15:46,0.998674624,38.76308726000002
7766,-73.88402833,40.81591333,24-07-2021 15:46,0.998674624,38.76308726000002
7767,-73.88400167,40.81581333,24-07-2021 15:46,0.998674624,38.45546546000003
7768,-73.88397333,40.81571667,24-07-2021 15:46,0.998674624,38.45546546000003
7769,-73.88395,40.81562333,24-07-2021 15:46,0.996510909,38.45546546000003
7770,-73.88390333,40.815445,24-07-2021 15:46,1.000838339,38.510153779999996
7771,-73.88388,40.81536,24-07-2021 15:46,1.000838339,38.510153779999996
7772,-73.88385833,40.81528,24-07-2021 15:46,1.007329484,38.19569594000001
7773,-73.88384,40.815205,24-07-2021 15:46,1.007329484,38.19569594000001
7774,-73.88380667,40.81507833,24-07-2021 15:46,1.005165769,38.19569594000001
7775,-73.88379833,40.81502833,24-07-2021 15:46,1.003002054,38.19569594000001
7776,-73.88379167,40.81499167,24-07-2021 15:46,1.003002054,37.86756602000003
7777,-73.88379,40.81496833,24-07-2021 15:46,1.000838339,37.86756602000003
7778,-73.88377167,40.814875,24-07-2021 15:46,1.007329484,37.86756602000003
7779,-73.88376,40.81483,24-07-2021 15:46,1.007329484,37.86756602000003
7780,-73.883745,40.81477667,24-07-2021 15:46,1.007329484,37.86756602000003
7781,-73.88368333,40.814565,24-07-2021 15:46,1.009493199,38.01795890000005
7782,-73.88366,40.81448667,24-07-2021 15:46,1.009493199,38.01795890000005
7783,-73.88363667,40.81441167,24-07-2021 15:46,1.003002054,38.16835178000002
7784,-73.88361833,40.81433833,24-07-2021 15:46,1.003002054,38.16835178000002
7785,-73.88360167,40.81426833,24-07-2021 15:46,1.007329484,38.16835178000002
7786,-73.88358667,40.814195,24-07-2021 15:46,1.007329484,38.16151574000003
7787,-73.88356667,40.81412,24-07-2021 15:46,1.003002054,38.16151574000003
7788,-73.88348833,40.81381167,24-07-2021 15:47,1.003002054,37.99745078000001
7789,-73.88346167,40.813725,24-07-2021 15:47,1.003002054,37.99745078000001
7790,-73.88343333,40.81364,24-07-2021 15:47,1.000838339,38.264056340000025
7791,-73.88340833,40.81355667,24-07-2021 15:47,1.000838339,38.264056340000025
7792,-73.88338667,40.81346833,24-07-2021 15:47,1.000838339,38.264056340000025
7793,-73.88336667,40.81338,24-07-2021 15:47,1.000838339,38.558006060000025
7794,-73.88332833,40.81320333,24-07-2021 15:47,1.000838339,38.558006060000025
7795,-73.88330833,40.81312167,24-07-2021 15:47,0.998674624,38.903226080000024
7796,-73.88328833,40.813045,24-07-2021 15:47,0.998674624,38.903226080000024
7797,-73.88327,40.81297333,24-07-2021 15:47,1.003002054,38.903226080000024
7798,-73.88325167,40.81290833,24-07-2021 15:47,1.003002054,38.903226080000024
7799,-73.88323667,40.81285333,24-07-2021 15:47,1.003002054,39.81583741999998
7800,-73.88322,40.812805,24-07-2021 15:47,1.003002054,39.81583741999998
7801,-73.88320667,40.81276333,24-07-2021 15:47,0.998674624,39.81583741999998
7802,-73.88319667,40.81273,24-07-2021 15:47,0.998674624,39.69278870000005
7803,-73.88318833,40.81270167,24-07-2021 15:47,0.990019765,39.69278870000005
7804,-73.88308833,40.8126,24-07-2021 15:47,0.998674624,39.69278870000005
7805,-73.88302167,40.81258333,24-07-2021 15:47,0.996510909,39.904705939999985
7806,-73.882655,40.812615,24-07-2021 15:47,0.996510909,40.11662318000003
7807,-73.88255667,40.81263,24-07-2021 15:47,0.996510909,40.11662318000003
7808,-73.88245,40.812645,24-07-2021 15:47,0.996510909,40.51994954000003
7809,-73.88233833,40.81266167,24-07-2021 15:48,0.996510909,40.51994954000003
7810,-73.88222,40.81268,24-07-2021 15:48,0.994347195,40.51994954000003
7811,-73.88198167,40.81272,24-07-2021 15:48,0.996510909,40.84807946000001
7812,-73.88187167,40.81273833,24-07-2021 15:48,0.996510909,40.84807946000001
7813,-73.88176833,40.81275333,24-07-2021 15:48,0.994347195,40.84807946000001
7814,-73.88167167,40.81276833,24-07-2021 15:48,0.994347195,40.625908159999994
7815,-73.88158667,40.81278,24-07-2021 15:48,0.998674624,40.625908159999994
7816,-73.881515,40.81278667,24-07-2021 15:48,0.998674624,40.625908159999994
7817,-73.88146333,40.81279333,24-07-2021 15:48,0.990139971,40.625908159999994
7818,-73.88142333,40.812795,24-07-2021 15:48,0.990139971,40.625908159999994
7819,-73.88133333,40.8128,24-07-2021 15:48,1.01610455,40.06535287999998
7820,-73.88128833,40.81274833,24-07-2021 15:48,1.009613405,40.06535287999998
7821,-73.88126,40.812685,24-07-2021 15:48,1.009613405,40.06535287999998
7822,-73.881235,40.81260833,24-07-2021 15:48,1.013940835,40.06535287999998
7823,-73.88121167,40.81252167,24-07-2021 15:48,1.013940835,39.57999404000003
7824,-73.88118833,40.81243167,24-07-2021 15:48,1.00744969,39.57999404000003
7825,-73.88116333,40.81233667,24-07-2021 15:49,1.00744969,39.57999404000003
7826,-73.881135,40.81224167,24-07-2021 15:49,1.005285975,39.06045500000005
7827,-73.88110667,40.81214167,24-07-2021 15:49,1.005285975,38.882717960000036
7828,-73.88107333,40.81204,24-07-2021 15:49,1.000958546,38.52040784000002
7829,-73.88104333,40.811935,24-07-2021 15:49,1.000958546,38.52040784000002
7830,-73.88101167,40.81183167,24-07-2021 15:49,1.000958546,38.52040784000002
7831,-73.88097333,40.81173167,24-07-2021 15:49,1.000958546,38.25380228000006
7832,-73.88094,40.81163167,24-07-2021 15:49,1.00312226,38.25380228000006
7833,-73.88088833,40.81141833,24-07-2021 15:49,1.000958546,38.035049000000015
7834,-73.88083333,40.81120167,24-07-2021 15:49,1.000958546,37.81287770000006
7835,-73.880805,40.81109333,24-07-2021 15:49,0.996631116,37.81287770000006
7836,-73.880775,40.81098,24-07-2021 15:49,0.996631116,37.81287770000006
7837,-73.88074667,40.81086167,24-07-2021 15:49,1.00312226,38.95449638000002
7838,-73.88071667,40.81074167,24-07-2021 15:49,1.00312226,38.95449638000002
7839,-73.88068667,40.81062,24-07-2021 15:49,0.990139971,38.903226080000024
7840,-73.88065667,40.8105,24-07-2021 15:49,0.990139971,38.903226080000024
7841,-73.88062833,40.81038,24-07-2021 15:49,0.996751322,38.80752152000002
7842,-73.8806,40.81026667,24-07-2021 15:49,0.996751322,38.80752152000002
7843,-73.88057333,40.81015833,24-07-2021 15:49,0.996751322,38.65029260000006
7844,-73.88034,40.80915167,24-07-2021 15:49,1.009853818,36.95837270000004
7845,-73.88031833,40.80908333,24-07-2021 15:49,1.009853818,36.95837270000004
7846,-73.880295,40.80901,24-07-2021 15:49,1.012017533,36.95837270000004
7847,-73.88027167,40.80893333,24-07-2021 15:49,1.012017533,37.08142142000003
7848,-73.88025,40.808855,24-07-2021 15:49,1.005526388,37.08142142000003
7849,-73.88023,40.80877667,24-07-2021 15:49,1.005526388,37.08142142000003
7850,-73.88021167,40.808695,24-07-2021 15:49,0.999035243,36.74303744000002
7851,-73.88019,40.80861667,24-07-2021 15:49,0.999035243,36.74303744000002
7852,-73.88017,40.80854,24-07-2021 15:49,1.009853818,36.74303744000002
7853,-73.88015,40.80846167,24-07-2021 15:49,1.009853818,36.74303744000002
7854,-73.88013167,40.80838,24-07-2021 15:49,1.007690103,36.514030100000014
7855,-73.88011333,40.80829667,24-07-2021 15:49,1.007690103,36.514030100000014
7856,-73.880095,40.808215,24-07-2021 15:49,1.007690103,36.514030100000014
7857,-73.880075,40.80813333,24-07-2021 15:49,1.007690103,36.29869484000005
7858,-73.88005333,40.80805167,24-07-2021 15:49,1.001198958,36.3943994
7859,-73.88001333,40.80789833,24-07-2021 15:49,1.001198958,35.93638471999998
7860,-73.87999167,40.807825,24-07-2021 15:49,0.996871529,35.93638471999998
7861,-73.87997333,40.80775333,24-07-2021 15:49,0.996871529,35.93638471999998
7862,-73.87994333,40.807625,24-07-2021 15:49,0.992544099,35.84409818000006
7863,-73.87993,40.80756,24-07-2021 15:49,1.003362673,35.84409818000006
7864,-73.87989333,40.80741,24-07-2021 15:49,1.003362673,35.84409818000006
7865,-73.87983667,40.80723333,24-07-2021 15:49,0.99915545,35.68686925999998
7866,-73.87980667,40.80714,24-07-2021 15:50,0.99915545,35.68686925999998
7867,-73.87977667,40.807055,24-07-2021 15:50,1.005646594,35.54331242000001
7868,-73.87975333,40.80697833,24-07-2021 15:50,1.005646594,35.54331242000001
7869,-73.87973833,40.80690833,24-07-2021 15:50,1.001319165,35.54331242000001
7870,-73.87972833,40.80685167,24-07-2021 15:50,1.001319165,35.54331242000001
7871,-73.87972,40.80680667,24-07-2021 15:50,1.001319165,35.413427660000025
7872,-73.87970833,40.80676167,24-07-2021 15:50,1.001319165,35.413427660000025
7873,-73.87969667,40.80671333,24-07-2021 15:50,0.992664305,35.413427660000025
7874,-73.87968167,40.80665833,24-07-2021 15:50,0.992664305,35.413427660000025
7875,-73.87965333,40.806545,24-07-2021 15:50,0.996991735,35.37924745999999
7876,-73.87964167,40.80648667,24-07-2021 15:50,0.99050059,35.37924745999999
7877,-73.879625,40.80639333,24-07-2021 15:50,1.001319165,35.37924745999999
7878,-73.87961333,40.80636333,24-07-2021 15:50,1.001319165,35.37924745999999
7879,-73.87959833,40.80632833,24-07-2021 15:50,0.996991735,35.37924745999999
7880,-73.87957833,40.80628,24-07-2021 15:50,0.996991735,35.47153400000002
7881,-73.87955833,40.80622,24-07-2021 15:50,0.99050059,35.47153400000002
7882,-73.87951667,40.80608167,24-07-2021 15:50,0.992664305,35.47153400000002
7883,-73.87948,40.80595667,24-07-2021 15:50,0.992664305,35.95005680000003
7884,-73.87946667,40.80590333,24-07-2021 15:50,0.988336875,35.95005680000003
7885,-73.87946167,40.80586,24-07-2021 15:50,0.988336875,35.95005680000003
7886,-73.87945833,40.80582667,24-07-2021 15:50,0.99915545,35.95005680000003
7887,-73.87945833,40.8058,24-07-2021 15:50,0.99915545,35.95005680000003
7888,-73.87946,40.80578333,24-07-2021 15:50,0.996991735,35.95005680000003
7889,-73.87948,40.80569667,24-07-2021 15:50,0.99482802,36.025253239999984
7890,-73.87951333,40.80567667,24-07-2021 15:50,0.99482802,36.025253239999984
7891,-73.87956667,40.80566667,24-07-2021 15:50,0.996991735,36.025253239999984
7892,-73.87964,40.80565667,24-07-2021 15:50,0.996991735,36.025253239999984
7893,-73.87971667,40.80565167,24-07-2021 15:50,0.996991735,36.025253239999984
7894,-73.87991167,40.805625,24-07-2021 15:50,0.99050059,35.772319760000016
7895,-73.88002333,40.80560333,24-07-2021 15:50,0.99050059,35.772319760000016
7896,-73.88015333,40.80558,24-07-2021 15:50,0.99050059,35.49204212000001
7897,-73.88029167,40.80555333,24-07-2021 15:50,0.99050059,35.49204212000001
7898,-73.880435,40.80552667,24-07-2021 15:50,0.992664305,35.49204212000001
7899,-73.88058,40.80550167,24-07-2021 15:50,0.992664305,35.22885458000002
7900,-73.88072667,40.80548,24-07-2021 15:50,0.986173161,34.760585839999976
7901,-73.88102167,40.80543833,24-07-2021 15:50,0.99050059,34.37434958000006
7902,-73.88131667,40.80539,24-07-2021 15:50,0.992664305,34.049637680000046
7903,-73.88144833,40.80536667,24-07-2021 15:50,0.992664305,34.049637680000046
7904,-73.88156667,40.80534333,24-07-2021 15:50,0.99482802,34.049637680000046
7905,-73.88168167,40.805325,24-07-2021 15:50,0.99482802,33.957351140000014
7906,-73.881795,40.80530333,24-07-2021 15:50,0.99915545,33.957351140000014
7907,-73.88203833,40.80526667,24-07-2021 15:50,0.99915545,33.85481054000002
7908,-73.88216833,40.80525,24-07-2021 15:50,0.996991735,33.85481054000002
7909,-73.88230667,40.80523333,24-07-2021 15:50,0.996991735,35.12289596000005
7910,-73.88245167,40.80521333,24-07-2021 15:50,0.996991735,35.12289596000005
7911,-73.88260667,40.80519167,24-07-2021 15:50,0.996991735,35.12289596000005
7912,-73.88291,40.80515,24-07-2021 15:50,1.001319165,36.53112020000003
7913,-73.88306167,40.80513,24-07-2021 15:50,0.99915545,38.33925278000004
7914,-73.88321167,40.80511,24-07-2021 15:50,0.99915545,38.33925278000004
7915,-73.88336,40.80508833,24-07-2021 15:50,0.996991735,38.33925278000004
7916,-73.883505,40.805065,24-07-2021 15:50,0.996991735,39.316806499999984
7917,-73.88364167,40.80504167,24-07-2021 15:51,1.007810309,37.744517299999984
7918,-73.88377667,40.80502167,24-07-2021 15:51,1.007810309,38.57851418000001
7919,-73.88391167,40.805,24-07-2021 15:51,0.996991735,38.57851418000001
7920,-73.88404667,40.80498,24-07-2021 15:51,0.996991735,38.57851418000001
7921,-73.88418,40.80495667,24-07-2021 15:51,0.996991735,38.769923300000016
7922,-73.88431167,40.80493833,24-07-2021 15:51,0.996991735,38.769923300000016
7923,-73.88444667,40.80491833,24-07-2021 15:51,0.99050059,38.769923300000016
7924,-73.88457,40.80490333,24-07-2021 15:51,0.99050059,38.39052307999998
7925,-73.88468333,40.80489,24-07-2021 15:51,0.992664305,38.39052307999998
7926,-73.88490333,40.80485833,24-07-2021 15:51,0.992664305,36.95837270000004
7927,-73.88501,40.80483333,24-07-2021 15:51,0.992664305,36.95837270000004
7928,-73.885225,40.80477333,24-07-2021 15:51,1.001319165,35.24252666000001
7929,-73.885325,40.80474833,24-07-2021 15:51,0.994948226,35.24252666000001
7930,-73.88540667,40.80474167,24-07-2021 15:51,0.994948226,35.24252666000001
7931,-73.88549667,40.80473833,24-07-2021 15:51,1.001439371,33.793286179999996
7932,-73.88558333,40.80473833,24-07-2021 15:51,1.001439371,33.793286179999996
7933,-73.88566667,40.804745,24-07-2021 15:51,1.003603086,33.793286179999996
7934,-73.88579833,40.804775,24-07-2021 15:51,1.003603086,33.793286179999996
7935,-73.88584167,40.80480333,24-07-2021 15:51,0.999275656,33.79670420000002
7936,-73.88587667,40.80483667,24-07-2021 15:51,0.999275656,33.79670420000002
7937,-73.8859,40.80487167,24-07-2021 15:51,1.010094231,33.79670420000002
7938,-73.88593333,40.80497333,24-07-2021 15:51,0.994948226,33.79670420000002
7939,-73.88596667,40.805105,24-07-2021 15:51,1.005766801,34.65462722000001
7940,-73.88599333,40.80520667,24-07-2021 15:51,0.997111941,34.65462722000001
7941,-73.88600667,40.80525667,24-07-2021 15:51,0.997111941,34.65462722000001
7942,-73.88602333,40.80538167,24-07-2021 15:51,0.997111941,35.09896981999998
7943,-73.886025,40.80541833,24-07-2021 15:51,0.997111941,35.09896981999998
7944,-73.886035,40.80546333,24-07-2021 15:51,0.997111941,35.09896981999998
7945,-73.88604667,40.80551333,24-07-2021 15:51,0.994948226,35.09896981999998
7946,-73.88606,40.80556667,24-07-2021 15:51,0.994948226,35.09896981999998
7947,-73.88607167,40.80561833,24-07-2021 15:51,1.001439371,35.509132220000026
7948,-73.886085,40.805675,24-07-2021 15:51,1.001439371,35.509132220000026
7949,-73.88610167,40.805735,24-07-2021 15:51,0.994948226,35.509132220000026
7950,-73.88614,40.80585167,24-07-2021 15:51,1.001439371,35.509132220000026
7951,-73.88615167,40.80590333,24-07-2021 15:51,1.001439371,36.56530040000001
7952,-73.88616333,40.80595667,24-07-2021 15:51,0.992784512,35.071625659999995
7953,-73.88618167,40.80601,24-07-2021 15:51,0.992784512,35.071625659999995
7954,-73.88622,40.80614,24-07-2021 15:51,0.990620797,35.84068016000003
7955,-73.88624333,40.80621167,24-07-2021 15:51,0.990620797,35.84068016000003
7956,-73.88626333,40.806275,24-07-2021 15:51,0.997111941,35.84068016000003
7957,-73.88628333,40.80636333,24-07-2021 15:51,0.992784512,35.84068016000003
7958,-73.886285,40.80638833,24-07-2021 15:51,0.992784512,35.84068016000003
7959,-73.886335,40.8065,24-07-2021 15:51,0.992784512,36.760127539999985
7960,-73.88639667,40.80652167,24-07-2021 15:51,0.992784512,36.760127539999985
7961,-73.88647167,40.80653,24-07-2021 15:51,0.990620797,36.760127539999985
7962,-73.88655333,40.80652833,24-07-2021 15:51,0.990620797,36.80456179999999
7963,-73.886655,40.80652,24-07-2021 15:51,0.986293367,36.80456179999999
7964,-73.88676167,40.80651,24-07-2021 15:51,0.986293367,36.80456179999999
7965,-73.88687167,40.80649667,24-07-2021 15:51,0.986293367,36.80456179999999
7966,-73.886985,40.80648333,24-07-2021 15:51,0.986293367,36.869504180000035
7967,-73.88710333,40.80646833,24-07-2021 15:51,0.990620797,36.869504180000035
7968,-73.88722833,40.80645333,24-07-2021 15:52,0.990620797,36.869504180000035
7969,-73.88735,40.80644167,24-07-2021 15:52,0.994948226,36.89684834000002
7970,-73.88747167,40.80642667,24-07-2021 15:52,0.994948226,36.89684834000002
7971,-73.88771667,40.80640167,24-07-2021 15:52,0.990620797,37.11218359999998
7972,-73.88784333,40.80638833,24-07-2021 15:52,0.992784512,35.83042610000001
7973,-73.88797333,40.80637,24-07-2021 15:52,0.992784512,36.83532398
7974,-73.88822833,40.80633167,24-07-2021 15:52,0.994948226,36.83532398
7975,-73.88834333,40.80632333,24-07-2021 15:52,0.994948226,37.74793532000001
7976,-73.88845,40.80631833,24-07-2021 15:52,0.999275656,37.74793532000001
7977,-73.88862167,40.80630833,24-07-2021 15:52,1.007930516,37.74793532000001
7978,-73.88868,40.80630667,24-07-2021 15:52,1.007930516,38.643456560000004
7979,-73.88872,40.80631167,24-07-2021 15:52,0.997111941,38.643456560000004
7980,-73.888865,40.806315,24-07-2021 15:52,1.010214437,38.643456560000004
7981,-73.889065,40.80632,24-07-2021 15:52,1.016705582,39.35098670000002
7982,-73.88912667,40.80640833,24-07-2021 15:52,1.012378152,42.11958290000001
7983,-73.889155,40.80646833,24-07-2021 15:52,1.012378152,42.11958290000001
7984,-73.88920333,40.80662,24-07-2021 15:52,1.003723292,42.11958290000001
7985,-73.88923167,40.80671,24-07-2021 15:52,1.003723292,44.71044205999999
7986,-73.88925833,40.80680667,24-07-2021 15:52,1.003723292,44.71044205999999
7987,-73.889285,40.80690167,24-07-2021 15:52,1.003723292,44.71044205999999
7988,-73.88930833,40.80700167,24-07-2021 15:52,1.003723292,46.388689880000015
7989,-73.88933833,40.80710333,24-07-2021 15:52,0.995068433,46.388689880000015
7990,-73.88939833,40.807305,24-07-2021 15:52,0.995068433,49.63922690000004
7991,-73.889415,40.8074,24-07-2021 15:52,0.990741003,49.63922690000004
7992,-73.88947167,40.807585,24-07-2021 15:52,0.997232148,48.19682246000002
7993,-73.8895,40.80766833,24-07-2021 15:52,0.997232148,48.19682246000002
7994,-73.88952333,40.807755,24-07-2021 15:52,0.997232148,46.08106808000002
7995,-73.889545,40.807925,24-07-2021 15:52,0.999395863,46.08106808000002
7996,-73.88955667,40.80801,24-07-2021 15:52,0.999395863,44.07469034000002
7997,-73.889575,40.808095,24-07-2021 15:52,0.995068433,44.07469034000002
7998,-73.88960167,40.80817667,24-07-2021 15:52,0.995068433,44.07469034000002
7999,-73.88963167,40.808265,24-07-2021 15:52,1.001559577,44.07469034000002
8000,-73.88966167,40.80835833,24-07-2021 15:52,1.001559577,43.391086340000015
8001,-73.88969167,40.80845167,24-07-2021 15:52,0.990741003,43.391086340000015
8002,-73.88975333,40.80864833,24-07-2021 15:52,0.997232148,41.35052840000003
8003,-73.88978333,40.808745,24-07-2021 15:52,0.997232148,41.35052840000003
8004,-73.88980167,40.80884,24-07-2021 15:52,1.003723292,39.52872374000003
8005,-73.88982667,40.808935,24-07-2021 15:52,1.003723292,39.52872374000003
8006,-73.88984167,40.80902667,24-07-2021 15:52,1.003723292,39.52872374000003
8007,-73.88986167,40.80911667,24-07-2021 15:52,1.003723292,38.84170172000006
8008,-73.889885,40.80920667,24-07-2021 15:52,1.003723292,38.84170172000006
8009,-73.88991,40.80929167,24-07-2021 15:52,1.003723292,38.84170172000006
8010,-73.889935,40.80937333,24-07-2021 15:52,1.003723292,38.622948440000016
8011,-73.88995333,40.80944833,24-07-2021 15:52,1.003723292,38.622948440000016
8012,-73.88997333,40.80951667,24-07-2021 15:52,1.005887007,38.622948440000016
8013,-73.89005333,40.80961833,24-07-2021 15:52,1.008050722,39.20742986000005
8014,-73.89012333,40.80964667,24-07-2021 15:52,1.008050722,39.162995600000045
8015,-73.890195,40.80967167,24-07-2021 15:52,1.012378152,39.162995600000045
8016,-73.89039167,40.80965667,24-07-2021 15:52,1.012378152,39.39200294
8017,-73.89050167,40.80964,24-07-2021 15:53,1.003723292,39.39200294
8018,-73.89062667,40.80962,24-07-2021 15:53,1.003723292,39.39200294
8019,-73.89076167,40.809595,24-07-2021 15:53,1.008050722,39.74064098000002
8020,-73.89091833,40.80957333,24-07-2021 15:53,1.008050722,39.74064098000002
8021,-73.8916,40.80948167,24-07-2021 15:53,1.003723292,40.15080338000001
8022,-73.89177,40.809455,24-07-2021 15:53,0.995068433,40.15080338000001
8023,-73.89193667,40.80942833,24-07-2021 15:53,0.995068433,40.40373685999998
8024,-73.89210333,40.80940167,24-07-2021 15:53,0.999395863,40.40373685999998
8025,-73.89227333,40.80936833,24-07-2021 15:53,0.999395863,39.76456712000004
8026,-73.89244,40.80933833,24-07-2021 15:53,0.997232148,39.76456712000004
8027,-73.892755,40.809285,24-07-2021 15:53,1.001559577,38.91006212000002
8028,-73.89291,40.80925833,24-07-2021 15:53,1.001559577,38.12733553999999
8029,-73.89306,40.80923667,24-07-2021 15:53,0.990741003,38.12733553999999
8030,-73.89320333,40.809215,24-07-2021 15:53,0.990741003,38.12733553999999
8031,-73.893345,40.80919667,24-07-2021 15:53,1.003723292,37.334354899999994
8032,-73.89347333,40.80918,24-07-2021 15:53,1.003723292,37.334354899999994
8033,-73.89359833,40.80916333,24-07-2021 15:53,1.003723292,37.28650262000002
8034,-73.893705,40.80915333,24-07-2021 15:53,1.003723292,37.047241220000046
8035,-73.89388333,40.80912333,24-07-2021 15:53,0.999395863,37.047241220000046
8036,-73.89396667,40.80911333,24-07-2021 15:53,0.990861209,37.047241220000046
8037,-73.894055,40.80910167,24-07-2021 15:53,0.990861209,36.87634022000003
8038,-73.89413833,40.80909167,24-07-2021 15:53,0.997352354,36.87634022000003
8039,-73.894335,40.809065,24-07-2021 15:53,1.001679784,37.37878916
8040,-73.89455,40.80903667,24-07-2021 15:53,1.001679784,37.37878916
8041,-73.89473333,40.809015,24-07-2021 15:53,0.988697495,38.08290127999999
8042,-73.89483833,40.80901833,24-07-2021 15:53,0.995188639,38.08290127999999
8043,-73.89552833,40.81172833,24-07-2021 15:53,0.993024924,40.294360220000044
8044,-73.895435,40.811815,24-07-2021 15:53,0.999516069,40.294360220000044
8045,-73.89539,40.81185667,24-07-2021 15:53,0.999516069,40.294360220000044
8046,-73.89533667,40.81191167,24-07-2021 15:53,0.995188639,39.81241940000001
8047,-73.89528167,40.81197667,24-07-2021 15:53,0.995188639,39.50137958000005
8048,-73.895225,40.81204833,24-07-2021 15:53,0.990861209,39.50137958000005
8049,-73.89516333,40.81212167,24-07-2021 15:53,0.990861209,39.50137958000005
8050,-73.89509667,40.81219333,24-07-2021 15:53,0.999516069,39.45010927999999
8051,-73.89503333,40.81226333,24-07-2021 15:53,0.999516069,39.45010927999999
8052,-73.89497667,40.81233167,24-07-2021 15:53,0.999516069,39.45010927999999
8053,-73.89492333,40.81239167,24-07-2021 15:53,0.999516069,39.10830728000002
8054,-73.89485,40.81246833,24-07-2021 15:53,1.001679784,39.56632195999998
8055,-73.89483333,40.81249167,24-07-2021 15:53,0.997352354,39.56632195999998
8056,-73.89482667,40.81251667,24-07-2021 15:54,0.997352354,39.56632195999998
8057,-73.89484,40.812545,24-07-2021 15:54,1.001679784,39.56632195999998
8058,-73.894875,40.81257333,24-07-2021 15:54,1.001679784,39.56632195999998
8059,-73.894935,40.81259667,24-07-2021 15:54,1.008170928,39.56632195999998
8060,-73.89509167,40.81265833,24-07-2021 15:54,1.008170928,39.43985522000003
8061,-73.89518,40.81269333,24-07-2021 15:54,1.001679784,39.45010927999999
8062,-73.89526833,40.81273,24-07-2021 15:54,1.001679784,39.45010927999999
8063,-73.89535167,40.81276167,24-07-2021 15:54,0.997352354,38.8041035
8064,-73.89542667,40.81279167,24-07-2021 15:54,0.997352354,38.8041035
8065,-73.89549,40.81282333,24-07-2021 15:54,0.999516069,38.8041035
8066,-73.89555,40.81285,24-07-2021 15:54,0.999516069,38.8041035
8067,-73.89567833,40.812905,24-07-2021 15:54,0.997352354,39.019438760000014
8068,-73.89570167,40.812915,24-07-2021 15:54,0.997352354,39.019438760000014
8069,-73.89582167,40.81294833,24-07-2021 15:54,1.01045485,38.472555560000046
8070,-73.895865,40.81292833,24-07-2021 15:54,1.01045485,39.019438760000014
8071,-73.89591833,40.81288167,24-07-2021 15:54,1.003963705,39.019438760000014
8072,-73.89597667,40.812815,24-07-2021 15:54,1.003963705,39.019438760000014
8073,-73.89603667,40.81274333,24-07-2021 15:54,1.00179999,38.380269020000014
8074,-73.89609333,40.81267333,24-07-2021 15:54,1.00179999,38.38710506000001
8075,-73.896145,40.81261167,24-07-2021 15:54,1.003963705,38.38710506000001
8076,-73.89618833,40.812565,24-07-2021 15:54,1.003963705,38.38710506000001
8077,-73.89621667,40.81253333,24-07-2021 15:54,0.99747256,38.38710506000001
8078,-73.896235,40.81251667,24-07-2021 15:54,0.99747256,38.38710506000001
8079,-73.896295,40.81245333,24-07-2021 15:54,1.00179999,38.38710506000001
8080,-73.89628833,40.81240167,24-07-2021 15:54,1.00179999,38.92715222000004
8081,-73.89625167,40.81234667,24-07-2021 15:54,1.008291135,38.92715222000004
8082,-73.89611667,40.81224667,24-07-2021 15:54,1.01045485,38.92715222000004
8083,-73.89603,40.812195,24-07-2021 15:55,1.01045485,39.62784632
8084,-73.89593333,40.81213833,24-07-2021 15:55,1.008291135,40.198655659999986
8085,-73.89583833,40.812085,24-07-2021 15:55,1.008291135,40.198655659999986
8086,-73.89576,40.81203333,24-07-2021 15:55,1.00612742,40.198655659999986
8087,-73.89570833,40.81198333,24-07-2021 15:55,1.00612742,40.198655659999986
8088,-73.89567333,40.81192333,24-07-2021 15:55,1.00179999,39.81241940000001
8089,-73.89565,40.811785,24-07-2021 15:55,1.001920197,40.294360220000044
8090,-73.89564,40.81170833,24-07-2021 15:55,1.006247626,40.294360220000044
8091,-73.89562167,40.81162667,24-07-2021 15:55,1.006247626,40.294360220000044
8092,-73.89559667,40.811535,24-07-2021 15:55,1.006247626,41.02581650000002
8093,-73.89556833,40.81143833,24-07-2021 15:55,1.006247626,41.02581650000002
8094,-73.89550833,40.81123333,24-07-2021 15:55,1.004083911,41.86323140000002
8095,-73.89547833,40.81112833,24-07-2021 15:55,1.004083911,41.86323140000002
8096,-73.89545333,40.81102333,24-07-2021 15:55,1.004083911,41.33343830000001
8097,-73.89542833,40.81092,24-07-2021 15:55,1.001920197,41.33343830000001
8098,-73.89540333,40.810815,24-07-2021 15:55,1.001920197,41.33343830000001
8099,-73.89535,40.81059333,24-07-2021 15:55,1.004083911,41.29925810000003
8100,-73.89532167,40.81048333,24-07-2021 15:55,0.997592767,40.89934976000001
8101,-73.89529833,40.81037333,24-07-2021 15:55,0.997592767,40.97796421999999
8102,-73.89527333,40.81026667,24-07-2021 15:55,0.999756482,40.97796421999999
8103,-73.89524833,40.81016,24-07-2021 15:55,0.999756482,40.444753100000014
8104,-73.89522,40.81005667,24-07-2021 15:55,0.991101622,40.444753100000014
8105,-73.89519333,40.80995333,24-07-2021 15:55,0.991101622,40.082442979999996
8106,-73.89516833,40.809855,24-07-2021 15:55,0.988937907,40.082442979999996
8107,-73.89514667,40.80975833,24-07-2021 15:55,0.988937907,40.082442979999996
8108,-73.89512,40.80966333,24-07-2021 15:55,0.991101622,39.79874732000002
8109,-73.895095,40.80957,24-07-2021 15:55,0.991101622,39.79874732000002
8110,-73.89506833,40.809475,24-07-2021 15:55,0.984610478,39.79874732000002
8111,-73.89504667,40.809385,24-07-2021 15:55,0.984610478,38.37343298000002
8112,-73.89502833,40.80930167,24-07-2021 15:55,0.991101622,38.37343298000002
8113,-73.89501167,40.80922667,24-07-2021 15:55,0.991101622,38.37343298000002
8114,-73.895,40.80916333,24-07-2021 15:55,0.986774192,38.08290127999999
8115,-73.89498,40.80906833,24-07-2021 15:55,0.986774192,38.08290127999999
8116,-73.89497,40.80904,24-07-2021 15:55,0.995429052,38.08290127999999
8117,-73.89504667,40.808955,24-07-2021 15:55,0.988937907,38.08290127999999
8118,-73.89509167,40.80895167,24-07-2021 15:55,0.988937907,38.97500450000001
8119,-73.89515167,40.80894833,24-07-2021 15:56,0.991101622,38.97500450000001
8120,-73.895225,40.808945,24-07-2021 15:56,0.991101622,38.97500450000001
8121,-73.89530833,40.80894167,24-07-2021 15:56,0.982446763,38.97500450000001
8122,-73.89539833,40.80893667,24-07-2021 15:56,0.982446763,38.97500450000001
8123,-73.89549833,40.80893333,24-07-2021 15:56,0.984610478,39.25528214000002
8124,-73.89571667,40.80892,24-07-2021 15:56,0.993265337,39.25528214000002
8125,-73.89583,40.80891,24-07-2021 15:56,0.993265337,39.40567501999999
8126,-73.896065,40.80888333,24-07-2021 15:56,0.991101622,38.099991380000006
8127,-73.89618167,40.80887,24-07-2021 15:56,0.997592767,38.099991380000006
8128,-73.89629167,40.808855,24-07-2021 15:56,0.997592767,38.099991380000006
8129,-73.89639833,40.80884,24-07-2021 15:56,0.991101622,37.628304619999994
8130,-73.89648333,40.80882667,24-07-2021 15:56,0.991101622,37.628304619999994
8131,-73.896565,40.808805,24-07-2021 15:57,0.995429052,37.628304619999994
8132,-73.89664333,40.80877167,24-07-2021 15:57,0.995429052,37.628304619999994
8133,-73.89669333,40.80872333,24-07-2021 15:57,1.001920197,37.628304619999994
8134,-73.89673333,40.80867833,24-07-2021 15:57,1.001920197,37.628304619999994
8135,-73.89674667,40.808625,24-07-2021 15:57,0.999756482,36.91052042000001
8136,-73.89673333,40.80849667,24-07-2021 15:57,0.999756482,36.91052042000001
8137,-73.89668667,40.808335,24-07-2021 15:57,0.993265337,36.74645545999999
8138,-73.89666167,40.80825,24-07-2021 15:57,0.988937907,36.74645545999999
8139,-73.89664,40.80817167,24-07-2021 15:57,0.988937907,36.74645545999999
8140,-73.89662167,40.80810667,24-07-2021 15:57,0.995429052,36.74645545999999
8141,-73.89661,40.80805833,24-07-2021 15:57,0.995429052,36.84557804000002
8142,-73.89665833,40.80798667,24-07-2021 15:57,0.995429052,36.84557804000002
8143,-73.89671,40.80798,24-07-2021 15:57,0.995429052,36.84557804000002
8144,-73.89678,40.80797667,24-07-2021 15:57,0.988937907,36.84557804000002
8145,-73.89696,40.80795167,24-07-2021 15:57,0.997592767,37.21472419999998
8146,-73.897055,40.80794,24-07-2021 15:57,0.997592767,37.21472419999998
8147,-73.89715,40.80792833,24-07-2021 15:57,0.988937907,37.21472419999998
8148,-73.89724167,40.80791667,24-07-2021 15:57,0.988937907,36.756709520000015
8149,-73.89732167,40.807905,24-07-2021 15:09,0.997592767,36.756709520000015
8150,-73.89742833,40.807895,24-07-2021 15:09,0.995429052,36.756709520000015
8151,-73.89746,40.80789167,24-07-2021 15:09,0.995549258,36.756709520000015
8152,-73.89749333,40.80789333,24-07-2021 15:09,1.004204118,36.756709520000015
8153,-73.897525,40.80790333,24-07-2021 15:09,1.004204118,36.756709520000015
8154,-73.89755333,40.80792,24-07-2021 15:09,1.002040403,35.80308194000003
8155,-73.89757167,40.80794667,24-07-2021 15:09,1.002040403,35.80308194000003
8156,-73.89758333,40.80798833,24-07-2021 15:09,0.999876688,35.80308194000003
8157,-73.89759667,40.80804333,24-07-2021 15:09,0.999876688,35.80308194000003
8158,-73.89762333,40.80812167,24-07-2021 15:09,0.991221829,34.73324167999999
8159,-73.89766333,40.80826667,24-07-2021 15:09,0.991221829,34.73324167999999
8160,-73.89769,40.80838167,24-07-2021 15:09,0.993385543,33.89240876000002
8161,-73.89769667,40.80843,24-07-2021 15:09,1.004204118,33.89240876000002
8162,-73.89770333,40.80847,24-07-2021 15:09,1.004204118,33.89240876000002
8163,-73.89770667,40.80848333,24-07-2021 15:09,0.995549258,33.89240876000002
8164,-73.897745,40.80854833,24-07-2021 15:09,0.995549258,33.89240876000002
8165,-73.897755,40.80858833,24-07-2021 15:09,0.995549258,33.89240876000002
8166,-73.89777,40.80865,24-07-2021 15:09,1.002040403,33.926588960000004
8167,-73.89780333,40.80880333,24-07-2021 15:09,1.002040403,33.926588960000004
8168,-73.89782833,40.80889333,24-07-2021 15:09,1.002040403,33.926588960000004
8169,-73.89785333,40.80899167,24-07-2021 15:09,0.991221829,32.415824120000025
8170,-73.89787667,40.80909167,24-07-2021 15:09,0.991221829,32.415824120000025
8171,-73.89790167,40.80919667,24-07-2021 15:09,0.997712973,32.450004320000005
8172,-73.89793,40.80930167,24-07-2021 15:09,0.997712973,32.450004320000005
8173,-73.89795333,40.80940667,24-07-2021 15:09,0.986894399,32.450004320000005
8174,-73.89798167,40.80951667,24-07-2021 15:09,0.986894399,32.679011660000015
8175,-73.898005,40.80962,24-07-2021 15:09,0.989058114,32.679011660000015
8176,-73.89803167,40.809725,24-07-2021 15:09,0.989058114,33.495918440000025
8177,-73.89805333,40.80983,24-07-2021 15:09,0.989058114,33.495918440000025
8178,-73.89808,40.80993167,24-07-2021 15:09,0.989058114,33.495918440000025
8179,-73.898105,40.810025,24-07-2021 15:09,0.976075824,35.314305080000054
8180,-73.89815,40.81018833,24-07-2021 15:09,0.978239539,35.314305080000054
8181,-73.89817667,40.81025167,24-07-2021 15:09,0.978239539,35.314305080000054
8182,-73.89821,40.81029667,24-07-2021 15:09,0.982566969,36.07310552000001
8183,-73.89830333,40.81037,24-07-2021 15:09,0.982566969,36.07310552000001
8184,-73.89835,40.81040833,24-07-2021 15:10,0.980403254,36.07310552000001
8185,-73.898395,40.81044833,24-07-2021 15:10,0.980403254,36.07310552000001
8186,-73.89845333,40.81048667,24-07-2021 15:10,0.978239539,36.07310552000001
8187,-73.89852333,40.81051167,24-07-2021 15:10,0.978239539,36.07310552000001
8188,-73.89859,40.81052833,24-07-2021 15:10,0.980403254,36.869504180000035
8189,-73.89866833,40.81052167,24-07-2021 15:10,0.980403254,34.89730664000001
8190,-73.89888667,40.81048833,24-07-2021 15:10,0.982566969,34.89730664000001
8191,-73.89892833,40.81047833,24-07-2021 15:10,0.982566969,34.429037900000026
8192,-73.898975,40.81045833,24-07-2021 15:11,0.982566969,34.429037900000026
8193,-73.89902167,40.810425,24-07-2021 15:11,0.989058114,34.429037900000026
8194,-73.89906333,40.81037667,24-07-2021 15:11,0.989058114,34.429037900000026
8195,-73.89910833,40.81031333,24-07-2021 15:11,0.989058114,34.429037900000026
8196,-73.89914833,40.81024333,24-07-2021 15:11,0.989058114,31.43827040000002
8197,-73.89919,40.81016333,24-07-2021 15:11,0.991221829,31.43827040000002
8198,-73.89923667,40.81007833,24-07-2021 15:11,0.991221829,31.43827040000002
8199,-73.89928167,40.80998833,24-07-2021 15:11,0.993385543,33.82746638000003
8200,-73.89932167,40.80989,24-07-2021 15:11,0.993385543,31.85185081999998
8201,-73.89934667,40.80979,24-07-2021 15:11,0.989058114,31.85185081999998
8202,-73.899355,40.80968333,24-07-2021 15:11,0.989058114,31.44168841999999
8203,-73.89934667,40.809575,24-07-2021 15:11,0.986894399,31.44168841999999
8204,-73.89933167,40.809465,24-07-2021 15:11,0.986894399,31.44168841999999
8205,-73.89930833,40.80935333,24-07-2021 15:11,0.982566969,33.10284614
8206,-73.89928,40.80923667,24-07-2021 15:11,0.982566969,33.10284614
8207,-73.89925167,40.80911833,24-07-2021 15:11,0.984730684,33.36261566000002
8208,-73.89922,40.80899667,24-07-2021 15:11,0.984730684,33.36261566000002
8209,-73.89919,40.80887333,24-07-2021 15:11,0.976075824,36.380727320000005
8210,-73.89913333,40.80863,24-07-2021 15:12,0.976075824,37.68641095999999
8211,-73.899105,40.80851167,24-07-2021 15:12,0.984730684,37.68641095999999
8212,-73.89907667,40.808395,24-07-2021 15:12,0.984730684,37.68641095999999
8213,-73.89905,40.80828167,24-07-2021 15:12,0.971748395,38.74599716
8214,-73.89902167,40.80817,24-07-2021 15:12,0.971748395,38.74599716
8215,-73.89899333,40.80806167,24-07-2021 15:12,0.980403254,39.40567501999999
8216,-73.89897,40.80795333,24-07-2021 15:12,0.980523461,39.40567501999999
8217,-73.89893,40.80773333,24-07-2021 15:12,0.980523461,39.053618959999994
8218,-73.89891,40.807625,24-07-2021 15:12,0.978359746,39.053618959999994
8219,-73.89888667,40.80751667,24-07-2021 15:12,0.978359746,38.12391752000002
8220,-73.89886167,40.80741333,24-07-2021 15:12,0.976196031,38.12391752000002
8221,-73.898835,40.80731333,24-07-2021 15:12,0.976196031,38.12391752000002
8222,-73.898795,40.80712,24-07-2021 15:12,0.978359746,38.49306367999998
8223,-73.89877833,40.807015,24-07-2021 15:12,0.974032316,36.67125901999998
8224,-73.89875833,40.806905,24-07-2021 15:12,0.974032316,36.67125901999998
8225,-73.89873667,40.80679333,24-07-2021 15:12,0.976196031,36.67125901999998
8226,-73.89869,40.80657833,24-07-2021 15:12,0.969704886,36.36021920000002
8227,-73.89866667,40.80647333,24-07-2021 15:12,0.969704886,35.16049418
8228,-73.89864333,40.80637167,24-07-2021 15:12,0.965377456,35.16049418
8229,-73.898625,40.80628167,24-07-2021 15:12,0.965377456,33.84455648000005
8230,-73.89861667,40.80620833,24-07-2021 15:12,0.967541171,32.10820232000003
8231,-73.89862,40.80615167,24-07-2021 15:12,0.967541171,32.10820232000003
8232,-73.89863833,40.80611,24-07-2021 15:12,0.969704886,32.10820232000003
8233,-73.89867167,40.80607833,24-07-2021 15:12,0.969704886,33.65656538000002
8234,-73.89873,40.80606,24-07-2021 15:12,0.963213742,33.65656538000002
8235,-73.89881,40.80604667,24-07-2021 15:12,0.963213742,33.65656538000002
8236,-73.89890667,40.806035,24-07-2021 15:12,0.969704886,33.65656538000002
8237,-73.89908,40.80600667,24-07-2021 15:12,0.969704886,37.00622498000001
8238,-73.89914167,40.80598833,24-07-2021 15:12,0.967541171,37.00622498000001
8239,-73.89918,40.80597167,24-07-2021 15:12,0.967541171,37.00622498000001
8240,-73.89920167,40.80595833,24-07-2021 15:12,0.976196031,37.00622498000001
8241,-73.89929667,40.80589333,24-07-2021 15:12,0.976196031,33.01739564000002
8242,-73.89932167,40.80585333,24-07-2021 15:12,0.976196031,33.01739564000002
8243,-73.89933333,40.8058,24-07-2021 15:12,0.980523461,33.01739564000002
8244,-73.89933333,40.80573833,24-07-2021 15:12,0.980523461,33.01739564000002
8245,-73.899325,40.80567,24-07-2021 15:12,0.976196031,30.494896880000056
8246,-73.89932167,40.80560167,24-07-2021 15:12,0.976196031,30.494896880000056
8247,-73.89933,40.80554,24-07-2021 15:12,0.978359746,30.494896880000056
8248,-73.89935,40.80549167,24-07-2021 15:12,0.978359746,30.494896880000056
8249,-73.8994,40.80545167,24-07-2021 15:12,0.976196031,32.84307662000003
8250,-73.89956167,40.80539667,24-07-2021 15:12,0.978359746,30.28981568000006
8251,-73.89964167,40.80537667,24-07-2021 15:12,0.978359746,30.28981568000006
8252,-73.89970833,40.80536167,24-07-2021 15:12,0.980523461,30.28981568000006
8253,-73.89975667,40.80535,24-07-2021 15:12,0.980523461,32.72002789999999
8254,-73.8999,40.80532167,24-07-2021 15:12,0.982687175,32.72002789999999
8255,-73.89995667,40.80531,24-07-2021 15:12,0.978359746,32.72002789999999
8256,-73.90011167,40.80527333,24-07-2021 15:12,0.978359746,37.52576402
8257,-73.90020167,40.80525,24-07-2021 15:12,0.978359746,37.52576402
8258,-73.90031167,40.80521833,24-07-2021 15:12,0.978359746,37.52576402
8259,-73.90043,40.80519,24-07-2021 15:12,0.98485089,37.52576402
8260,-73.90056,40.80516167,24-07-2021 15:12,0.98485089,39.79191128000002
8261,-73.90069833,40.80513833,24-07-2021 15:14,0.980523461,39.79191128000002
8262,-73.90083833,40.80511833,24-07-2021 15:14,0.980523461,35.676615200000015
8263,-73.90113,40.80508333,24-07-2021 15:14,0.980523461,35.676615200000015
8264,-73.90127333,40.80506667,24-07-2021 15:14,0.980523461,37.590706400000045
8265,-73.90141833,40.80504833,24-07-2021 15:14,0.980523461,37.590706400000045
8266,-73.901555,40.80503333,24-07-2021 15:14,0.974032316,38.12391752000002
8267,-73.90168,40.80502,24-07-2021 15:14,0.974032316,38.12391752000002
8268,-73.90178833,40.80501,24-07-2021 15:14,0.980523461,38.12391752000002
8269,-73.90188333,40.805005,24-07-2021 15:14,0.980523461,37.99745078000001
8270,-73.90196667,40.80501,24-07-2021 15:14,0.987014605,37.99745078000001
8271,-73.90204,40.80502667,24-07-2021 15:14,0.987014605,37.99745078000001
8272,-73.9021,40.80504167,24-07-2021 15:14,0.982687175,37.99745078000001
8273,-73.90215,40.80505167,24-07-2021 15:14,0.982687175,37.953016520000006
8274,-73.90221667,40.805125,24-07-2021 15:14,0.987134812,37.953016520000006
8275,-73.90223,40.80523333,24-07-2021 15:14,0.984971097,40.90276777999998
8276,-73.90224167,40.80530333,24-07-2021 15:14,0.984971097,40.90276777999998
8277,-73.902255,40.805385,24-07-2021 15:14,0.980643667,40.90276777999998
8278,-73.90227833,40.80557667,24-07-2021 15:14,0.980643667,42.885219380000024
8279,-73.902295,40.80568,24-07-2021 15:14,0.982807382,42.885219380000024
8280,-73.90231167,40.80580333,24-07-2021 15:14,0.982807382,43.606421599999976
8281,-73.90232833,40.80592,24-07-2021 15:15,0.982807382,43.606421599999976
8282,-73.90234667,40.80602833,24-07-2021 15:15,0.982807382,43.606421599999976
8283,-73.902385,40.80623667,24-07-2021 15:15,0.980643667,42.485311040000056
8284,-73.90240333,40.80633667,24-07-2021 15:15,0.982807382,41.19671749999998
8285,-73.90241833,40.80641833,24-07-2021 15:15,0.982807382,41.19671749999998
8286,-73.902425,40.806495,24-07-2021 15:15,0.989298526,41.19671749999998
8287,-73.902425,40.80655833,24-07-2021 15:15,0.989298526,41.19671749999998
8288,-73.90242667,40.806615,24-07-2021 15:15,0.997953386,40.2738521
8289,-73.90243667,40.806665,24-07-2021 15:15,0.997953386,40.2738521
8290,-73.90244833,40.80670667,24-07-2021 15:15,0.991462241,40.2738521
8291,-73.90245833,40.80673333,24-07-2021 15:16,0.991462241,40.2738521
8292,-73.90246667,40.80674833,24-07-2021 15:16,0.993625956,40.2738521
8293,-73.90252167,40.80691167,24-07-2021 15:16,1.002280816,39.491125520000026
8294,-73.90253833,40.80697333,24-07-2021 15:16,1.002280816,39.491125520000026
8295,-73.90255333,40.807055,24-07-2021 15:16,1.000117101,39.491125520000026
8296,-73.902575,40.807145,24-07-2021 15:16,1.000117101,39.32364254000004
8297,-73.902595,40.80724333,24-07-2021 15:16,0.997953386,39.32364254000004
8298,-73.90265167,40.80753167,24-07-2021 15:16,1.002280816,39.26895422000001
8299,-73.90267167,40.80762167,24-07-2021 15:16,1.002280816,39.26895422000001
8300,-73.90268667,40.807715,24-07-2021 15:16,1.002280816,39.09121718000006
8301,-73.90270167,40.80780667,24-07-2021 15:16,1.000117101,39.09121718000006
8302,-73.90271333,40.80790167,24-07-2021 15:16,1.000117101,39.09121718000006
8303,-73.90273,40.807995,24-07-2021 15:16,1.006608246,38.74941518000003
8304,-73.90275833,40.80817833,24-07-2021 15:16,0.997953386,38.74941518000003
8305,-73.90276833,40.80826,24-07-2021 15:16,0.997953386,38.95791440000005
8306,-73.90278333,40.80834167,24-07-2021 15:16,0.989298526,38.95791440000005
8307,-73.902795,40.80841833,24-07-2021 15:16,0.989298526,38.95791440000005
8308,-73.90283,40.808655,24-07-2021 15:16,0.991462241,39.03994688
8309,-73.90285,40.80873333,24-07-2021 15:16,0.991462241,38.96475043999999
8310,-73.90286833,40.80881167,24-07-2021 15:16,0.995789671,38.68447279999998
8311,-73.902885,40.80888833,24-07-2021 15:16,0.995789671,38.68447279999998
8312,-73.90290333,40.80897,24-07-2021 15:16,0.989298526,38.68447279999998
8313,-73.90291667,40.809035,24-07-2021 15:16,0.989298526,38.23671218000004
8314,-73.90293,40.80908667,24-07-2021 15:16,0.991462241,38.23671218000004
8315,-73.90293833,40.809125,24-07-2021 15:16,0.991462241,38.23671218000004
8316,-73.902945,40.80918,24-07-2021 15:16,0.989298526,38.23671218000004
8317,-73.90295167,40.809335,24-07-2021 15:16,0.989418733,38.45204744
8318,-73.90296833,40.80936833,24-07-2021 15:16,0.991582448,38.45204744
8319,-73.903,40.80941333,24-07-2021 15:16,0.991582448,38.45204744
8320,-73.90306667,40.80948333,24-07-2021 15:16,0.991582448,38.45204744
8321,-73.90317333,40.80958667,24-07-2021 15:16,0.987255018,38.40419516000003
8322,-73.90323167,40.80959,24-07-2021 15:16,0.989418733,39.33731462000003
8323,-73.90329667,40.80957167,24-07-2021 15:16,0.989418733,39.33731462000003
8324,-73.90336333,40.80953333,24-07-2021 15:16,0.991582448,39.14932352000005
8325,-73.90344,40.80948667,24-07-2021 15:16,0.991582448,39.14932352000005
8326,-73.90361833,40.80937333,24-07-2021 15:16,0.989418733,39.38516690000006
8327,-73.90381667,40.80923,24-07-2021 15:16,0.991582448,38.71865300000002
8328,-73.90393167,40.80914833,24-07-2021 15:16,0.991582448,38.71865300000002
8329,-73.904045,40.809065,24-07-2021 15:16,0.991582448,38.93398825999998
8330,-73.90416167,40.80898333,24-07-2021 15:16,0.993746163,38.479391599999985
8331,-73.90441167,40.80881667,24-07-2021 15:16,0.993746163,38.722071020000044
8332,-73.90454167,40.80872667,24-07-2021 15:16,0.987255018,38.722071020000044
8333,-73.90467333,40.80864,24-07-2021 15:16,0.987255018,38.52040784000002
8334,-73.90480167,40.80855167,24-07-2021 15:16,0.985091303,38.52040784000002
8335,-73.90493167,40.80846,24-07-2021 15:16,0.985091303,38.52040784000002
8336,-73.90519833,40.80826167,24-07-2021 15:16,0.987255018,37.90858226
8337,-73.905735,40.80787,24-07-2021 15:16,0.991582448,37.44031352000002
8338,-73.90585833,40.80777833,24-07-2021 15:16,0.995909877,37.44031352000002
8339,-73.90598167,40.80769,24-07-2021 15:16,0.995909877,37.44031352000002
8340,-73.90610333,40.80760333,24-07-2021 15:16,0.993746163,37.334354899999994
8341,-73.90622333,40.80752,24-07-2021 15:16,0.993746163,37.334354899999994
8342,-73.906345,40.80743833,24-07-2021 15:16,1.002401022,37.334354899999994
8343,-73.90645833,40.80736333,24-07-2021 15:17,1.002401022,37.25915845999998
8344,-73.90656667,40.80729667,24-07-2021 15:17,1.004564737,37.25915845999998
8345,-73.90678333,40.80718833,24-07-2021 15:17,1.002401022,37.25915845999998
8346,-73.906895,40.80714,24-07-2021 15:17,1.002401022,37.25232242000004
8347,-73.90700833,40.80709,24-07-2021 15:17,1.002401022,37.334354899999994
8348,-73.90713333,40.807035,24-07-2021 15:17,1.002401022,37.334354899999994
8349,-73.90726167,40.80698167,24-07-2021 15:17,1.002521229,37.14636380000002
8350,-73.9074,40.80692833,24-07-2021 15:18,1.002521229,37.14636380000002
8351,-73.90753667,40.80687333,24-07-2021 15:18,1.000357514,37.0267331
8352,-73.90767667,40.80682,24-07-2021 15:18,1.000357514,37.06433132000001
8353,-73.90782,40.80676333,24-07-2021 15:18,1.011176088,37.06433132000001
8354,-73.90796833,40.80670833,24-07-2021 15:18,1.011176088,36.94470062000005
8355,-73.91023667,40.80574,24-07-2021 15:18,1.013339803,36.83532398
8356,-73.91030833,40.80570833,24-07-2021 15:18,1.013339803,36.83532398
8357,-73.91035833,40.80568333,24-07-2021 15:18,1.013339803,37.0267331
8358,-73.91038333,40.80567167,24-07-2021 15:18,1.019830948,37.0267331
8359,-73.910395,40.80566333,24-07-2021 15:18,1.019830948,37.0267331
8360,-73.91046167,40.805645,24-07-2021 15:18,1.039304382,37.0267331
8361,-73.91053167,40.80562167,24-07-2021 15:18,1.041468096,37.0267331
8362,-73.91061833,40.805585,24-07-2021 15:18,1.041468096,37.0267331
8363,-73.91072,40.80554,24-07-2021 15:18,1.041468096,37.28308460000005
8364,-73.91083167,40.80549333,24-07-2021 15:18,1.041468096,37.79236958000001
8365,-73.91094833,40.80544167,24-07-2021 15:18,1.032813237,37.79236958000001
8366,-73.91116667,40.80534,24-07-2021 15:18,1.030649522,37.78895155999999
8367,-73.91135167,40.80525,24-07-2021 15:18,1.026322092,38.07264722000002
8368,-73.91143333,40.80521333,24-07-2021 15:18,1.026322092,37.88123810000002
8369,-73.911515,40.80517833,24-07-2021 15:18,1.021994662,37.88123810000002
8370,-73.91160167,40.805145,24-07-2021 15:18,1.021994662,37.88123810000002
8371,-73.91168833,40.80511333,24-07-2021 15:18,1.022114869,37.88123810000002
8372,-73.91176833,40.805085,24-07-2021 15:18,1.022114869,37.737681260000045
8373,-73.91183,40.80505167,24-07-2021 15:18,1.022114869,37.737681260000045
8374,-73.91189333,40.80502167,24-07-2021 15:18,1.022114869,38.07264722000002
8375,-73.91196333,40.804995,24-07-2021 15:18,1.026442299,38.07264722000002
8376,-73.91203667,40.80496667,24-07-2021 15:18,1.026442299,38.07264722000002
8377,-73.93983833,40.78972,24-07-2021 15:18,0.991221829,35.65610708000003
8378,-73.93988333,40.78974333,24-07-2021 15:19,0.991221829,35.65610708000003
8379,-73.93991833,40.78976333,24-07-2021 15:19,0.991221829,35.65610708000003
8380,-73.939945,40.78977833,24-07-2021 15:19,0.982566969,35.65610708000003
8381,-73.93997667,40.78979167,24-07-2021 15:19,0.982566969,35.65610708000003
8382,-73.94005833,40.78981667,24-07-2021 15:19,0.984730684,35.65610708000003
8383,-73.94009833,40.78983167,24-07-2021 15:21,0.984730684,35.65610708000003
8384,-73.940135,40.78985167,24-07-2021 15:21,0.989058114,35.645853020000004
8385,-73.94018833,40.78987333,24-07-2021 15:21,0.984730684,35.20834646000003
8386,-73.94022167,40.78988667,24-07-2021 15:21,0.984730684,35.20834646000003
8387,-73.94026333,40.78989667,24-07-2021 15:21,0.978359746,35.20834646000003
8388,-73.94031333,40.78989333,24-07-2021 15:21,0.978359746,35.20834646000003
8389,-73.94037,40.789905,24-07-2021 15:21,0.980523461,35.20834646000003
8390,-73.94042833,40.78992,24-07-2021 15:21,0.980523461,35.20834646000003
8391,-73.94048833,40.78993167,24-07-2021 15:21,0.982687175,35.08529773999999
8392,-73.94062167,40.78997,24-07-2021 15:21,0.98917832,35.08529773999999
8393,-73.94069667,40.789995,24-07-2021 15:22,0.98917832,35.08529773999999
8394,-73.94077833,40.79002833,24-07-2021 15:22,0.98485089,35.08529773999999
8395,-73.94085833,40.79005667,24-07-2021 15:22,0.98485089,35.22201854000002
8396,-73.94093833,40.79008667,24-07-2021 15:22,0.98485089,35.22201854000002
8397,-73.941015,40.79011667,24-07-2021 15:22,0.98485089,35.22201854000002
8398,-73.94115333,40.79017667,24-07-2021 15:22,0.987014605,34.709315540000034
8399,-73.94121833,40.79019833,24-07-2021 15:22,0.98485089,35.37924745999999
8400,-73.94130167,40.79022333,24-07-2021 15:22,0.98485089,35.37924745999999
8401,-73.94138833,40.79024333,24-07-2021 15:22,0.978359746,35.37924745999999
8402,-73.94147,40.79026167,24-07-2021 15:22,0.978359746,35.37924745999999
8403,-73.941555,40.79028667,24-07-2021 15:22,0.980523461,35.792827880000004
8404,-73.941635,40.79031833,24-07-2021 15:22,0.980523461,35.792827880000004
8405,-73.94177167,40.79039167,24-07-2021 15:22,0.974032316,35.792827880000004
8406,-73.94187167,40.79046,24-07-2021 15:22,0.982687175,35.529640340000014
8407,-73.94190667,40.79048667,24-07-2021 15:22,0.976196031,35.529640340000014
8408,-73.94213167,40.79053833,24-07-2021 15:22,0.995789671,36.16197404000002
8409,-73.94220667,40.79056333,24-07-2021 15:22,1.000117101,36.84557804000002
8410,-73.94228,40.79059333,24-07-2021 15:22,1.000117101,36.84557804000002
8411,-73.94235,40.79062167,24-07-2021 15:22,0.991462241,36.84557804000002
8412,-73.94241667,40.79065,24-07-2021 15:22,0.991462241,36.84557804000002
8413,-73.94248667,40.79068667,24-07-2021 15:22,0.993625956,36.53795624000003
8414,-73.94255833,40.79072,24-07-2021 15:22,0.993625956,37.15661785999998
8415,-73.94272,40.79079,24-07-2021 15:22,0.991462241,37.15661785999998
8416,-73.94281167,40.79082833,24-07-2021 15:22,1.002280816,37.15661785999998
8417,-73.94299667,40.790905,24-07-2021 15:22,0.993625956,37.38562520000005
8418,-73.94326,40.79102,24-07-2021 15:22,0.997953386,36.64733288000002
8419,-73.94343,40.79109833,24-07-2021 15:22,1.000117101,36.64733288000002
8420,-73.94350667,40.791145,24-07-2021 15:22,0.995789671,36.64733288000002
8421,-73.94360167,40.79118667,24-07-2021 15:22,0.995789671,36.64733288000002
8422,-73.94369333,40.79122667,24-07-2021 15:22,0.991462241,35.86460629999999
8423,-73.94378,40.791265,24-07-2021 15:22,0.991462241,35.86460629999999
8424,-73.94386,40.79130167,24-07-2021 15:22,1.000117101,35.86460629999999
8425,-73.94393333,40.79133667,24-07-2021 15:22,1.000117101,35.86460629999999
8426,-73.944005,40.79137167,24-07-2021 15:22,0.997953386,36.28844078000003
8427,-73.94406333,40.79140667,24-07-2021 15:22,0.997953386,36.28844078000003
8428,-73.94411,40.79143667,24-07-2021 15:22,0.993625956,36.28844078000003
8429,-73.94414667,40.791465,24-07-2021 15:22,0.993625956,36.28844078000003
8430,-73.94418167,40.79148,24-07-2021 15:22,1.000117101,36.28844078000003
8431,-73.94420167,40.79148667,24-07-2021 15:22,1.000117101,35.327977160000046
8432,-73.944255,40.79153,24-07-2021 15:22,1.000117101,35.327977160000046
8433,-73.94431667,40.791545,24-07-2021 15:22,1.000117101,35.327977160000046
8434,-73.94438667,40.791565,24-07-2021 15:22,1.006728452,36.643914859999995
8435,-73.94446333,40.79159,24-07-2021 15:22,1.006728452,36.643914859999995
8436,-73.94454167,40.79161333,24-07-2021 15:23,1.002401022,36.643914859999995
8437,-73.944615,40.79164167,24-07-2021 15:23,1.002401022,36.643914859999995
8438,-73.94469,40.79167333,24-07-2021 15:23,1.004564737,36.643914859999995
8439,-73.94476833,40.79170833,24-07-2021 15:23,1.004564737,37.60096046000001
8440,-73.94485167,40.79174333,24-07-2021 15:23,1.002401022,37.60096046000001
8441,-73.94493167,40.791775,24-07-2021 15:23,1.002401022,37.60096046000001
8442,-73.94501333,40.79180833,24-07-2021 15:23,1.002401022,37.60096046000001
8443,-73.94509333,40.79184,24-07-2021 15:23,1.002401022,38.5990223
8444,-73.94532333,40.791935,24-07-2021 15:23,1.004564737,38.22987613999999
8445,-73.94547,40.79200333,24-07-2021 15:23,1.006728452,38.22645812000002
8446,-73.94553833,40.79203667,24-07-2021 15:23,1.011055882,38.22645812000002
8447,-73.94560833,40.792065,24-07-2021 15:23,1.011055882,38.22645812000002
8448,-73.945675,40.79209,24-07-2021 15:23,1.002401022,38.22645812000002
8449,-73.94574167,40.792115,24-07-2021 15:23,1.002401022,38.086319300000014
8450,-73.945805,40.79213833,24-07-2021 15:23,1.008892167,38.147843660000035
8451,-73.94586833,40.79216167,24-07-2021 15:23,1.008892167,38.147843660000035
8452,-73.94593333,40.79218667,24-07-2021 15:23,1.000237307,38.147843660000035
8453,-73.94600667,40.792215,24-07-2021 15:23,1.000237307,38.147843660000035
8454,-73.946085,40.79224667,24-07-2021 15:23,1.008892167,38.147843660000035
8455,-73.94616833,40.792285,24-07-2021 15:23,1.008892167,38.20253198
8456,-73.94625833,40.79232,24-07-2021 15:23,1.008892167,38.20253198
8457,-73.94634667,40.792355,24-07-2021 15:24,1.008892167,38.20253198
8458,-73.94643667,40.79239167,24-07-2021 15:24,1.011055882,38.26747436000005
8459,-73.94652167,40.79242333,24-07-2021 15:24,1.011055882,38.34267080000001
8460,-73.946605,40.79245333,24-07-2021 15:24,1.002401022,38.34267080000001
8461,-73.94668667,40.79248333,24-07-2021 15:24,1.002401022,38.34267080000001
8462,-73.94676,40.79251333,24-07-2021 15:24,1.006728452,38.34267080000001
8463,-73.94689667,40.79257,24-07-2021 15:24,1.000237307,38.40077714000006
8464,-73.94696667,40.7926,24-07-2021 15:24,1.000237307,38.40077714000006
8465,-73.94703833,40.79263167,24-07-2021 15:24,1.000237307,38.40077714000006
8466,-73.94710833,40.79266167,24-07-2021 15:24,1.000237307,38.246966240000006
8467,-73.94718,40.792695,24-07-2021 15:24,1.004564737,38.246966240000006
8468,-73.94725833,40.792725,24-07-2021 15:24,1.004564737,38.13417158000004
8469,-73.94734,40.79275833,24-07-2021 15:24,1.013219597,38.13417158000004
8470,-73.94743,40.79279,24-07-2021 15:24,1.013219597,38.13417158000004
8471,-73.94751833,40.79282,24-07-2021 15:24,1.004564737,37.49841986000001
8472,-73.94759833,40.792865,24-07-2021 15:25,1.004564737,37.49841986000001
8473,-73.94767833,40.79290167,24-07-2021 15:25,0.998073592,37.49841986000001
8474,-73.947795,40.79295167,24-07-2021 15:25,0.995909877,37.395879260000015
8475,-73.94784,40.79297,24-07-2021 15:25,0.995909877,36.70543922000002
8476,-73.94788,40.79298667,24-07-2021 15:25,0.995909877,36.70543922000002
8477,-73.94792,40.793005,24-07-2021 15:25,0.995909877,36.70543922000002
8478,-73.94792667,40.79300833,24-07-2021 15:25,0.991582448,36.70543922000002
8479,-73.94801,40.79305833,24-07-2021 15:25,0.998193799,36.70543922000002
8480,-73.94803,40.79308,24-07-2021 15:25,0.998193799,36.70543922000002
8481,-73.948115,40.79313333,24-07-2021 15:25,0.998193799,36.70543922000002
8482,-73.94815,40.79314667,24-07-2021 15:25,0.998193799,36.70543922000002
8483,-73.94817167,40.79315333,24-07-2021 15:25,1.000357514,36.70543922000002
8484,-73.94820333,40.79316833,24-07-2021 15:25,1.000357514,36.1893182
8485,-73.94825333,40.793185,24-07-2021 15:25,1.000357514,36.1893182
8486,-73.94832,40.79320833,24-07-2021 15:25,1.000357514,37.17028994000003
8487,-73.94840333,40.79323667,24-07-2021 15:25,0.993866369,37.17028994000003
8488,-73.94849,40.79327167,24-07-2021 15:25,0.993866369,37.17028994000003
8489,-73.94859167,40.79331,24-07-2021 15:25,0.996030084,36.84899605999999
8490,-73.94869833,40.79334833,24-07-2021 15:26,0.996030084,36.84899605999999
8491,-73.94880833,40.79338667,24-07-2021 15:26,0.996030084,36.84899605999999
8492,-73.94891833,40.79342833,24-07-2021 15:26,0.996030084,36.43199762000006
8493,-73.94902,40.793475,24-07-2021 15:26,0.991702654,37.08825746000002
8494,-73.94918667,40.793555,24-07-2021 15:26,0.991702654,37.08825746000002
8495,-73.94924,40.79358,24-07-2021 15:26,0.993866369,37.08825746000002
8496,-73.94927,40.793595,24-07-2021 15:26,0.993866369,37.08825746000002
8497,-73.94928667,40.79359833,24-07-2021 15:26,0.987375224,36.760127539999985
8498,-73.94932167,40.79366333,24-07-2021 15:26,1.00047772,36.760127539999985
8499,-73.949325,40.79372333,24-07-2021 15:26,1.00047772,36.760127539999985
8500,-73.94931167,40.79378,24-07-2021 15:26,1.00480515,36.77038160000001
8501,-73.94928833,40.79384167,24-07-2021 15:26,1.00480515,36.77038160000001
8502,-73.94925167,40.79390667,24-07-2021 15:26,0.998314005,37.036987160000024
8503,-73.949205,40.79397167,24-07-2021 15:26,0.998314005,37.036987160000024
8504,-73.94916333,40.79403833,24-07-2021 15:26,0.99182286,36.784053680000056
8505,-73.949115,40.79409833,24-07-2021 15:26,0.99182286,36.784053680000056
8506,-73.949075,40.79417667,24-07-2021 15:26,0.989659146,36.784053680000056
8507,-73.94905167,40.79419667,24-07-2021 15:26,0.99615029,36.784053680000056
8508,-73.949015,40.79424167,24-07-2021 15:26,1.00047772,36.784053680000056
8509,-73.94897,40.79429667,24-07-2021 15:26,1.000597926,36.295276820000026
8510,-73.94882667,40.79448167,24-07-2021 15:26,0.991943067,35.64243499999998
8511,-73.94876833,40.794535,24-07-2021 15:26,0.991943067,35.64243499999998
8512,-73.94872333,40.79459,24-07-2021 15:26,0.989779352,35.61850886000002
8513,-73.94868667,40.79464167,24-07-2021 15:26,0.989779352,35.61850886000002
8514,-73.94865,40.79467833,24-07-2021 15:26,0.994106782,35.61850886000002
8515,-73.94861667,40.79470833,24-07-2021 15:26,0.994106782,35.61850886000002
8516,-73.94858667,40.79473,24-07-2021 15:26,0.998434212,35.61850886000002
8517,-73.94855333,40.79475333,24-07-2021 15:26,0.998434212,35.52280430000002
8518,-73.94852333,40.79478333,24-07-2021 15:26,0.996270497,35.52280430000002
8519,-73.94840667,40.79493167,24-07-2021 15:26,0.994106782,36.11070374000002
8520,-73.94836167,40.795,24-07-2021 15:26,0.994106782,36.11070374000002
8521,-73.94831167,40.79507167,24-07-2021 15:26,0.991943067,36.11070374000002
8522,-73.94816167,40.795285,24-07-2021 15:26,0.998434212,37.06091330000004
8523,-73.94811833,40.79535667,24-07-2021 15:26,1.002761641,36.87975824
8524,-73.947945,40.79566167,24-07-2021 15:26,0.991943067,36.30211286000002
8525,-73.94789167,40.79574167,24-07-2021 15:26,0.991943067,36.30211286000002
8526,-73.94783,40.79582,24-07-2021 15:26,1.000597926,36.50377604000005
8527,-73.94776167,40.79590167,24-07-2021 15:26,1.000597926,35.591164700000036
8528,-73.94771667,40.795975,24-07-2021 15:26,0.996270497,35.591164700000036
8529,-73.94767333,40.79604,24-07-2021 15:26,0.996270497,35.591164700000036
8530,-73.94763667,40.79609167,24-07-2021 15:26,0.998434212,35.591164700000036
8531,-73.947655,40.79618333,24-07-2021 15:26,0.994106782,35.755229660000055
8532,-73.94769833,40.79620833,24-07-2021 15:27,0.994106782,35.755229660000055
8533,-73.94775167,40.796235,24-07-2021 15:27,0.998434212,35.755229660000055
8534,-73.94781833,40.79627,24-07-2021 15:27,0.998434212,35.755229660000055
8535,-73.94789,40.796315,24-07-2021 15:27,0.989779352,35.19125636000001
8536,-73.94798333,40.79636,24-07-2021 15:27,0.989779352,35.19125636000001
8537,-73.94808667,40.79640167,24-07-2021 15:27,0.996270497,35.19125636000001
8538,-73.94819333,40.79643833,24-07-2021 15:27,0.996270497,35.73472154000001
8539,-73.948305,40.796475,24-07-2021 15:27,0.985451922,35.628762919999986
8540,-73.94841167,40.79649167,24-07-2021 15:27,0.985451922,35.628762919999986
8541,-73.94851333,40.79650667,24-07-2021 15:27,0.987615637,35.628762919999986
8542,-73.94859833,40.79652333,24-07-2021 15:27,0.987615637,34.64095514000002
8543,-73.94866167,40.79654,24-07-2021 15:27,0.983288207,34.64095514000002
8544,-73.948705,40.79656333,24-07-2021 15:27,0.983288207,34.64095514000002
8545,-73.94874667,40.79658667,24-07-2021 15:27,0.981124492,34.64095514000002
8546,-73.94878333,40.796605,24-07-2021 15:27,0.981124492,34.64095514000002
8547,-73.94880167,40.79665167,24-07-2021 15:27,0.985451922,34.64095514000002
8548,-73.94882,40.79670333,24-07-2021 15:27,0.985451922,35.39291953999998
8549,-73.948835,40.79681333,24-07-2021 15:27,0.978960778,35.39291953999998
8550,-73.94882667,40.79685667,24-07-2021 15:27,0.978960778,35.39291953999998
8551,-73.948845,40.79689333,24-07-2021 15:27,0.983288207,35.39291953999998
8552,-73.948865,40.796905,24-07-2021 15:27,0.983288207,35.39291953999998
8553,-73.94901,40.79691,24-07-2021 15:27,0.996390703,33.93000698000003
8554,-73.94906833,40.79694667,24-07-2021 15:27,0.996390703,33.93000698000003
8555,-73.94913333,40.79696667,24-07-2021 15:27,0.998554418,34.63411910000002
8556,-73.94920833,40.79697667,24-07-2021 15:27,0.998554418,34.63411910000002
8557,-73.94936,40.79699333,24-07-2021 15:27,0.996390703,33.45490219999999
8558,-73.94944333,40.79699167,24-07-2021 15:27,0.996390703,33.45490219999999
8559,-73.94952,40.79700333,24-07-2021 15:27,0.996390703,33.45490219999999
8560,-73.94959333,40.797025,24-07-2021 15:27,0.994226988,32.99688752000003
8561,-73.94967,40.79707167,24-07-2021 15:27,0.994226988,32.99688752000003
8562,-73.949755,40.79711833,24-07-2021 15:27,0.989899558,32.99688752000003
8563,-73.94984667,40.79717,24-07-2021 15:27,0.989899558,32.99688752000003
8564,-73.94994833,40.79721667,24-07-2021 15:27,0.992063273,33.16095247999999
8565,-73.950055,40.797265,24-07-2021 15:27,0.992063273,34.64779118000001
8566,-73.95016833,40.79731333,24-07-2021 15:27,0.989899558,34.64779118000001
8567,-73.95028,40.79736167,24-07-2021 15:27,0.989899558,34.476890180000055
8568,-73.950395,40.79740667,24-07-2021 15:28,0.985572129,34.476890180000055
8569,-73.95051333,40.79745333,24-07-2021 15:28,0.985572129,34.476890180000055
8570,-73.95063333,40.79750333,24-07-2021 15:28,0.985572129,35.06137160000003
8571,-73.95087167,40.79760333,24-07-2021 15:28,0.985572129,35.06137160000003
8572,-73.95098833,40.79765333,24-07-2021 15:28,0.987735844,34.21712065999998
8573,-73.95125333,40.79776667,24-07-2021 15:28,0.981244699,34.21712065999998
8574,-73.9513,40.79778333,24-07-2021 15:28,0.979080984,35.150240120000035
8575,-73.95132333,40.797795,24-07-2021 15:28,0.979080984,35.150240120000035
8576,-73.9514,40.79784167,24-07-2021 15:28,0.983408414,34.483726219999994
8577,-73.95144667,40.79786167,24-07-2021 15:28,0.983408414,34.483726219999994
8578,-73.95151333,40.797885,24-07-2021 15:28,0.981244699,34.483726219999994
8579,-73.95158833,40.797915,24-07-2021 15:28,0.981244699,34.483726219999994
8580,-73.95166167,40.79794667,24-07-2021 15:28,0.987735844,34.483726219999994
8581,-73.95173833,40.79797833,24-07-2021 15:28,0.987735844,33.83772044
8582,-73.951805,40.798005,24-07-2021 15:28,0.983408414,33.83772044
8583,-73.95186167,40.798025,24-07-2021 15:28,0.983408414,33.83772044
8584,-73.95190167,40.79804167,24-07-2021 15:28,0.989899558,34.24446482000002
8585,-73.95206667,40.79812,24-07-2021 15:28,1.000838339,33.73517984
8586,-73.95213167,40.79815167,24-07-2021 15:28,0.998674624,33.73517984
8587,-73.95221333,40.79819167,24-07-2021 15:28,0.998674624,33.73517984
8588,-73.95230667,40.79823333,24-07-2021 15:28,0.998674624,33.73517984
8589,-73.95241,40.79827667,24-07-2021 15:28,0.998674624,33.73517984
8590,-73.95843833,40.80039333,24-07-2021 15:28,0.979441603,36.332875039999976
8591,-73.95844167,40.80033,24-07-2021 15:28,0.977277888,36.332875039999976
8592,-73.95847,40.800265,24-07-2021 15:28,0.977277888,34.99301120000001
8593,-73.95850833,40.80019667,24-07-2021 15:28,0.983769033,34.99301120000001
8594,-73.95856833,40.80013,24-07-2021 15:28,0.983769033,34.99301120000001
8595,-73.958625,40.80005667,24-07-2021 15:28,0.975114173,34.99301120000001
8596,-73.95868667,40.79997667,24-07-2021 15:28,0.975114173,32.26201322000003
8597,-73.95875333,40.799895,24-07-2021 15:29,0.975114173,32.26201322000003
8598,-73.95888333,40.79973167,24-07-2021 15:29,0.970786744,31.94755538000004
8599,-73.95895167,40.79964333,24-07-2021 15:29,0.970786744,31.94755538000004
8600,-73.95901667,40.79955333,24-07-2021 15:29,0.966459314,31.94755538000004
8601,-73.95909333,40.79946833,24-07-2021 15:29,0.966459314,30.829862840000033
8602,-73.95916333,40.799385,24-07-2021 15:29,0.962131884,32.59014314000001
8603,-73.95923,40.7993,24-07-2021 15:29,0.962131884,32.59014314000001
8604,-73.959355,40.79913167,24-07-2021 15:29,0.966459314,32.02958785999999
8605,-73.95941667,40.79905167,24-07-2021 15:29,0.966459314,32.02958785999999
8606,-73.95947333,40.79897667,24-07-2021 15:29,0.966459314,32.02958785999999
8607,-73.95953167,40.798905,24-07-2021 15:29,0.966459314,32.02275182000005
8608,-73.95964667,40.798755,24-07-2021 15:29,0.972950458,32.02275182000005
8609,-73.95977167,40.79859,24-07-2021 15:29,0.970786744,31.98515359999999
8610,-73.96003667,40.79825667,24-07-2021 15:29,0.970786744,33.97785926000006
8611,-73.960105,40.798175,24-07-2021 15:29,0.977277888,33.97785926000006
8612,-73.960165,40.798095,24-07-2021 15:29,0.977277888,33.38654180000003
8613,-73.96022,40.79802,24-07-2021 15:29,0.979441603,33.38654180000003
8614,-73.96031667,40.79789,24-07-2021 15:29,0.985932748,33.94709708000005
8615,-73.96036167,40.79783667,24-07-2021 15:29,0.985932748,32.09794826000001
8616,-73.96039667,40.79778833,24-07-2021 15:29,0.983769033,32.09794826000001
8617,-73.96043,40.79774667,24-07-2021 15:29,0.983769033,32.09794826000001
8618,-73.96046,40.79770667,24-07-2021 15:30,0.994587607,32.09794826000001
8619,-73.960485,40.79767,24-07-2021 15:30,0.994587607,32.09794826000001
8620,-73.96051,40.797635,24-07-2021 15:30,0.988096463,32.09794826000001
8621,-73.96052833,40.79759833,24-07-2021 15:30,0.988096463,32.09794826000001
8622,-73.960555,40.79756333,24-07-2021 15:30,0.983769033,31.352819899999986
8623,-73.96065,40.79752,24-07-2021 15:30,0.983769033,32.14580053999998
8624,-73.96071,40.79751833,24-07-2021 15:30,0.983769033,32.14580053999998
8625,-73.96077,40.79753,24-07-2021 15:30,0.979441603,32.14580053999998
8626,-73.96083167,40.79754833,24-07-2021 15:30,0.979441603,32.14580053999998
8627,-73.960895,40.79757,24-07-2021 15:30,0.985932748,32.14580053999998
8628,-73.96096333,40.79759167,24-07-2021 15:30,0.985932748,35.068207640000026
8629,-73.961035,40.79761167,24-07-2021 15:30,0.975114173,35.42709974000002
8630,-73.96110333,40.79763667,24-07-2021 15:30,0.97523438,35.42709974000002
8631,-73.96117333,40.79766167,24-07-2021 15:30,0.97956181,35.42709974000002
8632,-73.96123333,40.79767833,24-07-2021 15:31,0.97956181,35.42709974000002
8633,-73.96128,40.79769167,24-07-2021 15:31,0.983889239,35.42709974000002
8634,-73.96132667,40.79770667,24-07-2021 15:31,0.983889239,35.89536848
8635,-73.96140833,40.79773167,24-07-2021 15:31,0.986052954,35.89536848
8636,-73.96146667,40.79777,24-07-2021 15:31,0.990380384,35.89536848
8637,-73.96149167,40.79778,24-07-2021 15:31,0.990380384,35.89536848
8638,-73.96156333,40.79781167,24-07-2021 15:31,0.990380384,35.89536848
8639,-73.96159667,40.79782833,24-07-2021 15:31,0.990380384,35.89536848
8640,-73.96167167,40.79788333,24-07-2021 15:31,0.994707814,34.86654446
8641,-73.96171333,40.79790333,24-07-2021 15:31,0.992544099,34.86654446
8642,-73.96174667,40.79792,24-07-2021 15:31,0.992544099,34.86654446
8643,-73.961915,40.79800833,24-07-2021 15:31,0.992544099,34.86654446
8644,-73.962,40.79804167,24-07-2021 15:31,0.994707814,34.86654446
8645,-73.96208667,40.79807833,24-07-2021 15:31,0.994707814,34.36067750000001
8646,-73.96218167,40.79812,24-07-2021 15:31,0.994707814,34.36067750000001
8647,-73.96239333,40.79820167,24-07-2021 15:31,0.996871529,34.14192422000002
8648,-73.96250833,40.798235,24-07-2021 15:31,0.996871529,33.71125370000004
8649,-73.96261167,40.798265,24-07-2021 15:31,0.996871529,33.71125370000004
8650,-73.96271333,40.798295,24-07-2021 15:31,0.996871529,33.71125370000004
8651,-73.96280667,40.79833833,24-07-2021 15:31,1.001198958,34.415365820000034
8652,-73.962905,40.79838,24-07-2021 15:31,1.001198958,34.415365820000034
8653,-73.962995,40.79842,24-07-2021 15:31,0.996871529,34.415365820000034
8654,-73.96306333,40.79845833,24-07-2021 15:31,0.996871529,34.415365820000034
8655,-73.96311333,40.79848167,24-07-2021 15:31,0.999035243,35.42709974000002
8656,-73.96324333,40.79856,24-07-2021 15:31,1.020792599,35.30405102000003
8657,-73.96333333,40.79859167,24-07-2021 15:31,1.020792599,35.30405102000003
8658,-73.96343333,40.79863167,24-07-2021 15:31,1.018628884,35.30405102000003
8659,-73.96354,40.79868,24-07-2021 15:31,1.018628884,36.27818672000001
8660,-73.96373833,40.79876,24-07-2021 15:31,1.005646594,36.346547120000025
8661,-73.96382167,40.79878667,24-07-2021 15:31,1.00348288,37.09167548000005
8662,-73.963965,40.79883,24-07-2021 15:31,1.00348288,37.09167548000005
8663,-73.96409667,40.79888,24-07-2021 15:32,1.00348288,36.71227526000001
8664,-73.96416167,40.79891167,24-07-2021 15:32,1.00348288,36.71227526000001
8665,-73.96430833,40.79897667,24-07-2021 15:32,1.001319165,36.71227526000001
8666,-73.96438333,40.79900833,24-07-2021 15:32,0.99482802,36.71227526000001
8667,-73.96446167,40.79904,24-07-2021 15:32,0.99482802,38.298236540000005
8668,-73.96463667,40.79911333,24-07-2021 15:32,0.992664305,38.298236540000005
8669,-73.96491167,40.79922167,24-07-2021 15:32,0.992664305,38.363178919999996
8670,-73.965005,40.799245,24-07-2021 15:32,0.992664305,38.363178919999996
8671,-73.96507667,40.799275,24-07-2021 15:32,0.992664305,38.363178919999996
8672,-73.96514167,40.79928333,24-07-2021 15:32,0.992664305,38.363178919999996
8673,-73.96520667,40.79929167,24-07-2021 15:32,0.992664305,37.81971374
8674,-73.96536333,40.79934833,24-07-2021 15:32,0.99050059,37.597542439999984
8675,-73.96545,40.799385,24-07-2021 15:32,0.99050059,37.597542439999984
8676,-73.96554167,40.79941833,24-07-2021 15:32,0.988336875,37.628304619999994
8677,-73.96564,40.79945333,24-07-2021 15:32,0.988336875,37.628304619999994
8678,-73.965735,40.79949167,24-07-2021 15:32,0.99050059,37.628304619999994
8679,-73.96583167,40.799525,24-07-2021 15:32,0.99050059,37.628304619999994
8680,-73.965905,40.799575,24-07-2021 15:32,0.984009446,36.66442298000004
8681,-73.96596833,40.79961667,24-07-2021 15:32,0.984009446,36.66442298000004
8682,-73.96601167,40.79964667,24-07-2021 15:32,0.986173161,36.66442298000004
8683,-73.96604,40.79966667,24-07-2021 15:32,0.986293367,36.66442298000004
8684,-73.96606,40.79971167,24-07-2021 15:32,1.001439371,36.66442298000004
8685,-73.966115,40.79973667,24-07-2021 15:32,0.999275656,36.66442298000004
8686,-73.96617667,40.79976833,24-07-2021 15:32,0.999275656,36.66442298000004
8687,-73.96625167,40.799795,24-07-2021 15:32,1.001439371,36.88317626000003
8688,-73.96632833,40.79982,24-07-2021 15:32,1.001439371,36.88317626000003
8689,-73.96641,40.79983167,24-07-2021 15:32,0.997111941,36.88317626000003
8690,-73.966485,40.79983833,24-07-2021 15:32,0.997111941,36.58922654000003
8691,-73.96655333,40.79984333,24-07-2021 15:32,0.997111941,36.58922654000003
8692,-73.966605,40.79985167,24-07-2021 15:32,0.997111941,36.94811864000002
8693,-73.966685,40.79986833,24-07-2021 15:32,0.994948226,36.94811864000002
8694,-73.96673667,40.79989333,24-07-2021 15:32,0.992784512,36.94811864000002
8695,-73.966765,40.79990167,24-07-2021 15:32,0.997111941,36.94811864000002
8696,-73.96679833,40.7999,24-07-2021 15:32,0.997111941,36.94811864000002
8697,-73.96683833,40.799895,24-07-2021 15:32,0.992784512,36.94811864000002
8698,-73.96689333,40.799895,24-07-2021 15:33,0.992784512,36.94811864000002
8699,-73.966955,40.79990167,24-07-2021 15:33,0.992784512,36.94811864000002
8700,-73.96702667,40.79990833,24-07-2021 15:33,0.992784512,36.907102399999985
8701,-73.96711167,40.79991333,24-07-2021 15:33,0.994948226,36.907102399999985
8702,-73.96720833,40.79992,24-07-2021 15:33,0.994948226,36.907102399999985
8703,-73.96731,40.79992833,24-07-2021 15:33,0.992784512,36.907102399999985
8704,-73.96741667,40.79994,24-07-2021 15:33,0.992784512,36.69518516000005
8705,-73.96751333,40.79996333,24-07-2021 15:33,0.994948226,36.69518516000005
8706,-73.967595,40.799995,24-07-2021 15:33,0.994948226,36.69518516000005
8707,-73.96773167,40.80007,24-07-2021 15:33,0.990620797,36.459341780000045
8708,-73.96778833,40.80015333,24-07-2021 15:33,0.990741003,36.281604740000034
8709,-73.96779167,40.80017167,24-07-2021 15:33,0.990741003,36.281604740000034
8710,-73.96782167,40.80023167,24-07-2021 15:33,0.990741003,36.281604740000034
8711,-73.96784,40.80027333,24-07-2021 15:33,0.992904718,36.281604740000034
8712,-73.967845,40.80037667,24-07-2021 15:33,0.992904718,35.99449106000003
8713,-73.96784167,40.80042833,24-07-2021 15:33,0.992904718,35.99449106000003
8714,-73.96784333,40.80047,24-07-2021 15:33,0.992904718,35.99449106000003
8715,-73.96784167,40.80052333,24-07-2021 15:33,0.992904718,35.99449106000003
8716,-73.967835,40.80059167,24-07-2021 15:33,0.990741003,35.99449106000003
8717,-73.96783167,40.80066167,24-07-2021 15:33,0.990741003,35.625344900000016
8718,-73.967815,40.80073167,24-07-2021 15:33,0.990741003,35.625344900000016
8719,-73.96779667,40.80087333,24-07-2021 15:33,0.995068433,35.625344900000016
8720,-73.96779833,40.80093833,24-07-2021 15:33,0.995068433,37.06774933999998
8721,-73.96780333,40.800995,24-07-2021 15:33,0.990741003,37.06774933999998
8722,-73.96780833,40.80103667,24-07-2021 15:33,0.990741003,37.06774933999998
8723,-73.96780833,40.80106833,24-07-2021 15:33,0.988577288,37.06774933999998
8724,-73.96780167,40.801095,24-07-2021 15:33,0.988577288,37.06774933999998
8725,-73.96776333,40.80126167,24-07-2021 15:33,0.997232148,36.643914859999995
8726,-73.96775667,40.80134333,24-07-2021 15:33,0.999395863,36.643914859999995
8727,-73.96775,40.801435,24-07-2021 15:33,0.999395863,36.643914859999995
8728,-73.967745,40.80153,24-07-2021 15:33,1.001559577,36.45592376000002
8729,-73.9677,40.80180167,24-07-2021 15:33,1.003723292,36.47984989999998
8730,-73.96769167,40.80188,24-07-2021 15:33,0.997232148,36.47984989999998
8731,-73.96767667,40.801945,24-07-2021 15:33,0.997232148,36.65758693999999
8732,-73.96766,40.80207333,24-07-2021 15:33,0.999395863,36.95837270000004
8733,-73.96765167,40.80214833,24-07-2021 15:33,1.001559577,36.58922654000003
8734,-73.96764667,40.80222833,24-07-2021 15:33,1.001559577,36.58922654000003
8735,-73.96760167,40.80251,24-07-2021 15:33,1.003723292,36.725947340000005
8736,-73.967565,40.802615,24-07-2021 15:33,1.003723292,37.35828104000001
8737,-73.96752,40.80272167,24-07-2021 15:33,1.001559577,37.35828104000001
8738,-73.96746167,40.80282667,24-07-2021 15:33,1.001559577,37.64197669999999
8739,-73.96740667,40.80293333,24-07-2021 15:34,1.003723292,37.64197669999999
8740,-73.96734833,40.80304167,24-07-2021 15:34,1.003723292,37.64197669999999
8741,-73.96728,40.80314333,24-07-2021 15:34,1.005887007,37.53260006000005
8742,-73.967215,40.803245,24-07-2021 15:34,1.005887007,37.72742720000002
8743,-73.96715,40.80334,24-07-2021 15:34,1.008050722,37.94959849999998
8744,-73.96702333,40.803535,24-07-2021 15:34,1.003723292,37.94959849999998
8745,-73.9669,40.80372667,24-07-2021 15:34,1.005887007,38.246966240000006
8746,-73.96684,40.80381833,24-07-2021 15:34,1.005887007,38.04872108000001
8747,-73.966675,40.80402833,24-07-2021 15:34,0.997232148,36.98229884
8748,-73.96664,40.80408,24-07-2021 15:34,1.001559577,36.98229884
8749,-73.96664,40.804135,24-07-2021 15:34,1.001559577,36.98229884
8750,-73.96666333,40.80417667,24-07-2021 15:34,1.001559577,37.27283054000003
8751,-73.966715,40.80420667,24-07-2021 15:34,1.001559577,37.27283054000003
8752,-73.96679,40.80423333,24-07-2021 15:34,0.999395863,37.27283054000003
8753,-73.96687667,40.804265,24-07-2021 15:34,0.999516069,37.08825746000002
8754,-73.96764167,40.805555,24-07-2021 15:34,0.98653378,31.86894092
8755,-73.96761,40.80563167,24-07-2021 15:34,0.984370065,31.86894092
8756,-73.967585,40.80569833,24-07-2021 15:34,0.984370065,33.47199230000001
8757,-73.96757,40.80575667,24-07-2021 15:34,0.98220635,33.47199230000001
8758,-73.96752833,40.80580667,24-07-2021 15:34,0.98220635,32.95587128
8759,-73.96749667,40.805845,24-07-2021 15:34,0.980042635,32.95587128
8760,-73.96746667,40.80587667,24-07-2021 15:34,0.980042635,32.95587128
8761,-73.96744667,40.80591667,24-07-2021 15:34,0.98220635,32.95587128
8762,-73.96743167,40.80596,24-07-2021 15:34,0.98220635,32.95587128
8763,-73.96740833,40.80602667,24-07-2021 15:34,0.980042635,32.95587128
8764,-73.96739333,40.806095,24-07-2021 15:34,0.980042635,32.904600980000055
8765,-73.96735833,40.80626,24-07-2021 15:34,0.98220635,32.904600980000055
8766,-73.96734167,40.80634833,24-07-2021 15:35,0.980042635,32.13212845999999
8767,-73.967325,40.80643667,24-07-2021 15:35,0.980042635,32.13212845999999
8768,-73.9673,40.80652667,24-07-2021 15:35,0.980042635,32.13212845999999
8769,-73.96727333,40.80661333,24-07-2021 15:35,0.980042635,31.414344260000007
8770,-73.967185,40.80669667,24-07-2021 15:35,0.975715205,32.84991266000003
8771,-73.96715833,40.80678167,24-07-2021 15:35,0.975715205,32.84991266000003
8772,-73.96714167,40.80686167,24-07-2021 15:35,0.980042635,32.183398760000046
8773,-73.96711333,40.80694,24-07-2021 15:35,0.980042635,32.183398760000046
8774,-73.967085,40.80701667,24-07-2021 15:35,0.980042635,32.183398760000046
8775,-73.96704333,40.807145,24-07-2021 15:35,0.97787892,31.68778586000002
8776,-73.96703,40.80719333,24-07-2021 15:35,0.97787892,31.68778586000002
8777,-73.96702167,40.807235,24-07-2021 15:35,0.97787892,31.68778586000002
8778,-73.96701833,40.80727167,24-07-2021 15:35,0.97787892,31.68778586000002
8779,-73.96700333,40.807315,24-07-2021 15:35,0.984370065,31.68778586000002
8780,-73.96699333,40.80736167,24-07-2021 15:35,0.984370065,31.68778586000002
8781,-73.96695833,40.80741833,24-07-2021 15:35,0.988697495,31.19559098000002
8782,-73.96691333,40.80754167,24-07-2021 15:35,0.988697495,31.19559098000002
8783,-73.96686667,40.80765833,24-07-2021 15:35,0.990861209,32.005661720000035
8784,-73.96684333,40.807705,24-07-2021 15:35,0.990861209,32.005661720000035
8785,-73.966825,40.80773667,24-07-2021 15:35,0.990861209,32.005661720000035
8786,-73.96681167,40.80776,24-07-2021 15:35,0.990861209,32.005661720000035
8787,-73.96680333,40.80777333,24-07-2021 15:35,0.990861209,32.005661720000035
8788,-73.96633667,40.80817333,24-07-2021 15:35,1.01045485,32.77129820000005
8789,-73.96625167,40.808235,24-07-2021 15:35,1.01045485,31.817670620000058
8790,-73.96616333,40.8083,24-07-2021 15:35,1.01045485,31.817670620000058
8791,-73.96608333,40.80836667,24-07-2021 15:35,1.01045485,33.42072200000001
8792,-73.96601,40.80843667,24-07-2021 15:35,1.01045485,33.42072200000001
8793,-73.96594167,40.80850167,24-07-2021 15:35,1.012618565,32.614069280000024
8794,-73.96589333,40.808565,24-07-2021 15:35,1.012618565,32.614069280000024
8795,-73.96584,40.80861333,24-07-2021 15:35,1.019109709,32.614069280000024
8796,-73.965775,40.80863833,24-07-2021 15:35,1.019109709,33.94367906000002
8797,-73.96570667,40.80864,24-07-2021 15:35,1.01478228,33.94367906000002
8798,-73.96548333,40.80857167,24-07-2021 15:35,1.016945994,33.94367906000002
8799,-73.965405,40.80853833,24-07-2021 15:35,1.012618565,34.955412980000006
8800,-73.96532333,40.80852,24-07-2021 15:35,1.012618565,34.955412980000006
8801,-73.965235,40.80849167,24-07-2021 15:36,1.00179999,34.955412980000006
8802,-73.96514333,40.80846,24-07-2021 15:36,1.00179999,34.955412980000006
8803,-73.96505,40.80842833,24-07-2021 15:36,0.999636275,35.591164700000036
8804,-73.96494667,40.8084,24-07-2021 15:36,0.999636275,35.591164700000036
8805,-73.96484,40.80836,24-07-2021 15:36,0.99747256,35.591164700000036
8806,-73.96462667,40.80827,24-07-2021 15:36,0.990981416,35.905622540000024
8807,-73.96453167,40.80822833,24-07-2021 15:36,0.990981416,35.905622540000024
8808,-73.96446,40.80819333,24-07-2021 15:36,0.993145131,35.905622540000024
8809,-73.964405,40.80816,24-07-2021 15:36,0.993145131,36.15171998000005
8810,-73.96436167,40.80814333,24-07-2021 15:36,0.986653986,36.15171998000005
8811,-73.96432,40.80816333,24-07-2021 15:36,0.986653986,35.85093422
8812,-73.96412333,40.80804167,24-07-2021 15:36,0.986774192,35.85093422
8813,-73.96407,40.808025,24-07-2021 15:36,0.986774192,35.85093422
8814,-73.964005,40.80801667,24-07-2021 15:36,0.986774192,35.85093422
8815,-73.96393,40.80802333,24-07-2021 15:36,0.986774192,36.23717048000003
8816,-73.96386333,40.80804333,24-07-2021 15:36,0.986774192,36.23717048000003
8817,-73.96380333,40.808075,24-07-2021 15:36,0.993265337,36.23717048000003
8818,-73.96374333,40.80812167,24-07-2021 15:36,0.993265337,36.23717048000003
8819,-73.96368833,40.80818,24-07-2021 15:36,0.991101622,36.23717048000003
8820,-73.963635,40.80824333,24-07-2021 15:36,0.991101622,35.47153400000002
8821,-73.96352833,40.808375,24-07-2021 15:36,0.988937907,35.47153400000002
8822,-73.96347667,40.808435,24-07-2021 15:36,0.982446763,35.47153400000002
8823,-73.96343833,40.80849167,24-07-2021 15:36,0.982446763,35.22543656000005
8824,-73.963405,40.80854,24-07-2021 15:36,0.986774192,35.22543656000005
8825,-73.96338167,40.80857667,24-07-2021 15:36,0.986774192,35.22543656000005
8826,-73.963335,40.80862167,24-07-2021 15:36,0.988937907,35.22543656000005
8827,-73.96331833,40.808645,24-07-2021 15:36,0.988937907,35.22543656000005
8828,-73.96330167,40.80867,24-07-2021 15:36,0.988937907,35.22543656000005
8829,-73.96328167,40.808695,24-07-2021 15:37,0.988937907,35.22543656000005
8830,-73.96326167,40.80871333,24-07-2021 15:37,0.988937907,34.890470600000015
8831,-73.96324833,40.80872667,24-07-2021 15:37,0.988937907,34.774257920000025
8832,-73.96316,40.80880667,24-07-2021 15:37,0.993385543,34.774257920000025
8833,-73.96311333,40.80887333,24-07-2021 15:37,0.997712973,34.774257920000025
8834,-73.963055,40.80895,24-07-2021 15:37,0.997712973,34.774257920000025
8835,-73.96299,40.80902833,24-07-2021 15:37,0.989058114,34.85287238000001
8836,-73.96285667,40.80920167,24-07-2021 15:37,0.986894399,34.91097872
8837,-73.96279333,40.80928667,24-07-2021 15:37,0.986894399,35.133150020000016
8838,-73.96272,40.80937,24-07-2021 15:37,0.997712973,35.133150020000016
8839,-73.96264833,40.80945667,24-07-2021 15:37,0.997712973,35.133150020000016
8840,-73.96258167,40.80955833,24-07-2021 15:37,1.002040403,35.266452800000025
8841,-73.962515,40.80965167,24-07-2021 15:37,1.002040403,36.39098138000003
8842,-73.96243833,40.80973833,24-07-2021 15:37,0.997712973,36.39098138000003
8843,-73.96236667,40.80982833,24-07-2021 15:37,0.997712973,36.29869484000005
8844,-73.96228833,40.80991167,24-07-2021 15:37,0.999876688,36.29869484000005
8845,-73.96221167,40.81,24-07-2021 15:37,0.999876688,36.29869484000005
8846,-73.96215,40.81006667,24-07-2021 15:37,0.999876688,37.57703432000005
8847,-73.96208833,40.81013167,24-07-2021 15:37,0.999876688,37.310428760000036
8848,-73.96201833,40.81018667,24-07-2021 15:37,0.997712973,37.310428760000036
8849,-73.961995,40.810255,24-07-2021 15:37,0.997712973,37.310428760000036
8850,-73.96195833,40.810315,24-07-2021 15:37,0.997712973,37.310428760000036
8851,-73.961865,40.81033,24-07-2021 15:37,0.997712973,37.310428760000036
8852,-73.96180667,40.81032167,24-07-2021 15:37,0.995549258,38.325580700000046
8853,-73.96166,40.81028833,24-07-2021 15:37,0.993385543,38.325580700000046
8854,-73.961565,40.81027,24-07-2021 15:37,0.993385543,38.325580700000046
8855,-73.961475,40.810235,24-07-2021 15:37,0.986894399,39.019438760000014
8856,-73.96137167,40.81020167,24-07-2021 15:37,0.986894399,39.019438760000014
8857,-73.96126333,40.81016,24-07-2021 15:37,0.997712973,39.019438760000014
8858,-73.96115167,40.81011333,24-07-2021 15:37,0.997712973,39.019438760000014
8859,-73.96103833,40.810065,24-07-2021 15:37,0.997712973,40.068770900000004
8860,-73.96092333,40.81001667,24-07-2021 15:37,0.997712973,40.068770900000004
8861,-73.96081,40.80996167,24-07-2021 15:37,0.980403254,40.068770900000004
8862,-73.96069667,40.80990833,24-07-2021 15:37,0.980403254,40.28410616000002
8863,-73.96046833,40.80980833,24-07-2021 15:37,0.976075824,40.28410616000002
8864,-73.96035333,40.809765,24-07-2021 15:37,0.978239539,40.10295110000004
8865,-73.96024333,40.80971667,24-07-2021 15:37,0.978239539,40.10295110000004
8866,-73.96013667,40.80967167,24-07-2021 15:37,0.97391211,40.10295110000004
8867,-73.96004,40.80963,24-07-2021 15:37,0.97391211,39.42276512000001
8868,-73.95996333,40.80958333,24-07-2021 15:37,0.967420965,39.42276512000001
8869,-73.959895,40.80955,24-07-2021 15:37,0.967420965,39.42276512000001
8870,-73.95979333,40.80951,24-07-2021 15:37,0.980403254,39.309970460000045
8871,-73.95976667,40.80949667,24-07-2021 15:37,0.97391211,39.309970460000045
8872,-73.95973667,40.80945667,24-07-2021 15:37,0.984730684,39.309970460000045
8873,-73.95971,40.80944167,24-07-2021 15:37,0.993385543,39.309970460000045
8874,-73.95965667,40.80941167,24-07-2021 15:37,0.991221829,38.77675934000001
8875,-73.9596,40.80938333,24-07-2021 15:37,0.991221829,38.77675934000001
8876,-73.95956667,40.80936833,24-07-2021 15:37,0.991221829,38.77675934000001
8877,-73.95953,40.80935333,24-07-2021 15:37,0.991221829,38.77675934000001
8878,-73.95949167,40.80933667,24-07-2021 15:37,0.991342035,38.77675934000001
8879,-73.95945,40.80932333,24-07-2021 15:37,0.991342035,38.77675934000001
8880,-73.95941333,40.80931,24-07-2021 15:37,0.991342035,38.77675934000001
8881,-73.95936833,40.80930333,24-07-2021 15:37,0.98917832,38.77675934000001
8882,-73.95931333,40.80931,24-07-2021 15:37,0.98917832,38.294818520000035
8883,-73.95926667,40.80932167,24-07-2021 15:37,0.995669465,38.294818520000035
8884,-73.959225,40.80933833,24-07-2021 15:37,0.995669465,38.294818520000035
8885,-73.95908667,40.80946833,24-07-2021 15:37,0.99350575,38.294818520000035
8886,-73.959045,40.80950833,24-07-2021 15:38,0.995669465,38.294818520000035
8887,-73.95895667,40.809625,24-07-2021 15:38,0.991342035,37.621468580000055
8888,-73.95887167,40.80972333,24-07-2021 15:38,0.991342035,37.621468580000055
8889,-73.95885333,40.80977167,24-07-2021 15:38,0.99783318,37.621468580000055
8890,-73.958825,40.80981167,24-07-2021 15:38,0.99783318,37.55652620000001
8891,-73.95879833,40.809865,24-07-2021 15:38,0.98917832,37.55652620000001
8892,-73.958755,40.80991667,24-07-2021 15:38,0.98917832,37.55652620000001
8893,-73.95871,40.80997333,24-07-2021 15:38,0.991342035,37.55652620000001
8894,-73.95865833,40.81003167,24-07-2021 15:38,0.991342035,37.55652620000001
8895,-73.95860667,40.81009167,24-07-2021 15:38,0.991342035,38.164933760000054
8896,-73.958555,40.810155,24-07-2021 15:38,0.991342035,38.164933760000054
8897,-73.95839333,40.81034,24-07-2021 15:38,0.980523461,38.26747436000005
8898,-73.95836167,40.81039,24-07-2021 15:38,0.980523461,38.26747436000005
8899,-73.95833,40.810435,24-07-2021 15:38,0.987014605,38.26747436000005
8900,-73.95830667,40.81049833,24-07-2021 15:38,0.987014605,38.26747436000005
8901,-73.95827,40.81056,24-07-2021 15:39,0.987014605,38.13417158000004
8902,-73.95822833,40.81062333,24-07-2021 15:39,0.987014605,37.737681260000045
8903,-73.95818167,40.810675,24-07-2021 15:39,0.987014605,37.737681260000045
8904,-73.95813333,40.81072667,24-07-2021 15:39,0.987014605,37.737681260000045
8905,-73.95808667,40.81077833,24-07-2021 15:39,0.987014605,37.737681260000045
8906,-73.958045,40.81082333,24-07-2021 15:39,0.987014605,36.59606258000002
8907,-73.95800167,40.81087667,24-07-2021 15:39,0.98485089,36.59606258000002
8908,-73.95799,40.81089833,24-07-2021 15:39,0.98485089,36.59606258000002
8909,-73.95782167,40.81097,24-07-2021 15:39,0.98485089,36.33629306
8910,-73.9578,40.81101167,24-07-2021 15:39,0.980523461,36.33629306
8911,-73.95777167,40.81105333,24-07-2021 15:39,0.980523461,36.33629306
8912,-73.95773667,40.811105,24-07-2021 15:39,0.98485089,35.69028728000001
8913,-73.95764833,40.811225,24-07-2021 15:39,0.98485089,35.69028728000001
8914,-73.95759667,40.811295,24-07-2021 15:39,0.980523461,35.69028728000001
8915,-73.95755,40.811365,24-07-2021 15:39,0.980523461,35.19809240000001
8916,-73.95750333,40.81143833,24-07-2021 15:39,0.987014605,34.94515892000004
8917,-73.95745,40.81151167,24-07-2021 15:39,0.987014605,34.94515892000004
8918,-73.957345,40.81165833,24-07-2021 15:39,0.98485089,34.76742188000003
8919,-73.95725167,40.811815,24-07-2021 15:39,0.991342035,34.76742188000003
8920,-73.957195,40.81190833,24-07-2021 15:39,0.987014605,34.60335692000001
8921,-73.95708167,40.81208667,24-07-2021 15:39,0.98485089,34.71273356000006
8922,-73.95702667,40.81217,24-07-2021 15:39,0.98485089,34.54866860000004
8923,-73.95691667,40.812345,24-07-2021 15:39,0.987014605,34.54866860000004
8924,-73.95687333,40.81243833,24-07-2021 15:39,0.987014605,34.17610442
8925,-73.95683333,40.81253667,24-07-2021 15:39,0.987014605,34.17610442
8926,-73.95676167,40.81262667,24-07-2021 15:39,0.98917832,34.35725948000004
8927,-73.956685,40.81270833,24-07-2021 15:39,0.98917832,34.104326000000015
8928,-73.95662167,40.81278833,24-07-2021 15:39,0.987014605,34.104326000000015
8929,-73.95656333,40.81286,24-07-2021 15:39,0.987014605,34.104326000000015
8930,-73.95651167,40.812915,24-07-2021 15:39,0.987014605,34.104326000000015
8931,-73.95646833,40.81296167,24-07-2021 15:39,0.987134812,34.41194780000001
8932,-73.95642667,40.813,24-07-2021 15:39,0.987134812,35.297214980000035
8933,-73.95638833,40.81303167,24-07-2021 15:39,0.987134812,35.297214980000035
8934,-73.95620333,40.81309667,24-07-2021 15:39,1.004444531,35.297214980000035
8935,-73.95615833,40.81307,24-07-2021 15:40,1.000117101,35.297214980000035
8936,-73.956065,40.812985,24-07-2021 15:40,1.000117101,35.96714689999999
8937,-73.95601,40.81293667,24-07-2021 15:40,1.004444531,35.738139560000036
8938,-73.95594667,40.812885,24-07-2021 15:40,1.004444531,35.738139560000036
8939,-73.95588667,40.81282667,24-07-2021 15:40,0.997953386,35.738139560000036
8940,-73.95582333,40.81276167,24-07-2021 15:40,0.997953386,35.738139560000036
8941,-73.95575667,40.81269167,24-07-2021 15:40,0.997953386,35.738139560000036
8942,-73.95569167,40.81261667,24-07-2021 15:40,0.997953386,36.233752460000005
8943,-73.95562833,40.81253167,24-07-2021 15:40,0.991462241,36.233752460000005
8944,-73.95549167,40.81235,24-07-2021 15:40,0.995789671,35.84751620000003
8945,-73.95541833,40.81225667,24-07-2021 15:40,0.995789671,35.84751620000003
8946,-73.95534167,40.81216667,24-07-2021 15:40,0.989298526,36.99255290000002
8947,-73.95517667,40.81199167,24-07-2021 15:40,0.984971097,36.60289862000002
8948,-73.95509833,40.81190167,24-07-2021 15:40,0.984971097,36.60289862000002
8949,-73.95501667,40.81181167,24-07-2021 15:40,0.991462241,37.31726480000003
8950,-73.95493667,40.811725,24-07-2021 15:40,0.991462241,37.31726480000003
8951,-73.9548,40.81156167,24-07-2021 15:40,0.987134812,36.76354556000001
8952,-73.95474167,40.81149333,24-07-2021 15:40,0.993625956,36.76354556000001
8953,-73.95468667,40.81142667,24-07-2021 15:40,0.993625956,36.76354556000001
8954,-73.95462333,40.81136,24-07-2021 15:40,0.991462241,37.23523232000002
8955,-73.95455833,40.81129333,24-07-2021 15:40,0.991462241,37.03015112000003
8956,-73.954495,40.81122,24-07-2021 15:40,0.991582448,37.03015112000003
8957,-73.95443167,40.81114667,24-07-2021 15:40,0.991582448,37.03015112000003
8958,-73.95437,40.81108,24-07-2021 15:40,0.991582448,37.03015112000003
8959,-73.954325,40.81102167,24-07-2021 15:40,0.991582448,36.20640830000002
8960,-73.95429333,40.81091667,24-07-2021 15:40,0.991582448,37.14636380000002
8961,-73.9543,40.81087167,24-07-2021 15:40,0.995909877,37.14636380000002
8962,-73.95433667,40.81083333,24-07-2021 15:40,0.995909877,36.20640830000002
8963,-73.954375,40.81079167,24-07-2021 15:40,0.998073592,36.466177819999984
8964,-73.954415,40.810745,24-07-2021 15:40,0.998073592,36.466177819999984
8965,-73.95446333,40.81068833,24-07-2021 15:40,0.998073592,36.466177819999984
8966,-73.95451333,40.810625,24-07-2021 15:40,0.998073592,36.466177819999984
8967,-73.95457167,40.810555,24-07-2021 15:40,1.002401022,36.466177819999984
8968,-73.95463833,40.81048,24-07-2021 15:40,1.002401022,36.83532398
8969,-73.95470167,40.81039833,24-07-2021 15:40,1.000237307,36.83532398
8970,-73.95481667,40.810225,24-07-2021 15:40,1.000237307,36.41490752000004
8971,-73.95486833,40.81014,24-07-2021 15:40,1.002401022,36.41490752000004
8972,-73.95493333,40.81005,24-07-2021 15:40,1.002401022,36.41490752000004
8973,-73.95498833,40.80996,24-07-2021 15:40,1.004564737,37.40955134000001
8974,-73.95505667,40.809865,24-07-2021 15:41,1.004564737,37.40955134000001
8975,-73.95513333,40.80976833,24-07-2021 15:41,1.004564737,35.80649996
8976,-73.95521833,40.80967,24-07-2021 15:41,1.004564737,35.63559896000004
8977,-73.9553,40.80956833,24-07-2021 15:41,1.004564737,35.63559896000004
8978,-73.95546167,40.80936333,24-07-2021 15:41,1.004564737,35.4544439
8979,-73.95554333,40.80925833,24-07-2021 15:41,1.004564737,34.97933912000002
8980,-73.95562667,40.80915,24-07-2021 15:41,1.002401022,35.01351932
8981,-73.95570333,40.80904167,24-07-2021 15:41,1.002401022,35.01351932
8982,-73.95578667,40.80893,24-07-2021 15:41,0.998073592,35.01351932
8983,-73.955865,40.80882333,24-07-2021 15:41,0.998073592,35.037445460000015
8984,-73.95594,40.80872167,24-07-2021 15:41,0.995909877,35.037445460000015
8985,-73.95601,40.808625,24-07-2021 15:41,0.995909877,35.44077182000001
8986,-73.95607333,40.80853667,24-07-2021 15:41,1.000237307,35.44077182000001
8987,-73.95613167,40.80845833,24-07-2021 15:42,1.000237307,35.44077182000001
8988,-73.95617667,40.80839333,24-07-2021 15:42,1.000237307,35.44077182000001
8989,-73.95621,40.80834833,24-07-2021 15:42,1.000237307,35.40317360000006
8990,-73.95624,40.80831667,24-07-2021 15:42,1.002401022,35.40317360000006
8991,-73.95625333,40.80830667,24-07-2021 15:42,1.002401022,35.40317360000006
8992,-73.95632667,40.80829,24-07-2021 15:42,1.008892167,35.40317360000006
8993,-73.95638,40.80820833,24-07-2021 15:42,1.008892167,35.40317360000006
8994,-73.95645167,40.80811,24-07-2021 15:42,1.006728452,35.40317360000006
8995,-73.956525,40.808,24-07-2021 15:42,1.006728452,36.47301386000004
8996,-73.95656,40.80794833,24-07-2021 15:42,1.006728452,34.81527416000006
8997,-73.95659833,40.80789,24-07-2021 15:42,1.002401022,34.81527416000006
8998,-73.95667833,40.80778167,24-07-2021 15:42,1.000357514,36.148301960000026
8999,-73.95671833,40.80772333,24-07-2021 15:42,1.000357514,36.148301960000026
9000,-73.95675667,40.80766667,24-07-2021 15:42,0.998193799,36.148301960000026
9001,-73.95679167,40.80760667,24-07-2021 15:42,0.998193799,36.148301960000026
9002,-73.956825,40.80754667,24-07-2021 15:42,0.998193799,37.06091330000004
9003,-73.95687,40.80748,24-07-2021 15:42,0.998193799,37.06091330000004
9004,-73.95692167,40.80740833,24-07-2021 15:42,0.991702654,35.30746904
9005,-73.956985,40.80732833,24-07-2021 15:42,0.991702654,35.30746904
9006,-73.957045,40.80724667,24-07-2021 15:42,0.993866369,36.55162832000002
9007,-73.95717333,40.807075,24-07-2021 15:42,0.991702654,36.55162832000002
9008,-73.95723833,40.80698167,24-07-2021 15:42,0.991702654,37.53601808000002
9009,-73.957375,40.80679833,24-07-2021 15:42,0.989538939,36.67125901999998
9010,-73.95744,40.80671333,24-07-2021 15:42,0.989538939,37.457403620000036
9011,-73.95750833,40.806625,24-07-2021 15:42,0.985211509,37.457403620000036
9012,-73.95757833,40.80653333,24-07-2021 15:42,0.985211509,37.457403620000036
9013,-73.95764333,40.80644167,24-07-2021 15:42,0.993866369,37.758189379999976
9014,-73.957705,40.80635333,24-07-2021 15:42,0.993866369,37.758189379999976
9015,-73.95776333,40.80627333,24-07-2021 15:42,0.987375224,37.758189379999976
9016,-73.95782333,40.80618667,24-07-2021 15:42,0.987375224,37.98036067999999
9017,-73.95787833,40.80610333,24-07-2021 15:42,0.989538939,37.98036067999999
9018,-73.95798,40.80593833,24-07-2021 15:42,0.987375224,36.92077447999998
9019,-73.95808333,40.80578,24-07-2021 15:42,0.991702654,36.14146592000003
9020,-73.95813167,40.80570833,24-07-2021 15:42,0.991702654,36.14146592000003
9021,-73.95817333,40.80564167,24-07-2021 15:42,0.998193799,34.955412980000006
9022,-73.95819833,40.80559,24-07-2021 15:42,0.998193799,34.955412980000006
9023,-73.958205,40.805545,24-07-2021 15:42,0.989538939,34.955412980000006
9024,-73.958185,40.80551,24-07-2021 15:42,0.989538939,34.955412980000006
9025,-73.958145,40.805485,24-07-2021 15:42,0.991702654,34.955412980000006
9026,-73.95800667,40.80546,24-07-2021 15:42,0.993866369,34.955412980000006
9027,-73.95793833,40.80543667,24-07-2021 15:42,0.993866369,35.611672820000024
9028,-73.95786833,40.805405,24-07-2021 15:42,0.991702654,35.611672820000024
9029,-73.9578,40.80537167,24-07-2021 15:42,0.991702654,34.43587394000002
9030,-73.95773,40.80533833,24-07-2021 15:42,0.993866369,34.43587394000002
9031,-73.95766167,40.80531,24-07-2021 15:43,0.993866369,34.43587394000002
9032,-73.95759333,40.80528667,24-07-2021 15:43,0.998193799,35.300633000000005
9033,-73.95753333,40.80526333,24-07-2021 15:43,0.998193799,35.300633000000005
9034,-73.95748167,40.80524,24-07-2021 15:43,0.998193799,35.300633000000005
9035,-73.95743833,40.80522333,24-07-2021 15:43,0.998193799,35.300633000000005
9036,-73.95740333,40.80520667,24-07-2021 15:43,0.989538939,35.300633000000005
9037,-73.95737333,40.80519167,24-07-2021 15:43,0.989538939,35.300633000000005
9038,-73.957345,40.80518,24-07-2021 15:43,0.998193799,35.300633000000005
9039,-73.95731833,40.80516667,24-07-2021 15:44,0.998193799,35.300633000000005
9040,-73.95729333,40.80515333,24-07-2021 15:44,0.998193799,35.300633000000005
9041,-73.95726667,40.80513833,24-07-2021 15:44,0.998193799,35.300633000000005
9042,-73.95723667,40.80512333,24-07-2021 15:44,1.000357514,35.43051776000004
9043,-73.95720833,40.805105,24-07-2021 15:44,1.000357514,35.43051776000004
9044,-73.95714833,40.80507333,24-07-2021 15:44,0.998193799,35.43051776000004
9045,-73.957125,40.805065,24-07-2021 15:44,0.998193799,35.43051776000004
9046,-73.957115,40.80505833,24-07-2021 15:44,0.991702654,35.43051776000004
9047,-73.95708333,40.80503667,24-07-2021 15:44,0.99182286,35.43051776000004
9048,-73.95703167,40.80500667,24-07-2021 15:44,0.998314005,35.43051776000004
9049,-73.95686167,40.80495333,24-07-2021 15:44,0.993986575,36.27476869999998
9050,-73.95676833,40.804915,24-07-2021 15:44,0.993986575,36.27476869999998
9051,-73.95667,40.80487333,24-07-2021 15:44,0.993986575,36.27476869999998
9052,-73.95657333,40.80483333,24-07-2021 15:44,0.993986575,36.018417200000044
9053,-73.95647667,40.804795,24-07-2021 15:44,0.993986575,37.071167360000004
9054,-73.95624167,40.80470167,24-07-2021 15:44,0.998314005,37.071167360000004
9055,-73.95618833,40.80467833,24-07-2021 15:44,0.998314005,37.071167360000004
9056,-73.95615167,40.80466167,24-07-2021 15:44,0.987495431,38.08973732000004
9057,-73.95612667,40.80465167,24-07-2021 15:44,0.987495431,38.08973732000004
9058,-73.95582667,40.80457167,24-07-2021 15:44,0.985331716,38.46571951999999
9059,-73.95576,40.80453667,24-07-2021 15:44,0.978840571,38.46571951999999
9060,-73.95572,40.80451333,24-07-2021 15:44,0.978840571,38.46571951999999
9061,-73.95568,40.80449667,24-07-2021 15:44,0.981004286,38.46571951999999
9062,-73.955605,40.80446833,24-07-2021 15:44,0.978840571,38.46571951999999
9063,-73.95556167,40.80445667,24-07-2021 15:44,0.978840571,38.46571951999999
9064,-73.955515,40.80443667,24-07-2021 15:44,0.985331716,38.46571951999999
9065,-73.95545833,40.804415,24-07-2021 15:44,0.985331716,39.162995600000045
9066,-73.95532667,40.804365,24-07-2021 15:44,0.978840571,39.162995600000045
9067,-73.95526333,40.80433833,24-07-2021 15:44,0.983168001,39.162995600000045
9068,-73.95519667,40.80431333,24-07-2021 15:44,0.983168001,39.18692174
9069,-73.95512833,40.80427833,24-07-2021 15:44,0.987495431,39.18692174
9070,-73.95505167,40.80424,24-07-2021 15:44,0.987495431,39.18692174
9071,-73.95497,40.80420333,24-07-2021 15:44,0.989659146,39.18692174
9072,-73.95478667,40.80413167,24-07-2021 15:44,0.993986575,39.426183140000035
9073,-73.954695,40.80409167,24-07-2021 15:44,0.993986575,39.426183140000035
9074,-73.9546,40.80405333,24-07-2021 15:44,0.993986575,39.426183140000035
9075,-73.95442667,40.80397667,24-07-2021 15:45,0.989659146,39.52188769999998
9076,-73.95435667,40.803945,24-07-2021 15:45,0.989779352,39.52188769999998
9077,-73.954295,40.80392,24-07-2021 15:45,0.987615637,39.52188769999998
9078,-73.95423167,40.80391167,24-07-2021 15:45,0.987615637,39.52188769999998
9079,-73.95418167,40.80389167,24-07-2021 15:45,0.996270497,39.52188769999998
9080,-73.95413167,40.803875,24-07-2021 15:45,0.996270497,39.52188769999998
9081,-73.95408833,40.80385833,24-07-2021 15:45,0.994106782,39.231356000000005
9082,-73.95405167,40.80384667,24-07-2021 15:45,0.994106782,39.231356000000005
9083,-73.95399667,40.803825,24-07-2021 15:45,0.998434212,39.231356000000005
9084,-73.95396833,40.803815,24-07-2021 15:45,0.998434212,39.231356000000005
9085,-73.95394,40.80380167,24-07-2021 15:45,0.998434212,39.231356000000005
9086,-73.953905,40.803785,24-07-2021 15:45,0.998434212,39.43301918000003
9087,-73.953865,40.80376333,24-07-2021 15:45,0.998434212,39.43301918000003
9088,-73.95381833,40.80374,24-07-2021 15:45,0.998434212,39.43301918000003
9089,-73.95354833,40.80362167,24-07-2021 15:45,1.009252786,39.200593819999995
9090,-73.95350667,40.8036,24-07-2021 15:45,1.009252786,39.200593819999995
9091,-73.953475,40.80358167,24-07-2021 15:45,1.007089071,39.200593819999995
9092,-73.95345,40.80357,24-07-2021 15:45,1.007089071,39.200593819999995
9093,-73.95331333,40.80347833,24-07-2021 15:46,1.013580216,38.69472686000006
9094,-73.953255,40.80345333,24-07-2021 15:46,1.013580216,38.69472686000006
9095,-73.95319667,40.80342667,24-07-2021 15:46,1.009252786,38.69472686000006
9096,-73.95314,40.80340167,24-07-2021 15:46,1.009252786,38.69472686000006
9097,-73.95297333,40.80331333,24-07-2021 15:46,1.026562505,38.19569594000001
9098,-73.95291,40.803285,24-07-2021 15:46,1.026562505,38.19569594000001
9099,-73.95285,40.80325667,24-07-2021 15:46,1.02007136,38.19569594000001
9100,-73.95279333,40.80323167,24-07-2021 15:46,1.02007136,38.37343298000002
9101,-73.95271333,40.80319833,24-07-2021 15:46,1.02007136,38.37343298000002
9102,-73.952535,40.80318,24-07-2021 15:46,1.02007136,38.07606524000005
9103,-73.95245,40.80322167,24-07-2021 15:46,1.022235075,38.07606524000005
9104,-73.95241833,40.80325333,24-07-2021 15:46,1.022235075,37.72400918000005
9105,-73.95239167,40.80328833,24-07-2021 15:46,1.017907645,37.72400918000005
9106,-73.95236833,40.803325,24-07-2021 15:46,1.017907645,37.72400918000005
9107,-73.95230667,40.80341333,24-07-2021 15:46,1.017907645,37.597542439999984
9108,-73.95227,40.80346167,24-07-2021 15:46,1.015743931,37.597542439999984
9109,-73.95223,40.80351167,24-07-2021 15:46,1.015743931,37.597542439999984
9110,-73.95218667,40.80356167,24-07-2021 15:46,1.013580216,37.187380039999994
9111,-73.95210667,40.80365833,24-07-2021 15:46,1.017907645,37.187380039999994
9112,-73.95206333,40.80370667,24-07-2021 15:46,1.017907645,37.187380039999994
9113,-73.95201833,40.80375833,24-07-2021 15:46,1.02439879,37.187380039999994
9114,-73.951965,40.80381,24-07-2021 15:46,1.02439879,36.61998872000004
9115,-73.95191,40.80387333,24-07-2021 15:46,1.02007136,36.61998872000004
9116,-73.95185333,40.80394167,24-07-2021 15:46,1.02007136,36.61998872000004
9117,-73.95179667,40.80402,24-07-2021 15:46,1.015743931,36.61998872000004
9118,-73.95173833,40.8041,24-07-2021 15:46,1.015743931,36.61657070000001
9119,-73.95166833,40.80418167,24-07-2021 15:47,1.02007136,36.61657070000001
9120,-73.951595,40.80426833,24-07-2021 15:47,1.02007136,35.84409818000006
9121,-73.95152,40.80436,24-07-2021 15:47,1.015743931,36.196154240000055
9122,-73.95145667,40.804455,24-07-2021 15:47,1.015743931,36.196154240000055
9123,-73.95138333,40.80455,24-07-2021 15:47,1.011416501,36.196154240000055
9124,-73.95125833,40.80473,24-07-2021 15:47,1.015743931,36.760127539999985
9125,-73.951155,40.80488,24-07-2021 15:47,1.015864137,35.96714689999999
9126,-73.95110333,40.80495167,24-07-2021 15:47,1.015864137,35.96714689999999
9127,-73.95105667,40.80502833,24-07-2021 15:47,1.015864137,35.96714689999999
9128,-73.950995,40.80511,24-07-2021 15:48,1.018027852,35.96714689999999
9129,-73.95092833,40.80519333,24-07-2021 15:48,1.018027852,36.148301960000026
9130,-73.95086,40.80528,24-07-2021 15:48,1.018027852,35.939802740000005
9131,-73.95079333,40.805365,24-07-2021 15:48,1.018027852,35.939802740000005
9132,-73.950735,40.80544333,24-07-2021 15:48,1.013700422,36.14488394
9133,-73.950645,40.805575,24-07-2021 15:48,1.013700422,36.14488394
9134,-73.95061833,40.80561167,24-07-2021 15:48,1.013700422,36.14488394
9135,-73.950535,40.80566333,24-07-2021 15:48,1.013700422,36.14488394
9136,-73.95049833,40.80571667,24-07-2021 15:48,1.005045563,36.50377604000005
9137,-73.95045167,40.805775,24-07-2021 15:48,1.005045563,36.50377604000005
9138,-73.95040333,40.80583833,24-07-2021 15:48,1.009372992,36.50377604000005
9139,-73.95035667,40.80590167,24-07-2021 15:48,1.009372992,36.50377604000005
9140,-73.95031167,40.80596333,24-07-2021 15:48,1.000718133,36.84557804000002
9141,-73.95026167,40.80602667,24-07-2021 15:48,1.000718133,36.84557804000002
9142,-73.95020667,40.80609667,24-07-2021 15:49,1.009372992,36.84557804000002
9143,-73.95015333,40.80617333,24-07-2021 15:49,1.009372992,36.92077447999998
9144,-73.95011,40.80626333,24-07-2021 15:49,1.002881848,37.79236958000001
9145,-73.95005333,40.80635333,24-07-2021 15:49,1.002881848,37.79236958000001
9146,-73.94999,40.80643833,24-07-2021 15:49,1.002881848,37.79236958000001
9147,-73.94992833,40.80652,24-07-2021 15:49,1.002881848,38.22645812000002
9148,-73.94987167,40.80659833,24-07-2021 15:49,1.005045563,38.22645812000002
9149,-73.949815,40.80667,24-07-2021 15:49,1.005045563,38.22645812000002
9150,-73.949765,40.80673333,24-07-2021 15:49,0.998554418,38.28114644000004
9151,-73.94972,40.806785,24-07-2021 15:49,0.998554418,38.212786040000026
9152,-73.94969,40.80682333,24-07-2021 15:49,1.002881848,38.212786040000026
9153,-73.94966667,40.80686,24-07-2021 15:49,1.003002054,38.212786040000026
9154,-73.94962167,40.80685333,24-07-2021 15:49,1.007329484,38.212786040000026
9155,-73.94958,40.80686333,24-07-2021 15:50,1.009493199,38.212786040000026
9156,-73.94952667,40.80686,24-07-2021 15:50,1.009493199,38.212786040000026
9157,-73.94946333,40.80684333,24-07-2021 15:50,1.009493199,38.212786040000026
9158,-73.94939167,40.80681833,24-07-2021 15:50,1.009493199,38.065811180000026
9159,-73.94931333,40.80678167,24-07-2021 15:50,1.011656914,38.065811180000026
9160,-73.94922667,40.80674167,24-07-2021 15:50,1.011656914,38.065811180000026
9161,-73.94913667,40.80670167,24-07-2021 15:50,1.005165769,38.065811180000026
9162,-73.948875,40.80658667,24-07-2021 15:50,1.005165769,38.20253198
9163,-73.94878,40.806565,24-07-2021 15:50,1.003002054,38.20253198
9164,-73.94869167,40.80653667,24-07-2021 15:50,1.003002054,38.41444922000005
9165,-73.948605,40.80650833,24-07-2021 15:50,0.994347195,38.41444922000005
9166,-73.94852667,40.80647667,24-07-2021 15:50,0.994347195,38.41444922000005
9167,-73.94846167,40.80645,24-07-2021 15:50,0.998674624,38.41444922000005
9168,-73.94840167,40.80642667,24-07-2021 15:50,0.998674624,38.41444922000005
9169,-73.94834167,40.80640667,24-07-2021 15:50,0.98785605,38.472555560000046
9170,-73.948275,40.80638333,24-07-2021 15:50,0.98785605,39.10488926000005
9171,-73.94820167,40.80635667,24-07-2021 15:50,0.990019765,39.10488926000005
9172,-73.94803333,40.80628667,24-07-2021 15:50,0.985692335,39.10488926000005
9173,-73.94793333,40.80624667,24-07-2021 15:50,0.985692335,39.231356000000005
9174,-73.94783167,40.806205,24-07-2021 15:50,0.994347195,39.231356000000005
9175,-73.94772667,40.80616333,24-07-2021 15:50,0.994347195,39.231356000000005
9176,-73.947625,40.80611833,24-07-2021 15:50,0.990019765,38.88955400000003
9177,-73.94741667,40.80603833,24-07-2021 15:50,0.990019765,38.88955400000003
9178,-73.94732167,40.80600833,24-07-2021 15:50,0.985692335,38.88955400000003
9179,-73.94724167,40.80598333,24-07-2021 15:50,0.985692335,38.21962208000002
9180,-73.94718167,40.80597,24-07-2021 15:50,0.981364905,38.21962208000002
9181,-73.947125,40.80595167,24-07-2021 15:50,0.98785605,38.21962208000002
9182,-73.94712333,40.80594667,24-07-2021 15:50,0.98785605,38.21962208000002
9183,-73.94712667,40.80594667,24-07-2021 15:50,0.98785605,38.21962208000002
9184,-73.94711333,40.80594167,24-07-2021 15:50,0.994467401,38.21962208000002
9185,-73.947095,40.80590833,24-07-2021 15:50,0.998794831,38.21962208000002
9186,-73.94708833,40.80586,24-07-2021 15:50,0.998794831,38.21962208000002
9187,-73.94710333,40.80580667,24-07-2021 15:50,0.987976256,38.07948326000002
9188,-73.947135,40.80575167,24-07-2021 15:50,0.987976256,38.07948326000002
9189,-73.94717667,40.80569333,24-07-2021 15:50,0.987976256,38.07948326000002
9190,-73.94721833,40.805635,24-07-2021 15:50,0.987976256,38.07948326000002
9191,-73.94725667,40.80557667,24-07-2021 15:50,0.992303686,37.447149560000014
9192,-73.94728667,40.80553167,24-07-2021 15:50,0.992303686,37.447149560000014
9193,-73.94731,40.805505,24-07-2021 15:50,0.994467401,37.720591160000026
9194,-73.94732333,40.80548667,24-07-2021 15:50,0.994467401,37.720591160000026
9195,-73.94743333,40.80534833,24-07-2021 15:50,1.009613405,37.720591160000026
9196,-73.94746667,40.805295,24-07-2021 15:51,1.009613405,37.0267331
9197,-73.94754167,40.80516333,24-07-2021 15:51,1.01177712,37.0267331
9198,-73.94758333,40.80509333,24-07-2021 15:51,1.00312226,37.0267331
9199,-73.94773167,40.80486833,24-07-2021 15:51,1.00744969,36.496939999999995
9200,-73.94779,40.80479,24-07-2021 15:51,1.00312226,36.496939999999995
9201,-73.94784833,40.80470833,24-07-2021 15:51,1.00312226,36.36021920000002
9202,-73.94791,40.80462333,24-07-2021 15:51,1.00312226,36.36021920000002
9203,-73.94797,40.80453833,24-07-2021 15:51,1.00312226,36.36021920000002
9204,-73.94802667,40.804455,24-07-2021 15:51,1.005285975,35.83384411999998
9205,-73.94809167,40.804365,24-07-2021 15:51,1.005285975,35.83384411999998
9206,-73.94816,40.80427333,24-07-2021 15:51,1.00312226,35.83384411999998
9207,-73.94822667,40.80417833,24-07-2021 15:51,1.00312226,36.13804790000006
9208,-73.94829667,40.80408167,24-07-2021 15:51,1.000958546,36.13804790000006
9209,-73.94837,40.80398333,24-07-2021 15:51,1.000958546,36.13804790000006
9210,-73.94843667,40.803885,24-07-2021 15:51,0.994467401,37.197634100000016
9211,-73.94856167,40.8037,24-07-2021 15:51,0.994467401,37.197634100000016
9212,-73.94862167,40.80362667,24-07-2021 15:51,0.990139971,37.918836320000025
9213,-73.948675,40.80356167,24-07-2021 15:51,0.990139971,37.918836320000025
9214,-73.94871167,40.80351833,24-07-2021 15:51,0.992303686,37.918836320000025
9215,-73.94872667,40.80349333,24-07-2021 15:51,0.992423892,37.918836320000025
9216,-73.94873333,40.803485,24-07-2021 15:51,0.988096463,37.918836320000025
9217,-73.94873667,40.80348333,24-07-2021 15:51,0.988096463,37.86756602000003
9218,-73.94876167,40.803415,24-07-2021 15:51,1.003242467,38.722071020000044
9219,-73.94879,40.80336167,24-07-2021 15:51,1.003242467,38.722071020000044
9220,-73.94882833,40.80330333,24-07-2021 15:51,0.998915037,38.722071020000044
9221,-73.94893,40.80317167,24-07-2021 15:51,1.005406182,38.722071020000044
9222,-73.94899667,40.80309,24-07-2021 15:51,1.005406182,39.85685366000001
9223,-73.94905667,40.80301,24-07-2021 15:51,1.005406182,39.85685366000001
9224,-73.94911167,40.80292833,24-07-2021 15:51,1.005406182,39.99357445999999
9225,-73.94917167,40.80284333,24-07-2021 15:51,1.001078752,40.11662318000003
9226,-73.949235,40.80275333,24-07-2021 15:51,1.001078752,40.11662318000003
9227,-73.94930167,40.80266667,24-07-2021 15:51,1.003242467,40.11662318000003
9228,-73.94936,40.80257667,24-07-2021 15:51,1.003242467,40.345630519999986
9229,-73.94941,40.80248667,24-07-2021 15:51,1.005406182,40.345630519999986
9230,-73.94945667,40.80240333,24-07-2021 15:51,1.005406182,40.345630519999986
9231,-73.9495,40.80233167,24-07-2021 15:51,1.005406182,40.15080338000001
9232,-73.94954167,40.80227,24-07-2021 15:51,1.005406182,40.15080338000001
9233,-73.949585,40.80221667,24-07-2021 15:51,1.011897326,40.034590700000024
9234,-73.94961667,40.802175,24-07-2021 15:51,1.011897326,40.034590700000024
9235,-73.94965167,40.80214333,24-07-2021 15:51,1.005406182,40.034590700000024
9236,-73.949645,40.80200167,24-07-2021 15:51,1.012017533,39.43301918000003
9237,-73.949595,40.80197,24-07-2021 15:51,1.009853818,39.43301918000003
9238,-73.94953667,40.801935,24-07-2021 15:51,1.009853818,39.69962473999999
9239,-73.94929667,40.801825,24-07-2021 15:51,1.005526388,39.69962473999999
9240,-73.94920333,40.801785,24-07-2021 15:51,1.005526388,39.07070906000001
9241,-73.949005,40.80170833,24-07-2021 15:51,1.003362673,39.525305720000006
9242,-73.94880167,40.80162833,24-07-2021 15:51,0.999035243,39.40225700000002
9243,-73.94870667,40.80159,24-07-2021 15:51,1.009853818,39.40225700000002
9244,-73.94861667,40.801545,24-07-2021 15:51,1.009853818,39.40225700000002
9245,-73.94852167,40.80150333,24-07-2021 15:51,1.009853818,38.52040784000002
9246,-73.94842333,40.80146333,24-07-2021 15:52,1.009853818,38.46913754000002
9247,-73.94832667,40.80141833,24-07-2021 15:52,1.005526388,38.46913754000002
9248,-73.94822833,40.80137167,24-07-2021 15:52,1.005526388,38.46913754000002
9249,-73.94813,40.80132667,24-07-2021 15:52,1.001198958,38.46913754000002
9250,-73.94803,40.80129,24-07-2021 15:52,1.001198958,38.48964566000001
9251,-73.94793333,40.80125,24-07-2021 15:52,1.001198958,37.78895155999999
9252,-73.94774833,40.80118667,24-07-2021 15:52,0.996871529,38.065811180000026
9253,-73.94766833,40.80115667,24-07-2021 15:52,0.996871529,38.065811180000026
9254,-73.94760667,40.80113167,24-07-2021 15:52,0.992544099,38.065811180000026
9255,-73.94756833,40.80111,24-07-2021 15:52,0.992544099,38.065811180000026
9256,-73.947345,40.80101167,24-07-2021 15:52,1.012017533,38.34267080000001
9257,-73.947295,40.800985,24-07-2021 15:52,1.012017533,37.744517299999984
9258,-73.94724333,40.800955,24-07-2021 15:52,1.005526388,37.744517299999984
9259,-73.94719667,40.80092333,24-07-2021 15:52,1.005526388,37.744517299999984
9260,-73.94714667,40.80089167,24-07-2021 15:52,1.001198958,37.744517299999984
9261,-73.94709833,40.80085833,24-07-2021 15:52,1.001319165,37.744517299999984
9262,-73.94704,40.80083,24-07-2021 15:52,1.014301454,37.744517299999984
9263,-73.94694,40.80077,24-07-2021 15:53,1.005646594,37.87098404000005
9264,-73.94686,40.80072,24-07-2021 15:53,1.00348288,37.12585568000003
9265,-73.94671333,40.80064667,24-07-2021 15:53,1.007810309,37.12585568000003
9266,-73.94664667,40.80061167,24-07-2021 15:53,1.007810309,37.183962020000024
9267,-73.94646833,40.80052833,24-07-2021 15:53,1.001319165,37.183962020000024
9268,-73.94637167,40.80047667,24-07-2021 15:53,1.001319165,37.183962020000024
9269,-73.94627,40.800425,24-07-2021 15:53,0.996991735,36.78063566000003
9270,-73.94616167,40.80038167,24-07-2021 15:53,0.996991735,36.78063566000003
9271,-73.946055,40.80033667,24-07-2021 15:53,0.996991735,36.78063566000003
9272,-73.94594833,40.80029167,24-07-2021 15:53,0.996991735,36.886594280000054
9273,-73.94583333,40.80024667,24-07-2021 15:53,0.99915545,36.886594280000054
9274,-73.94571667,40.80020167,24-07-2021 15:53,0.999275656,36.886594280000054
9275,-73.9455,40.80011,24-07-2021 15:54,0.990620797,37.19421608000005
9276,-73.94539333,40.80008,24-07-2021 15:54,0.997111941,37.19421608000005
9277,-73.94530833,40.80004833,24-07-2021 15:54,0.997111941,37.19421608000005
9278,-73.94523833,40.80002333,24-07-2021 15:54,1.001439371,37.19421608000005
9279,-73.94519,40.80000333,24-07-2021 15:54,1.001439371,37.87098404000005
9280,-73.944815,40.80002667,24-07-2021 15:54,0.997111941,38.674218740000015
9281,-73.94475167,40.80014,24-07-2021 15:54,0.999275656,38.674218740000015
9282,-73.94471333,40.80020333,24-07-2021 15:54,0.999275656,38.558006060000025
9283,-73.94466667,40.80026667,24-07-2021 15:54,0.999275656,38.558006060000025
9284,-73.944615,40.80032667,24-07-2021 15:54,0.999275656,38.558006060000025
9285,-73.94456667,40.80038333,24-07-2021 15:54,1.003603086,38.558006060000025
9286,-73.94452667,40.80043,24-07-2021 15:54,1.003603086,38.558006060000025
9287,-73.94449833,40.80046833,24-07-2021 15:54,0.999275656,38.20595000000003
9288,-73.94447833,40.80049333,24-07-2021 15:54,0.999275656,38.20595000000003
9289,-73.944405,40.80063167,24-07-2021 15:54,1.008050722,38.20595000000003
9290,-73.944365,40.80068167,24-07-2021 15:54,1.010214437,38.20595000000003
9291,-73.94432333,40.80073833,24-07-2021 15:54,1.010214437,37.61805056000003
9292,-73.94427333,40.80079667,24-07-2021 15:54,1.016705582,37.61805056000003
9293,-73.94422833,40.80085667,24-07-2021 15:54,1.016705582,37.61805056000003
9294,-73.94417833,40.80091333,24-07-2021 15:54,1.005887007,37.61805056000003
9295,-73.94407667,40.80103667,24-07-2021 15:54,1.008050722,37.768443440000055
9296,-73.94396167,40.80117667,24-07-2021 15:54,1.003723292,37.768443440000055
9297,-73.943905,40.80125333,24-07-2021 15:54,1.003723292,37.768443440000055
9298,-73.94378,40.80140667,24-07-2021 15:54,1.010214437,37.864148
9299,-73.94373,40.80148333,24-07-2021 15:54,1.012378152,37.864148
9300,-73.94368667,40.80156,24-07-2021 15:54,1.012378152,37.58728838000002
9301,-73.94357333,40.80171,24-07-2021 15:54,1.012378152,37.58728838000002
9302,-73.94351833,40.80179,24-07-2021 15:54,1.010214437,37.58728838000002
9303,-73.94346333,40.80187,24-07-2021 15:54,1.010214437,37.20447014000001
9304,-73.943405,40.80195333,24-07-2021 15:54,1.005887007,37.884656120000045
9305,-73.94333833,40.80203,24-07-2021 15:54,1.005887007,37.884656120000045
9306,-73.94328,40.80210833,24-07-2021 15:54,1.001559577,37.594124420000014
9307,-73.943225,40.80218667,24-07-2021 15:54,1.001559577,37.594124420000014
9308,-73.94305833,40.80243667,24-07-2021 15:54,1.005887007,37.30359271999998
9309,-73.94299667,40.80252667,24-07-2021 15:55,1.005887007,37.30359271999998
9310,-73.94293,40.80261833,24-07-2021 15:55,1.005887007,37.30359271999998
9311,-73.94286333,40.802705,24-07-2021 15:55,1.008050722,36.37389128000001
9312,-73.94280167,40.80278167,24-07-2021 15:55,1.008050722,36.37389128000001
9313,-73.94275167,40.802845,24-07-2021 15:55,1.014541867,36.37389128000001
9314,-73.942705,40.80290167,24-07-2021 15:55,1.014541867,36.37389128000001
9315,-73.94265833,40.80295167,24-07-2021 15:55,1.001559577,36.37389128000001
9316,-73.94254,40.80310333,24-07-2021 15:55,1.010214437,36.37389128000001
9317,-73.94250167,40.80315,24-07-2021 15:55,1.008050722,36.37389128000001
9318,-73.94246667,40.80319,24-07-2021 15:55,1.008050722,35.15707616000003
9319,-73.94243333,40.80323,24-07-2021 15:55,1.010214437,35.15707616000003
9320,-73.942405,40.803265,24-07-2021 15:55,1.010214437,35.15707616000003
9321,-73.94236,40.80333167,24-07-2021 15:55,1.010214437,36.57213644000001
9322,-73.94230333,40.80340833,24-07-2021 15:55,1.014541867,36.57213644000001
9323,-73.94223333,40.80349833,24-07-2021 15:55,1.016705582,35.396337560000006
9324,-73.94219333,40.80355167,24-07-2021 15:55,1.016705582,35.396337560000006
9325,-73.94214833,40.80361167,24-07-2021 15:55,1.016705582,35.396337560000006
9326,-73.94209667,40.80367667,24-07-2021 15:55,1.021033011,35.396337560000006
9327,-73.94204667,40.80373833,24-07-2021 15:55,1.021033011,34.34358740000005
9328,-73.941955,40.80385833,24-07-2021 15:55,1.016705582,35.66636114000005
9329,-73.94191667,40.80391833,24-07-2021 15:55,1.021033011,35.66636114000005
9330,-73.94188,40.80397667,24-07-2021 15:55,1.021033011,34.65120920000004
9331,-73.94184667,40.80402667,24-07-2021 15:55,1.016705582,34.65120920000004
9332,-73.941815,40.80407833,24-07-2021 15:55,1.016705582,34.65120920000004
9333,-73.94178333,40.80412167,24-07-2021 15:55,1.018869297,34.65120920000004
9334,-73.941755,40.80416,24-07-2021 15:55,1.018869297,34.65120920000004
9335,-73.94173167,40.80419333,24-07-2021 15:55,1.021033011,34.65120920000004
9336,-73.94171,40.804225,24-07-2021 15:55,1.021033011,34.65120920000004
9337,-73.94169,40.80424833,24-07-2021 15:55,1.016705582,34.14876026000002
9338,-73.94167167,40.80426833,24-07-2021 15:55,1.016705582,34.14876026000002
9339,-73.94163833,40.80432333,24-07-2021 15:55,1.021033011,35.187838339999985
9340,-73.94161667,40.80435667,24-07-2021 15:55,1.021033011,35.187838339999985
9341,-73.94158833,40.80439333,24-07-2021 15:55,1.029687871,35.187838339999985
9342,-73.94155833,40.804435,24-07-2021 15:55,1.029687871,35.187838339999985
9343,-73.941525,40.80447667,24-07-2021 15:55,1.025360441,35.187838339999985
9344,-73.94149833,40.80451667,24-07-2021 15:55,1.025360441,34.890470600000015
9345,-73.94146833,40.80455667,24-07-2021 15:56,1.025360441,34.890470600000015
9346,-73.94141,40.80464167,24-07-2021 15:56,1.025360441,34.890470600000015
9347,-73.94128667,40.80480667,24-07-2021 15:56,1.016705582,34.972503080000024
9348,-73.94125333,40.80484667,24-07-2021 15:56,1.016825788,35.68686925999998
9349,-73.94122,40.804885,24-07-2021 15:56,1.025480648,35.68686925999998
9350,-73.94118167,40.80492167,24-07-2021 15:56,1.025480648,35.68686925999998
9351,-73.94114667,40.80495833,24-07-2021 15:56,1.025480648,35.68686925999998
9352,-73.94110667,40.804985,24-07-2021 15:56,1.025480648,35.68686925999998
9353,-73.94106167,40.805,24-07-2021 15:56,1.021153218,35.68686925999998
9354,-73.94101,40.80499833,24-07-2021 15:56,1.021153218,35.68686925999998
9355,-73.94095,40.80498167,24-07-2021 15:56,1.025480648,35.68686925999998
9356,-73.94088667,40.80495,24-07-2021 15:56,1.025480648,36.57213644000001
9357,-73.940815,40.80491167,24-07-2021 15:56,1.021153218,36.57213644000001
9358,-73.94073167,40.80487,24-07-2021 15:56,1.021153218,36.57213644000001
9359,-73.940645,40.80482667,24-07-2021 15:56,1.016825788,36.57213644000001
9360,-73.94055833,40.80478167,24-07-2021 15:56,1.016825788,37.460821640000006
9361,-73.940475,40.80473833,24-07-2021 15:56,1.012498358,37.460821640000006
9362,-73.94039167,40.80469333,24-07-2021 15:56,1.012498358,37.460821640000006
9363,-73.94030667,40.80465333,24-07-2021 15:56,1.010334643,37.52576402
9364,-73.940225,40.80462167,24-07-2021 15:56,1.010334643,37.52576402
9365,-73.94014833,40.804595,24-07-2021 15:56,0.997352354,38.32216268000002
9366,-73.94009,40.80456833,24-07-2021 15:56,0.997352354,38.32216268000002
9367,-73.94004667,40.80454833,24-07-2021 15:56,0.999516069,38.32216268000002
9368,-73.94001167,40.80453667,24-07-2021 15:56,0.999516069,38.32216268000002
9369,-73.93990167,40.80450167,24-07-2021 15:56,1.003843499,38.32216268000002
9370,-73.93986833,40.804485,24-07-2021 15:56,1.003843499,38.32216268000002
9371,-73.93982667,40.80446333,24-07-2021 15:56,1.003843499,38.38710506000001
9372,-73.93977667,40.80444,24-07-2021 15:56,1.010334643,38.38710506000001
9373,-73.93972167,40.804415,24-07-2021 15:56,1.010334643,38.39052307999998
9374,-73.93960833,40.804365,24-07-2021 15:56,1.003843499,38.39052307999998
9375,-73.93956,40.80434333,24-07-2021 15:56,1.001679784,38.39052307999998
9376,-73.93951667,40.80432,24-07-2021 15:56,1.001679784,38.39052307999998
9377,-73.93947833,40.804305,24-07-2021 15:56,1.001679784,38.28456446000001
9378,-73.939445,40.80430667,24-07-2021 15:56,1.001679784,38.28456446000001
9379,-73.939415,40.80429667,24-07-2021 15:56,1.003843499,38.28456446000001
9380,-73.93923333,40.80421833,24-07-2021 15:57,1.010334643,38.28456446000001
9381,-73.93918167,40.804195,24-07-2021 15:57,1.003843499,38.28456446000001
9382,-73.939125,40.80417167,24-07-2021 15:57,1.003843499,38.475973580000016
9383,-73.93881333,40.80405667,24-07-2021 15:57,1.010334643,38.81093954000005
9384,-73.93861667,40.80402,24-07-2021 15:57,1.01478228,38.56826011999999
9385,-73.938595,40.80400333,24-07-2021 15:57,1.01478228,38.56826011999999
9386,-73.93857333,40.803985,24-07-2021 15:57,1.01478228,38.56826011999999
9387,-73.93855,40.80396667,24-07-2021 15:57,1.012618565,38.56826011999999
9388,-73.93852833,40.80394833,24-07-2021 15:57,1.012618565,38.56826011999999
9389,-73.93840333,40.803835,24-07-2021 15:57,1.016945994,38.13758960000001
9390,-73.93835167,40.803815,24-07-2021 15:57,1.016945994,38.13758960000001
9391,-73.93828833,40.80378833,24-07-2021 15:57,1.01478228,38.13758960000001
9392,-73.93822667,40.80376,24-07-2021 15:57,1.01478228,38.13758960000001
9393,-73.93811167,40.80370667,24-07-2021 15:57,1.019109709,38.000868800000035
9394,-73.93807,40.803675,24-07-2021 15:57,1.019109709,38.000868800000035
9395,-73.93804667,40.80363833,24-07-2021 15:57,1.021273424,38.000868800000035
9396,-73.93804167,40.80360333,24-07-2021 15:57,1.021273424,37.61121452000003
9397,-73.93807,40.80356167,24-07-2021 15:58,1.016945994,37.61121452000003
9398,-73.93810833,40.80351,24-07-2021 15:58,1.016945994,37.61121452000003
9399,-73.93815,40.80345667,24-07-2021 15:58,1.01045485,37.970106620000024
9400,-73.93822,40.80333833,24-07-2021 15:58,1.021273424,37.73426324000002
9401,-73.93824667,40.80328667,24-07-2021 15:58,1.021273424,37.73426324000002
9402,-73.93829167,40.80322667,24-07-2021 15:58,1.01478228,37.73426324000002
9403,-73.93829833,40.80320667,24-07-2021 15:58,1.01478228,37.73426324000002
9404,-73.938345,40.80315,24-07-2021 15:58,1.02572106,37.73426324000002
9405,-73.93844167,40.803035,24-07-2021 15:58,1.019229916,38.472555560000046
9406,-73.93849333,40.80296667,24-07-2021 15:58,1.019229916,38.472555560000046
9407,-73.93854167,40.80289667,24-07-2021 15:58,1.014902486,38.643456560000004
9408,-73.93859167,40.80282833,24-07-2021 15:58,1.014902486,38.643456560000004
9409,-73.93863667,40.80276333,24-07-2021 15:58,1.014902486,38.33583476000001
9410,-73.93871833,40.80264333,24-07-2021 15:58,1.014902486,38.33583476000001
9411,-73.93875333,40.80259333,24-07-2021 15:58,1.010575056,38.33583476000001
9412,-73.93878,40.80255,24-07-2021 15:58,1.010575056,38.33583476000001
9413,-73.93877333,40.802505,24-07-2021 15:58,1.010575056,38.37343298000002
9414,-73.93873,40.80246333,24-07-2021 15:58,1.010575056,38.37343298000002
9415,-73.93866,40.80241833,24-07-2021 15:58,0.999756482,38.37343298000002
9416,-73.93858333,40.80237833,24-07-2021 15:58,0.999756482,38.37343298000002
9417,-73.93849833,40.80233833,24-07-2021 15:58,0.997592767,38.61269437999999
9418,-73.938315,40.80225333,24-07-2021 15:58,0.995429052,39.00234866000005
9419,-73.93822333,40.80221,24-07-2021 15:58,0.995429052,39.00234866000005
9420,-73.93813833,40.80216167,24-07-2021 15:58,0.997592767,38.311908620000054
9421,-73.93788,40.802045,24-07-2021 15:58,0.995429052,38.311908620000054
9422,-73.93780167,40.80201167,24-07-2021 15:58,0.999756482,38.311908620000054
9423,-73.93772833,40.801985,24-07-2021 15:58,0.999756482,37.63514066000005
9424,-73.93766,40.80196,24-07-2021 15:58,1.004083911,37.63514066000005
9425,-73.937605,40.80193167,24-07-2021 15:58,1.004083911,37.63514066000005
9426,-73.93756333,40.80191167,24-07-2021 15:58,0.999756482,37.63514066000005
9427,-73.93743667,40.80187167,24-07-2021 15:58,1.012738771,37.63514066000005
9428,-73.93739167,40.80185167,24-07-2021 15:58,1.012738771,36.613152679999985
9429,-73.93733167,40.80182333,24-07-2021 15:58,1.001920197,36.613152679999985
9430,-73.93726333,40.801795,24-07-2021 15:58,1.001920197,36.613152679999985
9431,-73.93718333,40.801765,24-07-2021 15:58,1.012738771,36.613152679999985
9432,-73.93709667,40.80172833,24-07-2021 15:58,1.012738771,36.613152679999985
9433,-73.937005,40.80168833,24-07-2021 15:58,1.012738771,36.99938894000002
9434,-73.93691167,40.80164333,24-07-2021 15:58,1.012738771,36.99938894000002
9435,-73.936815,40.80159833,24-07-2021 15:58,1.012858977,36.99938894000002
9436,-73.93671667,40.80155,24-07-2021 15:58,1.012858977,36.99938894000002
9437,-73.93662167,40.8015,24-07-2021 15:58,1.012858977,36.82506992000003
9438,-73.936525,40.80145667,24-07-2021 15:58,1.012858977,36.82506992000003
9439,-73.936425,40.80141833,24-07-2021 15:58,1.006367833,37.460821640000006
9440,-73.93633333,40.80137,24-07-2021 15:58,1.006367833,37.25232242000004
9441,-73.93624833,40.80132,24-07-2021 15:58,1.008531548,37.25232242000004
9442,-73.93616667,40.80126833,24-07-2021 15:58,1.008531548,37.25232242000004
9443,-73.93607333,40.801235,24-07-2021 15:58,0.999876688,37.25232242000004
9444,-73.93597667,40.80120167,24-07-2021 15:58,0.999876688,36.514030100000014
9445,-73.93588,40.80116833,24-07-2021 15:58,1.002040403,36.903684380000016
9446,-73.93578167,40.80113167,24-07-2021 15:58,1.002040403,36.903684380000016
9447,-73.93568333,40.80109,24-07-2021 15:58,0.999876688,36.903684380000016
9448,-73.93558333,40.801045,24-07-2021 15:58,0.999876688,36.76696358000004
9449,-73.93548333,40.80099833,24-07-2021 15:59,0.997712973,36.76696358000004
9450,-73.93529833,40.80091667,24-07-2021 15:59,0.995549258,36.76696358000004
9451,-73.93522167,40.80088,24-07-2021 15:59,0.995549258,37.659066800000005
9452,-73.93516333,40.800845,24-07-2021 15:59,0.993385543,37.659066800000005
9453,-73.93512667,40.80080833,24-07-2021 15:59,0.993385543,37.659066800000005
9454,-73.93511833,40.800765,24-07-2021 15:59,0.993385543,37.659066800000005
9455,-73.93512667,40.80072,24-07-2021 15:59,0.993385543,37.659066800000005
9456,-73.93519167,40.80062333,24-07-2021 15:59,0.993385543,38.66738270000002
9457,-73.93523,40.80057667,24-07-2021 15:59,0.993385543,38.66738270000002
9458,-73.93526667,40.800535,24-07-2021 15:59,0.995549258,38.66738270000002
9459,-73.93529667,40.8005,24-07-2021 15:59,0.995549258,38.66738270000002
9460,-73.93531833,40.80047167,24-07-2021 15:59,0.989058114,38.66738270000002
9461,-73.93533,40.80045333,24-07-2021 15:59,0.989058114,38.66738270000002
9462,-73.93538667,40.80037,24-07-2021 15:59,0.993385543,39.248446100000024
9463,-73.93541333,40.80034,24-07-2021 15:59,0.993385543,39.248446100000024
9464,-73.935445,40.80030333,24-07-2021 15:59,0.993385543,39.248446100000024
9465,-73.93548167,40.800255,24-07-2021 15:59,0.993385543,39.248446100000024
9466,-73.93552,40.80020167,24-07-2021 15:59,0.993385543,39.248446100000024
9467,-73.93555667,40.80014333,24-07-2021 15:59,0.989058114,39.248446100000024
9468,-73.93559333,40.80008,24-07-2021 15:59,0.989058114,38.81435756000002
9469,-73.935665,40.799935,24-07-2021 15:22,0.997712973,38.81435756000002
9470,-73.93569833,40.79986167,24-07-2021 15:22,0.995549258,38.81435756000002
9471,-73.93572667,40.79978833,24-07-2021 15:22,0.995549258,38.10340940000003
9472,-73.93575333,40.79972167,24-07-2021 15:22,1.004204118,38.10340940000003
9473,-73.93578,40.79966333,24-07-2021 15:22,1.004204118,38.10340940000003
9474,-73.93579,40.79957167,24-07-2021 15:22,0.997712973,38.10340940000003
9475,-73.93575667,40.79954667,24-07-2021 15:22,0.995549258,37.628304619999994
9476,-73.9357,40.79952167,24-07-2021 15:22,0.995549258,37.73426324000002
9477,-73.93563167,40.799495,24-07-2021 15:22,0.995549258,37.73426324000002
9478,-73.93556333,40.799465,24-07-2021 15:22,0.995549258,37.73426324000002
9479,-73.935415,40.79940667,24-07-2021 15:22,1.002040403,37.73426324000002
9480,-73.935345,40.79937833,24-07-2021 15:22,0.995549258,37.80945968000003
9481,-73.93528,40.79934667,24-07-2021 15:22,0.995549258,37.80945968000003
9482,-73.93522333,40.79931833,24-07-2021 15:22,0.993385543,37.80945968000003
9483,-73.93516667,40.79929,24-07-2021 15:22,0.993385543,37.495001839999986
9484,-73.935105,40.79926333,24-07-2021 15:22,0.999876688,37.495001839999986
9485,-73.93497167,40.79919833,24-07-2021 15:22,0.999876688,37.68299294000002
9486,-73.93489667,40.79916333,24-07-2021 15:22,0.993385543,37.68299294000002
9487,-73.93482333,40.79912833,24-07-2021 15:22,0.993385543,37.68299294000002
9488,-73.93470167,40.79907667,24-07-2021 15:22,0.986894399,37.68299294000002
9489,-73.93460667,40.799035,24-07-2021 15:22,0.995549258,37.67273888
9490,-73.93456167,40.79901333,24-07-2021 15:22,1.004204118,37.93592641999999
9491,-73.93438,40.79894333,24-07-2021 15:22,1.004204118,37.93592641999999
9492,-73.93435333,40.79893333,24-07-2021 15:22,1.004204118,37.93592641999999
9493,-73.93428167,40.79892833,24-07-2021 15:22,0.99783318,37.94276246000004
9494,-73.93423833,40.79892167,24-07-2021 15:22,1.004324324,37.94276246000004
9495,-73.93418333,40.79891,24-07-2021 15:23,1.004324324,37.94276246000004
9496,-73.93412,40.79888833,24-07-2021 15:23,1.004324324,37.94276246000004
9497,-73.93405833,40.79886,24-07-2021 15:23,1.004324324,37.94276246000004
9498,-73.93394,40.798805,24-07-2021 15:23,1.010815469,37.94276246000004
9499,-73.93388167,40.79877667,24-07-2021 15:23,1.010815469,38.08973732000004
9500,-73.93381833,40.798745,24-07-2021 15:23,1.012979184,37.84705789999998
9501,-73.93375,40.79871167,24-07-2021 15:23,1.012979184,37.84705789999998
9502,-73.93367333,40.79867833,24-07-2021 15:23,1.012979184,37.84705789999998
9503,-73.93358833,40.79864333,24-07-2021 15:23,1.012979184,37.84705789999998
9504,-73.93349833,40.79860667,24-07-2021 15:23,1.006488039,37.84705789999998
9505,-73.93341,40.79857,24-07-2021 15:23,1.006488039,37.84705789999998
9506,-73.93331667,40.79852667,24-07-2021 15:23,1.006488039,37.84705789999998
9507,-73.933225,40.79848167,24-07-2021 15:23,1.006488039,37.63855868000002
9508,-73.93312833,40.798435,24-07-2021 15:23,1.006488039,37.55310817999998
9509,-73.93303167,40.79839333,24-07-2021 15:23,1.006488039,37.55310817999998
9510,-73.932935,40.79834833,24-07-2021 15:23,1.002160609,37.55310817999998
9511,-73.93284333,40.798305,24-07-2021 15:23,1.002160609,36.72936536000003
9512,-73.93275333,40.79826667,24-07-2021 15:23,1.002160609,36.72936536000003
9513,-73.93266333,40.798225,24-07-2021 15:23,1.002160609,36.72936536000003
9514,-73.932565,40.79818,24-07-2021 15:23,0.995669465,36.72936536000003
9515,-73.93238333,40.79807333,24-07-2021 15:23,0.99783318,36.53453822000006
9516,-73.93228,40.79802333,24-07-2021 15:23,0.997953386,36.53453822000006
9517,-73.93216833,40.797975,24-07-2021 15:23,0.993625956,36.53453822000006
9518,-73.93205833,40.79793,24-07-2021 15:23,0.993625956,36.28844078000003
9519,-73.931955,40.79788333,24-07-2021 15:23,0.997953386,36.28844078000003
9520,-73.93175167,40.79779667,24-07-2021 15:24,0.997953386,36.760127539999985
9521,-73.93166833,40.79776333,24-07-2021 15:24,0.997953386,36.760127539999985
9522,-73.93160167,40.797735,24-07-2021 15:24,0.993625956,36.760127539999985
9523,-73.93155167,40.797715,24-07-2021 15:24,0.993625956,36.760127539999985
9524,-73.93145167,40.797685,24-07-2021 15:24,0.987134812,36.760127539999985
9525,-73.93143,40.79765667,24-07-2021 15:24,0.982807382,36.760127539999985
9526,-73.93141833,40.79761833,24-07-2021 15:24,0.982807382,36.760127539999985
9527,-73.93142,40.797575,24-07-2021 15:24,0.993625956,36.97546280000006
9528,-73.93147167,40.79746833,24-07-2021 15:24,0.993625956,37.033569140000054
9529,-73.93155333,40.79735333,24-07-2021 15:24,0.991462241,36.97546280000006
9530,-73.931595,40.79730167,24-07-2021 15:24,0.991462241,36.934446560000026
9531,-73.93163333,40.79725167,24-07-2021 15:24,0.991462241,36.934446560000026
9532,-73.931665,40.79721333,24-07-2021 15:24,0.980643667,36.934446560000026
9533,-73.93168833,40.79718667,24-07-2021 15:24,0.980643667,36.934446560000026
9534,-73.9317,40.79716833,24-07-2021 15:24,0.987134812,36.934446560000026
9535,-73.93180667,40.79699,24-07-2021 15:24,0.980643667,36.92761052000003
9536,-73.931855,40.796925,24-07-2021 15:24,0.987134812,36.92761052000003
9537,-73.93190333,40.79685333,24-07-2021 15:24,0.987134812,36.32262098000001
9538,-73.93195167,40.79677833,24-07-2021 15:24,0.980643667,36.55162832000002
9539,-73.93207333,40.79661833,24-07-2021 15:24,0.982807382,36.55162832000002
9540,-73.93220333,40.79645167,24-07-2021 15:24,0.978479952,37.248904400000015
9541,-73.93226833,40.796365,24-07-2021 15:24,0.978479952,36.06285146000005
9542,-73.93233167,40.79627667,24-07-2021 15:24,0.984971097,36.06285146000005
9543,-73.93239167,40.79619167,24-07-2021 15:24,0.984971097,36.09703166000003
9544,-73.932505,40.79602667,24-07-2021 15:24,0.993625956,36.09703166000003
9545,-73.93256167,40.79595,24-07-2021 15:24,0.987134812,36.55504633999999
9546,-73.93262,40.795875,24-07-2021 15:25,0.987134812,35.909040559999994
9547,-73.93267833,40.7958,24-07-2021 15:25,0.991462241,35.909040559999994
9548,-73.932735,40.79572167,24-07-2021 15:25,0.991462241,35.909040559999994
9549,-73.93279333,40.79564667,24-07-2021 15:25,0.993625956,36.07994156000001
9550,-73.93284833,40.795575,24-07-2021 15:25,0.993625956,36.07994156000001
9551,-73.932895,40.79551333,24-07-2021 15:25,0.987134812,36.07994156000001
9552,-73.93293333,40.79546333,24-07-2021 15:25,0.987134812,36.07994156000001
9553,-73.93296833,40.79541667,24-07-2021 15:25,0.987134812,36.45250573999999
9554,-73.933,40.79537167,24-07-2021 15:25,0.987134812,36.45250573999999
9555,-73.93302833,40.79532833,24-07-2021 15:25,0.978479952,36.45250573999999
9556,-73.93305167,40.79528833,24-07-2021 15:25,0.978479952,36.45250573999999
9557,-73.93309,40.79523333,24-07-2021 15:25,0.982807382,36.45250573999999
9558,-73.93318167,40.795165,24-07-2021 15:25,0.987134812,36.613152679999985
9559,-73.93327333,40.79516167,24-07-2021 15:25,0.984971097,36.613152679999985
9560,-73.93333333,40.79518167,24-07-2021 15:25,0.989298526,36.637078820000056
9561,-73.93362167,40.79532,24-07-2021 15:25,0.982807382,36.637078820000056
9562,-73.933695,40.79535333,24-07-2021 15:25,0.982807382,36.753291500000046
9563,-73.93376667,40.79539167,24-07-2021 15:25,0.982807382,36.753291500000046
9564,-73.93391833,40.795465,24-07-2021 15:25,0.984971097,36.753291500000046
9565,-73.93399833,40.79549667,24-07-2021 15:26,0.984971097,36.753291500000046
9566,-73.93407,40.79553,24-07-2021 15:26,0.989298526,37.12243766000006
9567,-73.93419833,40.795585,24-07-2021 15:26,0.995789671,37.12243766000006
9568,-73.93424667,40.79559667,24-07-2021 15:26,0.995789671,37.12243766000006
9569,-73.93428,40.79560667,24-07-2021 15:26,0.993625956,37.12243766000006
9570,-73.93430167,40.795615,24-07-2021 15:26,0.993625956,37.12243766000006
9571,-73.92811333,40.85670167,24-07-2021 15:26,1.04267016,35.38950152000001
9572,-73.928145,40.856725,24-07-2021 15:26,1.040506445,35.38950152000001
9573,-73.928175,40.85675333,24-07-2021 15:26,1.040506445,35.38950152000001
9574,-73.92819833,40.85679167,24-07-2021 15:26,1.03834273,35.39975558000003
9575,-73.92821333,40.85683667,24-07-2021 15:26,1.03834273,35.39975558000003
9576,-73.92822667,40.85688833,24-07-2021 15:26,1.04267016,35.39975558000003
9577,-73.928225,40.85699667,24-07-2021 15:26,1.04267016,35.39975558000003
9578,-73.928225,40.857045,24-07-2021 15:26,1.040506445,35.181002300000046
9579,-73.92823833,40.85709,24-07-2021 15:26,1.040506445,35.181002300000046
9580,-73.92827,40.85713333,24-07-2021 15:26,1.036179016,35.181002300000046
9581,-73.92831833,40.857175,24-07-2021 15:26,1.036179016,35.181002300000046
9582,-73.92838667,40.85720833,24-07-2021 15:26,1.034015301,34.53499652000005
9583,-73.92856,40.857275,24-07-2021 15:26,1.031851586,34.53499652000005
9584,-73.92864667,40.85731,24-07-2021 15:26,1.031851586,34.26839096000003
9585,-73.92872833,40.857345,24-07-2021 15:26,1.031851586,33.68390954000006
9586,-73.92881167,40.85737167,24-07-2021 15:26,1.031851586,33.68390954000006
9587,-73.92888833,40.85739167,24-07-2021 15:26,1.025360441,33.68390954000006
9588,-73.92895833,40.857415,24-07-2021 15:26,1.025360441,33.68390954000006
9589,-73.92902667,40.85743167,24-07-2021 15:26,1.021033011,33.68390954000006
9590,-73.92909667,40.85744333,24-07-2021 15:26,1.021033011,34.52132444000006
9591,-73.92917333,40.85743833,24-07-2021 15:26,1.018869297,34.52132444000006
9592,-73.929235,40.85745833,24-07-2021 15:26,1.018869297,34.52132444000006
9593,-73.92930167,40.85745833,24-07-2021 15:26,1.016705582,34.52132444000006
9594,-73.92936333,40.85745,24-07-2021 15:26,1.016705582,34.52132444000006
9595,-73.92942,40.85746833,24-07-2021 15:26,1.014541867,34.52132444000006
9596,-73.92947333,40.85747333,24-07-2021 15:26,1.014541867,33.85481054000002
9597,-73.92953333,40.85747833,24-07-2021 15:26,1.014541867,33.85481054000002
9598,-73.9296,40.85748333,24-07-2021 15:26,1.014541867,33.85481054000002
9599,-73.92972333,40.85747833,24-07-2021 15:26,1.012378152,33.85481054000002
9600,-73.92978333,40.85748333,24-07-2021 15:26,1.021033011,33.85481054000002
9601,-73.92983833,40.85748667,24-07-2021 15:26,1.021033011,33.17804258000001
9602,-73.92989667,40.85749167,24-07-2021 15:26,1.018869297,33.17804258000001
9603,-73.92996167,40.857495,24-07-2021 15:26,1.018869297,33.17804258000001
9604,-73.93003,40.85749667,24-07-2021 15:26,1.018869297,33.17804258000001
9605,-73.93011833,40.85749,24-07-2021 15:26,1.018869297,33.17804258000001
9606,-73.93021833,40.857465,24-07-2021 15:26,1.025360441,32.08427618000002
9607,-73.93041167,40.857445,24-07-2021 15:26,1.025480648,32.08427618000002
9608,-73.93050667,40.85743,24-07-2021 15:27,1.025480648,32.08427618000002
9609,-73.93068833,40.85738333,24-07-2021 15:27,1.025480648,31.786908440000047
9610,-73.93078167,40.85735,24-07-2021 15:27,1.023316933,31.786908440000047
9611,-73.930875,40.85730667,24-07-2021 15:27,1.023316933,32.2073249
9612,-73.93097,40.85726333,24-07-2021 15:27,1.025480648,32.64141344000001
9613,-73.93112,40.85717833,24-07-2021 15:27,1.023316933,32.64141344000001
9614,-73.93118333,40.85714167,24-07-2021 15:27,1.023316933,32.64141344000001
9615,-73.93126333,40.85712333,24-07-2021 15:27,1.023316933,33.20880476000002
9616,-73.93128667,40.857125,24-07-2021 15:27,1.023316933,33.20880476000002
9617,-73.93129667,40.85725833,24-07-2021 15:27,1.034135507,33.20880476000002
9618,-73.93125667,40.85730333,24-07-2021 15:27,1.034135507,33.20880476000002
9619,-73.93122667,40.85735333,24-07-2021 15:27,1.031971792,32.2073249
9620,-73.93119167,40.857405,24-07-2021 15:27,1.031971792,32.2073249
9621,-73.93111667,40.85748833,24-07-2021 15:27,1.031971792,32.2073249
9622,-73.93108333,40.857495,24-07-2021 15:27,1.031971792,32.2073249
9623,-73.931035,40.85756833,24-07-2021 15:28,1.029808077,32.2073249
9624,-73.930985,40.85766833,24-07-2021 15:28,1.029808077,31.50663080000004
9625,-73.930955,40.85771,24-07-2021 15:28,1.029808077,31.50663080000004
9626,-73.93093167,40.85775333,24-07-2021 15:28,1.029808077,31.50663080000004
9627,-73.93089333,40.85778667,24-07-2021 15:28,1.029808077,31.50663080000004
9628,-73.93089167,40.85786833,24-07-2021 15:28,1.027644362,31.53739298000005
9629,-73.930925,40.85789833,24-07-2021 15:28,1.027644362,31.53739298000005
9630,-73.93097833,40.85792833,24-07-2021 15:28,1.027644362,31.53739298000005
9631,-73.93104,40.85795,24-07-2021 15:28,1.021153218,31.53739298000005
9632,-73.93111833,40.85797,24-07-2021 15:28,1.021153218,31.53739298000005
9633,-73.93120833,40.857995,24-07-2021 15:28,1.021153218,31.53739298000005
9634,-73.93129667,40.85801833,24-07-2021 15:28,1.021153218,32.95245326000003
9635,-73.93137667,40.85804167,24-07-2021 15:28,1.025480648,32.95245326000003
9636,-73.93144167,40.85805833,24-07-2021 15:28,1.025600854,32.95245326000003
9637,-73.93149,40.85807167,24-07-2021 15:28,1.019109709,32.95245326000003
9638,-73.93158,40.858165,24-07-2021 15:28,1.019109709,33.297673280000026
9639,-73.93160833,40.85819667,24-07-2021 15:28,1.019109709,33.79670420000002
9640,-73.93164333,40.85821167,24-07-2021 15:28,1.019109709,33.79670420000002
9641,-73.93167833,40.85822333,24-07-2021 15:28,1.019109709,33.79670420000002
9642,-73.931695,40.85824167,24-07-2021 15:28,1.019109709,33.79670420000002
9643,-73.93169333,40.85827333,24-07-2021 15:28,1.019109709,33.79670420000002
9644,-73.93168,40.85831833,24-07-2021 15:28,1.019109709,33.79670420000002
9645,-73.93165833,40.85837667,24-07-2021 15:28,1.01045485,33.79670420000002
9646,-73.93163,40.85844333,24-07-2021 15:28,1.01045485,34.083817880000026
9647,-73.931595,40.85851167,24-07-2021 15:28,1.012618565,34.083817880000026
9648,-73.93156,40.85858,24-07-2021 15:28,1.012618565,34.083817880000026
9649,-73.931525,40.85864667,24-07-2021 15:28,1.008291135,34.083817880000026
9650,-73.93149,40.85871167,24-07-2021 15:29,1.008291135,34.661463260000005
9651,-73.931435,40.85882667,24-07-2021 15:29,1.01045485,34.661463260000005
9652,-73.93141333,40.85886667,24-07-2021 15:29,1.012618565,34.661463260000005
9653,-73.93140167,40.85889333,24-07-2021 15:29,1.012618565,34.661463260000005
9654,-73.931355,40.85897667,24-07-2021 15:29,1.021273424,34.907560699999976
9655,-73.93133833,40.85902333,24-07-2021 15:29,1.021273424,34.907560699999976
9656,-73.931325,40.85907,24-07-2021 15:29,1.021273424,34.907560699999976
9657,-73.93131167,40.85910833,24-07-2021 15:29,1.019229916,34.907560699999976
9658,-73.93130333,40.85913833,24-07-2021 15:29,1.019229916,34.907560699999976
9659,-73.931345,40.85925333,24-07-2021 15:29,1.02572106,35.11264190000003
9660,-73.93139167,40.85928333,24-07-2021 15:29,1.02572106,35.11264190000003
9661,-73.93149667,40.859335,24-07-2021 15:29,1.02572106,35.11264190000003
9662,-73.93152833,40.85935167,24-07-2021 15:29,1.02572106,34.63411910000002
9663,-73.93155167,40.85936167,24-07-2021 15:29,1.027884775,34.63411910000002
9664,-73.93171,40.8594,24-07-2021 15:29,1.023557345,34.63411910000002
9665,-73.93177333,40.85942167,24-07-2021 15:30,1.02572106,34.63411910000002
9666,-73.93184667,40.85944,24-07-2021 15:30,1.02572106,34.63411910000002
9667,-73.93192,40.85946167,24-07-2021 15:30,1.02572106,33.47882834000001
9668,-73.93205667,40.85949667,24-07-2021 15:30,1.021393631,33.47882834000001
9669,-73.93213167,40.859495,24-07-2021 15:30,1.021393631,33.47882834000001
9670,-73.93220167,40.85948167,24-07-2021 15:30,1.02572106,33.47882834000001
9671,-73.932255,40.85944833,24-07-2021 15:30,1.02572106,32.990051480000034
9672,-73.93233167,40.85935833,24-07-2021 15:30,1.019229916,32.990051480000034
9673,-73.93236,40.85930167,24-07-2021 15:30,1.014902486,32.990051480000034
9674,-73.932425,40.85918333,24-07-2021 15:30,1.023557345,33.249821
9675,-73.93245833,40.85912333,24-07-2021 15:30,1.023557345,33.249821
9676,-73.932495,40.85906667,24-07-2021 15:30,1.014902486,33.249821
9677,-73.932525,40.859015,24-07-2021 15:30,1.014902486,33.249821
9678,-73.93254667,40.85897667,24-07-2021 15:30,1.012738771,33.249821
9679,-73.932565,40.85895,24-07-2021 15:30,1.012738771,33.249821
9680,-73.93259,40.85891,24-07-2021 15:30,1.017066201,33.284001200000034
9681,-73.93260333,40.858885,24-07-2021 15:30,1.012738771,33.284001200000034
9682,-73.93262,40.85885167,24-07-2021 15:30,1.012738771,33.284001200000034
9683,-73.932645,40.85880833,24-07-2021 15:30,1.012738771,33.284001200000034
9684,-73.93267167,40.858755,24-07-2021 15:30,1.012738771,33.284001200000034
9685,-73.93269333,40.85871,24-07-2021 15:30,1.017066201,33.284001200000034
9686,-73.93270667,40.85866333,24-07-2021 15:30,1.017066201,33.284001200000034
9687,-73.93273,40.85861333,24-07-2021 15:30,1.014902486,33.53693468000006
9688,-73.93275833,40.85856167,24-07-2021 15:30,1.014902486,33.53693468000006
9689,-73.932785,40.85851667,24-07-2021 15:30,1.010575056,33.53693468000006
9690,-73.93280333,40.85848,24-07-2021 15:30,1.010575056,33.53693468000006
9691,-73.93282333,40.85844833,24-07-2021 15:30,1.014902486,33.53693468000006
9692,-73.932865,40.85836333,24-07-2021 15:30,1.014902486,33.85822856000004
9693,-73.93288667,40.85831667,24-07-2021 15:30,1.014902486,33.85822856000004
9694,-73.93290833,40.85827333,24-07-2021 15:30,1.014902486,33.85822856000004
9695,-73.93293167,40.85823167,24-07-2021 15:31,1.006247626,33.85822856000004
9696,-73.93295167,40.8582,24-07-2021 15:31,1.006247626,33.42755804000001
9697,-73.93296833,40.85817167,24-07-2021 15:31,1.010575056,33.42755804000001
9698,-73.93297833,40.85814833,24-07-2021 15:31,1.010575056,33.42755804000001
9699,-73.932965,40.858095,24-07-2021 15:31,1.008411341,33.96760519999998
9700,-73.93294167,40.85807667,24-07-2021 15:31,1.008411341,33.96760519999998
9701,-73.93286667,40.85805667,24-07-2021 15:31,1.010575056,34.37093156000003
9702,-73.93280833,40.85805167,24-07-2021 15:31,1.010575056,34.37093156000003
9703,-73.93273833,40.85804,24-07-2021 15:31,1.010575056,34.37093156000003
9704,-73.93267,40.85803167,24-07-2021 15:31,1.006247626,34.37093156000003
9705,-73.93256333,40.858025,24-07-2021 15:31,1.010575056,34.26839096000003
9706,-73.93252667,40.85802,24-07-2021 15:31,1.010695263,34.26839096000003
9707,-73.93236,40.85800833,24-07-2021 15:31,1.023677552,34.26839096000003
9708,-73.93232833,40.85798833,24-07-2021 15:31,1.023677552,34.26839096000003
9709,-73.93229,40.85796667,24-07-2021 15:31,1.021513837,34.26839096000003
9710,-73.93226333,40.857935,24-07-2021 15:31,1.021513837,34.26839096000003
9711,-73.93225,40.85789667,24-07-2021 15:31,1.023677552,34.165850360000036
9712,-73.93225,40.85785833,24-07-2021 15:31,1.023677552,34.165850360000036
9713,-73.93226167,40.85781167,24-07-2021 15:31,1.025841267,34.15559630000001
9714,-73.93228,40.85775167,24-07-2021 15:31,1.025841267,34.15559630000001
9715,-73.93230333,40.85768333,24-07-2021 15:31,1.023677552,34.15559630000001
9716,-73.932335,40.85761,24-07-2021 15:31,1.023677552,34.234210759999996
9717,-73.93237167,40.85753333,24-07-2021 15:31,1.025841267,34.86312644000003
9718,-73.93240333,40.857455,24-07-2021 15:31,1.025841267,34.86312644000003
9719,-73.93244167,40.85737667,24-07-2021 15:31,1.021513837,34.86312644000003
9720,-73.93247667,40.85729833,24-07-2021 15:31,1.021513837,34.92806882000002
9721,-73.93250667,40.85722,24-07-2021 15:31,1.023677552,34.92806882000002
9722,-73.93256,40.85707333,24-07-2021 15:31,1.023677552,34.92806882000002
9723,-73.93258833,40.85700833,24-07-2021 15:31,1.025841267,34.52132444000006
9724,-73.932615,40.85695167,24-07-2021 15:31,1.025841267,34.52132444000006
9725,-73.932655,40.85687333,24-07-2021 15:31,1.021513837,34.52132444000006
9726,-73.93266,40.85685333,24-07-2021 15:31,1.021513837,34.52132444000006
9727,-73.93278,40.856825,24-07-2021 15:31,1.036780047,34.94857694000001
9728,-73.9328,40.85677667,24-07-2021 15:31,1.038943762,34.94857694000001
9729,-73.932805,40.85670667,24-07-2021 15:31,1.038943762,34.709315540000034
9730,-73.93280667,40.85662,24-07-2021 15:31,1.036780047,34.709315540000034
9731,-73.93283167,40.85653333,24-07-2021 15:31,1.036780047,34.709315540000034
9732,-73.93286667,40.85644667,24-07-2021 15:31,1.034616333,34.302571160000014
9733,-73.93293833,40.85628,24-07-2021 15:32,1.034616333,34.302571160000014
9734,-73.93297,40.85620667,24-07-2021 15:32,1.032452618,33.348943580000025
9735,-73.93299833,40.85613833,24-07-2021 15:32,1.032452618,33.348943580000025
9736,-73.93301833,40.85607833,24-07-2021 15:32,1.030288903,33.348943580000025
9737,-73.93304833,40.85599667,24-07-2021 15:32,1.032452618,34.774257920000025
9738,-73.93305667,40.855975,24-07-2021 15:32,1.032452618,34.774257920000025
9739,-73.93305667,40.85596,24-07-2021 15:32,1.034616333,34.774257920000025
9740,-73.93308,40.855925,24-07-2021 15:32,1.034616333,34.203448579999986
9741,-73.93312833,40.85582833,24-07-2021 15:32,1.034616333,34.203448579999986
9742,-73.93315,40.85577833,24-07-2021 15:32,1.034616333,34.203448579999986
9743,-73.93317333,40.85572167,24-07-2021 15:32,1.034616333,34.203448579999986
9744,-73.93319833,40.85565833,24-07-2021 15:32,1.036780047,33.86506459999998
9745,-73.93322667,40.85559667,24-07-2021 15:32,1.036780047,33.86506459999998
9746,-73.93325333,40.85553667,24-07-2021 15:32,1.041107477,33.86506459999998
9747,-73.93327333,40.85548,24-07-2021 15:32,1.041107477,33.86506459999998
9748,-73.93329333,40.85542667,24-07-2021 15:32,1.043271192,33.86506459999998
9749,-73.93332167,40.85537167,24-07-2021 15:32,1.043271192,34.04621966000002
9750,-73.93334833,40.85530833,24-07-2021 15:32,1.043271192,34.04621966000002
9751,-73.93337333,40.85523833,24-07-2021 15:32,1.043271192,34.04621966000002
9752,-73.933585,40.85466,24-07-2021 15:32,1.045434907,36.40465346000002
9753,-73.93361333,40.85457833,24-07-2021 15:32,1.045434907,36.95837270000004
9754,-73.93373667,40.85432333,24-07-2021 15:32,1.045434907,37.607796500000006
9755,-73.93374833,40.85430167,24-07-2021 15:32,1.045434907,38.81093954000005
9756,-73.93472,40.85456167,24-07-2021 15:32,1.041227684,38.216204059999995
9757,-73.93480333,40.85458167,24-07-2021 15:32,1.041227684,38.216204059999995
9758,-73.93489333,40.85460167,24-07-2021 15:32,1.034736539,36.92077447999998
9759,-73.93498833,40.854625,24-07-2021 15:32,1.034736539,36.001327100000026
9760,-73.93507,40.85464833,24-07-2021 15:32,1.036900254,36.001327100000026
9761,-73.93514333,40.854675,24-07-2021 15:32,1.036900254,36.001327100000026
9762,-73.93519333,40.85469333,24-07-2021 15:32,1.034736539,36.22349840000004
9763,-73.93522667,40.854705,24-07-2021 15:32,1.034736539,35.66294312000002
9764,-73.935255,40.85471833,24-07-2021 15:33,1.030409109,35.66294312000002
9765,-73.93529333,40.85473167,24-07-2021 15:33,1.030409109,35.66294312000002
9766,-73.93534667,40.85474667,24-07-2021 15:33,1.032572824,35.66294312000002
9767,-73.93541333,40.85476333,24-07-2021 15:33,1.032572824,35.66294312000002
9768,-73.935485,40.854795,24-07-2021 15:33,1.028245394,35.66294312000002
9769,-73.93556333,40.85481667,24-07-2021 15:33,1.028245394,35.58432865999998
9770,-73.935635,40.85484333,24-07-2021 15:33,1.028245394,35.58432865999998
9771,-73.93574667,40.85489,24-07-2021 15:33,1.026081679,35.58432865999998
9772,-73.935785,40.85491167,24-07-2021 15:33,1.026081679,35.58432865999998
9773,-73.93581333,40.85492833,24-07-2021 15:33,1.026081679,35.58432865999998
9774,-73.93585,40.85494667,24-07-2021 15:33,1.026081679,35.58432865999998
9775,-73.93591333,40.85500167,24-07-2021 15:33,1.028245394,35.12973199999999
9776,-73.935925,40.85502833,24-07-2021 15:33,1.02175425,35.12973199999999
9777,-73.93592167,40.855055,24-07-2021 15:33,1.02175425,35.12973199999999
9778,-73.93591333,40.85508667,24-07-2021 15:33,1.01742682,35.12973199999999
9779,-73.93589833,40.85511833,24-07-2021 15:33,1.01742682,35.12973199999999
9780,-73.93588333,40.85515667,24-07-2021 15:33,1.026081679,34.85970842000006
9781,-73.93585333,40.855245,24-07-2021 15:33,1.023917965,34.31966126000003
9782,-73.93581333,40.85533833,24-07-2021 15:34,1.02175425,34.31966126000003
9783,-73.93579167,40.855375,24-07-2021 15:34,1.02175425,34.31966126000003
9784,-73.935775,40.85540833,24-07-2021 15:34,1.02175425,34.31966126000003
9785,-73.935755,40.85544,24-07-2021 15:43,1.021874456,34.31966126000003
9786,-73.93573167,40.85547333,24-07-2021 15:43,1.019710741,34.31966126000003
9787,-73.93570167,40.85552167,24-07-2021 15:43,1.019710741,33.84797450000002
9788,-73.93563333,40.85564667,24-07-2021 15:43,1.015383311,33.84797450000002
9789,-73.93559833,40.85572167,24-07-2021 15:55,1.015383311,33.84797450000002
9790,-73.93555833,40.85579333,24-07-2021 15:55,1.015383311,33.430976060000035
9791,-73.93551,40.85586333,24-07-2021 15:55,1.017547026,33.59162300000003
9792,-73.93546167,40.85593167,24-07-2021 15:55,1.017547026,33.59162300000003
9793,-73.93541833,40.85599833,24-07-2021 15:55,1.015383311,33.59162300000003
9794,-73.93538667,40.85607,24-07-2021 15:55,1.015383311,33.24298496000006
9795,-73.93535167,40.85613667,24-07-2021 15:55,1.008892167,33.24298496000006
9796,-73.93531667,40.856205,24-07-2021 15:55,1.008892167,33.24298496000006
9797,-73.93527667,40.85626833,24-07-2021 15:55,1.011055882,33.24298496000006
9798,-73.93525,40.85633,24-07-2021 15:55,1.011055882,33.201968720000025
9799,-73.935215,40.85638,24-07-2021 15:55,1.004564737,33.201968720000025
9800,-73.935175,40.856425,24-07-2021 15:55,1.004564737,33.201968720000025
9801,-73.93514667,40.85645833,24-07-2021 15:55,1.004564737,33.201968720000025
9802,-73.935125,40.85648333,24-07-2021 15:55,1.004564737,33.201968720000025
9803,-73.93507667,40.85655167,24-07-2021 15:55,1.006728452,34.52132444000006
9804,-73.93504,40.856595,24-07-2021 15:55,1.004564737,34.66829930000006
9805,-73.93500167,40.85664167,24-07-2021 15:55,1.004564737,34.66829930000006
9806,-73.93496167,40.856685,24-07-2021 15:55,1.006728452,34.66829930000006
9807,-73.93491333,40.85677833,24-07-2021 15:55,1.006728452,34.66829930000006
9808,-73.9349,40.85682667,24-07-2021 15:55,1.002401022,34.66829930000006
9809,-73.93490333,40.85687333,24-07-2021 15:55,1.002401022,34.890470600000015
9810,-73.93493,40.856915,24-07-2021 15:55,1.008892167,34.890470600000015
9811,-73.935025,40.856975,24-07-2021 15:55,1.006728452,34.890470600000015
9812,-73.93508333,40.85699667,24-07-2021 15:55,1.006728452,34.890470600000015
9813,-73.93514167,40.85701667,24-07-2021 15:55,1.011055882,33.38654180000003
9814,-73.93519833,40.85704,24-07-2021 15:56,1.011055882,33.38654180000003
9815,-73.93525333,40.857065,24-07-2021 15:56,1.002401022,33.38654180000003
9816,-73.93536,40.85712167,24-07-2021 15:56,1.011055882,33.38654180000003
9817,-73.935385,40.857175,24-07-2021 15:56,1.030649522,33.936843020000026
9818,-73.93540333,40.85719833,24-07-2021 15:56,1.030649522,33.936843020000026
9819,-73.93549,40.857215,24-07-2021 15:56,1.032813237,33.12335426000004
9820,-73.93555,40.85720167,24-07-2021 15:56,1.032813237,33.12335426000004
9821,-73.93561333,40.85716167,24-07-2021 15:56,1.032813237,33.12335426000004
9822,-73.93566667,40.85710833,24-07-2021 15:56,1.028485807,32.86358474000002
9823,-73.93571167,40.85705167,24-07-2021 15:56,1.028485807,32.86358474000002
9824,-73.93574667,40.85699167,24-07-2021 15:56,1.024158377,32.86358474000002
9825,-73.93580333,40.85693833,24-07-2021 15:56,1.024158377,32.86358474000002
9826,-73.935855,40.85688333,24-07-2021 15:56,1.019830948,32.47393046000002
9827,-73.93590167,40.85683,24-07-2021 15:56,1.019830948,32.593561160000036
9828,-73.93595333,40.85677667,24-07-2021 15:56,1.019830948,32.593561160000036
9829,-73.93601667,40.85672167,24-07-2021 15:56,1.019830948,32.593561160000036
9830,-73.93608,40.85665833,24-07-2021 15:26,1.019830948,32.593561160000036
9831,-73.93613833,40.85658167,24-07-2021 15:26,1.019830948,32.726863940000044
9832,-73.93619667,40.8565,24-07-2021 15:26,1.021994662,34.93832287999999
9833,-73.93632333,40.85633,24-07-2021 15:26,1.021994662,34.93832287999999
9834,-73.93637833,40.856245,24-07-2021 15:26,1.021994662,35.071625659999995
9835,-73.93643333,40.85616333,24-07-2021 15:26,1.021994662,35.071625659999995
9836,-73.93648833,40.85608333,24-07-2021 15:26,1.021994662,35.071625659999995
9837,-73.93653833,40.85601,24-07-2021 15:26,1.024158377,35.32114111999999
9838,-73.93659,40.85594333,24-07-2021 15:26,1.024158377,35.32114111999999
9839,-73.93662667,40.85588667,24-07-2021 15:26,1.024158377,35.32114111999999
9840,-73.9367,40.85578667,24-07-2021 15:26,1.028485807,35.32114111999999
9841,-73.93675667,40.85570833,24-07-2021 15:27,1.028485807,35.211764480000056
9842,-73.93677167,40.85567667,24-07-2021 15:27,1.021994662,35.211764480000056
9843,-73.93678167,40.85565333,24-07-2021 15:27,1.021994662,35.211764480000056
9844,-73.93678,40.85563833,24-07-2021 15:27,1.021994662,35.211764480000056
9845,-73.93677333,40.85560167,24-07-2021 15:27,1.024158377,35.211764480000056
9846,-73.93677,40.855565,24-07-2021 15:27,1.024158377,35.211764480000056
9847,-73.93679,40.85547,24-07-2021 15:27,1.019830948,35.20834646000003
9848,-73.93681167,40.855415,24-07-2021 15:27,1.026322092,35.20834646000003
9849,-73.93683333,40.855365,24-07-2021 15:27,1.026322092,35.20834646000003
9850,-73.936855,40.855325,24-07-2021 15:27,1.021994662,35.20834646000003
9851,-73.93687333,40.85529667,24-07-2021 15:27,1.021994662,35.20834646000003
9852,-73.93689333,40.85527,24-07-2021 15:27,1.021994662,35.49546013999998
9853,-73.93691333,40.855235,24-07-2021 15:27,1.021994662,34.94174090000001
9854,-73.93699833,40.85505333,24-07-2021 15:27,1.024158377,34.94174090000001
9855,-73.93702667,40.85498167,24-07-2021 15:27,1.024158377,34.94174090000001
9856,-73.937045,40.85492,24-07-2021 15:27,1.021994662,35.382665480000014
9857,-73.93706167,40.85487167,24-07-2021 15:27,1.021994662,35.382665480000014
9858,-73.93707167,40.85483333,24-07-2021 15:27,1.015503518,35.382665480000014
9859,-73.93707833,40.85480833,24-07-2021 15:27,1.015503518,35.382665480000014
9860,-73.93712167,40.854615,24-07-2021 15:27,1.019951154,35.40317360000006
9861,-73.93713167,40.85459167,24-07-2021 15:27,1.019951154,35.40317360000006
9862,-73.93714333,40.85457167,24-07-2021 15:27,1.017787439,35.40317360000006
9863,-73.93731,40.85371833,24-07-2021 15:27,1.016465169,34.476890180000055
9864,-73.93732,40.85368667,24-07-2021 15:27,1.027283743,34.476890180000055
9865,-73.93733,40.853655,24-07-2021 15:27,1.027283743,34.476890180000055
9866,-73.93734167,40.85362833,24-07-2021 15:27,1.009974024,34.04280163999999
9867,-73.937515,40.85339667,24-07-2021 15:27,1.019710741,34.31966126000003
9868,-73.937565,40.85341833,24-07-2021 15:28,1.021874456,34.31966126000003
9869,-73.937625,40.85343833,24-07-2021 15:28,1.021874456,34.31966126000003
9870,-73.93769333,40.85345667,24-07-2021 15:28,1.021874456,34.31966126000003
9871,-73.93777,40.85347333,24-07-2021 15:28,1.021874456,33.99494936000002
9872,-73.937855,40.85348833,24-07-2021 15:28,1.017547026,33.99494936000002
9873,-73.93793667,40.85350167,24-07-2021 15:28,1.017547026,33.99494936000002
9874,-73.93801,40.85351667,24-07-2021 15:28,1.006728452,33.99494936000002
9875,-73.93807167,40.85352667,24-07-2021 15:28,1.006728452,34.14192422000002
9876,-73.93812167,40.853535,24-07-2021 15:28,1.015383311,34.14192422000002
9877,-73.93816,40.85353833,24-07-2021 15:28,1.015383311,34.14192422000002
9878,-73.93831667,40.85349833,24-07-2021 15:28,1.013219597,34.14192422000002
9879,-73.93833667,40.85346833,24-07-2021 15:28,1.008892167,34.14192422000002
9880,-73.93835167,40.85343333,24-07-2021 15:28,1.008892167,34.14192422000002
9881,-73.93836667,40.853395,24-07-2021 15:28,1.011055882,34.14192422000002
9882,-73.93838833,40.85335167,24-07-2021 15:28,1.011055882,34.56575870000006
9883,-73.938425,40.853155,24-07-2021 15:28,1.008892167,34.68197138000005
9884,-73.93844333,40.85308833,24-07-2021 15:28,1.004564737,34.68197138000005
9885,-73.93846167,40.85303167,24-07-2021 15:28,1.004564737,34.92806882000002
9886,-73.93847667,40.85299167,24-07-2021 15:28,1.008892167,34.92806882000002
9887,-73.93848833,40.852955,24-07-2021 15:28,1.008892167,34.92806882000002
9888,-73.93850167,40.85292167,24-07-2021 15:28,1.017547026,34.92806882000002
9889,-73.93851667,40.852885,24-07-2021 15:28,1.017547026,34.92806882000002
9890,-73.93853667,40.85283833,24-07-2021 15:28,1.004564737,34.92806882000002
9891,-73.93856333,40.85274333,24-07-2021 15:28,1.004684943,35.39291953999998
9892,-73.93857833,40.85269167,24-07-2021 15:28,1.004684943,35.39291953999998
9893,-73.93859167,40.85264833,24-07-2021 15:28,1.002521229,35.39291953999998
9894,-73.93861,40.85260667,24-07-2021 15:29,1.002521229,35.39291953999998
9895,-73.93862333,40.85257167,24-07-2021 15:29,1.009012373,35.39291953999998
9896,-73.93863667,40.85254,24-07-2021 15:29,1.009012373,35.88169640000001
9897,-73.93865167,40.85249,24-07-2021 15:29,1.006848658,35.88169640000001
9898,-73.938655,40.85247667,24-07-2021 15:29,1.006848658,35.88169640000001
9899,-73.93861,40.85232667,24-07-2021 15:29,1.004684943,35.88169640000001
9900,-73.93856333,40.852315,24-07-2021 15:29,1.004684943,35.88169640000001
9901,-73.93851667,40.85230333,24-07-2021 15:29,0.996030084,35.88169640000001
9902,-73.93842167,40.85228167,24-07-2021 15:29,1.013339803,35.88169640000001
9903,-73.93837833,40.85227167,24-07-2021 15:29,1.013339803,36.05943344000002
9904,-73.93834333,40.85226333,24-07-2021 15:29,1.002521229,36.05943344000002
9905,-73.94687833,40.82678667,24-07-2021 15:29,1.013219597,36.85925012000001
9906,-73.94695667,40.82681167,24-07-2021 15:29,1.015383311,37.26257648000001
9907,-73.94700667,40.82681667,24-07-2021 15:29,1.015383311,37.26257648000001
9908,-73.94705,40.82683667,24-07-2021 15:29,1.011055882,37.26257648000001
9909,-73.94711,40.82684,24-07-2021 15:29,1.011055882,37.26257648000001
9910,-73.947165,40.826875,24-07-2021 15:29,1.008892167,37.26257648000001
9911,-73.94721667,40.82691167,24-07-2021 15:29,1.008892167,37.26257648000001
9912,-73.94728667,40.82697667,24-07-2021 15:29,1.006728452,36.725947340000005
9913,-73.94732167,40.82700333,24-07-2021 15:29,1.006728452,36.934446560000026
9914,-73.947335,40.82701,24-07-2021 15:29,1.006728452,36.934446560000026
9915,-73.94750333,40.82703667,24-07-2021 15:30,1.006728452,36.934446560000026
9916,-73.947555,40.82704167,24-07-2021 15:30,1.008892167,36.934446560000026
9917,-73.94761333,40.82704667,24-07-2021 15:30,1.008892167,36.934446560000026
9918,-73.94767667,40.82705,24-07-2021 15:30,1.002401022,36.493521980000025
9919,-73.9478,40.827075,24-07-2021 15:30,1.006728452,36.493521980000025
9920,-73.947855,40.82709333,24-07-2021 15:30,1.006728452,36.493521980000025
9921,-73.94790833,40.82711333,24-07-2021 15:30,1.004564737,36.493521980000025
9922,-73.94795667,40.82713333,24-07-2021 15:30,1.004564737,36.493521980000025
9923,-73.94800667,40.82714333,24-07-2021 15:30,1.006728452,36.493521980000025
9924,-73.94805,40.82715667,24-07-2021 15:30,1.006728452,34.43929195999999
9925,-73.94809667,40.82716833,24-07-2021 15:30,1.006728452,34.43929195999999
9926,-73.948145,40.82718333,24-07-2021 15:30,1.006728452,34.43929195999999
9927,-73.94819667,40.827205,24-07-2021 15:30,1.008892167,34.43929195999999
9928,-73.948255,40.827225,24-07-2021 15:30,1.008892167,33.65656538000002
9929,-73.948315,40.82724833,24-07-2021 15:30,1.011055882,33.65656538000002
9930,-73.94838,40.82727333,24-07-2021 15:30,1.011055882,32.463676400000054
9931,-73.94844667,40.82729667,24-07-2021 15:30,1.006728452,32.463676400000054
9932,-73.94850667,40.827315,24-07-2021 15:30,1.006728452,32.463676400000054
9933,-73.948565,40.82731833,24-07-2021 15:30,1.011055882,32.463676400000054
9934,-73.94860833,40.82733667,24-07-2021 15:30,1.011176088,32.463676400000054
9935,-73.948645,40.82735333,24-07-2021 15:30,1.013339803,32.463676400000054
9936,-73.94870333,40.82737667,24-07-2021 15:31,1.013339803,32.463676400000054
9937,-73.94872333,40.82739167,24-07-2021 15:31,1.013339803,32.463676400000054
9938,-73.94874167,40.8274,24-07-2021 15:31,1.013339803,32.35429976
9939,-73.94891167,40.82748167,24-07-2021 15:31,1.013339803,32.35429976
9940,-73.94896667,40.82755,24-07-2021 15:31,1.013339803,32.56963502000002
9941,-73.948995,40.82756667,24-07-2021 15:31,1.013339803,32.56963502000002
9942,-73.94903333,40.82758,24-07-2021 15:31,1.015503518,32.56963502000002
9943,-73.94908,40.82759333,24-07-2021 15:31,1.015503518,32.56963502000002
9944,-73.94912333,40.82760667,24-07-2021 15:31,1.015503518,33.430976060000035
9945,-73.94920667,40.82765833,24-07-2021 15:31,1.015503518,33.430976060000035
9946,-73.94925,40.82767,24-07-2021 15:31,1.015503518,33.430976060000035
9947,-73.94930167,40.82769167,24-07-2021 15:31,1.017667233,33.430976060000035
9948,-73.94934333,40.82774333,24-07-2021 15:31,1.017667233,33.430976060000035
9949,-73.94939,40.82778,24-07-2021 15:31,1.013339803,33.68049152000003
9950,-73.94949,40.827825,24-07-2021 15:31,1.013339803,33.93000698000003
9951,-73.949545,40.82784,24-07-2021 15:31,1.015503518,33.93000698000003
9952,-73.94960833,40.82785333,24-07-2021 15:31,1.015503518,33.93000698000003
9953,-73.949675,40.82787333,24-07-2021 15:31,1.015503518,33.93000698000003
9954,-73.94974333,40.82789333,24-07-2021 15:31,1.015503518,33.93000698000003
9955,-73.94981667,40.82791333,24-07-2021 15:31,1.009012373,33.50959052000002
9956,-73.95022333,40.82802,24-07-2021 15:31,1.013339803,33.37286972000004
9957,-73.95029667,40.82803833,24-07-2021 15:31,1.006848658,32.99688752000003
9958,-73.95035667,40.82807667,24-07-2021 15:31,1.006848658,32.99688752000003
9959,-73.95048,40.82813333,24-07-2021 15:31,1.006848658,32.99688752000003
9960,-73.95053667,40.828145,24-07-2021 15:31,1.004684943,32.367971839999996
9961,-73.95057833,40.82815833,24-07-2021 15:31,1.004684943,32.367971839999996
9962,-73.95061167,40.82817833,24-07-2021 15:31,1.006848658,32.367971839999996
9963,-73.95069167,40.828305,24-07-2021 15:31,1.011296294,32.19365282000001
9964,-73.95073167,40.82832833,24-07-2021 15:31,1.006968865,32.19365282000001
9965,-73.95077333,40.82834167,24-07-2021 15:31,1.006968865,32.19365282000001
9966,-73.95092667,40.82824667,24-07-2021 15:31,1.00913258,31.45877852000001
9967,-73.95097833,40.828195,24-07-2021 15:31,1.00913258,31.45877852000001
9968,-73.95102833,40.82813667,24-07-2021 15:31,1.00480515,31.45877852000001
9969,-73.951135,40.82803167,24-07-2021 15:31,1.00480515,32.58330710000001
9970,-73.95118667,40.82797667,24-07-2021 15:31,1.00480515,32.58330710000001
9971,-73.951235,40.82792333,24-07-2021 15:31,1.00480515,32.58330710000001
9972,-73.95128167,40.82787,24-07-2021 15:31,1.00480515,32.31328352000003
9973,-73.95141667,40.82769333,24-07-2021 15:31,1.002641435,32.648249480000004
9974,-73.95146833,40.82763,24-07-2021 15:31,1.002641435,32.648249480000004
9975,-73.951525,40.827565,24-07-2021 15:31,1.00480515,32.648249480000004
9976,-73.95165,40.827455,24-07-2021 15:31,1.00913258,32.66875760000005
9977,-73.95170667,40.82741667,24-07-2021 15:31,1.00913258,32.66875760000005
9978,-73.95175333,40.82738333,24-07-2021 15:32,1.013460009,32.66875760000005
9979,-73.95182667,40.82733833,24-07-2021 15:32,1.013460009,32.66875760000005
9980,-73.95185333,40.82732,24-07-2021 15:32,1.013460009,32.66875760000005
9981,-73.95186833,40.82731,24-07-2021 15:32,1.013460009,32.66875760000005
9982,-73.95186,40.82721167,24-07-2021 15:32,1.046035939,32.91827306000005
9983,-73.95180167,40.82719167,24-07-2021 15:32,1.046035939,32.91827306000005
9984,-73.95172333,40.82716833,24-07-2021 15:32,1.046035939,32.91827306000005
9985,-73.95164167,40.82714167,24-07-2021 15:32,1.046035939,32.91827306000005
9986,-73.951565,40.82711333,24-07-2021 15:32,1.037381079,33.24298496000006
9987,-73.95148333,40.82708333,24-07-2021 15:32,1.037381079,33.24298496000006
9988,-73.95139667,40.82705333,24-07-2021 15:32,1.03305365,33.24298496000006
9989,-73.95130667,40.82702333,24-07-2021 15:32,1.03305365,33.24298496000006
9990,-73.95121167,40.82699333,24-07-2021 15:32,1.02872622,33.58820498
9991,-73.95113167,40.82695333,24-07-2021 15:32,1.02872622,33.97444124000003
9992,-73.95106,40.82691667,24-07-2021 15:32,1.02439879,33.97444124000003
9993,-73.95099333,40.82688667,24-07-2021 15:32,1.02439879,33.97444124000003
9994,-73.95093833,40.826855,24-07-2021 15:32,1.02439879,33.97444124000003
9995,-73.95088333,40.82683,24-07-2021 15:32,1.02439879,34.43587394000002
9996,-73.95083167,40.82679833,24-07-2021 15:32,1.017907645,34.43587394000002
9997,-73.95078833,40.82676333,24-07-2021 15:32,1.017907645,34.43587394000002
9998,-73.95075667,40.82672833,24-07-2021 15:32,1.017907645,34.43587394000002
9999,-73.95072833,40.8267,24-07-2021 15:32,1.017907645,34.43587394000002
10000,-73.95070833,40.82667833,24-07-2021 15:32,1.02007136,35.05111754000001
10001,-73.95069167,40.82666,24-07-2021 15:32,1.02007136,35.05111754000001
10002,-73.950665,40.82647333,24-07-2021 15:32,1.011416501,35.05111754000001
10003,-73.95056333,40.82642833,24-07-2021 15:32,1.013580216,35.05111754000001
10004,-73.950515,40.82641,24-07-2021 15:32,1.013580216,36.22349840000004
10005,-73.95046333,40.82639167,24-07-2021 15:32,1.011416501,36.22349840000004
10006,-73.95040833,40.82637,24-07-2021 15:32,1.011416501,36.22349840000004
10007,-73.95033667,40.82635333,24-07-2021 15:32,1.009252786,36.22349840000004
10008,-73.95018333,40.82631,24-07-2021 15:32,1.013580216,36.22349840000004
10009,-73.95011333,40.82628,24-07-2021 15:32,1.013580216,36.14146592000003
10010,-73.95003333,40.82626,24-07-2021 15:32,1.015743931,36.14146592000003
10011,-73.94996667,40.82623167,24-07-2021 15:32,1.015743931,36.14146592000003
10012,-73.9499,40.826205,24-07-2021 15:32,1.017907645,36.14146592000003
10013,-73.94983833,40.82618,24-07-2021 15:32,1.017907645,36.14146592000003
10014,-73.94977667,40.82615667,24-07-2021 15:32,1.017907645,36.319202959999984
10015,-73.949715,40.82613333,24-07-2021 15:32,1.017907645,36.77721764
10016,-73.949655,40.82611167,24-07-2021 15:32,1.02007136,36.77721764
10017,-73.94959333,40.82608667,24-07-2021 15:32,1.02007136,36.77721764
10018,-73.94952667,40.82605667,24-07-2021 15:32,1.017907645,36.77721764
10019,-73.94945333,40.82602333,24-07-2021 15:32,1.017907645,37.05749528000001
10020,-73.94937167,40.82598833,24-07-2021 15:32,1.017907645,37.05749528000001
10021,-73.94918333,40.825915,24-07-2021 15:32,1.017907645,37.05749528000001
10022,-73.94907833,40.82588333,24-07-2021 15:32,1.015743931,37.00280696000004
10023,-73.94887667,40.825805,24-07-2021 15:32,1.013700422,37.447149560000014
10024,-73.94877,40.82577167,24-07-2021 15:32,1.013700422,37.447149560000014
10025,-73.94866,40.82573833,24-07-2021 15:32,1.011536707,37.76502542000003
10026,-73.94855833,40.82569833,24-07-2021 15:33,1.011536707,37.76502542000003
10027,-73.94845333,40.825665,24-07-2021 15:33,1.005045563,38.069229199999995
10028,-73.94835833,40.82562333,24-07-2021 15:33,1.005045563,38.069229199999995
10029,-73.94828167,40.82558,24-07-2021 15:33,1.007209277,37.79578760000004
10030,-73.94812833,40.82551,24-07-2021 15:33,1.013700422,37.79578760000004
10031,-73.948045,40.825465,24-07-2021 15:33,1.013700422,37.83338581999999
10032,-73.94801833,40.82544333,24-07-2021 15:33,1.011536707,37.83338581999999
10033,-73.94798667,40.82542167,24-07-2021 15:33,1.011536707,37.83338581999999
10034,-73.94791,40.82537833,24-07-2021 15:33,1.009372992,37.83338581999999
10035,-73.94786333,40.82535667,24-07-2021 15:33,1.013700422,37.83338581999999
10036,-73.947815,40.82533333,24-07-2021 15:33,1.013700422,37.279666580000026
10037,-73.94776667,40.82531333,24-07-2021 15:33,1.013700422,37.279666580000026
10038,-73.94772167,40.8253,24-07-2021 15:33,1.013700422,37.22839628000003
10039,-73.94768833,40.825285,24-07-2021 15:33,1.013700422,37.22839628000003
10040,-73.94767167,40.825195,24-07-2021 15:34,1.009372992,37.22839628000003
10041,-73.94768167,40.825165,24-07-2021 15:34,1.009372992,37.22839628000003
10042,-73.947695,40.82513333,24-07-2021 15:34,1.009372992,37.22839628000003
10043,-73.94771833,40.82510667,24-07-2021 15:34,1.013700422,37.22839628000003
10044,-73.94775667,40.82507333,24-07-2021 15:34,1.013700422,37.279666580000026
10045,-73.94780167,40.82499167,24-07-2021 15:34,1.009372992,37.20447014000001
10046,-73.94783667,40.82493333,24-07-2021 15:34,1.007209277,37.20447014000001
10047,-73.94788833,40.82486667,24-07-2021 15:34,1.007209277,37.20447014000001
10048,-73.94793833,40.82479333,24-07-2021 15:34,1.007209277,36.954954680000014
10049,-73.94798333,40.82471833,24-07-2021 15:34,1.007209277,36.954954680000014
10050,-73.94803667,40.82464667,24-07-2021 15:34,1.011536707,36.954954680000014
10051,-73.94808833,40.82457667,24-07-2021 15:34,1.011536707,36.954954680000014
10052,-73.94812,40.82452167,24-07-2021 15:34,1.013700422,36.26793266000004
10053,-73.948155,40.82446167,24-07-2021 15:34,1.013700422,36.26793266000004
10054,-73.94820667,40.824395,24-07-2021 15:34,1.009372992,36.26793266000004
10055,-73.94825833,40.82432833,24-07-2021 15:34,1.009372992,36.26793266000004
10056,-73.94831667,40.82426,24-07-2021 15:34,1.013700422,36.06626948000002
10057,-73.948375,40.82419333,24-07-2021 15:34,1.013700422,36.06626948000002
10058,-73.94842833,40.82412333,24-07-2021 15:34,1.013700422,36.06626948000002
10059,-73.94848167,40.82405167,24-07-2021 15:34,1.013700422,35.85777026000005
10060,-73.94853333,40.82397833,24-07-2021 15:34,1.007209277,35.91587660000005
10061,-73.948585,40.823905,24-07-2021 15:34,1.007209277,35.91587660000005
10062,-73.94863333,40.82383,24-07-2021 15:34,1.005045563,35.91587660000005
10063,-73.94868333,40.82375167,24-07-2021 15:34,1.005045563,35.91587660000005
10064,-73.94872333,40.82367333,24-07-2021 15:34,1.000718133,35.86118828000002
10065,-73.94876833,40.82359667,24-07-2021 15:34,1.000718133,35.86118828000002
10066,-73.94882167,40.823525,24-07-2021 15:34,1.002881848,35.86118828000002
10067,-73.94888833,40.82345333,24-07-2021 15:34,1.002881848,35.28354290000004
10068,-73.94895833,40.82337833,24-07-2021 15:34,1.002881848,35.31088706000003
10069,-73.94903833,40.82329833,24-07-2021 15:34,1.002881848,35.31088706000003
10070,-73.94909667,40.82322167,24-07-2021 15:34,1.002881848,35.31088706000003
10071,-73.94921667,40.82307,24-07-2021 15:34,1.002881848,34.75374980000004
10072,-73.94928167,40.822995,24-07-2021 15:34,1.007209277,34.75374980000004
10073,-73.94933833,40.82292167,24-07-2021 15:34,1.007209277,34.75374980000004
10074,-73.949395,40.82285167,24-07-2021 15:34,1.005045563,34.70589752000001
10075,-73.949455,40.82277667,24-07-2021 15:34,1.005045563,34.70589752000001
10076,-73.94951667,40.822705,24-07-2021 15:35,1.009372992,34.70589752000001
10077,-73.949575,40.82262667,24-07-2021 15:35,1.009372992,34.47005414
10078,-73.94963667,40.82254833,24-07-2021 15:35,1.009372992,34.47005414
10079,-73.949745,40.82240167,24-07-2021 15:35,1.002881848,34.47005414
10080,-73.94979667,40.82233333,24-07-2021 15:35,1.002881848,35.32114111999999
10081,-73.94983833,40.82226667,24-07-2021 15:35,1.002881848,35.32114111999999
10082,-73.94987667,40.82219667,24-07-2021 15:35,1.003002054,35.32114111999999
10083,-73.94998833,40.82206,24-07-2021 15:35,1.007329484,36.165392060000045
10084,-73.95003667,40.82199167,24-07-2021 15:35,1.009493199,36.165392060000045
10085,-73.950095,40.82192,24-07-2021 15:35,1.009493199,36.165392060000045
10086,-73.950155,40.82184833,24-07-2021 15:35,1.009493199,36.165392060000045
10087,-73.950205,40.821785,24-07-2021 15:35,1.009493199,36.83532398
10088,-73.95024833,40.82172667,24-07-2021 15:35,1.007329484,36.83532398
10089,-73.950285,40.82167167,24-07-2021 15:35,1.007329484,36.68151308000006
10090,-73.95031833,40.82162333,24-07-2021 15:35,1.007329484,36.68151308000006
10091,-73.95034667,40.82157833,24-07-2021 15:35,1.007329484,36.68151308000006
10092,-73.95037167,40.82154667,24-07-2021 15:35,1.011656914,37.17370796
10093,-73.95041167,40.82153667,24-07-2021 15:35,1.011656914,37.17370796
10094,-73.95049833,40.82152833,24-07-2021 15:35,1.009493199,37.17370796
10095,-73.95055167,40.82153,24-07-2021 15:35,1.011656914,37.17370796
10096,-73.95061667,40.82153167,24-07-2021 15:35,1.011656914,37.17370796
10097,-73.95069167,40.821535,24-07-2021 15:35,1.013820628,37.348026979999986
10098,-73.95077667,40.821535,24-07-2021 15:35,1.013820628,37.348026979999986
10099,-73.95185833,40.82217833,24-07-2021 15:35,1.013820628,35.24252666000001
10100,-73.951825,40.822355,24-07-2021 15:35,1.020311773,35.24252666000001
10101,-73.95188,40.82236833,24-07-2021 15:35,1.020311773,35.24252666000001
10102,-73.95195333,40.82236667,24-07-2021 15:35,1.015984343,35.24252666000001
10103,-73.95211833,40.82236667,24-07-2021 15:35,1.018148058,35.76890174000005
10104,-73.952195,40.82238,24-07-2021 15:35,1.018148058,35.64243499999998
10105,-73.95235833,40.822415,24-07-2021 15:35,1.013820628,35.64243499999998
10106,-73.95243833,40.82243333,24-07-2021 15:36,1.015984343,36.025253239999984
10107,-73.952515,40.82245,24-07-2021 15:36,1.015984343,36.025253239999984
10108,-73.95258667,40.82246333,24-07-2021 15:36,1.015984343,36.025253239999984
10109,-73.95265167,40.82248,24-07-2021 15:36,1.015984343,36.025253239999984
10110,-73.95276667,40.822505,24-07-2021 15:36,1.013940835,36.025253239999984
10111,-73.952825,40.82252,24-07-2021 15:36,1.013940835,36.01499918000002
10112,-73.95287667,40.822535,24-07-2021 15:36,1.013940835,36.01499918000002
10113,-73.95292167,40.822555,24-07-2021 15:36,1.009613405,36.01499918000002
10114,-73.952965,40.82257667,24-07-2021 15:36,1.009613405,36.01499918000002
10115,-73.95300833,40.82259833,24-07-2021 15:36,1.009613405,36.01499918000002
10116,-73.95305167,40.82262,24-07-2021 15:36,1.009613405,36.01499918000002
10117,-73.95309333,40.82264333,24-07-2021 15:36,1.009613405,36.01499918000002
10118,-73.95317833,40.82267333,24-07-2021 15:36,1.009613405,36.15171998000005
10119,-73.95325167,40.82267667,24-07-2021 15:36,1.00744969,36.15171998000005
10120,-73.95328833,40.82265833,24-07-2021 15:36,1.009613405,36.15171998000005
10121,-73.953315,40.82264,24-07-2021 15:36,1.009613405,36.38756336000006
10122,-73.95334,40.82261333,24-07-2021 15:36,1.00744969,36.38756336000006
10123,-73.953365,40.82258167,24-07-2021 15:36,1.00744969,36.38756336000006
10124,-73.95342667,40.82250333,24-07-2021 15:36,1.005285975,36.38756336000006
10125,-73.95346,40.82246333,24-07-2021 15:36,1.005285975,36.38756336000006
10126,-73.95348667,40.82243,24-07-2021 15:36,1.005285975,36.38756336000006
10127,-73.95351333,40.82240167,24-07-2021 15:36,1.005285975,36.22691642000001
10128,-73.95353833,40.82237333,24-07-2021 15:36,1.005285975,36.049179380000055
10129,-73.95355833,40.822355,24-07-2021 15:36,1.00312226,36.049179380000055
10130,-73.95357667,40.82233333,24-07-2021 15:36,1.00312226,36.049179380000055
10131,-73.953595,40.82231667,24-07-2021 15:36,1.005285975,36.049179380000055
10132,-73.95388167,40.82220833,24-07-2021 15:36,1.00312226,35.52622231999999
10133,-73.95392167,40.82221167,24-07-2021 15:36,1.00312226,35.52622231999999
10134,-73.95395833,40.82221667,24-07-2021 15:36,1.00312226,35.52622231999999
10135,-73.95399,40.82222167,24-07-2021 15:36,1.00312226,35.52622231999999
10136,-73.95414333,40.82227833,24-07-2021 15:36,1.00312226,35.34506726000001
10137,-73.95418167,40.822295,24-07-2021 15:36,1.003242467,35.34506726000001
10138,-73.95424,40.82230833,24-07-2021 15:36,1.003242467,35.34506726000001
10139,-73.954315,40.82231667,24-07-2021 15:36,1.003242467,35.34506726000001
10140,-73.95439333,40.82233667,24-07-2021 15:36,1.003242467,35.34506726000001
10141,-73.95455833,40.82239667,24-07-2021 15:36,1.001078752,35.478370040000016
10142,-73.95464167,40.822435,24-07-2021 15:36,1.001078752,35.478370040000016
10143,-73.954825,40.822505,24-07-2021 15:36,0.998915037,35.478370040000016
10144,-73.95492167,40.82253167,24-07-2021 15:36,0.998915037,35.43735379999998
10145,-73.95502167,40.82255667,24-07-2021 15:36,0.998915037,35.43735379999998
10146,-73.95513,40.82257333,24-07-2021 15:36,0.996751322,35.43735379999998
10147,-73.95523833,40.82259667,24-07-2021 15:36,0.996751322,34.58284880000002
10148,-73.95535333,40.82261333,24-07-2021 15:36,0.994587607,34.58284880000002
10149,-73.95546667,40.82262833,24-07-2021 15:36,0.994587607,34.58284880000002
10150,-73.955575,40.82265167,24-07-2021 15:36,0.996751322,33.76936004000004
10151,-73.955675,40.82268333,24-07-2021 15:37,0.996751322,33.76936004000004
10152,-73.95577167,40.82271,24-07-2021 15:37,0.994587607,33.76936004000004
10153,-73.955865,40.82274,24-07-2021 15:37,0.994587607,34.476890180000055
10154,-73.95595167,40.822775,24-07-2021 15:37,0.992423892,33.48908240000003
10155,-73.95603,40.82280333,24-07-2021 15:37,0.992423892,33.48908240000003
10156,-73.956095,40.82283167,24-07-2021 15:37,0.992423892,33.48908240000003
10157,-73.95615833,40.82285667,24-07-2021 15:37,0.992423892,33.48908240000003
10158,-73.95620667,40.82287667,24-07-2021 15:37,0.992423892,33.48908240000003
10159,-73.956285,40.822935,24-07-2021 15:37,0.990260178,33.01055960000002
10160,-73.95633,40.82295833,24-07-2021 15:37,0.992423892,33.01055960000002
10161,-73.956375,40.822975,24-07-2021 15:37,0.992423892,33.01055960000002
10162,-73.95646333,40.82300167,24-07-2021 15:37,0.992423892,33.01055960000002
10163,-73.956495,40.82299,24-07-2021 15:37,0.992423892,33.01055960000002
10164,-73.95653667,40.82295167,24-07-2021 15:37,0.992423892,33.01055960000002
10165,-73.9566,40.82289,24-07-2021 15:37,0.996751322,33.01055960000002
10166,-73.95667,40.82281667,24-07-2021 15:37,0.996751322,33.335271499999976
10167,-73.95682,40.822655,24-07-2021 15:37,0.998915037,32.579889080000044
10168,-73.9569,40.82256667,24-07-2021 15:37,0.998915037,32.579889080000044
10169,-73.95697333,40.822485,24-07-2021 15:37,0.998915037,32.579889080000044
10170,-73.95704833,40.822405,24-07-2021 15:37,1.005406182,32.316701540000054
10171,-73.95712333,40.82231833,24-07-2021 15:37,1.005406182,32.316701540000054
10172,-73.95726833,40.82216667,24-07-2021 15:37,1.001078752,32.005661720000035
10173,-73.95741,40.82202667,24-07-2021 15:37,1.003242467,32.104784300000006
10174,-73.95746667,40.82196167,24-07-2021 15:37,1.003242467,32.104784300000006
10175,-73.95752,40.82189833,24-07-2021 15:37,1.003242467,32.71319186000005
10176,-73.95757333,40.82182667,24-07-2021 15:37,1.003242467,32.71319186000005
10177,-73.957625,40.82175833,24-07-2021 15:37,1.003242467,32.71319186000005
10178,-73.95767,40.82170333,24-07-2021 15:37,1.003242467,32.71319186000005
10179,-73.9577,40.82167167,24-07-2021 15:37,1.003242467,32.71319186000005
10180,-73.95784667,40.82161333,24-07-2021 15:37,1.016224756,32.76788018000002
10181,-73.95788833,40.82158833,24-07-2021 15:37,1.016224756,32.76788018000002
10182,-73.957935,40.82156,24-07-2021 15:37,1.016224756,32.76788018000002
10183,-73.95803333,40.82151,24-07-2021 15:37,1.018388471,32.76788018000002
10184,-73.95808167,40.821475,24-07-2021 15:37,1.018388471,29.989029920000007
10185,-73.958175,40.82142333,24-07-2021 15:37,1.022715901,29.989029920000007
10186,-73.95821667,40.82138333,24-07-2021 15:37,1.018388471,30.55300322000005
10187,-73.958245,40.82134167,24-07-2021 15:37,1.018388471,30.55300322000005
10188,-73.958265,40.82131333,24-07-2021 15:37,1.020552186,30.55300322000005
10189,-73.958355,40.82125,24-07-2021 15:38,1.016224756,30.55300322000005
10190,-73.95838833,40.821225,24-07-2021 15:38,1.016224756,30.55300322000005
10191,-73.95841833,40.82116333,24-07-2021 15:38,1.016224756,30.55300322000005
10192,-73.95844167,40.82112,24-07-2021 15:38,1.012017533,29.090090659999987
10193,-73.95847667,40.82107167,24-07-2021 15:38,1.012017533,29.98561189999998
10194,-73.95851167,40.82103167,24-07-2021 15:38,1.009853818,29.98561189999998
10195,-73.95854667,40.82098167,24-07-2021 15:38,1.009853818,29.98561189999998
10196,-73.95857167,40.82094167,24-07-2021 15:38,1.009853818,29.98561189999998
10197,-73.958595,40.82091,24-07-2021 15:38,1.009853818,29.98561189999998
10198,-73.95861167,40.82089,24-07-2021 15:38,1.009853818,29.98561189999998
10199,-73.95893,40.82034667,24-07-2021 15:38,1.003362673,31.089632359999996
10200,-73.95897833,40.82027,24-07-2021 15:38,1.007690103,32.55938096
10201,-73.95899,40.82024667,24-07-2021 15:38,1.007690103,32.55938096
10202,-73.95901167,40.82021833,24-07-2021 15:38,1.009853818,32.55938096
10203,-73.95903833,40.820185,24-07-2021 15:38,1.009853818,32.55938096
10204,-73.95906,40.82016167,24-07-2021 15:38,1.009853818,32.55938096
10205,-73.95909333,40.82011667,24-07-2021 15:38,1.009853818,32.55938096
10206,-73.95911833,40.82004833,24-07-2021 15:38,1.007690103,32.55938096
10207,-73.959145,40.81999833,24-07-2021 15:38,1.007690103,33.85822856000004
10208,-73.95917333,40.81995333,24-07-2021 15:38,1.009853818,33.119936240000015
10209,-73.95919667,40.81990667,24-07-2021 15:38,1.009853818,33.119936240000015
10210,-73.95922333,40.819865,24-07-2021 15:38,1.014181248,33.119936240000015
10211,-73.959255,40.81981333,24-07-2021 15:38,1.014181248,33.119936240000015
10212,-73.959295,40.81975333,24-07-2021 15:38,1.012017533,34.44270998000002
10213,-73.95933167,40.81970833,24-07-2021 15:38,1.012017533,34.44270998000002
10214,-73.95936333,40.819665,24-07-2021 15:38,1.014181248,34.44270998000002
10215,-73.95944333,40.81955167,24-07-2021 15:38,1.014181248,34.44270998000002
10216,-73.95948,40.81949667,24-07-2021 15:38,1.014181248,35.75181164000003
10217,-73.95951667,40.81944167,24-07-2021 15:38,1.014181248,33.957351140000014
10218,-73.95955167,40.81939,24-07-2021 15:38,1.014181248,33.957351140000014
10219,-73.959585,40.819335,24-07-2021 15:38,1.016344962,33.957351140000014
10220,-73.95960667,40.819295,24-07-2021 15:38,1.016344962,33.957351140000014
10221,-73.95962833,40.819255,24-07-2021 15:38,1.012017533,33.957351140000014
10222,-73.95966,40.81921333,24-07-2021 15:38,1.012017533,34.907560699999976
10223,-73.959755,40.819105,24-07-2021 15:38,1.007690103,34.907560699999976
10224,-73.95978,40.81906667,24-07-2021 15:38,1.003362673,34.907560699999976
10225,-73.95979333,40.819035,24-07-2021 15:38,1.003362673,34.907560699999976
10226,-73.95983167,40.818955,24-07-2021 15:38,1.001198958,35.314305080000054
10227,-73.95995167,40.81881,24-07-2021 15:39,0.999035243,34.00520342000004
10228,-73.95999333,40.818745,24-07-2021 15:39,0.999035243,34.00520342000004
10229,-73.960005,40.81871167,24-07-2021 15:39,1.001198958,34.00520342000004
10230,-73.960015,40.81868167,24-07-2021 15:39,1.001198958,34.40852977999998
10231,-73.959955,40.81841333,24-07-2021 15:39,1.003362673,34.774257920000025
10232,-73.95990667,40.81833167,24-07-2021 15:39,1.003362673,34.774257920000025
10233,-73.95985333,40.81824833,24-07-2021 15:39,1.005526388,34.774257920000025
10234,-73.95980667,40.81803,24-07-2021 15:39,1.007690103,34.54866860000004
10235,-73.95979667,40.81795333,24-07-2021 15:39,1.007690103,34.54866860000004
10236,-73.9598,40.81785333,24-07-2021 15:39,1.007690103,33.96760519999998
10237,-73.95987,40.81743,24-07-2021 15:39,1.001319165,34.14534223999999
10238,-73.959855,40.81737667,24-07-2021 15:39,1.001319165,34.14534223999999
10239,-73.95982667,40.81732,24-07-2021 15:39,1.001319165,34.316243240000006
10240,-73.95979167,40.81725667,24-07-2021 15:39,1.001319165,34.316243240000006
10241,-73.95975167,40.81719,24-07-2021 15:39,1.00348288,34.316243240000006
10242,-73.95970167,40.81712167,24-07-2021 15:39,1.00348288,34.316243240000006
10243,-73.95959667,40.81698667,24-07-2021 15:39,1.00348288,34.71273356000006
10244,-73.95954,40.81691333,24-07-2021 15:39,0.99915545,34.71273356000006
10245,-73.95947667,40.81684167,24-07-2021 15:39,0.99915545,34.71273356000006
10246,-73.95941333,40.81677167,24-07-2021 15:39,0.99915545,35.22885458000002
10247,-73.95930333,40.81662833,24-07-2021 15:39,0.99915545,35.22885458000002
10248,-73.95924,40.81655667,24-07-2021 15:39,0.99915545,35.071625659999995
10249,-73.95917833,40.81648,24-07-2021 15:39,0.996991735,35.51596826000002
10250,-73.959115,40.81640167,24-07-2021 15:39,0.996991735,35.51596826000002
10251,-73.95899167,40.816245,24-07-2021 15:39,0.99482802,35.78599184000001
10252,-73.95893,40.816175,24-07-2021 15:39,0.992664305,35.78599184000001
10253,-73.95886667,40.816105,24-07-2021 15:39,0.992664305,36.39098138000003
10254,-73.95868667,40.81591833,24-07-2021 15:39,1.007810309,36.725947340000005
10255,-73.95863,40.81585833,24-07-2021 15:39,1.007810309,36.725947340000005
10256,-73.95857167,40.81579833,24-07-2021 15:39,1.014301454,36.725947340000005
10257,-73.95851333,40.81574333,24-07-2021 15:39,1.014301454,36.428579600000035
10258,-73.95845667,40.81569167,24-07-2021 15:39,1.014301454,36.63024278
10259,-73.95839833,40.81564333,24-07-2021 15:39,1.014301454,36.63024278
10260,-73.958335,40.81559,24-07-2021 15:39,1.014301454,36.63024278
10261,-73.95819333,40.815475,24-07-2021 15:39,1.014301454,36.63024278
10262,-73.95806833,40.815345,24-07-2021 15:39,1.014301454,35.85093422
10263,-73.95800667,40.815175,24-07-2021 15:39,1.014301454,35.42026370000002
10264,-73.95797667,40.815095,24-07-2021 15:39,1.014301454,35.42026370000002
10265,-73.95794333,40.81502167,24-07-2021 15:39,1.014301454,35.42026370000002
10266,-73.95790333,40.81495667,24-07-2021 15:39,1.014301454,35.42026370000002
10267,-73.95786,40.81489167,24-07-2021 15:39,1.014301454,34.35384146000001
10268,-73.95782,40.81482667,24-07-2021 15:39,1.014301454,34.35384146000001
10269,-73.95777333,40.81476667,24-07-2021 15:39,1.014301454,34.32649730000003
10270,-73.957725,40.814705,24-07-2021 15:39,1.007810309,34.32649730000003
10271,-73.95766833,40.81464,24-07-2021 15:39,1.007810309,33.321599419999984
10272,-73.95761167,40.81457833,24-07-2021 15:39,1.005646594,33.321599419999984
10273,-73.95754333,40.814525,24-07-2021 15:40,1.005646594,33.321599419999984
10274,-73.957345,40.814365,24-07-2021 15:40,1.00348288,33.55744279999999
10275,-73.95728167,40.81430833,24-07-2021 15:40,1.00348288,33.55744279999999
10276,-73.95715667,40.81419333,24-07-2021 15:40,1.001319165,35.040863479999985
10277,-73.9571,40.81413167,24-07-2021 15:40,1.00348288,35.040863479999985
10278,-73.95704333,40.814075,24-07-2021 15:40,1.00348288,35.040863479999985
10279,-73.95691833,40.81397167,24-07-2021 15:40,0.99915545,35.300633000000005
10280,-73.95686,40.81391667,24-07-2021 15:40,1.001319165,35.300633000000005
10281,-73.95681167,40.81385667,24-07-2021 15:40,1.001319165,36.462759800000015
10282,-73.95676833,40.81379167,24-07-2021 15:40,1.00348288,36.462759800000015
10283,-73.95672667,40.81373,24-07-2021 15:40,1.00348288,35.79966392000006
10284,-73.95669833,40.813665,24-07-2021 15:40,1.007810309,35.79966392000006
10285,-73.95666833,40.81360333,24-07-2021 15:40,1.007810309,35.79966392000006
10286,-73.95664,40.81354333,24-07-2021 15:40,1.009974024,35.79966392000006
10287,-73.95660667,40.81350333,24-07-2021 15:40,1.009974024,35.79966392000006
10288,-73.95657667,40.81347333,24-07-2021 15:40,1.012137739,35.02035536000005
10289,-73.956425,40.81342833,24-07-2021 15:40,1.016585375,35.885114420000036
10290,-73.95637333,40.813425,24-07-2021 15:40,1.016585375,35.885114420000036
10291,-73.95631833,40.81343667,24-07-2021 15:40,1.016585375,35.885114420000036
10292,-73.95626667,40.813465,24-07-2021 15:40,1.016585375,35.885114420000036
10293,-73.95622167,40.813505,24-07-2021 15:40,1.01874909,36.58922654000003
10294,-73.95618833,40.81355333,24-07-2021 15:40,1.01874909,36.58922654000003
10295,-73.95615167,40.81359667,24-07-2021 15:40,1.01874909,36.58922654000003
10296,-73.95611333,40.81363667,24-07-2021 15:40,1.01874909,36.58922654000003
10297,-73.95608,40.81367,24-07-2021 15:40,1.01874909,37.11560162000001
10298,-73.95605,40.81369167,24-07-2021 15:40,1.01874909,37.11560162000001
10299,-73.955995,40.81374333,24-07-2021 15:40,1.020912805,37.11560162000001
10300,-73.95595833,40.81378167,24-07-2021 15:40,1.020912805,37.597542439999984
10301,-73.95592,40.81382667,24-07-2021 15:40,1.025240235,37.597542439999984
10302,-73.95588167,40.813875,24-07-2021 15:40,1.025240235,37.597542439999984
10303,-73.95584333,40.81391833,24-07-2021 15:40,1.025240235,37.597542439999984
10304,-73.95581167,40.81396333,24-07-2021 15:40,1.025240235,37.597542439999984
10305,-73.95578667,40.81400167,24-07-2021 15:41,1.020912805,37.597542439999984
10306,-73.95575333,40.81406167,24-07-2021 15:41,1.02307652,38.462301500000024
10307,-73.95575,40.81407833,24-07-2021 15:41,1.02307652,38.462301500000024
10308,-73.95576333,40.814155,24-07-2021 15:41,1.02307652,38.462301500000024
10309,-73.95577667,40.81418,24-07-2021 15:41,1.020912805,38.462301500000024
10310,-73.95579333,40.81420167,24-07-2021 15:41,1.020912805,38.462301500000024
10311,-73.95581333,40.81422167,24-07-2021 15:41,1.020912805,38.462301500000024
10312,-73.95583167,40.81424,24-07-2021 15:41,1.020912805,38.462301500000024
10313,-73.95585167,40.81426,24-07-2021 15:41,1.01874909,38.462301500000024
10314,-73.95587,40.814285,24-07-2021 15:41,1.01874909,38.462301500000024
10315,-73.95589167,40.81431167,24-07-2021 15:41,1.020912805,38.65371062000003
10316,-73.95591167,40.814335,24-07-2021 15:41,1.020912805,38.65371062000003
10317,-73.95592833,40.81436167,24-07-2021 15:41,1.01874909,38.65371062000003
10318,-73.95595,40.814395,24-07-2021 15:41,1.01874909,38.65371062000003
10319,-73.95599167,40.81444167,24-07-2021 15:41,1.020912805,38.65371062000003
10320,-73.95601167,40.814465,24-07-2021 15:41,1.01874909,38.65371062000003
10321,-73.95603167,40.81449167,24-07-2021 15:41,1.01874909,38.65371062000003
10322,-73.95605,40.81451167,24-07-2021 15:41,1.01874909,38.65371062000003
10323,-73.95607,40.814535,24-07-2021 15:41,1.01874909,38.65371062000003
10324,-73.95620833,40.81469667,24-07-2021 15:41,1.025240235,37.16003588000001
10325,-73.95623833,40.81474667,24-07-2021 15:41,1.025240235,37.16003588000001
10326,-73.956275,40.81479,24-07-2021 15:41,1.025240235,37.16003588000001
10327,-73.95631167,40.81482833,24-07-2021 15:41,1.025240235,37.16003588000001
10328,-73.95634667,40.81487333,24-07-2021 15:41,1.025240235,37.15661785999998
10329,-73.95638167,40.81491667,24-07-2021 15:41,1.025240235,37.15661785999998
10330,-73.95641,40.81495167,24-07-2021 15:41,1.025240235,37.15661785999998
10331,-73.95643833,40.81499,24-07-2021 15:41,1.025240235,37.15661785999998
10332,-73.95646333,40.81502667,24-07-2021 15:41,1.02740395,36.62340674000001
10333,-73.95650833,40.81510333,24-07-2021 15:41,1.020912805,36.17564612000001
10334,-73.956545,40.815145,24-07-2021 15:42,1.020912805,36.17564612000001
10335,-73.95658833,40.81518667,24-07-2021 15:42,1.025360441,36.17564612000001
10336,-73.95666833,40.81528333,24-07-2021 15:42,1.021033011,36.17564612000001
10337,-73.956695,40.81532,24-07-2021 15:42,1.021033011,36.17564612000001
10338,-73.95675167,40.81543833,24-07-2021 15:42,1.027524156,35.36899340000002
10339,-73.95676833,40.81547333,24-07-2021 15:42,1.021033011,35.36899340000002
10340,-73.95679167,40.81551167,24-07-2021 15:42,1.021033011,35.36899340000002
10341,-73.956825,40.81555,24-07-2021 15:42,1.018869297,35.36899340000002
10342,-73.95696167,40.815695,24-07-2021 15:42,1.016705582,35.36899340000002
10343,-73.95700667,40.81574833,24-07-2021 15:42,1.016705582,34.887052580000045
10344,-73.95705667,40.81580167,24-07-2021 15:42,1.016705582,34.887052580000045
10345,-73.95711333,40.81585333,24-07-2021 15:42,1.016705582,34.86312644000003
10346,-73.95716333,40.81590167,24-07-2021 15:42,1.014541867,34.86312644000003
10347,-73.95721,40.81595,24-07-2021 15:42,1.014541867,34.86312644000003
10348,-73.957255,40.81599333,24-07-2021 15:42,1.012378152,34.86312644000003
10349,-73.95729167,40.816035,24-07-2021 15:42,1.012378152,34.31966126000003
10350,-73.957315,40.81606667,24-07-2021 15:42,1.010214437,34.31966126000003
10351,-73.95733667,40.81609,24-07-2021 15:42,1.010214437,34.31966126000003
10352,-73.95739833,40.81616167,24-07-2021 15:42,1.012378152,34.31966126000003
10353,-73.95742333,40.816185,24-07-2021 15:42,1.014541867,34.31966126000003
10354,-73.957455,40.81621667,24-07-2021 15:42,1.014541867,34.69906148000001
10355,-73.95747167,40.81625,24-07-2021 15:42,1.014541867,34.69906148000001
10356,-73.95747,40.81629667,24-07-2021 15:42,1.014541867,34.13850620000005
10357,-73.95745667,40.81634167,24-07-2021 15:42,1.008050722,34.13850620000005
10358,-73.95743333,40.81638833,24-07-2021 15:42,1.008050722,33.70783568000002
10359,-73.95741,40.81643333,24-07-2021 15:42,1.012378152,33.70783568000002
10360,-73.957385,40.81648167,24-07-2021 15:42,1.012378152,33.70783568000002
10361,-73.95735833,40.81652667,24-07-2021 15:42,1.005887007,33.70783568000002
10362,-73.95733167,40.81657,24-07-2021 15:42,1.005887007,33.318181400000014
10363,-73.95731167,40.81661,24-07-2021 15:42,1.010214437,33.318181400000014
10364,-73.95730667,40.81667833,24-07-2021 15:42,1.010214437,33.318181400000014
10365,-73.95730833,40.81670167,24-07-2021 15:42,1.008050722,33.318181400000014
10366,-73.957285,40.816795,24-07-2021 15:42,1.012498358,33.318181400000014
10367,-73.95724333,40.81685,24-07-2021 15:42,1.012498358,33.577950920000035
10368,-73.95718333,40.81691,24-07-2021 15:42,1.014662073,33.577950920000035
10369,-73.95712,40.81697667,24-07-2021 15:42,1.014662073,33.577950920000035
10370,-73.95706,40.81705167,24-07-2021 15:42,1.010334643,33.52668061999998
10371,-73.95700667,40.81713333,24-07-2021 15:42,1.010334643,34.75374980000004
10372,-73.95695333,40.817215,24-07-2021 15:42,1.010334643,34.75374980000004
10373,-73.95685167,40.81738,24-07-2021 15:42,1.010334643,36.27135068000001
10374,-73.95680667,40.81746333,24-07-2021 15:42,1.008170928,36.27135068000001
10375,-73.95675333,40.81754667,24-07-2021 15:42,1.008170928,36.27135068000001
10376,-73.95669667,40.81762667,24-07-2021 15:42,1.008170928,37.197634100000016
10377,-73.956635,40.81770333,24-07-2021 15:42,1.008170928,37.197634100000016
10378,-73.95657667,40.81777833,24-07-2021 15:42,1.008170928,37.197634100000016
10379,-73.95647,40.817925,24-07-2021 15:42,1.006007214,39.47061740000004
10380,-73.95637333,40.818055,24-07-2021 15:42,1.006007214,39.47061740000004
10381,-73.95632833,40.818115,24-07-2021 15:42,1.006007214,39.15957758000002
10382,-73.95624667,40.81823333,24-07-2021 15:43,1.008170928,39.92521406000003
10383,-73.95620667,40.818285,24-07-2021 15:43,1.010334643,39.92521406000003
10384,-73.95616333,40.81833667,24-07-2021 15:43,1.010334643,39.92521406000003
10385,-73.956075,40.81845167,24-07-2021 15:43,1.010334643,40.475515280000025
10386,-73.95603333,40.81851,24-07-2021 15:43,1.014662073,40.475515280000025
10387,-73.95599167,40.81856333,24-07-2021 15:43,1.014662073,38.882717960000036
10388,-73.955955,40.81861167,24-07-2021 15:43,1.016825788,38.882717960000036
10389,-73.95592833,40.81865,24-07-2021 15:43,1.016825788,38.882717960000036
10390,-73.955905,40.81868,24-07-2021 15:43,1.016825788,39.11856134000004
10391,-73.95588,40.8187,24-07-2021 15:43,1.016825788,39.11856134000004
10392,-73.95584333,40.818705,24-07-2021 15:44,1.018989503,39.11856134000004
10393,-73.95579667,40.818685,24-07-2021 15:44,1.018989503,39.11856134000004
10394,-73.955735,40.81866833,24-07-2021 15:44,1.016825788,39.11856134000004
10395,-73.955665,40.81864333,24-07-2021 15:44,1.016825788,39.11856134000004
10396,-73.955595,40.81860833,24-07-2021 15:45,1.014662073,38.84853776
10397,-73.95552333,40.81857333,24-07-2021 15:45,1.014662073,38.506735760000026
10398,-73.95545,40.81854833,24-07-2021 15:45,1.014662073,38.506735760000026
10399,-73.95538167,40.81851667,24-07-2021 15:45,1.014662073,38.506735760000026
10400,-73.95531333,40.81847833,24-07-2021 15:45,1.010334643,38.506735760000026
10401,-73.95524167,40.81843667,24-07-2021 15:45,1.010334643,38.20595000000003
10402,-73.955165,40.81839333,24-07-2021 15:45,1.010334643,38.20595000000003
10403,-73.95500833,40.81831667,24-07-2021 15:45,1.010334643,37.58045234000002
10404,-73.95493,40.81827833,24-07-2021 15:45,1.010334643,37.915418300000056
10405,-73.954855,40.818235,24-07-2021 15:45,1.010334643,37.915418300000056
10406,-73.95478833,40.81818333,24-07-2021 15:45,1.010334643,37.915418300000056
10407,-73.95465,40.81807833,24-07-2021 15:45,1.010334643,37.915418300000056
10408,-73.95457333,40.81803333,24-07-2021 15:45,1.010334643,37.12243766000006
10409,-73.95449833,40.81798833,24-07-2021 15:45,1.010334643,36.903684380000016
10410,-73.95442,40.81794833,24-07-2021 15:45,1.010334643,36.903684380000016
10411,-73.95426333,40.81787833,24-07-2021 15:45,1.010334643,36.903684380000016
10412,-73.95419,40.817845,24-07-2021 15:45,1.010334643,36.70543922000002
10413,-73.95411833,40.81781667,24-07-2021 15:45,1.010334643,36.70543922000002
10414,-73.95405,40.81779333,24-07-2021 15:45,1.010334643,35.235690620000014
10415,-73.953995,40.81776833,24-07-2021 15:45,1.010334643,35.235690620000014
10416,-73.95394667,40.81775167,24-07-2021 15:45,1.003843499,35.235690620000014
10417,-73.95388,40.81773,24-07-2021 15:46,1.006007214,35.235690620000014
10418,-73.95369167,40.81763333,24-07-2021 15:46,0.988817701,36.052597400000025
10419,-73.95365167,40.81761167,24-07-2021 15:46,0.988817701,36.052597400000025
10420,-73.95360833,40.81759,24-07-2021 15:46,0.986653986,36.052597400000025
10421,-73.95357167,40.81756667,24-07-2021 15:46,0.986653986,36.052597400000025
10422,-73.95347,40.81754333,24-07-2021 15:46,0.999756482,37.20447014000001
10423,-73.95344333,40.817535,24-07-2021 15:46,1.004083911,37.20447014000001
10424,-73.95339333,40.81752167,24-07-2021 15:46,0.999756482,36.73620140000003
10425,-73.95336167,40.81752167,24-07-2021 15:46,0.999756482,36.73620140000003
10426,-73.95332,40.81752667,24-07-2021 15:46,0.999756482,37.20447014000001
10427,-73.95327667,40.81754,24-07-2021 15:46,0.999756482,37.20447014000001
10428,-73.95323167,40.81757,24-07-2021 15:46,1.001920197,37.20447014000001
10429,-73.95319,40.81761,24-07-2021 15:46,1.001920197,37.20447014000001
10430,-73.95315,40.81765833,24-07-2021 15:46,1.001920197,37.20447014000001
10431,-73.95311,40.81770833,24-07-2021 15:46,1.001920197,37.68641095999999
10432,-73.95306833,40.81776167,24-07-2021 15:46,0.997592767,37.68641095999999
10433,-73.95302667,40.81781833,24-07-2021 15:46,0.997592767,37.737681260000045
10434,-73.952985,40.817875,24-07-2021 15:46,0.997592767,37.737681260000045
10435,-73.95294667,40.81792667,24-07-2021 15:46,0.997592767,37.737681260000045
10436,-73.952915,40.81796667,24-07-2021 15:46,0.993265337,37.737681260000045
10437,-73.95288,40.81802,24-07-2021 15:46,0.993265337,37.737681260000045
10438,-73.95277833,40.81815167,24-07-2021 15:46,0.997592767,38.246966240000006
10439,-73.95273333,40.8182,24-07-2021 15:46,0.997592767,38.67080071999999
10440,-73.95268833,40.818255,24-07-2021 15:46,0.997592767,38.67080071999999
10441,-73.95264,40.818315,24-07-2021 15:46,0.997592767,38.67080071999999
10442,-73.95259167,40.81838,24-07-2021 15:46,0.995549258,38.22304010000005
10443,-73.95254,40.818445,24-07-2021 15:46,0.995549258,38.22304010000005
10444,-73.952485,40.81851,24-07-2021 15:46,0.999876688,38.22304010000005
10445,-73.95243667,40.818575,24-07-2021 15:47,0.999876688,38.22304010000005
10446,-73.95239167,40.818635,24-07-2021 15:47,0.999876688,38.02137692000002
10447,-73.95235167,40.81869333,24-07-2021 15:47,0.999876688,38.02137692000002
10448,-73.95230667,40.818745,24-07-2021 15:47,1.004204118,38.02137692000002
10449,-73.95223167,40.81881,24-07-2021 15:47,1.004204118,38.02137692000002
10450,-73.95221333,40.81883167,24-07-2021 15:47,0.999876688,38.02137692000002
10451,-73.95219333,40.81884167,24-07-2021 15:47,0.999876688,38.02137692000002
10452,-73.95208333,40.81885333,24-07-2021 15:47,0.995549258,38.02137692000002
10453,-73.951935,40.81880167,24-07-2021 15:47,0.993385543,38.36659694000002
10454,-73.95187,40.81877833,24-07-2021 15:47,0.993385543,38.36659694000002
10455,-73.9518,40.81875333,24-07-2021 15:47,0.993385543,38.36659694000002
10456,-73.95173,40.818725,24-07-2021 15:47,0.993385543,38.36659694000002
10457,-73.95166167,40.818695,24-07-2021 15:47,0.986894399,38.85879182000002
10458,-73.95159167,40.818665,24-07-2021 15:47,0.986894399,38.85879182000002
10459,-73.95152,40.81863333,24-07-2021 15:47,0.986894399,38.85879182000002
10460,-73.95144667,40.81860167,24-07-2021 15:47,0.986894399,38.93057024000001
10461,-73.95137167,40.81857,24-07-2021 15:47,0.986894399,38.93057024000001
10462,-73.95130333,40.81853833,24-07-2021 15:48,0.986894399,38.920316179999986
10463,-73.95124333,40.81850833,24-07-2021 15:48,0.984730684,38.920316179999986
10464,-73.95119167,40.81848333,24-07-2021 15:48,0.984730684,38.920316179999986
10465,-73.95114833,40.81846333,24-07-2021 15:48,0.984730684,38.920316179999986
10466,-73.95111667,40.81844667,24-07-2021 15:48,0.984730684,38.920316179999986
10467,-73.95100333,40.81839667,24-07-2021 15:48,0.999996894,38.725489040000014
10468,-73.95097,40.81837333,24-07-2021 15:48,0.999996894,38.725489040000014
10469,-73.95086667,40.81831833,24-07-2021 15:48,0.999996894,38.393941100000006
10470,-73.95080667,40.81829333,24-07-2021 15:48,1.004324324,38.393941100000006
10471,-73.95074333,40.81826833,24-07-2021 15:48,1.004324324,38.393941100000006
10472,-73.95067667,40.81824333,24-07-2021 15:48,0.999996894,37.38562520000005
10473,-73.950535,40.818185,24-07-2021 15:48,0.995669465,37.38562520000005
10474,-73.95046333,40.81815,24-07-2021 15:48,0.995669465,37.38562520000005
10475,-73.950395,40.81811333,24-07-2021 15:48,0.991342035,37.38562520000005
10476,-73.95033,40.81807333,24-07-2021 15:48,0.991342035,36.397817420000024
10477,-73.95026333,40.81804,24-07-2021 15:48,0.987014605,36.35338316000002
10478,-73.95020167,40.81800667,24-07-2021 15:48,0.987014605,36.35338316000002
10479,-73.95014667,40.81797667,24-07-2021 15:48,0.98485089,36.35338316000002
10480,-73.95008167,40.81796167,24-07-2021 15:48,0.98485089,36.35338316000002
10481,-73.95003,40.81793833,24-07-2021 15:48,0.98485089,36.35338316000002
10482,-73.94998333,40.81791667,24-07-2021 15:48,0.98485089,33.80012222000005
10483,-73.94994833,40.81789667,24-07-2021 15:48,0.980523461,33.80012222000005
10484,-73.94988333,40.81777167,24-07-2021 15:48,0.98485089,33.26349307999999
10485,-73.94994167,40.81768167,24-07-2021 15:48,0.98485089,33.26349307999999
10486,-73.94997333,40.81763,24-07-2021 15:48,0.98485089,33.26349307999999
10487,-73.95003833,40.81752167,24-07-2021 15:48,0.98485089,35.42709974000002
10488,-73.95008167,40.81746333,24-07-2021 15:48,0.98485089,35.42709974000002
10489,-73.95016167,40.81734667,24-07-2021 15:48,0.982687175,35.42709974000002
10490,-73.95017667,40.81728,24-07-2021 15:48,0.982687175,35.42709974000002
10491,-73.95019,40.81720833,24-07-2021 15:48,0.982687175,35.01010130000003
10492,-73.95019167,40.817135,24-07-2021 15:48,0.982687175,35.01010130000003
10493,-73.95019333,40.81707167,24-07-2021 15:48,0.982687175,35.01010130000003
10494,-73.95019333,40.81700833,24-07-2021 15:48,0.982687175,35.01010130000003
10495,-73.950185,40.81694833,24-07-2021 15:48,0.982687175,34.42561988
10496,-73.95017167,40.816885,24-07-2021 15:48,0.982687175,34.42561988
10497,-73.95016,40.81681667,24-07-2021 15:48,0.980523461,34.42561988
10498,-73.950145,40.81674667,24-07-2021 15:48,0.980523461,34.42561988
10499,-73.95012333,40.816675,24-07-2021 15:48,0.980523461,34.00520342000004
10500,-73.95009333,40.81661167,24-07-2021 15:48,0.980523461,34.00520342000004
10501,-73.950055,40.81655333,24-07-2021 15:48,0.978359746,34.00520342000004
10502,-73.95001333,40.81650333,24-07-2021 15:48,0.978359746,34.00520342000004
10503,-73.94996667,40.81645333,24-07-2021 15:48,0.980523461,32.24150510000004
10504,-73.94991833,40.81640833,24-07-2021 15:48,0.980523461,32.28252134000002
10505,-73.949875,40.81636333,24-07-2021 15:48,0.978359746,32.28252134000002
10506,-73.94983667,40.81630667,24-07-2021 15:48,0.978359746,32.28252134000002
10507,-73.949775,40.81612333,24-07-2021 15:48,0.978359746,32.35088173999998
10508,-73.94979667,40.81606167,24-07-2021 15:48,0.978359746,32.35088173999998
10509,-73.94982833,40.81600833,24-07-2021 15:48,0.978359746,32.35088173999998
10510,-73.94986667,40.81595,24-07-2021 15:48,0.976196031,32.35088173999998
10511,-73.94990833,40.81588833,24-07-2021 15:48,0.976196031,32.614069280000024
10512,-73.94994,40.81582333,24-07-2021 15:48,0.974032316,32.614069280000024
10513,-73.94996333,40.81575833,24-07-2021 15:48,0.974032316,32.614069280000024
10514,-73.949975,40.815695,24-07-2021 15:48,0.974032316,32.614069280000024
10515,-73.95002667,40.81557,24-07-2021 15:48,0.974032316,33.27716515999998
10516,-73.95008333,40.81549167,24-07-2021 15:48,0.974032316,33.27716515999998
10517,-73.95012833,40.81542,24-07-2021 15:48,0.974032316,33.27716515999998
10518,-73.95017333,40.81534667,24-07-2021 15:49,0.974152522,33.642893300000026
10519,-73.950215,40.815265,24-07-2021 15:49,0.971988807,33.642893300000026
10520,-73.95026833,40.81519667,24-07-2021 15:49,0.971988807,33.642893300000026
10521,-73.95042,40.81498,24-07-2021 15:49,0.971988807,33.83772044
10522,-73.95047,40.81491333,24-07-2021 15:49,0.971988807,33.83772044
10523,-73.95053333,40.81484333,24-07-2021 15:49,0.971988807,33.83772044
10524,-73.950595,40.81476833,24-07-2021 15:49,0.971988807,34.25471888000004
10525,-73.95065,40.81469333,24-07-2021 15:49,0.969825093,34.25471888000004
10526,-73.95069833,40.81462167,24-07-2021 15:49,0.969825093,34.25471888000004
10527,-73.95075167,40.81455333,24-07-2021 15:49,0.969825093,35.102387840000006
10528,-73.95082,40.81449333,24-07-2021 15:49,0.969825093,35.102387840000006
10529,-73.95086667,40.81444,24-07-2021 15:49,0.971988807,35.102387840000006
10530,-73.95090167,40.81438667,24-07-2021 15:49,0.971988807,35.102387840000006
10531,-73.95096667,40.81427833,24-07-2021 15:49,0.971988807,34.84261832000004
10532,-73.950995,40.81422333,24-07-2021 15:49,0.976316237,34.84261832000004
10533,-73.95102333,40.81416667,24-07-2021 15:49,0.976316237,34.84261832000004
10534,-73.95105667,40.81411,24-07-2021 15:49,0.976316237,34.84261832000004
10535,-73.95109,40.81405667,24-07-2021 15:49,0.976316237,35.61850886000002
10536,-73.951145,40.81394,24-07-2021 15:49,0.974152522,35.42026370000002
10537,-73.95117167,40.813885,24-07-2021 15:49,0.974152522,35.42026370000002
10538,-73.95119833,40.81383667,24-07-2021 15:49,0.974152522,35.42026370000002
10539,-73.95122333,40.81378833,24-07-2021 15:49,0.974152522,35.42026370000002
10540,-73.95124833,40.813745,24-07-2021 15:49,0.974152522,35.43735379999998
10541,-73.95127,40.8137,24-07-2021 15:49,0.974152522,35.43735379999998
10542,-73.95129,40.81365333,24-07-2021 15:49,0.974152522,35.43735379999998
10543,-73.95134833,40.81356833,24-07-2021 15:49,0.978479952,35.43735379999998
10544,-73.95137333,40.81352833,24-07-2021 15:49,0.978479952,35.43735379999998
10545,-73.95139833,40.81348333,24-07-2021 15:49,0.971988807,35.57407460000002
10546,-73.95143,40.81343333,24-07-2021 15:49,0.971988807,35.86460629999999
10547,-73.95146833,40.81338333,24-07-2021 15:49,0.974152522,35.86460629999999
10548,-73.95150667,40.81333167,24-07-2021 15:49,0.974152522,35.86460629999999
10549,-73.95154333,40.813275,24-07-2021 15:49,0.971988807,35.86460629999999
10550,-73.951575,40.81321833,24-07-2021 15:49,0.971988807,35.86460629999999
10551,-73.95160667,40.813165,24-07-2021 15:49,0.971988807,36.04234334
10552,-73.95163667,40.81311667,24-07-2021 15:49,0.971988807,36.04234334
10553,-73.95167,40.81307167,24-07-2021 15:49,0.974152522,36.04234334
10554,-73.95170333,40.81302333,24-07-2021 15:49,0.974152522,36.04234334
10555,-73.951745,40.81298167,24-07-2021 15:49,0.974152522,36.04234334
10556,-73.95178167,40.81293333,24-07-2021 15:49,0.974152522,36.54821030000005
10557,-73.95181333,40.81288833,24-07-2021 15:49,0.976316237,36.722529320000035
10558,-73.95184333,40.81284167,24-07-2021 15:49,0.976316237,36.722529320000035
10559,-73.951875,40.812795,24-07-2021 15:49,0.974152522,36.722529320000035
10560,-73.95190333,40.81275333,24-07-2021 15:49,0.974152522,36.722529320000035
10561,-73.951935,40.81271667,24-07-2021 15:50,0.976316237,36.722529320000035
10562,-73.95196667,40.81267833,24-07-2021 15:50,0.976316237,36.722529320000035
10563,-73.95200167,40.812635,24-07-2021 15:50,0.974152522,37.180544000000054
10564,-73.95203333,40.8126,24-07-2021 15:50,0.974152522,37.180544000000054
10565,-73.95206833,40.81256667,24-07-2021 15:50,0.976316237,37.180544000000054
10566,-73.95209667,40.81254167,24-07-2021 15:50,0.976316237,37.180544000000054
10567,-73.95212833,40.81251667,24-07-2021 15:50,0.982807382,37.180544000000054
10568,-73.95216167,40.81247667,24-07-2021 15:50,0.982807382,37.52234600000003
10569,-73.95229167,40.81243667,24-07-2021 15:50,0.991462241,37.52234600000003
10570,-73.95232167,40.81243833,24-07-2021 15:50,0.991462241,37.52234600000003
10571,-73.95235833,40.81245,24-07-2021 15:50,0.991462241,37.52234600000003
10572,-73.95239667,40.81246,24-07-2021 15:50,0.991462241,37.52234600000003
10573,-73.95243667,40.81247167,24-07-2021 15:50,0.991462241,37.52234600000003
10574,-73.95247333,40.812485,24-07-2021 15:50,0.991462241,37.52234600000003
10575,-73.95250833,40.81249333,24-07-2021 15:50,0.991462241,37.91200028000003
10576,-73.952535,40.81250333,24-07-2021 15:50,0.993625956,37.91200028000003
10577,-73.952555,40.81251,24-07-2021 15:50,0.993746163,37.91200028000003
10578,-73.95269167,40.812575,24-07-2021 15:50,1.006728452,37.91200028000003
10579,-73.95272333,40.81257833,24-07-2021 15:50,1.006728452,37.91200028000003
10580,-73.95276,40.81258833,24-07-2021 15:50,1.006728452,37.91200028000003
10581,-73.95280833,40.81260167,24-07-2021 15:51,1.006728452,37.91200028000003
10582,-73.95286167,40.81261667,24-07-2021 15:51,1.008892167,37.91200028000003
10583,-73.95291667,40.81263167,24-07-2021 15:51,1.008892167,38.85537380000005
10584,-73.953025,40.81267667,24-07-2021 15:51,1.015383311,38.85537380000005
10585,-73.953055,40.81268833,24-07-2021 15:51,1.017547026,38.55117002000003
10586,-73.95308833,40.81269,24-07-2021 15:51,1.017547026,38.55117002000003
10587,-73.953135,40.81266,24-07-2021 15:51,1.015383311,38.85537380000005
10588,-73.95317167,40.81263,24-07-2021 15:51,1.015383311,38.85537380000005
10589,-73.95320833,40.81258667,24-07-2021 15:51,1.015383311,38.85537380000005
10590,-73.95329833,40.81249167,24-07-2021 15:51,1.015383311,39.15274154000002
10591,-73.95333667,40.81243833,24-07-2021 15:51,1.015383311,39.15274154000002
10592,-73.95337,40.81238833,24-07-2021 15:51,1.013219597,38.97500450000001
10593,-73.95342833,40.812315,24-07-2021 15:51,1.011055882,38.97500450000001
10594,-73.95344667,40.81229167,24-07-2021 15:51,1.011055882,38.97500450000001
10595,-73.95351167,40.81221167,24-07-2021 15:51,1.017547026,38.97500450000001
10596,-73.953535,40.81218333,24-07-2021 15:51,1.017547026,38.97500450000001
10597,-73.95356167,40.81214667,24-07-2021 15:51,1.017547026,38.97500450000001
10598,-73.95359167,40.81210167,24-07-2021 15:51,1.017547026,38.472555560000046
10599,-73.95362833,40.81205667,24-07-2021 15:51,1.017547026,38.472555560000046
10600,-73.95366667,40.81201,24-07-2021 15:51,1.019710741,38.472555560000046
10601,-73.95370167,40.811955,24-07-2021 15:51,1.019710741,38.472555560000046
10602,-73.95373333,40.81189667,24-07-2021 15:51,1.019710741,38.472555560000046
10603,-73.95377,40.81184,24-07-2021 15:51,1.019710741,38.09657335999998
10604,-73.95381333,40.81178333,24-07-2021 15:51,1.019710741,38.09657335999998
10605,-73.95385833,40.81173167,24-07-2021 15:51,1.019710741,38.09657335999998
10606,-73.95390333,40.81168333,24-07-2021 15:51,1.019710741,38.09657335999998
10607,-73.95394167,40.81163833,24-07-2021 15:51,1.019710741,38.09657335999998
10608,-73.953975,40.81159667,24-07-2021 15:51,1.019710741,37.594124420000014
10609,-73.954005,40.81156167,24-07-2021 15:52,1.019710741,37.594124420000014
10610,-73.95403667,40.81151,24-07-2021 15:52,1.017547026,37.594124420000014
10611,-73.95400333,40.811395,24-07-2021 15:52,1.015503518,37.594124420000014
10612,-73.95398,40.81136833,24-07-2021 15:52,1.015503518,37.594124420000014
10613,-73.95388833,40.81131667,24-07-2021 15:52,1.009012373,38.38710506000001
10614,-73.95382333,40.81129167,24-07-2021 15:52,1.015503518,38.38710506000001
10615,-73.95375667,40.81126,24-07-2021 15:52,1.015503518,38.38710506000001
10616,-73.95369333,40.81122833,24-07-2021 15:52,1.009012373,38.38710506000001
10617,-73.95356833,40.811165,24-07-2021 15:52,1.006848658,38.71865300000002
10618,-73.95352,40.81112833,24-07-2021 15:52,1.006848658,38.71865300000002
10619,-73.95347,40.81109,24-07-2021 15:52,1.009012373,38.71865300000002
10620,-73.95342333,40.81105667,24-07-2021 15:52,1.009012373,38.43495733999998
10621,-73.953385,40.81103,24-07-2021 15:52,1.006848658,38.43495733999998
10622,-73.95336,40.81100667,24-07-2021 15:52,1.006848658,38.43495733999998
10623,-73.95326833,40.81092333,24-07-2021 15:52,1.002521229,38.83144765999998
10624,-73.95323833,40.81090667,24-07-2021 15:52,0.998193799,38.83144765999998
10625,-73.95320833,40.810885,24-07-2021 15:52,0.998193799,38.83144765999998
10626,-73.953145,40.810845,24-07-2021 15:52,1.004684943,38.83144765999998
10627,-73.953115,40.810825,24-07-2021 15:52,1.000357514,38.83144765999998
10628,-73.95309167,40.81081,24-07-2021 15:52,1.000357514,38.83144765999998
10629,-73.953015,40.81072,24-07-2021 15:52,1.004684943,39.28604432000003
10630,-73.95300333,40.8107,24-07-2021 15:52,1.006848658,39.28604432000003
10631,-73.95297667,40.81068667,24-07-2021 15:52,1.006848658,39.28604432000003
10632,-73.95295833,40.810665,24-07-2021 15:52,1.009012373,39.28604432000003
10633,-73.95293167,40.81064667,24-07-2021 15:53,1.009012373,39.750895040000046
10634,-73.952915,40.81063333,24-07-2021 15:53,1.006848658,39.750895040000046
10635,-73.95274667,40.81063667,24-07-2021 15:53,1.019951154,39.750895040000046
10636,-73.95271,40.810645,24-07-2021 15:53,1.019951154,39.750895040000046
10637,-73.952675,40.810665,24-07-2021 15:53,1.019951154,39.750895040000046
10638,-73.95263,40.81070333,24-07-2021 15:53,1.019951154,39.750895040000046
10639,-73.95258833,40.81074333,24-07-2021 15:53,1.024278584,40.22599982000003
10640,-73.95255,40.81078833,24-07-2021 15:53,1.024278584,40.22599982000003
10641,-73.95251667,40.81083167,24-07-2021 15:53,1.019951154,39.378330860000005
10642,-73.95249167,40.81087167,24-07-2021 15:53,1.019951154,39.378330860000005
10643,-73.95247,40.81091167,24-07-2021 15:53,1.024278584,39.378330860000005
10644,-73.952445,40.81095,24-07-2021 15:53,1.024278584,39.378330860000005
10645,-73.95242167,40.810985,24-07-2021 15:53,1.022114869,39.378330860000005
10646,-73.95228,40.81107333,24-07-2021 15:53,1.026442299,38.622948440000016
10647,-73.95224,40.81113333,24-07-2021 15:53,1.022114869,38.622948440000016
10648,-73.95220333,40.811195,24-07-2021 15:53,1.022114869,38.7015629
10649,-73.95213,40.81131833,24-07-2021 15:53,1.019951154,38.7015629
10650,-73.95208167,40.81137833,24-07-2021 15:53,1.019951154,38.11024544000003
10651,-73.95203167,40.81144167,24-07-2021 15:53,1.019951154,38.11024544000003
10652,-73.95196833,40.81150333,24-07-2021 15:53,1.017787439,38.11024544000003
10653,-73.951905,40.811565,24-07-2021 15:53,1.017787439,38.11024544000003
10654,-73.95184167,40.81162833,24-07-2021 15:53,1.017787439,38.117081480000024
10655,-73.95178,40.81169333,24-07-2021 15:53,1.017787439,38.117081480000024
10656,-73.95172167,40.81175667,24-07-2021 15:53,1.015623724,38.117081480000024
10657,-73.951675,40.811825,24-07-2021 15:53,1.015623724,38.117081480000024
10658,-73.95161667,40.81189833,24-07-2021 15:53,1.017787439,37.87098404000005
10659,-73.95155167,40.81196,24-07-2021 15:53,1.017787439,37.87098404000005
10660,-73.95149,40.81202667,24-07-2021 15:53,1.013460009,37.93250840000002
10661,-73.95143667,40.81209333,24-07-2021 15:53,1.013460009,37.93250840000002
10662,-73.95138,40.81215667,24-07-2021 15:53,1.013460009,37.49158382000002
10663,-73.95131833,40.81222167,24-07-2021 15:53,1.013460009,37.49158382000002
10664,-73.95125667,40.81228833,24-07-2021 15:53,1.015623724,37.49158382000002
10665,-73.9512,40.81235167,24-07-2021 15:53,1.015623724,37.49158382000002
10666,-73.95114667,40.81241333,24-07-2021 15:53,1.017787439,37.23523232000002
10667,-73.95110333,40.81247167,24-07-2021 15:53,1.017787439,37.23523232000002
10668,-73.95099167,40.812575,24-07-2021 15:53,1.019951154,37.23523232000002
10669,-73.950925,40.812565,24-07-2021 15:53,1.015623724,37.23523232000002
10670,-73.95086667,40.81254833,24-07-2021 15:53,1.015623724,37.23523232000002
10671,-73.95077667,40.81251,24-07-2021 15:53,1.015623724,37.08825746000002
10672,-73.95073167,40.81248833,24-07-2021 15:54,1.017787439,37.08825746000002
10673,-73.95068667,40.81247167,24-07-2021 15:54,1.017787439,37.08825746000002
10674,-73.95063833,40.81244833,24-07-2021 15:54,1.017787439,37.08825746000002
10675,-73.95054833,40.81239667,24-07-2021 15:54,1.017787439,37.52576402
10676,-73.950505,40.812375,24-07-2021 15:54,1.017787439,37.52576402
10677,-73.95046833,40.81235167,24-07-2021 15:54,1.017787439,37.52576402
10678,-73.950435,40.81232833,24-07-2021 15:54,1.017787439,37.24548637999999
10679,-73.95039833,40.81231167,24-07-2021 15:54,1.013460009,37.24548637999999
10680,-73.950365,40.81229333,24-07-2021 15:54,1.013460009,37.24548637999999
10681,-73.950335,40.812275,24-07-2021 15:54,1.017787439,37.24548637999999
10682,-73.95031167,40.81225333,24-07-2021 15:54,1.017787439,37.24548637999999
10683,-73.95028667,40.81223667,24-07-2021 15:54,1.015623724,37.24548637999999
10684,-73.95012667,40.81213333,24-07-2021 15:54,1.022235075,37.40955134000001
10685,-73.9501,40.81212,24-07-2021 15:54,1.022235075,37.40955134000001
10686,-73.95006667,40.81210333,24-07-2021 15:54,1.026562505,36.84216002000005
10687,-73.95002833,40.81208667,24-07-2021 15:54,1.026562505,36.84216002000005
10688,-73.94998833,40.81206833,24-07-2021 15:54,1.02439879,36.84216002000005
10689,-73.94994667,40.81205167,24-07-2021 15:54,1.02439879,36.84216002000005
10690,-73.949855,40.812045,24-07-2021 15:54,1.02007136,36.84216002000005
10691,-73.94981,40.81207667,24-07-2021 15:54,1.02007136,36.84216002000005
10692,-73.94976833,40.81211833,24-07-2021 15:54,1.02007136,36.84216002000005
10693,-73.94973333,40.81216,24-07-2021 15:54,1.022235075,36.900266360000046
10694,-73.94970167,40.8122,24-07-2021 15:54,1.022235075,36.637078820000056
10695,-73.94967167,40.81224333,24-07-2021 15:54,1.017907645,36.637078820000056
10696,-73.94964167,40.81228667,24-07-2021 15:54,1.017907645,36.637078820000056
10697,-73.94961333,40.81233167,24-07-2021 15:54,1.02007136,36.637078820000056
10698,-73.949565,40.81241667,24-07-2021 15:54,1.017907645,36.89343031999999
10699,-73.94950833,40.81254167,24-07-2021 15:54,1.02007136,36.89343031999999
10700,-73.94946833,40.81261,24-07-2021 15:55,1.02007136,36.89343031999999
10701,-73.94942667,40.81268167,24-07-2021 15:55,1.02007136,36.907102399999985
10702,-73.949375,40.81275167,24-07-2021 15:55,1.02007136,36.907102399999985
10703,-73.94926833,40.812905,24-07-2021 15:55,1.02007136,36.53112020000003
10704,-73.949205,40.81298333,24-07-2021 15:55,1.017907645,35.99790908
10705,-73.94914,40.813065,24-07-2021 15:55,1.017907645,35.99790908
10706,-73.94907667,40.813145,24-07-2021 15:55,1.017907645,35.99790908
10707,-73.94901667,40.81322667,24-07-2021 15:55,1.017907645,35.89536848
10708,-73.94896167,40.81330833,24-07-2021 15:55,1.017907645,34.83578227999999
10709,-73.948905,40.81338833,24-07-2021 15:55,1.017907645,34.83578227999999
10710,-73.94884333,40.81347,24-07-2021 15:55,1.017907645,34.83578227999999
10711,-73.94878333,40.81354833,24-07-2021 15:55,1.017907645,34.87679852000002
10712,-73.94872833,40.81363,24-07-2021 15:55,1.017907645,34.87679852000002
10713,-73.94861667,40.81377333,24-07-2021 15:55,1.02007136,34.75374980000004
10714,-73.94856,40.81384167,24-07-2021 15:55,1.02007136,34.75374980000004
10715,-73.94850667,40.81391167,24-07-2021 15:55,1.022235075,34.75374980000004
10716,-73.948455,40.813985,24-07-2021 15:55,1.022235075,34.75374980000004
10717,-73.948405,40.81406167,24-07-2021 15:55,1.02439879,35.84068016000003
10718,-73.94834333,40.81412333,24-07-2021 15:55,1.02439879,35.84068016000003
10719,-73.94824,40.81423167,24-07-2021 15:55,1.022235075,35.92954868000004
10720,-73.94819333,40.81427833,24-07-2021 15:55,1.022355282,35.92954868000004
10721,-73.94815667,40.81432333,24-07-2021 15:55,1.020191567,36.15855601999999
10722,-73.94812,40.81436333,24-07-2021 15:55,1.020191567,36.15855601999999
10723,-73.94808667,40.81440167,24-07-2021 15:55,1.020191567,36.15855601999999
10724,-73.94805833,40.81444167,24-07-2021 15:55,1.020191567,36.15855601999999
10725,-73.94803667,40.81446833,24-07-2021 15:55,1.022355282,36.15855601999999
10726,-73.94793,40.81448333,24-07-2021 15:55,1.022355282,36.15855601999999
10727,-73.94789167,40.81448667,24-07-2021 15:55,1.020191567,36.48668594000003
10728,-73.94785833,40.81448667,24-07-2021 15:55,1.020191567,36.48668594000003
10729,-73.947825,40.81448167,24-07-2021 15:55,1.024518996,36.48668594000003
10730,-73.947785,40.81446667,24-07-2021 15:55,1.024518996,36.48668594000003
10731,-73.947735,40.81445,24-07-2021 15:55,1.022355282,36.48668594000003
10732,-73.94768167,40.81442667,24-07-2021 15:55,1.022355282,36.48668594000003
10733,-73.94763667,40.81438667,24-07-2021 15:55,1.022355282,36.48668594000003
10734,-73.947585,40.81434833,24-07-2021 15:55,1.022355282,36.48668594000003
10735,-73.94751833,40.81431667,24-07-2021 15:55,1.020191567,36.54137426
10736,-73.94745,40.81428333,24-07-2021 15:55,1.020191567,36.54137426
10737,-73.94737667,40.81424667,24-07-2021 15:55,1.020191567,36.54137426
10738,-73.94729167,40.81421667,24-07-2021 15:55,1.020191567,36.54137426
10739,-73.947215,40.81418167,24-07-2021 15:55,1.018027852,35.82017203999999
10740,-73.94705833,40.81411333,24-07-2021 15:55,1.018027852,35.63559896000004
10741,-73.94698,40.81407833,24-07-2021 15:55,1.018027852,35.63559896000004
10742,-73.94682333,40.81402167,24-07-2021 15:55,1.015864137,35.885114420000036
10743,-73.94675,40.81399667,24-07-2021 15:55,1.013700422,35.885114420000036
10744,-73.94668333,40.813975,24-07-2021 15:55,1.013700422,35.885114420000036
10745,-73.94657167,40.813945,24-07-2021 15:55,1.011536707,35.885114420000036
10746,-73.946535,40.81393333,24-07-2021 15:55,1.011536707,34.55550463999998
10747,-73.94650667,40.813925,24-07-2021 15:55,1.015864137,34.55550463999998
10748,-73.94647833,40.81391333,24-07-2021 15:55,1.015864137,35.35532132000003
10749,-73.94644167,40.81390333,24-07-2021 15:55,1.011536707,35.35532132000003
10750,-73.94639833,40.81388833,24-07-2021 15:55,1.011536707,35.35532132000003
10751,-73.946345,40.81387667,24-07-2021 15:55,1.007209277,35.35532132000003
10752,-73.94628333,40.81386167,24-07-2021 15:56,1.007209277,35.35532132000003
10753,-73.94621833,40.81383833,24-07-2021 15:56,1.009372992,35.35532132000003
10754,-73.94615667,40.81381,24-07-2021 15:56,1.009372992,35.35532132000003
10755,-73.94609167,40.813785,24-07-2021 15:56,1.011536707,36.428579600000035
10756,-73.94602333,40.813755,24-07-2021 15:56,1.011536707,36.428579600000035
10757,-73.945955,40.81372333,24-07-2021 15:56,1.009372992,36.428579600000035
10758,-73.94588667,40.81369333,24-07-2021 15:56,1.009372992,36.428579600000035
10759,-73.94576667,40.81363667,24-07-2021 15:56,1.005045563,36.76696358000004
10760,-73.94571333,40.81361667,24-07-2021 15:56,1.009372992,36.76696358000004
10761,-73.94567167,40.813595,24-07-2021 15:56,1.009372992,36.76696358000004
10762,-73.94563333,40.81358167,24-07-2021 15:56,1.011536707,36.76696358000004
10763,-73.94560167,40.81357,24-07-2021 15:56,1.011536707,36.76696358000004
10764,-73.94558333,40.81355833,24-07-2021 15:56,1.009372992,36.76696358000004
10765,-73.94547167,40.81346667,24-07-2021 15:56,1.009372992,36.76696358000004
10766,-73.94541667,40.81345667,24-07-2021 15:56,1.009372992,36.76696358000004
10767,-73.94538,40.81343667,24-07-2021 15:56,1.011536707,37.49158382000002
10768,-73.94536,40.81341,24-07-2021 15:56,1.011536707,37.49158382000002
10769,-73.94534667,40.81339667,24-07-2021 15:56,1.015864137,37.49158382000002
10770,-73.945355,40.81334667,24-07-2021 15:56,1.015864137,36.96862676000001
10771,-73.94536833,40.81332,24-07-2021 15:56,1.011656914,36.96862676000001
10772,-73.94542167,40.81324667,24-07-2021 15:56,1.013820628,36.17906414000004
10773,-73.9455,40.81316333,24-07-2021 15:56,1.015984343,36.17906414000004
10774,-73.94553167,40.81312333,24-07-2021 15:57,1.015984343,35.70395936
10775,-73.94555667,40.81309167,24-07-2021 15:57,1.015984343,35.70395936
10776,-73.945575,40.81306667,24-07-2021 15:57,1.015984343,35.70395936
10777,-73.94560333,40.81301667,24-07-2021 15:57,1.020311773,35.70395936
10778,-73.94570167,40.81287833,24-07-2021 15:57,1.020311773,35.70395936
10779,-73.94574,40.81281833,24-07-2021 15:57,1.020311773,35.61850886000002
10780,-73.94578667,40.81275333,24-07-2021 15:57,1.020311773,35.150240120000035
10781,-73.94583333,40.81268333,24-07-2021 15:57,1.015984343,35.150240120000035
10782,-73.94588,40.81260833,24-07-2021 15:57,1.015984343,35.150240120000035
10783,-73.94593,40.81253333,24-07-2021 15:57,1.011656914,35.65268906000006
10784,-73.94598333,40.81246667,24-07-2021 15:57,1.011656914,35.65268906000006
10785,-73.94603833,40.8124,24-07-2021 15:57,1.011656914,35.65268906000006
10786,-73.94609333,40.81233,24-07-2021 15:57,1.011656914,35.65268906000006
10787,-73.94614667,40.81225667,24-07-2021 15:57,1.005165769,36.428579600000035
10788,-73.94619667,40.81217667,24-07-2021 15:57,1.005165769,36.428579600000035
10789,-73.94625,40.8121,24-07-2021 15:57,1.011656914,36.428579600000035
10790,-73.946305,40.81202333,24-07-2021 15:57,1.011656914,36.81139784000004
10791,-73.94636,40.81194667,24-07-2021 15:57,1.009493199,36.81139784000004
10792,-73.94641667,40.81186833,24-07-2021 15:57,1.009493199,36.81139784000004
10793,-73.94647333,40.81179167,24-07-2021 15:57,1.009493199,36.81139784000004
10794,-73.946635,40.81156,24-07-2021 15:57,1.007329484,36.37730929999998
10795,-73.94669167,40.81148,24-07-2021 15:57,1.007329484,36.56530040000001
10796,-73.94674667,40.811395,24-07-2021 15:57,1.007329484,36.56530040000001
10797,-73.946805,40.81131833,24-07-2021 15:57,1.007329484,36.56530040000001
10798,-73.94687,40.81124167,24-07-2021 15:57,1.005165769,35.54673044000003
10799,-73.94693667,40.81116,24-07-2021 15:57,1.005165769,35.99790908
10800,-73.94699667,40.81107667,24-07-2021 15:57,1.005165769,35.99790908
10801,-73.94712167,40.810905,24-07-2021 15:57,0.998674624,36.59606258000002
10802,-73.947185,40.81082,24-07-2021 15:57,0.998674624,36.59606258000002
10803,-73.94724833,40.81073667,24-07-2021 15:57,0.998674624,36.44225168000003
10804,-73.94730833,40.81065,24-07-2021 15:57,0.998674624,37.23523232000002
10805,-73.94736333,40.81055667,24-07-2021 15:57,1.000838339,37.23523232000002
10806,-73.947415,40.81046667,24-07-2021 15:57,1.000838339,37.23523232000002
10807,-73.947465,40.810375,24-07-2021 15:57,1.003002054,37.737681260000045
10808,-73.94751833,40.81028667,24-07-2021 15:57,1.003002054,37.737681260000045
10809,-73.94758,40.81020667,24-07-2021 15:57,1.005165769,38.27431039999999
10810,-73.94763667,40.810125,24-07-2021 15:57,1.005165769,38.739161120000006
10811,-73.94769333,40.81005333,24-07-2021 15:57,1.003002054,38.739161120000006
10812,-73.94774167,40.80998667,24-07-2021 15:57,1.003002054,38.739161120000006
10813,-73.947785,40.80993,24-07-2021 15:57,1.007329484,38.739161120000006
10814,-73.94782,40.80988167,24-07-2021 15:57,1.007329484,38.71523497999999
10815,-73.94784333,40.80984667,24-07-2021 15:58,1.007329484,38.71523497999999
10816,-73.947885,40.80978167,24-07-2021 15:58,1.013940835,38.71523497999999
10817,-73.947905,40.80974333,24-07-2021 15:58,1.01610455,38.71523497999999
10818,-73.94793333,40.80969667,24-07-2021 15:58,1.01610455,38.903226080000024
10819,-73.94797167,40.80964833,24-07-2021 15:58,1.01610455,38.903226080000024
10820,-73.94801,40.80959333,24-07-2021 15:58,1.01610455,38.903226080000024
10821,-73.94808667,40.80947,24-07-2021 15:58,1.01177712,38.903226080000024
10822,-73.94822333,40.80929667,24-07-2021 15:58,1.00744969,38.7015629
10823,-73.94826,40.80924333,24-07-2021 15:58,1.00744969,38.7015629
10824,-73.94830833,40.809205,24-07-2021 15:58,1.009613405,38.674218740000015
10825,-73.94834333,40.80917333,24-07-2021 15:58,1.009613405,38.674218740000015
10826,-73.94838167,40.80901,24-07-2021 15:58,1.01177712,38.28798247999998
10827,-73.94835667,40.80897333,24-07-2021 15:58,1.013940835,38.479391599999985
10828,-73.94830167,40.808945,24-07-2021 15:59,1.013940835,38.479391599999985
10829,-73.94822333,40.80892167,24-07-2021 15:59,1.016224756,38.479391599999985
10830,-73.94815333,40.80889167,24-07-2021 15:59,1.016224756,38.479391599999985
10831,-73.948075,40.80885667,24-07-2021 15:59,1.016224756,38.479391599999985
10832,-73.947995,40.80881833,24-07-2021 15:59,1.016224756,38.85879182000002
10833,-73.94791167,40.80878167,24-07-2021 15:59,1.018388471,38.76650528000005
10834,-73.94776667,40.80870333,24-07-2021 15:59,1.020552186,38.76650528000005
10835,-73.94768667,40.80866833,24-07-2021 15:59,1.020552186,38.76650528000005
10836,-73.9476,40.80863167,24-07-2021 15:59,1.029207045,38.97158648000004
10837,-73.947515,40.808595,24-07-2021 15:59,1.029207045,38.97158648000004
10838,-73.94742667,40.80855667,24-07-2021 15:59,1.027043331,38.97158648000004
10839,-73.947335,40.80852167,24-07-2021 15:59,1.027043331,38.838283700000034
10840,-73.94725,40.80848833,24-07-2021 15:59,1.03137076,39.10488926000005
10841,-73.94707167,40.80841,24-07-2021 15:59,1.033534475,39.10488926000005
10842,-73.94702167,40.80839,24-07-2021 15:59,1.03137076,39.10488926000005
10843,-73.946975,40.80837333,24-07-2021 15:59,1.03137076,39.10488926000005
10844,-73.94692667,40.80835167,24-07-2021 15:59,1.024879616,39.347568679999995
10845,-73.946875,40.80832333,24-07-2021 15:59,1.024879616,39.347568679999995
10846,-73.94675,40.80827333,24-07-2021 15:59,1.027043331,39.19033976000003
10847,-73.94669167,40.80824667,24-07-2021 15:59,1.022715901,39.19033976000003
10848,-73.94664167,40.808225,24-07-2021 15:59,1.022715901,39.19033976000003
10849,-73.94660667,40.80821167,24-07-2021 15:59,1.027043331,39.19033976000003
10850,-73.96384833,40.80309833,24-07-2021 15:59,1.005165769,36.41490752000004
10851,-73.963805,40.80307667,24-07-2021 15:59,1.005165769,36.41490752000004
10852,-73.96377333,40.80305333,24-07-2021 15:59,1.005165769,36.84899605999999
10853,-73.96374667,40.80302833,24-07-2021 15:59,1.005165769,36.84899605999999
10854,-73.96366,40.80299333,24-07-2021 15:59,1.005285975,36.78063566000003
10855,-73.96361167,40.80297833,24-07-2021 15:59,1.005285975,36.78063566000003
10856,-73.96349833,40.80294167,24-07-2021 15:38,1.005285975,36.78063566000003
10857,-73.96343667,40.80291667,24-07-2021 15:38,1.005285975,36.78063566000003
10858,-73.96337,40.80289167,24-07-2021 15:38,1.009613405,36.490103960000056
10859,-73.963305,40.80285833,24-07-2021 15:38,1.009613405,36.490103960000056
10860,-73.96323667,40.80282667,24-07-2021 15:38,1.000958546,36.490103960000056
10861,-73.96317,40.80279333,24-07-2021 15:38,1.000958546,37.183962020000024
10862,-73.9631,40.80276,24-07-2021 15:38,0.998794831,37.183962020000024
10863,-73.96303,40.80273167,24-07-2021 15:39,0.998794831,37.183962020000024
10864,-73.96296333,40.80269667,24-07-2021 15:39,0.998794831,36.787471700000026
10865,-73.962835,40.80261833,24-07-2021 15:39,1.00312226,36.787471700000026
10866,-73.96276333,40.80258833,24-07-2021 15:39,1.00312226,36.787471700000026
10867,-73.96269167,40.80256167,24-07-2021 15:39,0.996631116,36.787471700000026
10868,-73.96262,40.80253833,24-07-2021 15:39,0.996631116,36.56530040000001
10869,-73.96255,40.802505,24-07-2021 15:39,0.992303686,36.98913488000005
10870,-73.96234167,40.80239333,24-07-2021 15:39,0.987976256,36.98913488000005
10871,-73.962265,40.80235333,24-07-2021 15:39,0.987976256,36.87634022000003
10872,-73.96210167,40.80228,24-07-2021 15:39,0.996631116,36.87634022000003
10873,-73.96201833,40.80224333,24-07-2021 15:39,0.992303686,36.84899605999999
10874,-73.961935,40.802205,24-07-2021 15:39,0.992303686,36.84899605999999
10875,-73.961855,40.80216667,24-07-2021 15:39,0.994467401,36.77038160000001
10876,-73.961775,40.80212833,24-07-2021 15:39,0.994467401,36.77038160000001
10877,-73.96168833,40.80209667,24-07-2021 15:39,0.992303686,36.77038160000001
10878,-73.96160167,40.80207,24-07-2021 15:39,0.992303686,36.77038160000001
10879,-73.96151333,40.80204167,24-07-2021 15:39,0.992303686,36.674677040000006
10880,-73.96144833,40.80198167,24-07-2021 15:39,0.992303686,36.54137426
10881,-73.96136833,40.80194833,24-07-2021 15:39,0.990139971,36.54137426
10882,-73.961285,40.80193333,24-07-2021 15:39,0.990139971,36.54137426
10883,-73.96122,40.80197,24-07-2021 15:39,0.987976256,36.54137426
10884,-73.961175,40.80199667,24-07-2021 15:39,0.987976256,36.10386770000002
10885,-73.96112667,40.80200833,24-07-2021 15:39,0.987976256,36.10386770000002
10886,-73.9609,40.80192667,24-07-2021 15:39,0.998794831,36.10386770000002
10887,-73.960865,40.801915,24-07-2021 15:39,0.998794831,36.10386770000002
10888,-73.96082833,40.801895,24-07-2021 15:39,0.992303686,34.66829930000006
10889,-73.96078833,40.80188,24-07-2021 15:39,0.992303686,34.66829930000006
10890,-73.96064667,40.80184,24-07-2021 15:39,0.996631116,34.66829930000006
10891,-73.96060167,40.80182167,24-07-2021 15:39,0.996631116,34.66829930000006
10892,-73.960515,40.80175,24-07-2021 15:39,0.990139971,34.66829930000006
10893,-73.96047167,40.801715,24-07-2021 15:39,0.990139971,34.29231709999999
10894,-73.96034833,40.801655,24-07-2021 15:39,0.990139971,34.29231709999999
10895,-73.96027833,40.80162167,24-07-2021 15:39,0.990139971,35.184420320000015
10896,-73.96021667,40.80158833,24-07-2021 15:39,0.996631116,35.184420320000015
10897,-73.96016167,40.80154833,24-07-2021 15:39,0.996631116,35.184420320000015
10898,-73.96010167,40.80151333,24-07-2021 15:39,0.992303686,34.89730664000001
10899,-73.960025,40.801495,24-07-2021 15:39,0.992303686,34.89730664000001
10900,-73.95996,40.80147333,24-07-2021 15:39,0.992303686,34.89730664000001
10901,-73.959895,40.80144167,24-07-2021 15:39,0.992303686,34.89730664000001
10902,-73.95984333,40.80142167,24-07-2021 15:39,0.994467401,35.12289596000005
10903,-73.95971333,40.80137667,24-07-2021 15:39,0.994467401,35.12289596000005
10904,-73.95965833,40.80134333,24-07-2021 15:39,0.992303686,35.85777026000005
10905,-73.95280167,40.79805,24-07-2021 15:39,1.016585375,31.98173558000002
10906,-73.95283167,40.798045,24-07-2021 15:39,1.016585375,31.98173558000002
10907,-73.95289833,40.79804,24-07-2021 15:40,1.01442166,31.98173558000002
10908,-73.95293,40.798035,24-07-2021 15:40,1.012257945,31.98173558000002
10909,-73.95296,40.79803167,24-07-2021 15:40,1.012257945,31.98173558000002
10910,-73.95301833,40.79803667,24-07-2021 15:40,1.007930516,31.98173558000002
10911,-73.95304667,40.79803833,24-07-2021 15:40,1.007930516,31.98173558000002
10912,-73.953075,40.79804167,24-07-2021 15:40,1.010094231,31.98173558000002
10913,-73.953105,40.79804333,24-07-2021 15:40,1.010094231,31.98173558000002
10914,-73.95313667,40.798045,24-07-2021 15:40,1.007930516,31.882612999999992
10915,-73.953165,40.79804667,24-07-2021 15:40,1.007930516,31.882612999999992
10916,-73.95319167,40.79805,24-07-2021 15:40,1.005766801,31.882612999999992
10917,-73.95322,40.798055,24-07-2021 15:40,1.005766801,31.882612999999992
10918,-73.95325333,40.79806333,24-07-2021 15:44,1.003603086,31.882612999999992
10919,-73.95328,40.798075,24-07-2021 15:45,1.003603086,31.882612999999992
10920,-73.95330333,40.79809,24-07-2021 15:45,1.005766801,31.882612999999992
10921,-73.95333,40.79811,24-07-2021 15:45,1.005766801,31.882612999999992
10922,-73.95336167,40.79813167,24-07-2021 15:45,1.007930516,32.25859520000006
10923,-73.95339333,40.79815,24-07-2021 15:45,1.007930516,32.25859520000006
10924,-73.95342667,40.79816333,24-07-2021 15:45,1.003603086,32.25859520000006
10925,-73.953465,40.79816833,24-07-2021 15:45,1.003603086,32.25859520000006
10926,-73.95350333,40.79817167,24-07-2021 15:45,1.001439371,32.02958785999999
10927,-73.95353833,40.79817,24-07-2021 15:45,1.001439371,32.02958785999999
10928,-73.95357,40.79817167,24-07-2021 15:45,1.003603086,32.02958785999999
10929,-73.95360333,40.79817667,24-07-2021 15:45,1.003603086,32.02958785999999
10930,-73.953635,40.79818167,24-07-2021 15:45,1.001439371,32.02958785999999
10931,-73.95366833,40.79818167,24-07-2021 15:45,1.001439371,32.02958785999999
10932,-73.95370167,40.798185,24-07-2021 15:45,0.999275656,32.02958785999999
10933,-73.95373167,40.79819,24-07-2021 15:45,0.999275656,32.02958785999999
10934,-73.95380333,40.79819333,24-07-2021 15:45,0.999395863,32.02958785999999
10935,-73.95384,40.798195,24-07-2021 15:45,1.005887007,32.02958785999999
10936,-73.95445833,40.798505,24-07-2021 15:45,0.999516069,31.735638139999992
10937,-73.95441333,40.798475,24-07-2021 15:45,0.995188639,31.735638139999992
10938,-73.95437,40.798445,24-07-2021 15:45,0.995188639,31.735638139999992
10939,-73.95432667,40.798415,24-07-2021 15:45,0.995188639,31.735638139999992
10940,-73.95428333,40.79838333,24-07-2021 15:45,0.995188639,31.12723058000006
10941,-73.95423667,40.79835333,24-07-2021 15:45,0.999516069,31.12723058000006
10942,-73.95419333,40.798325,24-07-2021 15:45,0.999516069,31.759564280000006
10943,-73.95398833,40.79823667,24-07-2021 15:45,1.001679784,31.759564280000006
10944,-73.95395667,40.79823667,24-07-2021 15:45,0.999516069,31.759564280000006
10945,-73.95406667,40.79809333,24-07-2021 15:45,1.01478228,31.185336920000054
10946,-73.95408667,40.79807167,24-07-2021 15:45,1.01478228,31.185336920000054
10947,-73.954105,40.79804833,24-07-2021 15:45,1.01045485,31.185336920000054
10948,-73.95412667,40.79802667,24-07-2021 15:45,1.01045485,31.185336920000054
10949,-73.95415167,40.79800833,24-07-2021 15:45,1.008291135,31.185336920000054
10950,-73.95421333,40.79794833,24-07-2021 15:45,1.008291135,30.679469960000006
10951,-73.95423333,40.79792667,24-07-2021 15:47,1.00179999,30.679469960000006
10952,-73.95424667,40.79790333,24-07-2021 15:47,1.00179999,30.679469960000006
10953,-73.954255,40.79788167,24-07-2021 15:47,1.008291135,30.679469960000006
10954,-73.954265,40.79785833,24-07-2021 15:47,1.008291135,30.488060840000003
10955,-73.95427667,40.79783833,24-07-2021 15:47,1.008291135,30.488060840000003
10956,-73.954295,40.797815,24-07-2021 15:47,1.008291135,30.488060840000003
10957,-73.95431833,40.79779333,24-07-2021 15:47,1.008291135,30.488060840000003
10958,-73.95434167,40.79777167,24-07-2021 15:47,1.008291135,30.488060840000003
10959,-73.95436167,40.79774833,24-07-2021 15:47,1.00179999,30.488060840000003
10960,-73.95438167,40.79772833,24-07-2021 15:48,1.00179999,30.488060840000003
10961,-73.954395,40.797715,24-07-2021 15:48,1.00179999,30.488060840000003
10962,-73.95444833,40.79758833,24-07-2021 15:48,0.982566969,30.238545380000005
10963,-73.95445667,40.79755833,24-07-2021 15:48,0.982566969,30.238545380000005
10964,-73.95446667,40.79752167,24-07-2021 15:48,0.982566969,30.238545380000005
10965,-73.95447833,40.797485,24-07-2021 15:48,0.982566969,30.238545380000005
10966,-73.954525,40.797385,24-07-2021 15:48,0.982566969,30.238545380000005
10967,-73.95453667,40.79735333,24-07-2021 15:48,0.982566969,30.238545380000005
10968,-73.95455667,40.79732333,24-07-2021 15:48,0.982566969,30.238545380000005
10969,-73.954575,40.79729333,24-07-2021 15:48,0.980403254,30.040300220000006
10970,-73.9546,40.79723333,24-07-2021 15:48,0.980403254,30.040300220000006
10971,-73.95461833,40.79720333,24-07-2021 15:48,0.980403254,30.040300220000006
10972,-73.954635,40.79717333,24-07-2021 15:48,0.980403254,30.040300220000006
10973,-73.954655,40.79714667,24-07-2021 15:48,0.980403254,30.040300220000006
10974,-73.95467333,40.79712,24-07-2021 15:48,0.982566969,30.040300220000006
10975,-73.95468667,40.79709333,24-07-2021 15:48,0.982566969,30.040300220000006
10976,-73.95469833,40.79706833,24-07-2021 15:48,0.982566969,30.040300220000006
10977,-73.95470833,40.79704333,24-07-2021 15:51,0.982566969,30.385520240000005
10978,-73.954715,40.79702,24-07-2021 15:51,0.980403254,30.385520240000005
10979,-73.95471833,40.79699667,24-07-2021 15:51,0.980403254,30.385520240000005
10980,-73.95473167,40.79697667,24-07-2021 15:51,0.980403254,30.385520240000005
10981,-73.95474833,40.79695833,24-07-2021 15:51,0.980403254,30.385520240000005
10982,-73.95481333,40.79688667,24-07-2021 15:51,0.982566969,30.385520240000005
10983,-73.95482833,40.796865,24-07-2021 15:51,0.982566969,30.385520240000005
10984,-73.95484667,40.796845,24-07-2021 15:51,0.980403254,30.385520240000005
10985,-73.954865,40.79682667,24-07-2021 15:51,0.980403254,30.385520240000005
10986,-73.954885,40.79680667,24-07-2021 15:51,0.978239539,30.385520240000005
10987,-73.95494667,40.796745,24-07-2021 15:51,0.982566969,30.27614360000001
10988,-73.95497333,40.79672667,24-07-2021 15:51,0.980403254,30.27614360000001
10989,-73.95499833,40.79671,24-07-2021 15:51,0.980403254,30.27614360000001
10990,-73.95502667,40.79669167,24-07-2021 15:51,0.976075824,30.27614360000001
10991,-73.95504833,40.79666833,24-07-2021 15:51,0.976075824,30.27614360000001
10992,-73.95507167,40.796645,24-07-2021 15:51,0.978239539,30.27614360000001
10993,-73.95509667,40.796625,24-07-2021 15:51,0.978239539,30.27614360000001
10994,-73.95512333,40.796605,24-07-2021 15:51,0.982566969,30.27614360000001
10995,-73.95515333,40.796585,24-07-2021 15:51,0.982566969,30.27614360000001
10996,-73.95518167,40.79656333,24-07-2021 15:51,0.976196031,30.27614360000001
10997,-73.95521167,40.79654333,24-07-2021 15:51,0.976196031,30.27614360000001
10998,-73.955235,40.79652167,24-07-2021 15:51,0.978359746,30.27614360000001
10999,-73.95525167,40.7965,24-07-2021 15:51,0.978359746,30.187275080000006
11000,-73.95527833,40.79648167,24-07-2021 15:51,0.980523461,30.187275080000006
11001,-73.95530333,40.79646667,24-07-2021 15:51,0.980523461,29.749768520000032
11002,-73.95532167,40.79644667,24-07-2021 15:51,0.976196031,29.749768520000032
11003,-73.95534,40.79642833,24-07-2021 15:51,0.976196031,29.749768520000032
11004,-73.955355,40.79641,24-07-2021 15:51,0.978359746,29.749768520000032
11005,-73.955395,40.796375,24-07-2021 15:51,0.978359746,29.749768520000032
11006,-73.95542,40.796355,24-07-2021 15:51,0.976196031,29.749768520000032
11007,-73.95544333,40.79633667,24-07-2021 15:51,0.976196031,29.749768520000032
11008,-73.95546333,40.79631667,24-07-2021 15:51,0.976196031,29.749768520000032
11009,-73.95550667,40.796285,24-07-2021 15:51,0.976196031,29.749768520000032
11010,-73.95554167,40.79624667,24-07-2021 15:52,0.978359746,29.749768520000032
11011,-73.95556,40.79622833,24-07-2021 15:52,0.978359746,29.56177742
11012,-73.95557667,40.79620667,24-07-2021 15:52,0.974032316,29.56177742
11013,-73.95560667,40.796165,24-07-2021 15:52,0.978359746,29.56177742
11014,-73.95561833,40.79614167,24-07-2021 15:52,0.978359746,29.56177742
11015,-73.95563,40.79612,24-07-2021 15:52,0.976196031,29.56177742
11016,-73.95563833,40.79609833,24-07-2021 15:52,0.976196031,29.56177742
11017,-73.95564667,40.79607333,24-07-2021 15:52,0.976196031,29.56177742
11018,-73.95566,40.79604833,24-07-2021 15:52,0.976196031,29.216557400000056
11019,-73.95567333,40.79602333,24-07-2021 15:52,0.974032316,29.216557400000056
11020,-73.955685,40.795995,24-07-2021 15:52,0.974032316,29.216557400000056
11021,-73.95569667,40.79596833,24-07-2021 15:52,0.974032316,28.201405460000046
11022,-73.9557,40.79590333,24-07-2021 15:52,0.974032316,28.201405460000046
11023,-73.95569667,40.79586667,24-07-2021 15:52,0.974032316,28.201405460000046
11024,-73.95568667,40.79583167,24-07-2021 15:52,0.976196031,28.201405460000046
11025,-73.95566667,40.7958,24-07-2021 15:52,0.976196031,28.201405460000046
11026,-73.95564833,40.79576833,24-07-2021 15:52,0.976196031,28.529535380000027
11027,-73.95561333,40.79570167,24-07-2021 15:52,0.976196031,28.39965061999999
11028,-73.95559333,40.79566667,24-07-2021 15:52,0.974032316,28.39965061999999
11029,-73.95557167,40.79563333,24-07-2021 15:52,0.974032316,28.39965061999999
11030,-73.95554667,40.79560333,24-07-2021 15:52,0.974032316,28.39965061999999
11031,-73.95551667,40.79557667,24-07-2021 15:52,0.974032316,28.39965061999999
11032,-73.95548,40.79555667,24-07-2021 15:52,0.980523461,28.39965061999999
11033,-73.95544167,40.79554167,24-07-2021 15:52,0.980523461,28.39965061999999
11034,-73.95540333,40.79552833,24-07-2021 15:52,0.976196031,28.39965061999999
11035,-73.95536833,40.795515,24-07-2021 15:52,0.976196031,28.39965061999999
11036,-73.95533333,40.79550167,24-07-2021 15:52,0.976196031,28.39965061999999
11037,-73.95529833,40.79549,24-07-2021 15:52,0.976196031,28.39965061999999
11038,-73.95526833,40.79548167,24-07-2021 15:52,0.976196031,28.70727241999998
11039,-73.95523833,40.795475,24-07-2021 15:52,0.976196031,28.70727241999998
11040,-73.95505333,40.79549667,24-07-2021 15:52,0.982687175,28.70727241999998
11041,-73.95502167,40.795505,24-07-2021 15:52,0.982687175,28.70727241999998
11042,-73.95498333,40.79551333,24-07-2021 15:52,0.982687175,28.70727241999998
11043,-73.954945,40.79552167,24-07-2021 15:52,0.98485089,28.70727241999998
11044,-73.95489833,40.79553167,24-07-2021 15:52,0.98485089,30.23170934000001
11045,-73.95485667,40.79554,24-07-2021 15:52,0.987014605,30.23170934000001
11046,-73.95477167,40.79556167,24-07-2021 15:52,0.987014605,30.23170934000001
11047,-73.95473,40.79557667,24-07-2021 15:52,0.991342035,30.23170934000001
11048,-73.95469,40.79559167,24-07-2021 15:52,0.991342035,30.23170934000001
11049,-73.95465167,40.79560833,24-07-2021 15:52,0.987014605,30.23170934000001
11050,-73.954515,40.795685,24-07-2021 15:52,0.991342035,30.55642124000002
11051,-73.95448167,40.79570167,24-07-2021 15:52,0.991342035,30.55642124000002
11052,-73.954445,40.795715,24-07-2021 15:52,0.991342035,30.57692936000001
11053,-73.95437667,40.79574833,24-07-2021 15:52,0.99350575,30.57692936000001
11054,-73.954345,40.79576667,24-07-2021 15:52,0.99350575,30.57692936000001
11055,-73.95431667,40.79578667,24-07-2021 15:52,0.995669465,30.57692936000001
11056,-73.95428667,40.795805,24-07-2021 15:52,0.995789671,30.57692936000001
11057,-73.954255,40.795815,24-07-2021 15:52,0.993625956,30.57692936000001
11058,-73.95422333,40.79582833,24-07-2021 15:52,0.993625956,30.57692936000001
11059,-73.95419167,40.79584167,24-07-2021 15:52,0.995789671,30.75466640000002
11060,-73.95416,40.79585333,24-07-2021 15:52,0.995789671,30.75466640000002
11061,-73.954125,40.79586,24-07-2021 15:52,0.993625956,30.75466640000002
11062,-73.95409333,40.79586667,24-07-2021 15:53,0.993625956,30.75466640000002
11063,-73.95403667,40.79588833,24-07-2021 15:53,0.993625956,30.75466640000002
11064,-73.95400667,40.79589667,24-07-2021 15:53,0.991462241,30.75466640000002
11065,-73.95397167,40.7959,24-07-2021 15:53,0.991462241,30.75466640000002
11066,-73.95394,40.79590667,24-07-2021 15:53,0.991462241,30.75466640000002
11067,-73.95386667,40.79591667,24-07-2021 15:53,0.991462241,30.75466640000002
11068,-73.95383333,40.79591833,24-07-2021 15:53,0.989298526,30.65212580000002
11069,-73.95380167,40.795915,24-07-2021 15:53,0.989298526,30.65212580000002
11070,-73.95377167,40.79591167,24-07-2021 15:53,0.993625956,30.65212580000002
11071,-73.95374167,40.79591167,24-07-2021 15:53,0.993625956,30.65212580000002
11072,-73.95371333,40.79591,24-07-2021 15:53,0.991462241,30.65212580000002
11073,-73.953475,40.79577,24-07-2021 15:53,0.991462241,30.52907707999998
11074,-73.95346333,40.79575167,24-07-2021 15:53,0.993625956,30.52907707999998
11075,-73.95335167,40.79558833,24-07-2021 15:53,0.993625956,30.867461059999982
11076,-73.95334667,40.79556833,24-07-2021 15:53,0.993625956,30.867461059999982
11077,-73.95334167,40.79554667,24-07-2021 15:53,0.993625956,30.867461059999982
11078,-73.95333833,40.79552667,24-07-2021 15:53,0.991462241,30.867461059999982
11079,-73.95334,40.79541667,24-07-2021 15:53,0.989298526,31.29129554000002
11080,-73.954015,40.79499667,24-07-2021 15:53,1.008892167,32.30644748000003
11081,-73.95404333,40.794985,24-07-2021 15:53,1.006728452,32.30644748000003
11082,-73.95407167,40.79497167,24-07-2021 15:53,1.006728452,32.30644748000003
11083,-73.954125,40.79494167,24-07-2021 15:53,1.006728452,32.30644748000003
11084,-73.95414833,40.79493,24-07-2021 15:53,1.006728452,32.30644748000003
11085,-73.95424167,40.79488167,24-07-2021 15:53,1.004564737,32.27568530000002
11086,-73.954315,40.79484833,24-07-2021 15:53,1.006728452,32.27568530000002
11087,-73.95435667,40.79481333,24-07-2021 15:53,1.008892167,32.27568530000002
11088,-73.95437667,40.79479833,24-07-2021 15:53,1.008892167,32.27568530000002
11089,-73.95439833,40.79478333,24-07-2021 15:53,1.002401022,32.27568530000002
11090,-73.95442333,40.79477167,24-07-2021 15:53,1.002401022,32.27568530000002
11091,-73.954445,40.794755,24-07-2021 15:53,1.006728452,32.27568530000002
11092,-73.95446667,40.79473667,24-07-2021 15:53,1.006728452,32.27568530000002
11093,-73.95448667,40.79472,24-07-2021 15:53,1.004564737,32.27568530000002
11094,-73.95450667,40.79470333,24-07-2021 15:53,1.004564737,32.27568530000002
11095,-73.95458667,40.79465167,24-07-2021 15:53,1.000237307,31.29129554000002
11096,-73.95461833,40.79461833,24-07-2021 15:53,1.000237307,31.70145794000001
11097,-73.95462667,40.79459667,24-07-2021 15:53,1.000237307,31.70145794000001
11098,-73.95463167,40.79457833,24-07-2021 15:53,1.000237307,31.70145794000001
11099,-73.95464,40.79455833,24-07-2021 15:53,0.995909877,31.70145794000001
11100,-73.95467667,40.79452333,24-07-2021 15:54,0.995909877,31.70145794000001
11101,-73.95469667,40.794505,24-07-2021 15:54,0.995909877,31.70145794000001
11102,-73.95471667,40.79448667,24-07-2021 15:54,0.995909877,31.70145794000001
11103,-73.95477333,40.79441667,24-07-2021 15:54,1.002401022,31.70145794000001
11104,-73.95478667,40.79439167,24-07-2021 15:54,1.002401022,31.70145794000001
11105,-73.95479833,40.79437,24-07-2021 15:55,0.995909877,31.70145794000001
11106,-73.95480833,40.79434833,24-07-2021 15:55,0.995909877,31.95097340000001
11107,-73.95481833,40.79432333,24-07-2021 15:55,0.995909877,31.95097340000001
11108,-73.95482833,40.7943,24-07-2021 15:55,0.996030084,31.95097340000001
11109,-73.95485167,40.79422,24-07-2021 15:55,0.991702654,31.95097340000001
11110,-73.95486,40.794195,24-07-2021 15:55,0.991702654,31.95097340000001
11111,-73.95486667,40.79417,24-07-2021 15:55,0.996030084,31.95097340000001
11112,-73.95487667,40.79414167,24-07-2021 15:55,0.996030084,31.95097340000001
11113,-73.95488667,40.79411333,24-07-2021 15:55,0.996030084,31.95097340000001
11114,-73.95489667,40.79408667,24-07-2021 15:55,0.996030084,31.80399854000001
11115,-73.954905,40.79405667,24-07-2021 15:55,0.993866369,31.80399854000001
11116,-73.954915,40.794025,24-07-2021 15:55,0.993866369,31.80399854000001
11117,-73.95493167,40.793995,24-07-2021 15:55,0.993866369,32.06376806000003
11118,-73.95495667,40.79392833,24-07-2021 15:55,0.993866369,32.06376806000003
11119,-73.95497,40.79389167,24-07-2021 15:55,0.996030084,32.06376806000003
11120,-73.95498333,40.793855,24-07-2021 15:55,0.996030084,32.06376806000003
11121,-73.954995,40.793815,24-07-2021 15:55,0.998193799,32.398734020000006
11122,-73.95500667,40.79377667,24-07-2021 15:55,0.998193799,32.398734020000006
11123,-73.955015,40.79373667,24-07-2021 15:55,0.993866369,32.398734020000006
11124,-73.955025,40.79366167,24-07-2021 15:55,0.998193799,32.398734020000006
11125,-73.95502667,40.79362667,24-07-2021 15:55,0.998193799,32.398734020000006
11126,-73.95502833,40.79358833,24-07-2021 15:55,0.993866369,32.398734020000006
11127,-73.95503167,40.79351167,24-07-2021 15:55,1.002521229,32.66533958000002
11128,-73.955035,40.79347167,24-07-2021 15:55,1.002521229,32.66533958000002
11129,-73.95504167,40.79343333,24-07-2021 15:55,1.000357514,32.66533958000002
11130,-73.95505167,40.793395,24-07-2021 15:55,1.000357514,32.66533958000002
11131,-73.95506333,40.79336,24-07-2021 15:55,1.002521229,32.66533958000002
11132,-73.95507833,40.79332667,24-07-2021 15:55,1.002521229,32.66533958000002
11133,-73.95509,40.79329,24-07-2021 15:55,1.000357514,32.66533958000002
11134,-73.95510667,40.79325833,24-07-2021 15:55,1.000357514,32.774716220000016
11135,-73.95512333,40.79322333,24-07-2021 15:55,1.002521229,32.774716220000016
11136,-73.95514,40.79318667,24-07-2021 15:56,1.002521229,32.774716220000016
11137,-73.95515167,40.79314667,24-07-2021 15:56,1.000357514,32.774716220000016
11138,-73.95516,40.79310833,24-07-2021 15:56,1.000357514,32.774716220000016
11139,-73.95516333,40.79307,24-07-2021 15:56,1.002521229,32.774716220000016
11140,-73.95516167,40.79303333,24-07-2021 15:56,1.002521229,32.774716220000016
11141,-73.95515833,40.793,24-07-2021 15:56,0.998193799,32.32695560000002
11142,-73.95515333,40.79293,24-07-2021 15:56,0.998193799,32.32695560000002
11143,-73.95514833,40.792895,24-07-2021 15:56,1.000357514,32.32695560000002
11144,-73.95514833,40.79285833,24-07-2021 15:56,1.000357514,32.32695560000002
11145,-73.95514,40.79278667,24-07-2021 15:56,0.996030084,32.32695560000002
11146,-73.95513,40.79275333,24-07-2021 15:56,1.000357514,32.32695560000002
11147,-73.95511,40.79265167,24-07-2021 15:56,0.998193799,32.05009598000004
11148,-73.95510833,40.79261833,24-07-2021 15:56,0.998193799,32.05009598000004
11149,-73.95510833,40.79258333,24-07-2021 15:56,0.998193799,32.05009598000004
11150,-73.95510833,40.79254833,24-07-2021 15:56,0.993866369,32.05009598000004
11151,-73.95510667,40.79251333,24-07-2021 15:56,0.993866369,32.05009598000004
11152,-73.95509667,40.79248333,24-07-2021 15:56,0.991702654,32.05009598000004
11153,-73.95508667,40.79245333,24-07-2021 15:56,0.991702654,31.766400320000002
11154,-73.95507833,40.79242667,24-07-2021 15:56,0.993866369,31.766400320000002
11155,-73.95508,40.79240333,24-07-2021 15:56,0.993866369,31.766400320000002
11156,-73.95508667,40.79235167,24-07-2021 15:56,0.991702654,31.766400320000002
11157,-73.95509667,40.79232667,24-07-2021 15:56,0.991702654,31.766400320000002
11158,-73.955105,40.79230167,24-07-2021 15:56,0.991702654,31.766400320000002
11159,-73.955115,40.79227667,24-07-2021 15:56,0.989538939,31.766400320000002
11160,-73.95512833,40.79225333,24-07-2021 15:56,0.989538939,31.766400320000002
11161,-73.95514667,40.79223,24-07-2021 15:56,0.987375224,31.766400320000002
11162,-73.955165,40.792205,24-07-2021 15:56,0.987375224,31.766400320000002
11163,-73.95518167,40.79218167,24-07-2021 15:56,0.989538939,31.527138920000027
11164,-73.95521167,40.79213167,24-07-2021 15:56,0.989538939,31.527138920000027
11165,-73.955225,40.79210333,24-07-2021 15:56,0.989538939,31.527138920000027
11166,-73.95524,40.792075,24-07-2021 15:56,0.989538939,31.527138920000027
11167,-73.95526167,40.79205,24-07-2021 15:56,0.987375224,31.527138920000027
11168,-73.95528,40.79202667,24-07-2021 15:56,0.987375224,31.527138920000027
11169,-73.9553,40.79200333,24-07-2021 15:56,0.987375224,31.527138920000027
11170,-73.95534167,40.79196,24-07-2021 15:56,0.987375224,31.527138920000027
11171,-73.955365,40.79193833,24-07-2021 15:56,0.987375224,31.527138920000027
11172,-73.95541833,40.7919,24-07-2021 15:56,0.985211509,31.451942480000014
11173,-73.95544667,40.79188,24-07-2021 15:56,0.987375224,31.451942480000014
11174,-73.95547167,40.79185833,24-07-2021 15:56,0.987495431,31.451942480000014
11175,-73.9555,40.79183833,24-07-2021 15:56,0.985331716,31.451942480000014
11176,-73.95552833,40.79181833,24-07-2021 15:56,0.985331716,31.451942480000014
11177,-73.95555667,40.791795,24-07-2021 15:56,0.987495431,31.451942480000014
11178,-73.955585,40.79177167,24-07-2021 15:56,0.987495431,31.451942480000014
11179,-73.955615,40.79175167,24-07-2021 15:56,0.985331716,31.451942480000014
11180,-73.95564167,40.79173,24-07-2021 15:56,0.985331716,31.451942480000014
11181,-73.95567,40.791705,24-07-2021 15:56,0.983168001,31.451942480000014
11182,-73.95572667,40.79166,24-07-2021 15:56,0.985331716,31.253697320000015
11183,-73.95575833,40.79164,24-07-2021 15:56,0.985331716,31.523720900000058
11184,-73.95579,40.79162167,24-07-2021 15:56,0.981004286,31.523720900000058
11185,-73.95581667,40.79160333,24-07-2021 15:56,0.981004286,31.523720900000058
11186,-73.95589,40.79153833,24-07-2021 15:56,0.983168001,31.523720900000058
11187,-73.95591667,40.79151667,24-07-2021 15:56,0.985331716,31.523720900000058
11188,-73.955945,40.79149833,24-07-2021 15:56,0.985331716,31.523720900000058
11189,-73.95597,40.79148,24-07-2021 15:57,0.981004286,31.523720900000058
11190,-73.95599333,40.79146333,24-07-2021 15:57,0.981004286,31.523720900000058
11191,-73.95602,40.79144833,24-07-2021 15:57,0.981004286,31.523720900000058
11192,-73.95616167,40.791375,24-07-2021 15:57,0.987615637,30.648707779999995
11193,-73.95618833,40.791355,24-07-2021 15:57,0.981124492,30.648707779999995
11194,-73.956215,40.79133167,24-07-2021 15:57,0.981124492,30.648707779999995
11195,-73.95626167,40.79128333,24-07-2021 15:57,0.987615637,30.648707779999995
11196,-73.95629,40.79126,24-07-2021 15:57,0.987615637,30.648707779999995
11197,-73.95631833,40.79123833,24-07-2021 15:57,0.987615637,30.648707779999995
11198,-73.95634667,40.79121667,24-07-2021 15:57,0.981124492,30.648707779999995
11199,-73.95639333,40.79116,24-07-2021 15:57,0.981124492,30.648707779999995
11200,-73.956415,40.79112667,24-07-2021 15:57,0.976797063,30.648707779999995
11201,-73.95643667,40.79109667,24-07-2021 15:57,0.976797063,30.423118460000012
11202,-73.95649667,40.79104167,24-07-2021 15:57,0.976797063,30.368430139999987
11203,-73.9566,40.790965,24-07-2021 15:57,0.976797063,30.368430139999987
11204,-73.95663167,40.790935,24-07-2021 15:57,0.976797063,30.368430139999987
11205,-73.95665833,40.79090167,24-07-2021 15:57,0.981124492,30.368430139999987
11206,-73.956685,40.79087333,24-07-2021 15:57,0.981124492,30.368430139999987
11207,-73.95671167,40.79084667,24-07-2021 15:57,0.976797063,30.170184980000045
11208,-73.95673833,40.79082,24-07-2021 15:57,0.976797063,30.170184980000045
11209,-73.95676333,40.79079167,24-07-2021 15:57,0.974633348,30.170184980000045
11210,-73.95678667,40.79076333,24-07-2021 15:57,0.974633348,30.170184980000045
11211,-73.95682667,40.790705,24-07-2021 15:57,0.976797063,30.026628140000014
11212,-73.95685,40.79067833,24-07-2021 15:57,0.972469633,30.026628140000014
11213,-73.956875,40.790655,24-07-2021 15:57,0.972469633,30.026628140000014
11214,-73.95689333,40.79062667,24-07-2021 15:57,0.978960778,30.026628140000014
11215,-73.95690833,40.79060167,24-07-2021 15:57,0.978960778,30.026628140000014
11216,-73.95692167,40.79057667,24-07-2021 15:57,0.978960778,29.951431700000057
11217,-73.956935,40.79055167,24-07-2021 15:57,0.978960778,29.951431700000057
11218,-73.95694667,40.79052667,24-07-2021 15:57,0.974633348,29.951431700000057
11219,-73.95695667,40.79050333,24-07-2021 15:57,0.974633348,29.951431700000057
11220,-73.95697333,40.79048167,24-07-2021 15:57,0.976797063,29.951431700000057
11221,-73.95700333,40.790435,24-07-2021 15:57,0.976797063,29.951431700000057
11222,-73.95701667,40.79041333,24-07-2021 15:57,0.976797063,29.951431700000057
11223,-73.95703833,40.79036,24-07-2021 15:57,0.972469633,29.951431700000057
11224,-73.95705,40.79033333,24-07-2021 15:57,0.972469633,29.951431700000057
11225,-73.95706333,40.79030833,24-07-2021 15:57,0.972469633,30.03346418000001
11226,-73.95709333,40.79027,24-07-2021 15:57,0.981124492,30.03346418000001
11227,-73.95711167,40.79025333,24-07-2021 15:59,0.981244699,30.03346418000001
11228,-73.95712833,40.79023667,24-07-2021 15:59,0.983408414,30.03346418000001
