,Longitude,Latitude,B01,B02,B03,B04,B05,B06,B07,B08,B8A,B11,B12
0,-73.995,40.771,1112.0,1761.0,1983.0,2101.0,1991.0,1993.5,2096.5,2198.0,2077.5,2048.0,1881.0
1,-73.995,40.772,1112.0,1418.0,1595.0,1721.5,1680.0,1720.0,1744.0,1765.5,1741.5,1841.0,1732.5
2,-73.994,40.771,1392.5,1409.0,1558.0,1782.0,1922.5,1872.5,1915.0,1922.0,1936.0,2080.5,1942.5
3,-73.994,40.772,1365.0,1411.0,1554.0,1674.0,1772.0,1817.0,1858.0,1725.0,1792.5,1904.5,1786.0
4,-73.994,40.773,1275.0,1359.5,1507.0,1617.5,1801.75,1736.25,1807.0,1757.0,1852.5,1861.0,1638.0
5,-73.993,40.771,1134.5,1077.0,1137.75,1197.5,1445.0,1448.0,1491.0,1380.0,1503.0,1656.5,1553.0
6,-73.993,40.773,996.5,840.25,959.25,893.5,1262.5,1714.0,1841.5,1583.0,1843.0,1708.5,1378.5
7,-73.993,40.774,928.5,813.0,915.0,885.5,1286.0,2255.5,2527.0,2437.0,2655.0,1804.0,1313.0
8,-73.993,40.775,797.5,1130.0,1247.0,1226.0,1019.0,971.5,979.0,1504.0,1039.5,1074.0,969.5
9,-73.992,40.77,1321.5,1277.0,1397.0,1526.0,1690.5,1803.5,1862.0,1756.0,1874.5,2058.5,1868.5
10,-73.992,40.771,1302.0,1277.0,1438.0,1480.0,1693.0,1785.0,1872.5,1796.0,1819.0,2024.0,1753.5
11,-73.992,40.774,928.5,1141.0,1230.0,1238.0,1612.0,1855.5,1809.0,1850.0,2045.5,1912.0,1584.0
12,-73.992,40.775,797.5,913.5,1116.0,1105.0,1432.5,1798.5,1802.25,1772.0,1820.0,1788.0,1495.0
13,-73.992,40.776,767.5,754.0,965.5,845.5,1375.5,2152.0,2332.0,2747.0,2392.0,1927.5,1529.5
14,-73.991,40.77,1275.5,1154.0,1307.0,1414.0,1668.0,1945.5,2015.5,1698.0,2001.5,2182.0,1912.5
15,-73.991,40.776,747.0,1117.0,1382.0,1406.0,1711.0,2007.25,2149.5,1974.0,2216.75,1927.5,1652.5
16,-73.99,40.769,1090.5,1043.0,1154.0,1231.0,1312.0,1357.5,1391.0,1436.0,1444.5,1723.5,1642.5
17,-73.99,40.77,1090.5,1072.0,1225.0,1370.0,1400.0,1449.5,1514.5,1496.0,1526.5,1868.5,1736.5
18,-73.989,40.769,1373.0,1336.0,1438.5,1645.5,1966.5,1860.0,1938.0,1754.0,1883.5,2492.5,2620.0
19,-73.989,40.77,1373.0,2094.0,2269.0,2442.0,2735.0,2732.5,2670.0,2501.0,2610.0,3514.0,3609.0
20,-73.988,40.769,1325.5,813.5,760.0,795.0,875.5,882.5,946.5,869.5,1041.0,1581.5,1567.5
21,-73.988,40.77,1193.5,1162.0,1226.0,1297.0,1229.0,1604.0,1736.5,1695.0,1758.0,1886.5,1678.5
22,-73.988,40.771,1001.0,1186.0,1365.0,1354.0,1565.0,1608.5,1714.0,1569.0,1737.0,2071.5,1795.5
23,-73.988,40.78,911.0,1316.0,1403.0,1695.0,1888.5,2056.5,2036.5,1923.0,2034.0,2127.5,2018.0
24,-73.988,40.781,823.5,910.0,1195.0,1295.0,1606.5,1771.5,1794.0,1733.0,1810.5,1856.5,1696.0
25,-73.987,40.77,1001.0,1186.0,1282.0,1354.0,1312.5,1424.5,1533.0,1559.0,1541.0,1765.5,1579.0
26,-73.987,40.771,1059.5,1183.0,1262.0,1392.0,1613.5,1683.5,1813.0,1682.0,1875.5,1931.5,1658.5
27,-73.987,40.772,1040.0,1075.0,1232.0,1295.0,1306.5,1627.0,1811.5,1656.0,1769.5,1720.5,1374.5
28,-73.987,40.781,823.5,1024.75,1162.0,1263.5,1387.25,1639.5,1830.5,1648.0,1855.25,1753.5,1439.0
29,-73.987,40.782,509.0,640.0,834.0,779.0,980.0,2032.0,2220.5,2929.0,2360.5,1659.5,1009.5
30,-73.986,40.772,1062.5,1106.5,1187.0,1195.0,1288.0,1536.0,1737.0,1760.0,1724.5,1686.0,1422.5
31,-73.986,40.773,1017.5,1086.0,1234.0,1303.0,1492.0,1840.0,2073.5,1992.0,2186.5,2111.5,1600.0
32,-73.986,40.78,1223.0,1346.0,1480.0,1552.0,1524.0,1816.5,1953.0,1876.0,1948.0,1797.5,1431.0
33,-73.986,40.781,758.5,797.0,913.5,874.0,1101.5,2115.5,2302.75,2070.0,2442.75,1880.0,1116.0
34,-73.986,40.782,502.0,676.0,761.0,716.5,1020.5,1858.0,2156.0,2465.0,2307.5,1615.0,1017.0
35,-73.986,40.783,450.0,570.0,709.5,643.5,975.0,2643.5,3140.5,3214.5,3272.5,1804.0,979.5
36,-73.986,40.784,425.0,317.5,486.0,269.0,756.5,2941.0,3928.5,3826.0,4137.5,1824.0,795.0
37,-73.985,40.773,1282.0,854.0,953.5,954.5,1038.0,1272.0,1307.5,1344.0,1398.0,1418.0,1252.0
38,-73.985,40.774,1124.5,931.0,1038.0,1099.0,1293.5,1403.0,1402.5,1480.0,1554.5,1749.0,1605.5
39,-73.985,40.775,1114.5,691.5,744.25,671.75,666.25,675.0,740.0,730.0,713.75,915.25,790.5
40,-73.985,40.78,1073.5,1288.0,1368.0,1509.0,1609.5,1640.0,1806.0,1696.0,1722.0,1842.0,1714.0
41,-73.985,40.781,643.0,741.5,806.0,817.0,984.0,1629.0,1856.5,1751.0,1942.5,1501.0,1101.5
42,-73.985,40.782,628.0,820.5,922.0,884.0,1061.5,1678.5,1945.5,1907.5,1915.5,1481.0,1048.5
43,-73.985,40.783,859.0,643.75,709.0,652.5,919.0,1689.5,2097.5,1423.0,2098.5,1468.0,1017.0
44,-73.985,40.784,447.0,408.0,585.5,435.0,883.5,2518.0,3319.0,3430.5,3374.0,1576.0,894.0
45,-73.985,40.785,530.0,475.5,599.0,445.5,938.5,2341.5,2972.5,3042.0,2977.0,1647.0,890.0
46,-73.985,40.786,769.25,1325.0,1500.0,1535.0,1687.0,2108.0,2331.0,2171.0,2366.5,2002.25,1546.0
47,-73.984,40.774,1293.5,1325.0,1352.0,1370.0,1532.0,1278.5,1453.0,1666.0,1559.5,1826.5,1627.5
48,-73.984,40.775,928.5,928.0,1061.0,1131.0,1284.5,1626.0,1724.0,1544.0,1704.0,1762.0,1549.5
49,-73.984,40.776,791.5,640.0,687.5,715.5,842.5,896.0,886.5,697.5,956.5,1183.0,1070.5
50,-73.984,40.78,935.5,1224.0,1339.0,1502.0,1520.0,1720.5,1745.5,1794.0,1789.5,1678.0,1447.5
51,-73.984,40.781,885.5,949.0,1097.0,1151.0,1269.0,1903.0,1942.0,2139.0,2096.0,1804.25,1468.0
52,-73.984,40.782,1057.5,2049.0,2240.0,2385.0,2468.0,2636.5,2793.0,2537.0,2730.5,2365.5,2157.5
53,-73.984,40.783,859.0,955.25,1040.5,1095.0,1334.5,1683.75,1781.75,1585.0,1841.75,1700.5,1244.5
54,-73.984,40.784,736.0,629.5,779.5,656.5,1131.5,1899.0,2235.0,2680.0,2438.5,1635.0,1105.0
55,-73.984,40.785,562.0,701.0,816.5,778.5,910.0,1913.5,2264.5,1909.0,2266.0,1513.0,950.0
56,-73.984,40.786,672.5,945.0,1172.0,1083.0,1436.5,2090.5,2371.5,2274.0,2449.0,1748.5,1388.5
57,-73.983,40.768,1225.0,1303.0,1499.5,1484.0,1953.0,2579.25,2728.75,2310.0,2776.0,2397.25,1868.5
58,-73.983,40.772,1670.0,1072.0,1187.0,1138.0,1337.0,2091.5,2255.0,2695.0,2422.0,1923.0,1429.0
59,-73.983,40.773,1905.5,2524.0,2760.5,3134.0,2715.5,2699.25,2865.0,3453.0,2933.25,3177.5,2394.75
60,-73.983,40.774,1744.5,2561.0,2901.0,3211.0,2934.25,3130.25,3283.25,3574.0,3344.75,3499.75,3119.75
61,-73.983,40.775,1010.0,970.0,1168.0,1209.0,1506.0,1634.0,1713.0,1799.0,1742.5,1910.5,1603.0
62,-73.983,40.776,952.5,897.0,1031.5,1067.0,1266.5,1981.5,2172.5,1997.0,2235.5,1907.5,1593.0
63,-73.983,40.781,946.0,1087.0,1085.0,1195.0,1206.0,1598.0,1728.5,1986.0,1793.0,1643.0,1295.0
64,-73.983,40.782,958.5,1054.75,1175.0,1292.0,1312.5,1719.5,1887.0,1984.0,1924.5,1798.0,1508.5
65,-73.983,40.783,1058.0,1124.0,1197.0,1407.0,1668.0,2006.0,2084.0,2016.0,2091.5,2225.5,1888.0
66,-73.983,40.784,936.5,908.5,988.0,934.0,1096.0,1452.5,1528.0,1469.0,1633.5,1380.5,1059.5
67,-73.983,40.785,715.0,710.0,812.5,741.0,1096.0,2047.5,2391.5,2353.0,2561.0,1645.25,1098.0
68,-73.982,40.768,1037.0,1075.75,1197.5,1213.5,1377.25,1770.75,1890.5,1848.0,2013.0,1686.0,1363.25
69,-73.982,40.769,993.0,1108.0,1150.0,1269.0,1496.5,1440.5,1447.5,1297.0,1460.5,1585.5,1439.0
70,-73.982,40.77,909.0,1045.5,1126.5,1022.0,1638.0,1836.0,1874.0,1667.0,1937.0,2334.5,2047.5
71,-73.982,40.771,1096.5,1341.0,1426.0,1598.5,1629.0,1841.75,1944.5,1913.0,2062.0,1818.0,1582.0
72,-73.982,40.772,998.0,1028.5,1096.0,1057.5,1228.5,1719.5,1959.0,1853.0,2080.5,1492.5,1126.5
73,-73.982,40.773,1905.5,1607.5,1778.5,1933.0,2484.0,2613.5,2784.0,2148.0,2886.5,3177.5,2394.0
74,-73.982,40.774,1971.0,1992.0,2147.0,2386.0,2932.0,3004.0,3174.5,2842.0,3145.5,3336.0,2787.0
75,-73.982,40.775,886.5,1244.0,1343.0,1436.0,1506.0,1706.0,1876.5,1801.0,1867.0,1872.5,1542.5
76,-73.982,40.776,944.0,1412.5,1605.0,1747.5,1896.5,2155.0,2319.5,2275.0,2331.0,2295.5,1965.5
77,-73.982,40.782,960.5,1159.0,1227.0,1324.0,1213.0,1524.5,1627.0,1565.0,1543.0,1768.0,1576.0
78,-73.982,40.783,1058.0,1201.0,1334.0,1447.0,1673.5,1952.0,2106.5,2156.0,2200.5,2047.5,1755.0
79,-73.982,40.784,1227.5,1234.0,1384.0,1545.5,1574.5,1942.5,2070.0,2123.0,2132.5,1987.0,1676.0
80,-73.981,40.768,806.0,1389.0,1504.0,1621.5,1610.5,1757.0,1838.0,1750.0,1930.0,1643.0,1341.0
81,-73.981,40.769,745.0,1221.0,1385.0,1453.0,1639.0,1799.5,1885.0,1893.0,1888.0,1982.5,1635.5
82,-73.981,40.77,667.0,1393.0,1623.0,1794.0,1636.75,1810.0,1965.0,2058.0,2049.5,2122.75,1809.75
83,-73.981,40.771,928.0,1306.0,1557.0,1606.0,2136.5,2579.5,2637.0,2646.0,2885.5,2790.5,2364.0
84,-73.981,40.784,1175.5,1167.5,1343.0,1425.0,1345.0,1638.0,1695.5,1894.0,1764.0,1880.0,1613.5
85,-73.981,40.787,1019.0,1815.0,1934.0,2128.0,2095.0,2275.0,2427.5,2341.0,2371.0,2505.0,2328.0
86,-73.981,40.788,825.5,976.5,1134.0,1236.0,1473.5,1928.0,2043.0,1950.0,2111.0,2047.0,1756.0
87,-73.981,40.789,975.0,1493.0,1532.0,1657.0,1670.0,1855.5,1954.5,2074.0,1956.5,2149.5,1966.0
88,-73.98,40.77,682.75,942.25,1034.75,1039.75,1389.0,1923.5,2068.5,1887.0,2074.0,1916.75,1592.5
89,-73.98,40.771,630.5,801.0,873.0,935.5,1081.5,1773.5,2174.5,1800.0,2226.5,1679.0,1339.5
90,-73.98,40.786,996.5,692.0,939.0,887.5,1489.0,1931.0,2069.5,1986.0,2026.0,1901.5,1669.0
91,-73.98,40.787,1353.5,1778.0,1761.0,1761.0,2223.0,2827.5,2958.0,2713.0,2903.5,2892.5,2551.0
92,-73.98,40.788,825.5,769.5,831.5,859.75,1254.75,1787.75,1951.75,2156.0,1923.25,1871.75,1631.5
93,-73.98,40.789,1138.5,1434.0,1576.0,1733.0,1742.0,1855.5,1983.75,2147.0,1972.75,2214.25,1986.25
94,-73.98,40.79,924.0,1268.5,1360.0,1465.0,1728.5,1955.0,2062.5,1947.0,2071.0,2114.5,1853.5
95,-73.98,40.791,1221.0,1579.0,1743.5,1839.5,1907.0,1934.5,1962.0,2104.5,1947.0,2291.5,2284.5
96,-73.979,40.771,901.5,668.0,771.5,625.5,1313.0,2084.0,2422.0,2686.0,2541.5,1920.5,1388.0
97,-73.979,40.772,469.0,526.5,683.5,647.0,834.5,2043.0,2440.0,2141.0,2679.0,1564.5,913.5
98,-73.979,40.786,848.5,944.5,1070.0,1098.0,1214.5,1342.5,1407.5,1424.0,1417.5,1566.5,1355.5
99,-73.979,40.787,996.5,645.0,722.25,758.0,1003.5,1153.0,1268.0,992.25,1272.0,1447.5,1307.5
100,-73.979,40.79,1221.0,1186.0,1297.0,1477.0,2087.0,2378.5,2243.5,1720.0,2462.5,2662.5,2569.5
101,-73.979,40.791,1542.0,2259.0,2532.0,2697.0,2831.5,3006.0,3131.0,2799.0,3034.0,3226.0,3170.0
102,-73.978,40.772,485.0,477.0,627.75,484.0,844.5,2265.5,2768.0,2954.5,2979.5,1650.5,933.0
103,-73.978,40.786,859.5,798.25,884.75,905.0,1266.25,1628.5,1768.5,1697.0,1783.5,1628.0,1355.5
104,-73.978,40.787,939.0,515.0,651.0,598.0,958.5,1378.0,1457.5,1461.0,1546.0,1335.0,1118.5
105,-73.978,40.79,1262.5,793.0,993.5,951.0,1480.5,2187.5,2380.0,2429.5,2397.5,2301.5,1994.0
106,-73.978,40.791,1342.5,1547.0,1624.0,1598.0,2064.0,2289.5,2496.5,2495.0,2576.5,2555.5,2290.5
107,-73.977,40.771,396.5,515.25,651.0,570.5,823.5,2398.25,2991.5,2719.0,3104.0,1733.0,933.0
108,-73.977,40.772,485.0,794.5,922.0,959.5,1189.5,2175.0,2406.5,2364.0,2611.5,1798.0,1299.5
109,-73.977,40.786,1390.5,1517.0,1590.5,1698.0,1686.0,1867.0,1976.75,2119.5,2060.5,2077.75,1808.5
110,-73.977,40.787,1390.5,1129.0,1246.0,1326.0,1594.0,1716.5,1872.5,1766.0,1874.0,1866.5,1621.0
111,-73.977,40.79,1298.5,1713.0,1737.0,1980.0,1610.0,1895.5,2028.0,2449.0,2105.0,2047.5,1835.0
112,-73.977,40.791,1243.0,1368.0,1454.0,1544.0,1602.0,1866.5,2021.5,1765.0,2086.25,1882.0,1686.75
113,-73.976,40.77,357.0,578.5,701.0,658.5,899.5,1960.0,2434.0,2524.0,2779.0,1596.0,962.0
114,-73.976,40.771,396.5,478.75,649.5,523.75,869.0,2343.25,2956.25,2941.0,3169.5,1640.5,865.5
115,-73.976,40.786,1521.0,1130.0,1312.0,1316.0,1608.5,2266.5,2604.5,2499.0,2588.0,2112.5,1617.5
116,-73.976,40.787,1390.5,1675.0,1816.0,1748.0,1885.0,2046.5,2215.0,2485.0,2227.0,2455.0,2170.5
117,-73.976,40.79,966.5,1003.25,1090.0,1147.0,1221.5,1323.5,1419.0,1457.5,1469.5,1615.0,1527.0
118,-73.976,40.791,1034.5,816.5,830.0,868.0,1063.0,1265.5,1135.0,1701.0,1265.0,1312.5,886.0
119,-73.975,40.77,379.0,423.0,549.0,400.75,742.0,2572.0,3360.0,3335.0,3605.0,1756.0,869.0
120,-73.975,40.771,357.0,299.0,424.5,237.5,674.5,2462.0,3221.0,3269.0,3506.0,1581.0,732.0
121,-73.975,40.786,1396.0,1208.0,1432.0,1466.0,1760.5,2170.5,2477.0,2459.5,2560.5,2550.5,2245.75
122,-73.975,40.789,1328.5,1559.0,1819.0,1989.0,2055.5,2057.0,2119.5,2263.0,2165.0,2196.0,1778.5
123,-73.975,40.79,1044.5,1183.5,1341.5,1407.0,1366.5,1788.5,1865.25,1988.5,1906.5,1692.0,1351.5
124,-73.975,40.792,1050.5,1036.5,1118.0,1228.0,1498.5,1814.5,1893.0,1677.0,1904.75,2070.5,1769.5
125,-73.975,40.793,1208.5,909.5,1035.0,1058.0,1273.5,1560.5,1486.0,1623.0,1681.0,1649.0,1409.0
126,-73.975,40.794,1144.5,1006.25,1129.5,1224.5,1303.0,1477.0,1520.0,1749.5,1672.0,1709.5,1452.5
127,-73.974,40.769,429.0,416.5,543.0,391.0,838.5,2507.0,3259.0,3463.0,3377.5,1864.0,918.0
128,-73.974,40.77,429.0,446.0,575.5,470.0,816.0,2229.5,2513.0,2809.5,2796.0,1613.0,950.0
129,-73.974,40.785,1262.5,1305.0,1424.0,1524.0,1704.0,2035.5,2254.5,2274.0,2374.0,2443.0,2246.0
130,-73.974,40.786,1255.5,1244.0,1436.0,1446.0,1689.0,1960.5,2095.75,2055.0,2186.0,2210.0,2002.5
131,-73.974,40.789,1029.0,936.0,1012.0,1120.0,1252.5,1395.5,1490.5,1493.0,1440.5,1706.0,1495.0
132,-73.974,40.79,1254.5,1637.5,1836.0,1964.0,1978.5,2125.0,2107.5,2059.0,2164.75,2037.0,1854.0
133,-73.974,40.792,1136.0,1076.0,1081.0,1204.0,1467.5,1739.0,1884.0,1843.0,1997.0,1754.0,1573.5
134,-73.974,40.793,1097.5,1031.25,1139.0,1227.5,1427.25,1496.25,1558.0,1526.0,1750.0,2005.25,1843.5
135,-73.974,40.794,1105.0,1163.0,1298.0,1401.0,1431.5,1584.0,1708.0,1872.0,1687.5,1710.0,1524.0
136,-73.974,40.795,970.0,1160.0,1373.0,1471.0,1562.0,1778.5,1929.5,2124.0,1991.5,2163.5,1831.5
137,-73.973,40.764,995.0,914.0,985.0,995.5,1121.0,1210.5,1170.0,1225.5,1207.0,1303.25,1145.25
138,-73.973,40.765,987.0,739.25,897.0,806.0,1115.5,1982.0,2298.5,2174.0,2505.5,1756.5,1219.5
139,-73.973,40.769,439.5,464.0,645.5,483.0,885.0,2342.0,2759.0,2950.0,3036.0,1719.5,978.5
140,-73.973,40.785,1334.0,1796.0,1987.0,2049.0,2474.25,2676.5,2859.5,2531.5,2746.0,3106.75,3012.5
141,-73.973,40.786,1262.5,1217.0,1357.0,1617.0,1959.0,2150.0,2048.0,2102.0,2244.5,3025.5,2888.5
142,-73.973,40.789,1234.5,1074.0,1285.0,1284.0,1598.0,1958.5,2080.5,1906.0,2056.0,2295.0,2058.0
143,-73.973,40.79,1049.75,967.75,1004.0,1048.5,1037.5,1481.75,1536.5,1681.75,1628.75,1509.25,1202.25
144,-73.973,40.791,1606.5,2080.5,2098.5,2171.0,2132.75,2271.5,2395.0,2402.5,2402.0,2774.75,2622.25
145,-73.973,40.792,1453.0,1733.0,1786.0,1855.0,2006.75,2271.5,2395.0,2313.0,2402.0,2708.0,2450.0
146,-73.973,40.795,1130.0,1253.5,1394.5,1495.0,1616.0,1704.0,1928.5,1775.0,1936.5,2073.5,1769.0
147,-73.973,40.796,1151.5,1169.0,1342.0,1344.0,1456.0,1880.5,2050.5,2142.5,2022.0,2031.0,1740.5
148,-73.972,40.764,1272.0,1843.0,1991.0,2177.0,2193.5,2177.0,2205.0,2353.0,2103.0,2372.0,1938.0
149,-73.972,40.765,980.5,589.75,764.75,647.5,1025.5,2560.0,2931.0,2992.0,2988.0,1882.5,1088.0
150,-73.972,40.766,713.0,483.0,638.0,397.5,831.5,2754.0,3377.0,3875.0,3671.5,1978.5,933.5
151,-73.972,40.767,614.0,629.25,853.75,630.25,1054.25,2936.75,3580.75,3696.5,3782.5,2145.25,1185.75
152,-73.972,40.768,504.5,501.0,701.5,553.0,1006.0,1933.5,2260.0,2660.0,2318.0,1638.5,1065.5
153,-73.972,40.769,438.0,538.5,641.0,542.0,878.5,2454.5,2943.0,3009.0,3074.5,1802.5,981.5
154,-73.972,40.784,1213.0,1188.0,1294.0,1274.0,1340.0,1692.0,1892.0,1835.0,1929.0,1899.5,1641.0
155,-73.972,40.785,1211.5,1162.0,1185.0,1275.0,1637.5,2067.0,2276.0,2181.0,2276.0,2200.0,1891.0
156,-73.972,40.789,1191.0,927.0,1089.0,1116.0,1326.0,2243.0,2533.5,2449.5,2654.5,2121.0,1504.0
157,-73.972,40.791,1532.5,1229.0,1335.5,1325.0,1524.5,2012.5,2181.5,2006.0,2147.5,1850.0,1534.5
158,-73.972,40.796,899.0,637.0,681.0,671.5,1083.5,1392.5,1520.5,1285.0,1765.5,1499.5,1132.0
159,-73.972,40.797,1104.0,955.0,987.5,1071.0,1329.5,1601.0,1737.0,1729.0,1620.5,1693.5,1373.5
160,-73.972,40.798,995.0,2358.0,2480.0,2747.0,2103.5,2371.5,2556.5,2739.0,2385.5,2442.5,2304.0
161,-73.971,40.764,970.5,1373.0,1527.0,1554.0,1665.0,1680.5,1671.5,1592.0,1746.5,1673.0,1521.5
162,-73.971,40.765,1197.0,1716.0,1960.5,2101.5,1736.5,1782.0,1895.0,2484.5,1920.5,2319.5,2026.0
163,-73.971,40.767,812.5,722.0,872.5,641.5,1152.5,3135.5,3843.5,4079.0,3898.5,2346.5,1296.0
164,-73.971,40.768,634.5,531.5,705.0,509.5,869.0,2638.5,3377.0,3369.0,3476.0,1740.5,1008.5
165,-73.971,40.769,469.0,534.5,671.0,551.5,866.5,2162.5,2625.0,2573.0,2769.5,1653.0,959.0
166,-73.971,40.784,1181.5,1592.0,1676.5,1910.0,1868.5,2146.0,2151.0,2293.0,2231.5,2500.0,2208.5
167,-73.971,40.785,1213.0,1631.0,1699.0,1955.0,2100.5,2322.0,2378.0,2408.0,2448.5,2743.5,2523.0
168,-73.971,40.788,1198.0,985.0,1127.0,1154.0,1341.0,1729.5,1816.5,1830.0,1991.0,1870.5,1523.5
169,-73.971,40.789,805.5,690.75,847.75,806.25,1111.0,2097.0,2391.0,2354.0,2505.0,1793.5,1292.0
170,-73.971,40.79,1012.0,886.5,1119.0,1068.0,1407.0,1474.0,1593.0,1638.0,1767.0,1972.0,1424.0
171,-73.971,40.791,1108.5,1162.0,1220.0,1356.0,1820.0,2082.0,2228.5,2018.0,2263.0,2124.5,1781.0
172,-73.971,40.797,995.0,367.5,458.5,476.0,621.0,1016.5,1104.5,652.0,1133.0,1268.5,1023.0
173,-73.971,40.798,1198.5,930.0,1125.0,1186.0,1666.0,1980.25,2127.25,2037.0,2194.25,2140.0,1777.25
174,-73.97,40.765,1125.5,1399.0,1503.0,1615.0,1780.25,1822.0,1958.75,1893.0,1951.0,2204.0,1910.5
175,-73.97,40.766,1125.5,1206.5,1309.5,1400.5,1556.0,1640.0,1770.5,1757.0,1762.0,1827.5,1633.0
176,-73.97,40.768,634.5,656.75,822.75,743.5,1188.0,2423.0,2881.75,2623.5,2954.75,1903.5,1250.5
177,-73.97,40.784,1066.0,1324.0,1530.0,1717.0,1743.0,1978.0,2120.5,2095.0,2144.0,2139.5,1974.0
178,-73.97,40.785,991.0,1512.0,1741.0,1872.0,1950.5,2112.5,2358.5,2222.0,2318.5,2294.0,2019.5
179,-73.97,40.788,1252.5,970.0,1200.0,1206.5,1441.0,2322.0,2562.0,2557.0,2644.75,2130.0,1784.5
180,-73.97,40.79,946.5,863.0,984.0,974.5,1042.5,1234.5,1310.0,1439.0,1502.0,1499.75,1218.0
181,-73.97,40.791,946.5,783.0,900.75,797.25,885.5,1134.0,1273.0,1566.0,1502.0,1516.0,1039.5
182,-73.97,40.794,1180.5,1249.0,1298.0,1346.0,1557.75,1670.5,1769.5,1846.5,1841.5,1919.5,1684.0
183,-73.97,40.795,1099.5,1433.0,1589.0,1668.0,1612.5,1791.0,1837.5,1939.0,1897.5,1943.0,1711.0
184,-73.969,40.765,928.5,1293.5,1418.5,1638.0,1528.25,1776.5,1852.5,2030.0,1922.0,1962.0,1709.0
185,-73.969,40.785,991.0,1060.0,1201.0,1216.0,1419.0,1987.5,2359.0,2030.0,2318.5,1848.5,1344.5
186,-73.969,40.787,1341.0,1537.5,1546.0,1464.5,2204.75,2331.5,2445.5,2356.5,2362.0,2271.0,2038.25
187,-73.969,40.788,1394.0,1507.0,1589.0,1754.0,1819.0,2262.0,2394.75,2596.5,2468.5,2448.75,2135.0
188,-73.969,40.79,964.0,866.5,1005.0,1074.0,1236.0,1825.0,2008.5,1968.0,2046.0,1817.0,1361.0
189,-73.969,40.793,1290.5,988.5,1104.0,1210.0,1400.5,1653.0,1665.5,1546.0,1789.0,2175.0,2087.5
190,-73.969,40.794,1083.0,1155.0,1306.0,1347.0,1400.5,1786.5,1931.0,2023.0,2032.0,1982.0,1749.5
191,-73.968,40.762,1005.5,1250.0,1348.5,1422.0,1303.0,1263.5,1210.5,1400.5,1244.0,1315.5,1375.5
192,-73.968,40.763,1191.0,1409.0,1522.0,1650.0,1676.25,1722.5,1658.5,1714.0,1739.5,1885.5,1803.0
193,-73.968,40.764,1080.0,1638.0,1853.0,1850.0,1924.5,2437.0,2576.75,2606.0,2586.75,2470.5,2177.5
194,-73.968,40.765,1034.5,1327.0,1450.0,1520.0,1442.0,1847.75,1974.25,2399.0,1981.0,2052.75,1733.0
195,-73.968,40.785,426.0,504.5,631.0,512.0,880.5,2595.0,3221.5,3401.0,3467.0,1853.0,1006.0
196,-73.968,40.787,1007.0,1468.0,1560.0,1421.0,1776.0,2404.0,2622.0,2131.0,2687.0,2531.0,2066.0
197,-73.968,40.789,1118.0,1028.5,1195.0,1227.0,1617.0,1952.5,2109.0,2125.0,2224.0,2072.0,1775.0
198,-73.968,40.79,1118.0,939.0,1064.0,1085.0,1528.5,2232.5,2369.0,2482.0,2484.5,2258.5,1791.5
199,-73.968,40.793,1166.5,1218.0,1343.0,1405.0,1541.0,1653.0,1795.5,1815.0,1869.5,2175.0,2087.5
200,-73.968,40.794,1290.5,4996.0,5194.0,5700.0,4516.5,4445.5,4406.5,5170.0,4299.0,4848.0,4719.0
201,-73.968,40.8,1300.0,1255.0,1349.0,1435.0,1412.0,1668.0,1725.0,1684.0,1833.5,1781.0,1406.0
202,-73.968,40.801,1157.0,1042.0,1203.0,1277.0,1412.0,1808.5,2021.5,1957.0,2041.5,1781.0,1398.0
203,-73.968,40.802,896.5,641.0,698.0,664.5,1031.5,1644.5,1758.0,1710.0,1775.5,1393.0,988.0
204,-73.968,40.803,1066.5,633.0,854.5,813.0,1010.0,1520.5,1632.5,1704.0,1574.0,1436.0,1090.5
205,-73.968,40.805,878.0,1282.0,1371.0,1482.0,1627.5,1823.5,2019.5,1897.0,1986.0,2131.5,1784.0
206,-73.968,40.806,649.5,415.25,611.5,402.5,943.0,2097.25,2466.25,3203.5,2624.0,1668.5,1052.5
207,-73.967,40.762,1208.0,1564.0,1643.0,1811.0,1887.5,1799.5,1808.5,1735.0,1820.0,1745.5,1566.5
208,-73.967,40.763,1191.0,1298.0,1375.0,1494.0,1671.5,1678.0,1814.0,1518.0,1733.0,1792.5,1579.5
209,-73.967,40.764,1216.0,1249.0,1358.0,1564.0,1788.5,2132.0,2155.0,1963.0,2044.0,2251.0,2008.5
210,-73.967,40.765,1034.5,1442.0,1585.0,1542.0,1667.0,1865.0,2033.5,2427.0,1980.75,2097.5,1937.5
211,-73.967,40.784,474.0,529.0,688.0,572.5,929.5,2539.0,3162.5,3212.0,3371.0,1838.0,1033.5
212,-73.967,40.785,428.0,431.75,556.25,421.0,838.0,2616.25,3387.75,3510.0,3610.5,1840.5,942.5
213,-73.967,40.789,889.5,1052.0,1212.0,1288.0,1329.5,1902.5,2070.0,1857.0,2260.0,1880.0,1665.0
214,-73.967,40.793,928.5,1116.5,1181.5,1301.5,1456.5,1688.0,1897.0,1513.0,1793.0,1780.0,1419.5
215,-73.967,40.794,918.0,1085.5,1128.5,1136.0,1324.0,1859.0,1991.5,2252.0,2113.0,1780.0,1284.0
216,-73.967,40.8,1607.0,1821.5,1982.0,2216.5,2304.0,2511.0,2644.5,2685.0,2621.0,2814.0,2719.5
217,-73.967,40.802,920.25,985.0,1111.75,1263.0,1257.25,1411.5,1461.75,1551.5,1500.0,1529.5,1325.5
218,-73.967,40.803,1154.0,883.0,942.5,951.5,1375.0,1530.5,1795.5,1788.0,1754.5,1575.5,1348.0
219,-73.967,40.804,1135.5,1175.0,1296.0,1424.0,1476.0,1475.5,1520.5,1655.0,1517.0,1623.0,1419.0
220,-73.967,40.806,899.75,494.5,615.5,511.5,941.0,2094.5,2409.5,2146.0,2593.0,1634.0,1052.5
221,-73.967,40.807,1051.5,617.5,705.5,637.5,1063.5,1704.5,1956.5,1769.0,2011.5,1659.5,1175.0
222,-73.967,40.808,622.0,887.5,1026.5,1041.0,1121.5,2035.5,2160.5,2125.0,2351.0,1725.0,1093.0
223,-73.966,40.761,1128.0,1425.0,1635.0,1822.0,1740.5,2079.0,2235.5,1955.0,2273.5,2296.0,2104.0
224,-73.966,40.762,1201.5,1106.0,1241.0,1400.0,1765.0,1751.0,1868.5,1543.0,1859.0,2103.0,1897.5
225,-73.966,40.784,503.0,651.5,772.0,693.75,1029.5,2610.75,3199.5,3112.0,3370.5,1981.0,1095.0
226,-73.966,40.793,918.0,719.0,897.5,762.0,1190.0,2293.5,2750.5,2905.0,2896.0,1846.5,1173.5
227,-73.966,40.794,918.0,1606.0,1862.0,1997.5,1538.75,1931.75,2155.25,2613.5,2245.25,2015.25,1635.5
228,-73.966,40.799,1167.5,1197.0,1418.0,1534.0,1437.0,2135.5,2309.5,2378.0,2533.0,2282.5,1873.5
229,-73.966,40.8,1443.5,1246.0,1383.5,1464.5,1704.0,1922.5,2070.75,2041.5,2104.0,2223.75,1990.25
230,-73.966,40.804,1268.0,1154.0,1306.0,1331.0,1515.5,1674.5,1700.5,1525.0,1717.0,1914.5,1709.0
231,-73.966,40.808,701.5,858.5,919.5,916.5,1124.5,1858.5,2094.5,1876.0,2260.0,1850.0,1285.0
232,-73.966,40.809,1211.5,1161.0,1196.0,1257.0,1778.5,2099.5,2178.0,2208.0,2260.0,2038.5,1803.0
233,-73.965,40.761,1068.5,1225.5,1368.0,1320.0,1740.5,1801.5,1967.0,1941.0,1987.5,2239.5,2179.0
234,-73.965,40.783,632.5,1101.0,1166.0,1156.0,1250.5,1979.0,2261.5,1879.0,2336.5,1682.0,1233.0
235,-73.965,40.784,639.5,756.75,891.5,811.0,1164.0,2343.5,2795.0,2775.0,2894.0,1810.25,1192.0
236,-73.965,40.792,706.5,563.0,691.0,645.5,1069.0,1757.5,2029.0,2022.0,2152.5,1634.5,1219.0
237,-73.965,40.793,688.5,729.5,812.5,780.5,1272.5,2039.5,2289.0,2294.0,2375.5,2027.5,1613.75
238,-73.965,40.799,1181.5,1050.0,1398.0,1394.0,1744.0,2267.5,2405.0,2537.0,2523.5,2440.5,1740.5
239,-73.965,40.8,1167.5,3104.0,3183.0,3357.0,2872.0,2980.0,3162.5,3574.0,3117.5,3262.0,3250.0
240,-73.965,40.808,1211.5,1366.0,1524.0,1622.0,1885.0,1950.0,2077.0,1861.0,2113.5,2122.5,1864.0
241,-73.965,40.809,1211.5,1294.0,1544.0,1622.0,1827.5,2160.5,2339.0,2155.0,2355.5,2125.0,1827.5
242,-73.964,40.76,856.5,899.5,1100.0,1153.0,1292.5,1415.0,1494.0,1475.0,1559.0,1651.5,1501.0
243,-73.964,40.761,804.5,634.5,803.5,730.5,944.0,1856.0,1944.0,1768.0,1983.5,1568.0,1030.0
244,-73.964,40.782,371.5,390.5,484.0,317.25,731.5,2637.0,3425.0,3487.5,3630.0,1710.5,833.5
245,-73.964,40.783,548.5,657.0,840.25,754.25,1032.0,2433.0,2893.5,2675.0,2904.5,1826.0,1074.5
246,-73.964,40.784,566.5,476.0,588.25,459.0,828.5,2442.0,2966.0,2971.0,3118.5,1697.5,936.5
247,-73.964,40.792,481.5,413.0,592.0,402.5,802.0,2216.5,2487.0,2774.0,2705.5,1651.0,876.0
248,-73.964,40.793,706.5,779.0,872.0,857.5,1300.5,2216.5,2487.0,2488.0,2705.5,2291.0,1810.0
249,-73.964,40.799,1554.0,1299.0,1390.0,1415.0,2143.0,2561.5,2538.5,2266.0,2698.0,2816.5,2531.5
250,-73.964,40.803,1000.0,1320.0,1458.0,1601.0,1725.5,2128.0,2511.5,2302.0,2475.0,2198.5,1862.5
251,-73.964,40.808,1177.5,1094.0,1253.5,1339.5,1656.5,1729.0,1863.0,1827.0,1938.5,1943.5,1707.0
252,-73.964,40.809,1058.5,623.5,863.0,771.0,1209.5,1983.0,2231.0,2251.0,2293.0,1690.5,1267.5
253,-73.963,40.76,928.0,745.0,897.5,866.5,1091.5,1588.0,1790.5,1745.0,1833.0,1476.5,1172.5
254,-73.963,40.781,395.0,393.0,581.5,397.5,841.0,2580.0,3164.0,3110.0,3280.5,1681.0,921.0
255,-73.963,40.782,398.0,419.5,552.5,412.5,783.5,2544.5,3214.5,3282.0,3393.5,1846.0,935.5
256,-73.963,40.783,427.5,468.75,596.5,511.75,920.25,2265.5,2816.0,2623.5,2889.25,1799.5,1069.25
257,-73.963,40.791,433.0,822.75,969.75,979.0,1028.75,2181.5,2616.5,2492.0,2802.25,1761.25,1077.5
258,-73.963,40.792,440.5,406.0,565.0,387.0,831.5,2472.0,3143.0,3110.0,3258.5,1764.5,880.0
259,-73.963,40.798,1959.0,1462.5,1619.0,1665.0,2671.5,2805.5,2964.5,2493.5,2887.0,3492.5,3330.5
260,-73.963,40.799,1834.0,1235.0,1359.0,1387.0,1916.0,2215.5,2416.5,2319.0,2386.5,2585.5,2323.0
261,-73.963,40.802,721.0,857.0,1036.25,1022.5,1189.5,1891.0,2049.5,2158.5,2068.5,1588.5,1179.5
262,-73.963,40.803,721.0,866.0,1012.75,1006.75,1279.5,1832.25,2023.25,2033.0,2027.75,1667.0,1234.0
263,-73.963,40.808,1058.5,710.5,852.25,739.25,839.0,1630.0,1766.5,1247.0,1872.5,1413.0,1003.75
264,-73.963,40.809,1058.5,797.5,966.5,919.0,1209.5,1983.0,2231.0,2096.0,2293.0,1690.5,1222.5
265,-73.963,40.81,1175.5,628.5,841.5,663.5,1459.5,2316.0,2533.5,2443.0,2556.5,2110.5,1562.0
266,-73.962,40.759,895.5,681.5,781.0,877.0,968.0,1074.0,971.0,989.5,1088.5,1159.0,1010.5
267,-73.962,40.76,1020.0,1103.5,1238.5,1402.0,1512.0,1525.5,1424.0,1524.0,1610.0,1499.5,1381.0
268,-73.962,40.78,978.0,1298.0,1400.0,1593.0,1576.5,2374.5,2727.0,2751.0,2726.5,2064.0,1529.0
269,-73.962,40.781,601.0,774.0,993.5,1070.5,1425.0,2369.0,2767.75,2772.0,2894.5,2043.0,1467.0
270,-73.962,40.791,376.0,430.5,608.0,467.5,791.0,2267.5,2929.5,2666.0,3096.0,1668.5,922.0
271,-73.962,40.792,419.5,564.0,717.5,602.0,838.5,2103.0,2603.0,2203.0,2686.0,1695.0,958.5
272,-73.962,40.798,1489.25,1279.5,1384.5,1527.0,2157.0,2363.0,2564.5,2322.0,2508.0,2449.5,2197.5
273,-73.962,40.802,1089.0,1298.0,1499.0,1652.0,1818.0,2029.0,2284.0,2243.0,2372.0,2372.0,2144.0
274,-73.962,40.81,1156.0,887.5,879.5,921.0,1148.5,1327.5,1372.0,1223.0,1418.5,1549.0,1266.0
275,-73.962,40.811,904.5,1219.0,1306.0,1449.0,1523.0,1689.0,1633.0,1584.0,1711.5,1620.5,1443.0
276,-73.961,40.759,1086.5,850.5,1068.0,1142.0,1328.5,1649.5,1665.5,1708.0,1804.0,1548.5,1265.0
277,-73.961,40.76,895.5,1534.0,1706.0,1908.0,1765.0,1756.5,1846.5,1856.0,1769.5,1685.5,1410.5
278,-73.961,40.772,943.5,1256.0,1415.0,1530.0,1821.5,1865.0,2024.5,1813.0,1873.5,2031.5,1952.5
279,-73.961,40.773,1062.5,1151.0,1371.0,1621.0,1605.75,1754.75,1770.0,1781.0,1739.75,1963.75,1743.5
280,-73.961,40.78,919.0,1113.0,1179.0,1249.0,1388.5,1665.5,1751.0,1888.0,1805.0,1758.0,1360.5
281,-73.961,40.781,978.0,730.0,993.5,1070.5,1518.5,2263.5,2446.5,2410.0,2617.0,2207.5,1681.0
282,-73.961,40.79,561.0,361.5,513.5,325.5,933.0,2950.0,3682.5,3467.0,3924.5,1928.0,1054.0
283,-73.961,40.791,336.0,372.5,544.25,385.0,803.75,2363.75,2982.5,2961.5,3240.5,1614.0,841.25
284,-73.961,40.797,889.5,1228.0,1301.0,1348.0,2211.5,2449.0,2624.5,2547.0,2488.5,2414.5,2248.5
285,-73.961,40.798,936.5,869.5,1018.0,1031.0,1271.0,1849.0,2048.0,1892.0,2101.5,1650.5,1283.5
286,-73.961,40.801,1043.0,1074.0,1241.0,1361.0,1237.5,2031.0,2450.5,1898.0,2623.0,1806.5,1220.5
287,-73.961,40.802,1043.0,790.5,1047.0,974.0,1472.5,2325.5,2639.5,2707.0,2706.5,2053.0,1440.5
288,-73.961,40.81,1096.5,1053.5,1220.0,1276.0,1370.75,1517.75,1569.0,1488.5,1608.0,1642.5,1467.0
289,-73.96,40.759,1329.0,1376.0,1498.0,1537.0,2705.0,2809.5,2744.5,2502.0,2709.0,2518.5,1916.5
290,-73.96,40.773,929.0,995.0,1079.0,1233.0,1322.5,1411.5,1432.5,1347.0,1330.5,1617.5,1524.5
291,-73.96,40.774,1179.5,1211.0,1274.0,1447.0,1693.25,1645.5,1694.5,1686.0,1827.0,2083.0,1804.0
292,-73.96,40.78,876.0,1195.0,1352.0,1502.0,1594.5,1735.75,1800.0,1733.5,1827.0,1710.5,1491.0
293,-73.96,40.781,864.0,1014.0,1054.5,971.5,1115.5,1173.5,1166.0,1135.0,1208.0,1411.0,1305.0
294,-73.96,40.79,414.5,577.25,773.75,640.25,967.0,2567.0,3104.5,2806.5,3361.5,1855.0,1044.5
295,-73.96,40.791,462.5,477.0,722.0,544.5,892.0,2537.5,3133.5,2992.0,3355.5,1759.5,944.5
296,-73.96,40.797,889.5,957.5,1244.0,1187.0,1542.0,1910.0,2176.0,2000.0,2194.0,1893.5,1500.5
297,-73.96,40.798,936.5,936.5,1121.0,1122.0,1312.5,1849.0,2048.0,2105.0,2111.5,1683.0,1348.0
298,-73.96,40.799,975.0,1948.0,2051.0,2174.0,2358.0,2344.0,2534.0,2453.0,2514.0,2813.5,2649.0
299,-73.96,40.801,703.5,795.0,932.5,951.5,1163.0,2065.5,2452.0,2482.0,2615.0,1805.5,1143.5
300,-73.96,40.802,703.5,345.0,514.0,366.0,779.5,2367.5,2952.0,3212.0,3206.0,1642.75,909.5
301,-73.96,40.809,913.0,968.0,1074.0,1198.0,1372.0,1657.0,1687.5,1644.0,1710.0,1767.5,1542.0
302,-73.96,40.81,913.0,1025.75,1184.0,1339.0,1365.25,1580.5,1690.5,1788.5,1755.5,1764.5,1586.5
303,-73.96,40.817,1279.5,1237.0,1467.0,1569.0,1767.5,1920.5,1976.5,1868.0,1964.0,2067.0,1914.5
304,-73.96,40.818,1785.5,1913.0,2120.5,2413.5,2541.5,2527.5,2514.5,2482.0,2541.5,2633.0,2475.5
305,-73.96,40.819,1050.5,1008.5,1111.5,1194.0,1507.5,1498.5,1504.0,1237.0,1440.5,1772.0,1776.0
306,-73.96,40.82,908.5,921.5,1105.0,1164.0,1241.0,1205.5,1228.5,1283.0,1182.5,1657.0,1544.0
307,-73.959,40.759,890.5,865.0,936.5,1041.0,1216.0,1418.5,1333.5,1181.0,1401.0,1440.5,1226.5
308,-73.959,40.76,995.5,1146.0,1170.0,1303.0,1464.0,1646.0,1790.5,1665.0,1771.0,1830.0,1499.0
309,-73.959,40.764,1072.5,957.5,1016.0,1161.0,1145.25,1257.0,1294.5,1301.0,1263.5,1611.0,1458.5
310,-73.959,40.774,1084.5,1284.0,1370.0,1474.5,1628.0,1706.5,1676.5,1693.0,1732.0,1956.25,1712.75
311,-73.959,40.775,965.0,1186.0,1313.0,1480.0,1670.0,1794.5,1840.0,1742.0,1793.0,1889.0,1726.5
312,-73.959,40.78,864.0,1072.0,1151.0,1277.0,1270.0,1267.5,1423.5,1451.0,1433.5,1528.5,1375.5
313,-73.959,40.781,993.5,1076.0,1240.0,1360.0,1585.5,1636.0,1639.0,1645.0,1726.0,1725.5,1495.0
314,-73.959,40.782,980.0,843.0,1010.5,1045.0,1195.5,1577.5,1698.0,1645.0,1745.5,1746.0,1489.0
315,-73.959,40.79,396.0,503.0,673.5,541.5,889.0,2460.5,2956.0,3243.0,3211.0,1807.5,971.5
316,-73.959,40.799,1615.0,1483.0,1657.0,1703.0,1599.5,2090.5,2534.0,2220.0,2514.0,2276.5,2064.5
317,-73.959,40.8,846.0,1254.0,1380.0,1507.0,1829.5,1996.0,2035.0,2157.0,2184.5,2172.5,1810.5
318,-73.959,40.809,970.0,1238.0,1385.0,1538.5,1565.5,1887.5,1955.0,1927.0,1982.5,1895.0,1546.0
319,-73.959,40.81,1119.0,965.5,1107.0,1164.0,1386.5,1678.5,1744.0,1705.5,1833.0,1635.0,1341.0
320,-73.959,40.816,1616.0,1364.0,1503.0,1754.0,1890.5,1938.0,1933.0,1892.0,1961.0,2204.0,1949.5
321,-73.959,40.817,1666.0,1405.0,1563.0,1699.0,2287.5,2285.0,2314.0,1940.0,2409.5,2417.0,2232.0
322,-73.959,40.819,1050.5,1150.0,1261.0,1426.0,1431.5,1342.5,1403.5,1442.0,1343.0,1657.0,1636.5
323,-73.959,40.82,1158.0,1071.0,1321.0,1576.0,1722.5,1643.5,1658.5,1481.0,1667.5,1961.5,1798.5
324,-73.959,40.821,1337.5,1107.0,1264.0,1358.0,1633.0,1678.5,1673.0,1420.0,1644.5,1867.5,1853.0
325,-73.958,40.76,877.5,730.25,769.5,854.5,1082.0,1117.5,1168.0,864.5,1092.0,1459.5,1175.0
326,-73.958,40.761,779.0,704.0,829.5,839.0,1032.0,1356.0,1544.0,1485.0,1506.5,1354.0,1073.5
327,-73.958,40.762,939.0,993.5,1024.0,1153.0,1040.0,1647.0,1594.5,1632.0,1696.5,1362.0,1055.0
328,-73.958,40.763,1230.5,1167.0,1247.5,1345.0,1848.25,2155.0,2443.5,1852.5,2492.25,2284.25,1862.0
329,-73.958,40.764,1072.5,826.0,942.5,1071.0,1226.0,1429.5,1601.5,1564.0,1730.5,1860.0,1565.5
330,-73.958,40.765,893.5,916.5,1161.0,1149.5,1373.0,1753.0,1784.5,1668.0,1858.0,1785.0,1384.0
331,-73.958,40.766,1164.5,978.0,1023.5,1063.0,1551.0,1488.0,1656.0,1424.0,1502.5,1884.0,1950.0
332,-73.958,40.774,885.5,1196.0,1309.0,1477.0,1416.0,1625.0,1886.0,2010.0,1918.5,1586.0,1340.5
333,-73.958,40.775,896.0,984.0,1171.5,1223.0,1459.5,1640.5,1681.0,1962.5,1700.0,1711.5,1478.0
334,-73.958,40.777,1169.5,1301.0,1453.0,1615.0,1431.5,1574.0,1570.5,1657.0,1579.5,1738.5,1630.0
335,-73.958,40.781,1025.5,1173.0,1257.0,1347.0,1522.5,1636.0,1770.5,1496.0,1741.0,1864.0,1638.0
336,-73.958,40.782,971.5,1071.0,1147.0,1300.0,1377.0,1592.5,1688.5,1749.0,1754.5,1757.5,1528.0
337,-73.958,40.783,971.5,1528.0,1676.0,1865.0,2070.0,2096.75,2208.5,2177.0,2255.75,2305.75,1992.25
338,-73.958,40.789,549.0,799.0,933.0,896.5,1140.5,2525.0,2909.0,2887.0,3138.0,1883.5,1221.5
339,-73.958,40.79,488.0,687.0,860.5,797.75,1136.0,2949.5,3582.0,3772.5,3937.0,2103.5,1178.5
340,-73.958,40.8,1127.5,1435.0,1512.0,1691.0,1914.0,2087.0,2210.5,1932.0,2232.0,2374.5,2144.0
341,-73.958,40.801,1127.5,1215.0,1540.0,1691.0,2209.5,2300.5,2353.0,2351.0,2343.0,2553.5,2277.0
342,-73.958,40.805,1268.0,1019.5,1108.5,1137.0,1507.5,1772.0,2123.5,1947.0,2121.5,2174.5,1850.0
343,-73.958,40.806,561.0,862.0,1042.0,1010.0,1179.5,2232.0,2561.25,2411.0,2762.5,1794.5,1224.5
344,-73.958,40.807,473.5,865.5,1099.0,1016.5,1170.0,2200.0,2500.5,2644.0,2693.0,1804.5,1234.5
345,-73.958,40.81,1190.5,626.5,709.5,716.0,1045.0,1314.0,1312.0,1142.25,1455.0,1565.5,1332.5
346,-73.958,40.811,1346.0,1131.0,1233.0,1399.0,1716.0,2143.0,2294.0,2190.0,2322.5,2110.0,1783.5
347,-73.958,40.812,1318.0,962.0,1139.0,1136.0,1002.0,1950.5,2273.5,1807.0,2291.0,1750.5,1187.0
348,-73.958,40.814,1333.5,794.0,973.75,912.75,1300.5,2606.75,2985.5,2935.0,3090.25,2134.75,1544.75
349,-73.958,40.815,1498.5,1694.0,1772.0,1935.0,2062.0,2243.0,2350.25,2249.0,2473.0,2458.0,2342.0
350,-73.958,40.816,1174.0,996.5,1048.0,1329.0,1452.0,1547.0,1586.5,1604.0,1573.0,1847.5,1660.5
351,-73.958,40.817,1405.5,815.5,967.0,997.0,1139.5,1489.25,1628.25,1330.5,1682.25,1455.0,1114.5
352,-73.958,40.821,1007.5,1130.0,1305.0,1467.0,1585.0,1569.5,1598.0,1531.0,1595.5,1750.0,1682.0
353,-73.958,40.822,1007.5,1440.0,1580.0,1669.0,1875.0,1878.5,1890.5,2072.0,1980.5,2303.5,2177.5
354,-73.957,40.761,939.0,673.0,815.5,744.0,1030.0,1647.5,1797.5,2048.0,1937.0,1443.0,1064.5
355,-73.957,40.762,884.5,667.0,774.0,702.25,1221.5,1852.5,1966.5,1994.0,2060.0,1523.0,1037.0
356,-73.957,40.763,973.0,946.0,1065.5,1139.0,1239.0,1688.0,1656.0,1591.0,1783.0,1519.5,1283.5
357,-73.957,40.764,1127.5,1072.0,1294.0,1303.0,1871.5,2137.25,2112.5,2346.0,2246.25,2110.25,1697.5
358,-73.957,40.765,1164.5,790.5,784.5,955.5,1747.5,1597.0,1539.0,1016.0,1576.0,1955.5,1915.0
359,-73.957,40.766,1023.5,1149.0,1235.5,1320.0,1315.0,1681.25,1708.5,1519.0,1753.5,1788.0,1657.0
360,-73.957,40.767,1301.0,1149.0,1194.0,1247.0,1313.0,1512.5,1693.0,1874.0,1595.0,1491.0,1277.5
361,-73.957,40.774,890.5,889.0,986.5,1088.0,1206.5,1522.0,1562.5,1601.0,1641.0,1524.5,1239.0
362,-73.957,40.775,902.25,1375.5,1579.5,1610.0,1491.75,1787.75,1919.5,2087.0,2002.75,1828.5,1553.5
363,-73.957,40.776,1292.5,1197.25,1327.5,1443.0,2030.75,2357.25,2485.25,2337.0,2497.5,2422.0,2178.0
364,-73.957,40.777,1292.5,1197.0,1274.0,1513.0,1591.5,1962.5,2184.5,1992.0,2208.5,1945.5,1630.0
365,-73.957,40.778,1100.0,1361.0,1422.0,1531.0,1587.5,1756.5,1858.5,1824.0,1843.5,2055.0,1907.5
366,-73.957,40.779,1105.5,1279.5,1346.0,1422.5,2386.0,2252.0,2340.0,1834.5,2253.5,2676.5,2601.0
367,-73.957,40.783,931.5,863.5,940.5,956.5,975.75,1032.0,1144.25,1233.0,1165.25,1307.25,1138.0
368,-73.957,40.784,1062.0,840.25,911.75,1019.0,1108.0,1168.75,1259.75,1225.5,1277.75,1432.5,1324.75
369,-73.957,40.789,454.5,574.0,738.5,610.5,970.5,2525.5,3018.5,3088.0,3138.0,1863.5,1062.5
370,-73.957,40.79,462.5,506.5,725.5,501.0,999.0,2612.0,3111.5,3489.0,3446.5,1925.0,1072.5
371,-73.957,40.791,354.5,352.5,519.5,310.5,834.5,2549.0,3085.0,3165.0,3240.0,1818.5,908.5
372,-73.957,40.805,1235.0,1144.0,1252.0,1334.0,1714.0,1928.0,2123.5,1995.0,2169.5,2199.0,1889.5
373,-73.957,40.807,773.0,628.0,804.5,756.75,1084.5,2128.0,2448.0,2218.0,2623.5,1660.5,1127.0
374,-73.957,40.808,627.0,508.75,676.0,522.0,958.0,2366.75,2845.75,3001.5,3036.75,1841.5,1135.5
375,-73.957,40.811,1318.0,701.5,951.5,865.5,1002.0,1950.5,2273.5,2321.0,2291.0,1750.5,1187.0
376,-73.957,40.812,1441.5,1147.0,1265.0,1375.0,1665.0,2106.0,2193.5,2119.0,2364.0,2122.5,1680.0
377,-73.957,40.813,1004.0,675.0,836.5,799.0,1126.0,2016.5,2432.5,2128.0,2510.5,1694.5,1134.0
378,-73.957,40.814,1048.0,702.75,810.0,764.0,1169.0,1786.0,1969.5,2221.0,2065.5,1750.5,1388.0
379,-73.957,40.815,1266.0,1197.0,1306.0,1372.0,1705.5,2164.5,2269.5,2086.0,2217.5,2214.5,1994.0
380,-73.957,40.816,1262.0,810.0,974.5,990.0,1447.75,1925.0,2141.5,2238.0,2162.5,1975.5,1578.5
381,-73.957,40.817,1026.5,798.0,886.0,1004.0,1048.0,1310.5,1457.5,1304.0,1467.5,1393.0,1036.5
382,-73.957,40.818,1266.0,1046.5,1184.0,1326.0,1516.5,1498.0,1561.0,1433.0,1531.0,1737.5,1558.5
383,-73.957,40.822,864.0,1052.0,1203.0,1337.0,1777.5,1918.0,2086.0,1982.0,2101.5,2080.0,1946.0
384,-73.957,40.823,569.0,674.5,853.0,878.5,1125.5,1810.5,1893.0,1933.0,2166.5,1710.5,1299.5
385,-73.956,40.763,681.5,943.0,1119.0,1084.0,1286.5,1771.5,1845.0,1812.0,2131.5,1519.5,1180.0
386,-73.956,40.767,1215.0,1221.0,1375.0,1450.0,1457.5,1699.5,1559.5,1559.0,1763.5,1839.5,1509.5
387,-73.956,40.768,1308.5,1070.0,1124.5,1248.0,1407.5,1565.0,1533.0,1393.0,1533.5,1664.5,1511.0
388,-73.956,40.769,1531.5,1370.0,1502.0,1579.0,1919.0,2105.0,2165.0,1901.0,2194.0,2408.5,2227.5
389,-73.956,40.773,926.0,1589.0,1762.0,1952.0,1785.5,1989.5,2066.0,2156.0,2023.0,2154.5,1956.5
390,-73.956,40.774,726.0,809.5,920.0,992.75,1194.0,1656.0,1869.5,1819.0,1852.5,1738.5,1396.0
391,-73.956,40.776,1153.0,1253.0,1465.0,1495.0,1669.0,1832.5,1875.0,2123.0,1980.0,2189.5,2007.75
392,-73.956,40.777,1153.0,1197.0,1256.0,1371.0,1572.0,1843.0,1947.0,1993.0,1938.0,2036.5,1914.5
393,-73.956,40.778,1170.5,1790.0,1907.0,2071.0,1628.0,1554.5,1628.0,2124.0,1645.5,1852.5,1775.5
394,-73.956,40.779,1156.5,1244.0,1407.0,1477.0,1737.5,1848.5,1854.5,1631.0,1672.5,2102.0,1998.0
395,-73.956,40.78,1093.25,1316.0,1476.5,1603.0,1459.5,1561.0,1637.5,1962.0,1656.0,1934.0,1813.5
396,-73.956,40.783,927.5,946.5,1129.0,1251.0,1368.5,1771.0,1881.5,2028.0,2012.0,1825.5,1506.0
397,-73.956,40.789,439.5,451.0,575.0,461.5,860.5,2500.5,3153.0,3076.0,3398.0,1834.5,1026.0
398,-73.956,40.791,426.5,546.0,760.25,615.0,1038.0,2609.5,3215.5,3438.0,3637.0,2149.0,1164.0
399,-73.956,40.792,476.5,475.5,658.5,479.5,972.5,2756.5,3289.0,3136.0,3488.5,1960.5,1068.0
400,-73.956,40.795,300.5,373.0,509.75,316.5,767.25,2646.0,3292.5,3653.5,3557.5,1800.75,919.75
401,-73.956,40.796,323.5,432.75,558.0,432.5,763.5,2527.5,3109.5,3406.0,3264.5,1788.0,882.0
402,-73.956,40.804,1076.0,1173.0,1317.0,1464.0,1418.0,1559.5,1622.0,1575.0,1639.5,1661.0,1448.5
403,-73.956,40.805,1235.0,948.5,1113.0,1161.0,1414.5,2034.0,2198.0,1890.0,2250.0,2013.5,1663.0
404,-73.956,40.808,638.0,861.5,966.5,982.0,1196.0,2222.0,2580.0,2365.0,2681.5,1864.0,1315.5
405,-73.956,40.809,1026.5,891.5,1058.0,1121.0,1234.5,2114.0,2427.0,1943.0,2570.0,1861.5,1437.5
406,-73.956,40.812,942.0,713.5,826.5,857.5,1657.5,2948.0,3247.5,3259.0,3459.5,2259.5,1307.0
407,-73.956,40.813,942.0,911.0,992.5,1021.5,1202.0,1876.5,1966.5,1905.0,2083.5,1710.5,1416.0
408,-73.956,40.814,1278.0,1250.0,1374.0,1508.0,1622.5,1786.0,1838.5,1761.0,1923.5,1936.5,1722.0
409,-73.956,40.815,1131.0,911.5,1052.0,1072.5,1330.5,1989.5,2265.5,2083.0,2284.0,2029.5,1545.5
410,-73.956,40.818,1157.0,1060.5,1168.0,1340.0,1516.5,1498.0,1561.0,1445.0,1518.0,1737.5,1558.5
411,-73.956,40.819,1100.75,954.5,1051.25,1159.0,1298.5,1375.5,1455.5,1356.5,1478.5,1579.0,1397.0
412,-73.956,40.822,1241.0,1513.0,1462.0,1652.0,1407.0,1604.5,1652.0,1891.0,1719.5,1756.0,1420.5
413,-73.956,40.823,635.5,901.5,1072.0,1038.0,1327.5,1849.0,2112.0,2026.0,2186.5,1797.0,1345.5
414,-73.955,40.768,1531.5,1491.0,1502.0,1605.0,1943.0,2105.0,2165.0,1901.0,2194.0,2408.5,2246.5
415,-73.955,40.769,1337.0,1388.5,1453.0,1577.5,1876.75,1877.5,1922.5,1788.0,1970.5,2299.0,2246.5
416,-73.955,40.773,856.0,1175.0,1291.0,1394.0,1577.0,1708.5,1807.5,1952.0,1812.0,1791.5,1496.5
417,-73.955,40.774,926.0,967.5,1108.0,1202.0,1299.5,1587.5,1682.5,1687.0,1758.5,1715.5,1515.5
418,-73.955,40.776,1419.0,1546.0,1670.0,1839.0,2282.5,2259.0,2342.5,2022.0,2327.5,2669.0,2540.5
419,-73.955,40.779,1137.0,885.5,954.0,1116.0,1510.0,1495.5,1502.5,1128.0,1442.0,1801.5,1681.5
420,-73.955,40.78,1014.0,1109.0,1202.0,1295.0,1420.0,1445.0,1525.0,1721.0,1578.5,1837.5,1741.0
421,-73.955,40.781,1088.5,1055.5,1097.5,1241.0,1500.0,1517.5,1517.5,1493.0,1560.0,2082.0,1960.5
422,-73.955,40.782,1125.5,796.5,918.0,890.5,1139.5,1862.0,2030.5,2378.0,2030.5,1713.0,1323.0
423,-73.955,40.783,917.0,1101.0,1261.0,1323.0,1353.0,1663.5,1845.0,1913.0,1905.5,1860.5,1563.5
424,-73.955,40.787,1173.5,1123.0,1348.0,1507.0,1649.0,1928.5,2172.5,2028.0,2067.0,1999.0,1665.0
425,-73.955,40.788,1117.5,1018.0,1118.5,1185.5,1505.5,2030.0,2198.5,2400.0,2249.5,1963.5,1574.0
426,-73.955,40.789,683.0,858.0,919.5,883.5,1062.5,2131.0,2240.0,2537.0,2249.5,1844.5,1142.5
427,-73.955,40.792,459.5,519.0,723.5,592.5,923.5,2375.5,2788.5,3033.0,3013.5,1903.0,1094.0
428,-73.955,40.793,532.5,631.5,797.0,748.0,1087.0,2278.0,2756.0,2739.0,2903.0,1826.0,1143.0
429,-73.955,40.794,455.0,707.0,877.5,821.0,1167.5,2361.5,2815.5,2908.0,2946.5,1942.0,1204.0
430,-73.955,40.795,461.5,360.5,496.5,333.5,782.0,2668.0,3396.0,3423.0,3623.5,1856.0,936.0
431,-73.955,40.796,500.5,505.5,642.0,472.0,826.0,2533.0,3191.5,3182.0,3444.0,1892.0,1023.5
432,-73.955,40.797,626.0,428.5,545.0,424.5,800.0,2647.0,3194.0,3195.0,3409.0,1824.5,978.0
433,-73.955,40.798,370.0,305.5,476.0,261.5,717.0,3011.0,3882.5,4091.0,4159.0,1881.5,871.5
434,-73.955,40.799,699.5,701.5,837.5,755.0,992.5,2205.5,2606.5,2416.0,2770.5,1709.5,1040.5
435,-73.955,40.804,1076.0,1163.0,1241.0,1379.0,1487.0,1568.0,1622.0,1581.0,1639.5,1758.0,1543.0
436,-73.955,40.805,1126.5,1304.0,1398.0,1519.0,2021.0,2102.5,2159.5,1890.0,2207.0,2164.0,1881.5
437,-73.955,40.809,1026.5,953.75,1086.5,1119.5,1251.0,1944.0,2054.25,1612.5,2099.75,1747.25,1363.0
438,-73.955,40.81,973.5,888.0,1003.5,996.0,1428.0,1749.5,1820.0,1756.0,1842.5,1712.0,1329.0
439,-73.955,40.811,495.0,522.5,687.5,575.5,1067.25,2212.0,2452.5,2475.0,2709.5,1683.5,1159.5
440,-73.955,40.812,882.0,730.25,792.25,795.0,1067.75,1499.0,1647.5,1876.0,1728.0,1603.5,1293.5
441,-73.955,40.818,1259.5,1287.5,1466.0,1554.0,1740.0,1808.25,1953.0,1830.0,1949.75,2006.5,1806.5
442,-73.955,40.819,1086.5,1790.0,1868.0,2056.0,1926.5,1865.5,1908.0,2007.0,1925.5,1911.0,1804.0
443,-73.955,40.822,1472.5,1120.25,1296.5,1277.5,1691.0,2429.5,2680.75,2779.0,2761.25,2371.5,1944.0
444,-73.955,40.823,1241.0,1118.0,1264.0,1334.0,1417.5,1785.5,1958.0,2022.0,2001.0,1938.0,1681.0
445,-73.954,40.768,1384.5,1419.0,1504.0,1525.0,1830.0,2038.5,2101.5,1843.0,2057.0,2476.0,2280.0
446,-73.954,40.769,1474.5,1500.0,1684.0,1808.0,2140.0,2425.0,2464.5,2253.0,2557.5,2616.5,2359.0
447,-73.954,40.774,1206.5,920.0,1045.0,1104.0,1485.0,1491.5,1584.5,1224.0,1458.0,1797.5,1561.0
448,-73.954,40.775,1206.5,1217.5,1287.5,1507.0,1560.0,1691.0,1752.5,1631.5,1757.25,1891.5,1651.75
449,-73.954,40.776,1205.0,1336.0,1505.0,1668.0,2026.5,2215.5,2238.5,1990.0,2292.0,2630.5,2542.5
450,-73.954,40.781,1246.0,1481.0,1575.0,1701.0,1997.0,2050.0,1913.5,2057.0,2015.0,2298.0,2221.5
451,-73.954,40.782,1246.0,1553.0,1713.0,1839.0,1893.75,2183.5,2235.25,2198.0,2233.5,2667.5,2336.0
452,-73.954,40.783,1381.0,1268.5,1416.5,1727.0,2253.0,2336.5,2503.0,2202.0,2520.0,2775.0,2478.5
453,-73.954,40.786,1504.5,1464.5,1631.0,1694.5,2041.0,2342.75,2569.0,2460.0,2583.5,2550.0,2229.5
454,-73.954,40.787,1173.5,1110.0,1273.0,1467.0,1578.0,1902.5,2030.5,2104.0,2067.0,1974.0,1623.0
455,-73.954,40.788,1117.5,1183.0,1247.0,1372.0,2010.5,2271.5,2283.5,2135.0,2302.5,2454.0,2285.0
456,-73.954,40.795,327.0,425.5,591.0,447.0,895.5,2695.0,3396.0,3350.0,3623.5,1951.5,1066.0
457,-73.954,40.796,772.0,620.0,741.5,647.0,1044.0,2397.0,2927.0,2803.0,3147.5,1853.0,1177.5
458,-73.954,40.797,626.0,545.5,731.25,634.0,1014.5,2330.0,2957.5,2713.0,2961.5,1877.5,1154.5
459,-73.954,40.798,422.5,639.5,822.0,684.5,1111.0,2668.25,3200.0,3122.0,3354.25,1957.0,1173.0
460,-73.954,40.799,699.5,344.5,488.5,299.0,773.5,2463.5,3044.0,3168.0,3191.5,1608.0,836.5
461,-73.954,40.803,1155.5,1305.5,1211.0,1371.0,1615.25,1900.5,2085.0,1720.0,2127.25,2199.75,1939.0
462,-73.954,40.804,1107.0,828.0,912.0,920.5,1222.0,1637.5,1776.5,1754.0,1813.5,1802.0,1461.5
463,-73.954,40.81,972.0,1107.0,1221.0,1190.0,1781.0,1862.0,1798.0,1443.0,1864.5,2098.0,1920.5
464,-73.954,40.811,972.0,1146.0,1257.5,1413.0,1607.5,1830.5,1898.75,1740.5,1969.5,1887.0,1558.5
465,-73.954,40.812,1461.0,1256.5,1461.0,1572.0,1556.0,1881.0,1935.5,1860.0,1936.0,2074.5,1825.0
466,-73.954,40.817,1047.0,979.5,1025.0,962.5,1531.0,2332.25,2564.0,2664.0,2604.0,2145.75,1552.25
467,-73.954,40.818,789.0,690.0,795.0,799.0,1045.5,1758.5,2072.5,2136.0,2082.5,1657.5,1274.5
468,-73.954,40.822,1571.0,1405.0,1537.0,1679.0,1948.0,2215.0,2272.0,2161.0,2130.0,2397.5,2060.0
469,-73.954,40.823,1500.0,2095.0,2162.0,2324.0,1948.0,1933.0,1964.5,2455.0,1994.5,2449.0,2434.5
470,-73.953,40.768,1326.5,1272.0,1386.0,1394.0,1651.5,1736.5,1852.0,1891.0,1856.5,1961.0,1775.5
471,-73.953,40.769,1326.5,1794.0,1976.0,1983.0,1867.5,1982.5,2099.0,2163.0,2032.5,2317.0,1890.5
472,-73.953,40.774,1094.0,900.5,975.25,1034.25,1284.75,1613.25,1670.25,1623.5,1763.25,1880.5,1618.0
473,-73.953,40.775,1214.0,1057.0,1169.0,1302.0,1415.0,1955.5,2089.0,2298.0,2105.5,2177.0,1910.5
474,-73.953,40.786,968.5,1175.0,1299.0,1434.5,1607.25,1816.0,1904.0,1854.0,1948.0,1901.5,1677.75
475,-73.953,40.787,1264.0,1604.0,1669.0,1794.0,1700.0,1992.0,2228.0,2162.0,2231.5,2378.5,2153.0
476,-73.953,40.795,410.0,508.5,662.5,542.5,847.0,2476.5,3096.0,3098.0,3478.5,1901.0,1049.0
477,-73.953,40.796,410.0,571.0,719.5,636.0,847.0,2476.5,3096.0,2755.0,3443.0,1901.0,1049.0
478,-73.953,40.798,757.0,439.0,635.5,483.5,953.5,2312.0,2799.5,2794.0,2945.5,1715.5,1044.0
479,-73.953,40.803,1320.0,1292.0,1391.0,1459.0,1659.0,1721.5,1738.0,1629.0,1747.0,2027.5,1886.5
480,-73.953,40.804,1204.0,1315.0,1401.0,1495.0,2018.5,2305.5,2327.0,1968.0,2333.0,2478.0,2337.0
481,-73.953,40.81,1782.5,1078.5,1168.0,1264.0,1821.5,1740.0,1766.5,1346.0,1859.5,2253.0,2127.0
482,-73.953,40.811,1782.5,1466.0,1554.0,1688.0,1998.5,1879.5,2004.0,2005.0,1964.0,2513.5,2396.0
483,-73.953,40.812,1461.0,1057.25,1216.0,1340.0,1988.5,2286.0,2271.0,1754.0,2350.0,2710.5,2528.0
484,-73.953,40.813,1619.5,1439.0,1502.0,1688.0,2271.5,2319.5,2284.5,2154.0,2294.5,2803.5,2614.5
485,-73.953,40.817,1036.0,998.25,1067.5,1106.5,1366.5,1854.25,1966.75,2064.0,2134.25,1830.0,1411.5
486,-73.953,40.818,1036.0,1226.0,1424.0,1564.0,1683.0,1904.0,2013.0,1831.0,1953.0,2095.5,1992.75
487,-73.953,40.819,1503.5,2490.0,2410.0,2739.0,2949.75,2782.5,2881.75,2788.0,2723.25,3296.5,3326.5
488,-73.953,40.822,1405.5,1213.0,1280.5,1372.5,1689.5,1716.0,1828.75,1823.5,1859.5,2072.75,1937.25
489,-73.953,40.823,1500.0,1199.0,1394.0,1511.0,1668.5,1656.0,1815.5,1771.0,1825.5,2021.0,1814.5
490,-73.952,40.768,1326.5,1112.0,1140.0,1236.0,1651.5,1626.5,1688.0,1255.0,1647.5,1968.0,1783.0
491,-73.952,40.769,1464.0,1430.0,1508.0,1635.0,1752.5,1964.5,1987.75,1875.0,2088.5,2172.0,1868.5
492,-73.952,40.77,1583.5,1834.0,1900.0,2067.0,2166.0,2181.0,1949.5,2287.0,2482.0,2427.5,2369.0
493,-73.952,40.773,1202.5,1068.0,1078.0,1440.0,1105.0,1270.5,1333.5,1348.0,1348.0,1444.0,1292.5
494,-73.952,40.774,1116.0,1008.0,1097.0,1154.0,1261.5,1575.0,1753.0,1799.0,1818.0,1804.5,1544.5
495,-73.952,40.775,1257.0,1502.0,1667.0,1759.0,1919.5,2234.5,2353.5,2321.0,2427.0,2364.5,2059.0
496,-73.952,40.787,1332.5,1405.0,1466.0,1633.0,1829.5,2138.0,2329.5,2100.0,2333.5,2359.5,2087.5
497,-73.952,40.788,1166.5,1143.0,1240.0,1375.0,1620.5,1807.5,1876.5,1829.0,1952.0,1950.5,1783.0
498,-73.952,40.798,1104.5,1226.0,1239.0,1329.0,1601.0,2116.5,2447.5,2344.0,2396.0,1971.5,1620.5
499,-73.952,40.803,1463.5,1111.0,1219.0,1333.0,1454.0,1514.0,1638.5,1685.0,1572.0,1761.0,1461.5
500,-73.952,40.804,1361.5,907.0,1048.5,1052.0,1336.5,1599.75,1813.5,1705.0,1859.5,1768.5,1431.75
501,-73.952,40.811,1617.0,1413.0,1539.0,1714.0,2129.0,2022.5,2156.5,1879.0,2089.0,2510.5,2289.0
502,-73.952,40.812,1368.0,1281.0,1464.5,1596.0,1884.5,1956.0,2100.5,1795.0,2089.0,2530.5,2231.0
503,-73.952,40.813,1460.0,1580.0,1661.0,1754.0,2135.0,2284.5,2284.5,2313.0,2259.0,2718.0,2380.0
504,-73.952,40.814,1413.5,1232.0,1424.0,1584.0,2539.5,2505.5,2508.0,1751.0,2511.0,3092.0,3092.0
505,-73.952,40.818,1239.5,897.5,1060.0,1105.0,1191.0,1830.5,1967.0,1603.0,2070.5,1792.0,1471.5
506,-73.952,40.819,1107.0,1183.0,1293.0,1386.0,1697.5,1998.5,2003.5,1892.0,2068.5,2201.0,1945.5
507,-73.952,40.822,1484.5,1370.5,1505.5,1629.0,1856.5,2150.5,2363.5,2318.0,2351.5,2400.5,2167.0
508,-73.952,40.823,1405.5,2348.0,2311.0,2355.0,2293.0,2391.0,2529.5,2655.5,2517.5,2572.5,2329.0
509,-73.952,40.827,864.0,898.0,1057.0,1047.0,1534.5,2180.5,2467.5,2661.0,2600.5,2013.5,1583.0
510,-73.952,40.828,864.0,383.0,573.0,426.0,919.0,2882.5,3460.5,3584.0,3682.0,1859.5,892.0
511,-73.951,40.77,1524.5,1370.0,1426.0,1568.0,1851.0,1764.5,1881.0,1695.5,1897.0,2198.0,1801.0
512,-73.951,40.771,1239.25,1513.0,1559.0,1818.5,1935.0,1983.5,1995.0,2062.0,2052.5,2200.0,1895.5
513,-73.951,40.772,1080.5,1467.0,1607.0,1791.0,1992.75,1997.5,2050.25,1952.0,2058.75,2345.75,2215.5
514,-73.951,40.773,1658.0,1750.0,1955.5,1971.5,2279.0,2704.0,2836.5,2797.0,2900.5,2900.5,2493.0
515,-73.951,40.774,1447.5,1347.0,1480.0,1602.0,1875.0,2059.0,2175.5,2163.0,2226.5,2394.5,2008.0
516,-73.951,40.775,1447.5,1807.0,1750.0,1972.0,2427.0,2540.0,2626.0,2046.0,2604.5,2733.5,2475.0
517,-73.951,40.788,1166.5,1016.0,1183.5,1341.5,1485.5,1466.0,1436.0,1508.5,1545.5,1668.5,1594.0
518,-73.951,40.789,783.5,793.5,964.5,1025.5,1336.0,2060.0,2352.5,2472.0,2472.5,1878.0,1378.5
519,-73.951,40.79,758.0,746.0,934.5,857.5,1282.5,2091.0,2343.5,2843.0,2471.5,1949.0,1399.5
520,-73.951,40.797,1035.0,606.5,761.5,679.5,1163.0,1821.0,2089.0,2023.0,2078.5,1608.5,1208.5
521,-73.951,40.798,775.0,876.0,987.0,980.5,1226.5,1718.0,1895.5,1879.0,1904.5,1697.5,1392.25
522,-73.951,40.804,1425.75,1178.5,1265.0,1325.0,1553.0,1778.0,1914.0,1886.0,1876.0,2086.0,1755.25
523,-73.951,40.805,1528.0,864.0,979.0,984.0,1246.0,1610.0,1761.5,1815.0,1814.5,1733.5,1395.0
524,-73.951,40.806,1385.0,1147.0,1296.0,1392.0,1551.5,1985.5,2065.0,1765.0,2351.0,1953.0,1642.5
525,-73.951,40.812,1347.5,1479.0,1614.0,1786.0,2218.0,2337.0,2311.5,2021.0,2352.0,2340.5,1986.0
526,-73.951,40.813,907.5,1043.0,1202.0,1269.0,1450.0,1946.5,2087.0,2323.0,2277.5,1925.0,1600.5
527,-73.951,40.814,1413.5,1483.0,1670.0,1684.0,2142.5,2430.0,2517.0,2259.0,2554.0,2736.5,2561.5
528,-73.951,40.815,793.5,1483.0,1616.5,1637.0,1564.0,2112.0,2289.0,2060.0,2323.0,2083.0,1714.0
529,-73.951,40.818,1235.5,1188.0,1345.0,1441.0,1508.0,1914.0,1951.5,2088.0,2073.0,1978.0,1628.0
530,-73.951,40.819,902.0,1048.0,1192.0,1268.0,1375.5,1651.0,1731.5,1890.0,1745.5,1797.5,1564.5
531,-73.951,40.821,1470.5,2002.0,2196.0,2329.0,2223.0,2178.0,2283.5,2473.5,2265.0,2577.0,2292.5
532,-73.951,40.822,1470.5,1713.0,1980.0,2009.0,2408.0,2376.5,2292.0,2113.0,2306.5,2667.0,2362.0
533,-73.951,40.826,1652.5,1598.0,1812.0,1924.0,2028.5,2128.0,2143.0,2091.0,2202.0,2447.0,2265.5
534,-73.951,40.827,1791.5,1609.0,1768.0,1882.0,2148.5,2487.0,2778.5,2640.0,2712.5,2744.5,2544.5
535,-73.951,40.828,866.5,733.0,887.0,845.5,1132.5,2444.5,2619.0,2851.0,2861.0,1929.5,1243.5
536,-73.95,40.771,1112.0,1613.5,1739.0,1821.5,1617.0,1804.5,1877.0,2003.0,1837.0,2076.5,1861.5
537,-73.95,40.772,1080.5,1426.0,1523.0,1620.0,1675.5,1761.5,1804.5,2008.0,1784.0,2076.5,1896.5
538,-73.95,40.773,1415.0,1350.0,1481.0,1643.0,2035.5,2170.0,2257.5,2221.0,2308.0,2600.5,2428.0
539,-73.95,40.774,1419.0,1326.0,1433.0,1693.0,2128.5,2188.0,2303.5,2106.0,2351.0,2814.5,2613.5
540,-73.95,40.79,830.0,779.5,871.0,910.5,1121.0,1590.5,1744.0,1757.0,1751.5,1639.0,1233.0
541,-73.95,40.791,731.75,686.0,787.75,773.75,1034.5,1864.0,2113.0,1970.5,2233.0,1583.75,1106.0
542,-73.95,40.797,993.0,968.5,1075.0,1143.0,1260.5,2202.5,2465.0,2023.0,2580.5,2043.0,1463.0
543,-73.95,40.798,1708.5,1360.0,1583.0,1689.0,1683.0,2090.5,2303.5,2034.0,2191.5,2077.5,1811.0
544,-73.95,40.802,1047.0,1176.0,1250.0,1346.0,1415.0,1423.0,1474.0,1525.5,1486.5,1636.25,1470.0
545,-73.95,40.803,972.5,1016.0,1098.0,1136.0,1220.0,1320.5,1333.0,1308.0,1385.0,1629.25,1523.25
546,-73.95,40.805,1622.0,2553.0,2440.0,2742.0,3704.5,3979.0,3940.0,3439.0,4089.0,4126.5,4028.0
547,-73.95,40.806,1345.0,1078.0,1222.0,1292.0,1517.5,1913.0,2075.0,1893.0,2120.5,1953.0,1678.0
548,-73.95,40.807,1272.5,1136.0,1258.0,1366.0,1511.5,1996.0,2012.5,1852.0,2049.0,2049.5,1726.5
549,-73.95,40.812,1111.0,1160.0,1330.0,1500.0,1654.0,1770.0,1855.0,1887.0,1888.0,2010.5,1823.0
550,-73.95,40.813,1287.5,1443.0,1653.0,1810.0,1908.5,2125.5,2118.0,2363.0,2128.5,2221.5,1894.5
551,-73.95,40.815,793.5,1415.0,1564.0,1622.0,1981.5,2290.5,2502.0,2662.0,2631.0,2452.0,2010.0
552,-73.95,40.816,753.5,1361.0,1511.0,1599.0,1866.5,2588.0,2880.5,2773.0,2893.5,2445.5,1898.0
553,-73.95,40.817,563.5,716.5,976.5,878.0,1347.0,2421.5,2716.5,2605.0,2950.0,2132.0,1482.5
554,-73.95,40.818,1175.5,1153.0,1394.5,1359.0,1747.5,2532.5,2726.5,2790.0,2752.5,2573.5,1995.0
555,-73.95,40.821,1470.5,1378.0,1561.0,1665.0,2116.5,2192.5,2207.5,1908.0,2339.5,2418.5,2103.5
556,-73.95,40.822,1572.5,1467.0,1679.0,1878.0,2116.5,2399.0,2563.0,2422.0,2656.0,2755.0,2484.5
557,-73.95,40.823,1722.0,1180.0,1246.0,1292.0,1578.5,1898.5,1957.0,1956.0,2052.5,2193.0,1933.0
558,-73.95,40.826,1652.5,1337.0,1503.0,1608.0,1849.0,1892.0,1914.5,1863.0,1976.5,2175.5,2090.0
559,-73.95,40.827,1652.5,1319.5,1477.5,1577.0,1812.5,1974.75,1959.25,2073.0,2098.75,2230.5,1997.5
560,-73.95,40.828,1337.0,1034.0,1127.0,1234.0,1796.5,2289.5,2506.5,2396.0,2490.5,2379.5,2149.0
561,-73.949,40.772,1072.0,777.0,730.75,797.75,909.0,1073.5,1183.0,980.75,1304.0,1416.5,1186.5
562,-73.949,40.773,1192.5,1270.5,1354.0,1467.5,1797.5,2001.5,2062.0,1763.5,2011.5,2324.0,2218.5
563,-73.949,40.774,1192.5,1677.0,1801.0,1811.0,2102.5,2340.0,2536.0,2181.0,2621.5,2502.0,2405.5
564,-73.949,40.786,728.0,672.5,722.0,745.5,1121.0,1666.0,1860.0,1728.0,1817.5,1614.0,1198.0
565,-73.949,40.79,1504.5,1192.0,1224.0,1401.0,1626.5,1996.75,2113.0,1939.5,2125.75,2366.0,2278.5
566,-73.949,40.793,940.5,948.0,1070.0,1097.0,1471.0,1882.0,1990.0,1930.0,2117.0,2145.5,1820.5
567,-73.949,40.794,985.0,1048.5,1162.0,1252.0,1312.0,1743.5,1895.5,1785.0,1923.5,1851.5,1558.0
568,-73.949,40.795,1314.5,1009.5,1023.5,1098.0,1114.5,1430.0,1524.0,1396.0,1515.0,1529.0,1267.0
569,-73.949,40.796,1268.0,1770.0,2002.0,2264.0,2451.5,2647.0,2749.0,2782.0,2971.5,3063.5,2711.5
570,-73.949,40.797,1268.0,837.5,881.0,843.5,1063.5,2020.0,2241.5,2067.0,2281.5,1690.0,1099.5
571,-73.949,40.801,1307.0,710.75,825.0,775.25,1133.0,1607.0,1777.5,1625.5,1897.5,1721.0,1337.5
572,-73.949,40.802,1054.0,928.25,1070.75,1084.0,1361.25,1668.5,1783.0,1712.5,1809.25,1717.5,1453.25
573,-73.949,40.803,1060.5,1176.5,1252.5,1318.0,1432.0,1830.25,1946.0,1862.5,1945.5,1849.0,1555.0
574,-73.949,40.804,1246.0,1419.0,1653.5,1691.0,1831.5,1829.0,1837.0,1939.0,1861.0,1881.5,1645.0
575,-73.949,40.806,1849.5,1931.0,2237.0,2423.0,2650.5,2964.0,3071.5,3289.0,3204.0,2897.5,2398.5
576,-73.949,40.807,1401.5,1368.5,1554.0,1711.0,1971.5,2275.5,2426.0,2337.0,2413.5,2511.5,2325.75
577,-73.949,40.809,1335.5,1335.0,1507.0,1622.0,1851.0,1758.0,1816.5,1733.0,1929.5,2102.5,1899.0
578,-73.949,40.812,1081.0,1082.5,1201.0,1314.0,1320.75,1570.25,1679.5,1588.0,1620.75,1762.0,1432.75
579,-73.949,40.813,1287.5,1428.0,1600.0,1706.0,1792.5,2130.0,2242.5,2339.0,2353.0,2402.0,1779.0
580,-73.949,40.814,1131.0,1165.0,1332.0,1491.0,1673.5,1753.0,1816.0,1956.0,2000.0,2506.5,2191.5
581,-73.949,40.823,1462.5,1016.5,1136.0,1157.0,1490.5,2126.5,2257.5,2323.0,2324.0,2103.0,1715.0
582,-73.949,40.824,1462.5,1086.0,1191.0,1307.0,1511.5,2015.5,2181.5,2029.0,2217.0,2182.0,1968.0
583,-73.949,40.825,1355.5,909.5,1031.0,986.0,1349.0,1950.0,2113.0,1997.0,2120.0,2097.0,1881.5
584,-73.949,40.826,1483.5,1304.0,1428.0,1602.0,1834.0,1988.0,1946.0,1904.0,1968.0,2301.5,2236.0
585,-73.949,40.827,2409.0,2131.0,2109.0,2321.0,3239.0,2969.5,3268.0,2684.0,3124.5,3978.5,3926.5
586,-73.949,40.828,2409.0,2287.0,2328.0,2648.0,2988.0,2949.5,2901.5,2758.0,2984.0,3673.0,3658.5
587,-73.948,40.773,1496.0,1675.0,1759.0,1900.0,2323.0,2477.0,2612.0,2548.0,2593.5,2733.5,2551.0
588,-73.948,40.778,1188.5,1054.0,1198.0,1181.0,1467.0,2210.5,2420.0,2091.0,2521.0,2245.5,1858.0
589,-73.948,40.779,1188.5,1072.5,1242.0,1283.0,1467.0,1542.0,1678.0,1672.5,1712.0,1873.0,1789.5
590,-73.948,40.78,1339.5,1094.0,1312.0,1295.0,1902.5,2059.5,2239.0,2302.0,2271.0,2485.5,2156.5
591,-73.948,40.785,784.5,933.5,1059.0,1127.0,1310.5,2013.0,2174.0,2347.0,2230.5,1892.0,1393.5
592,-73.948,40.786,606.0,552.5,686.0,615.0,1075.0,1666.0,1975.5,1991.0,2177.5,1583.75,1202.5
593,-73.948,40.787,865.5,1089.0,1206.0,1285.5,1410.0,1763.5,1914.5,1762.0,2055.0,1770.5,1496.0
594,-73.948,40.788,794.0,1164.0,1287.0,1419.0,1457.75,1690.5,1746.0,1651.5,1813.5,1662.25,1413.75
595,-73.948,40.789,1448.5,1318.5,1429.5,1598.5,2111.5,2383.5,2406.0,2127.0,2341.5,2693.0,2539.0
596,-73.948,40.79,1526.5,1620.5,1788.0,1986.0,1938.5,2073.25,1991.25,2214.0,2061.0,2490.0,2333.5
597,-73.948,40.793,910.5,1039.5,1159.0,1147.0,1317.5,1662.5,1777.5,1891.0,1769.5,1764.0,1441.0
598,-73.948,40.795,1314.5,916.25,992.5,1036.25,1433.0,1467.0,1572.25,1465.0,1670.75,1957.0,1690.5
599,-73.948,40.796,1170.5,1095.0,1247.0,1332.0,1423.5,1660.0,1816.0,1794.0,1984.5,1979.5,1634.0
600,-73.948,40.797,1170.5,1211.0,1335.5,1484.0,1829.75,2003.0,2058.5,2088.5,1971.75,2261.0,2001.5
601,-73.948,40.801,1290.5,925.5,1042.0,1065.5,1521.0,1793.75,1904.25,1726.0,2032.5,2036.5,1812.5
602,-73.948,40.802,1307.0,1698.0,1714.0,1840.0,1801.5,2025.5,2010.5,2312.0,2123.0,2061.5,1878.5
603,-73.948,40.804,1267.0,1190.0,1347.0,1448.0,1586.75,1687.0,1747.5,1716.5,1784.5,1880.5,1637.5
604,-73.948,40.805,1369.0,1275.5,1375.0,1524.0,1538.0,1626.5,1714.0,1696.0,1730.5,1768.0,1578.0
605,-73.948,40.806,1572.5,1346.0,1462.0,1512.5,2035.0,2533.5,2666.5,2462.0,2717.5,2636.5,2185.0
606,-73.948,40.807,1399.5,1438.0,1472.0,1522.0,1802.0,2228.0,2573.0,2466.0,2675.0,2488.0,2071.5
607,-73.948,40.808,1623.5,1211.5,1359.0,1527.5,1716.5,1806.5,1762.0,1608.0,1828.5,2055.0,1680.5
608,-73.948,40.809,1335.5,1264.0,1405.0,1524.0,1741.0,1729.75,1818.75,1716.0,1841.0,1946.0,1794.0
609,-73.948,40.81,1028.0,1141.0,1301.0,1359.5,1472.0,2012.5,2113.5,2007.5,2100.0,1950.5,1671.5
610,-73.948,40.811,979.0,767.5,990.25,977.0,1665.0,2527.5,2800.0,2608.5,3008.5,2125.0,1414.0
611,-73.948,40.814,1343.0,1187.0,1343.0,1404.0,1663.5,1989.0,2196.0,2001.0,2235.5,2234.0,1907.5
612,-73.948,40.815,1343.0,1423.0,1609.0,1704.0,1730.0,1900.0,1974.0,1984.0,2005.0,2228.0,2081.5
613,-73.948,40.824,1377.0,1148.0,1290.0,1402.0,1511.5,1749.5,1819.0,1687.0,1907.0,1980.5,1741.0
614,-73.948,40.825,1355.5,1264.5,1362.0,1404.5,1649.0,1757.5,1852.5,1748.0,1884.5,2083.5,1947.5
615,-73.948,40.826,1355.5,1144.0,1305.0,1296.0,1614.0,1721.0,1945.5,1755.0,1884.5,2110.0,2105.5
616,-73.948,40.827,1891.0,1701.0,1856.0,2099.0,2339.5,2405.5,2489.0,2284.0,2463.5,2879.5,2698.0
617,-73.947,40.772,986.0,749.75,917.5,901.5,1085.5,2164.5,2488.5,2792.0,2628.0,1962.0,1336.0
618,-73.947,40.773,1187.5,1312.0,1531.5,1700.0,1883.0,2413.0,2768.0,2786.0,2643.5,2479.0,2301.5
619,-73.947,40.778,1269.0,1267.5,1381.0,1483.0,1720.0,1800.75,1884.25,1748.5,1969.0,2201.0,1954.5
620,-73.947,40.779,1245.5,1240.0,1405.0,1440.0,1607.0,1842.5,2003.5,1908.0,2081.0,2244.0,2039.0
621,-73.947,40.78,1339.5,1256.0,1383.0,1451.0,1721.5,2003.0,2118.5,1949.0,2108.5,2245.5,2087.5
622,-73.947,40.781,1238.5,988.75,1065.5,1139.5,1161.5,1629.0,1806.0,1457.0,1830.0,1927.5,1575.5
623,-73.947,40.785,818.0,866.0,1031.5,1016.5,1532.0,2365.5,2567.5,2719.5,2734.5,2049.0,1482.0
624,-73.947,40.786,621.5,474.0,663.5,460.5,1205.0,3022.0,3491.5,3479.0,3737.5,2199.5,1282.5
625,-73.947,40.787,794.0,623.5,777.75,690.75,1115.25,1933.25,2058.25,1961.5,2282.5,1515.25,1022.75
626,-73.947,40.788,999.0,866.5,943.5,986.5,1134.0,1612.0,1832.0,1623.5,1883.5,1563.0,1161.0
627,-73.947,40.789,1161.0,1286.0,1388.0,1538.0,1833.5,1921.5,2054.5,1875.0,2132.0,2488.5,2189.5
628,-73.947,40.79,1448.5,1493.0,1617.5,1679.5,1937.5,2357.0,2573.0,2575.0,2631.0,2550.0,2166.5
629,-73.947,40.792,1076.5,1269.0,1382.0,1578.0,1575.0,1765.5,1878.0,1879.0,1934.5,2008.0,1805.0
630,-73.947,40.793,1091.0,1312.0,1441.0,1615.0,1849.0,1863.0,1960.5,1853.0,1903.0,2456.0,2202.0
631,-73.947,40.796,1022.5,1152.25,1177.25,1310.0,1367.5,1586.0,1715.75,1755.0,1811.0,1942.5,1722.5
632,-73.947,40.8,1249.5,902.5,971.0,1001.0,1471.5,1536.0,1591.5,1493.0,1582.0,1727.0,1519.0
633,-73.947,40.801,1144.5,899.5,1031.5,1026.0,1455.5,1826.5,1932.5,1867.0,1945.5,1938.5,1664.0
634,-73.947,40.805,1105.5,993.0,1118.0,1164.0,1351.5,1560.5,1675.25,1621.0,1685.5,1619.5,1365.5
635,-73.947,40.806,1248.0,1517.0,1517.0,1595.0,1991.0,2125.0,2213.0,1865.0,2184.5,2437.0,2191.0
636,-73.947,40.808,1613.0,1361.0,1416.5,1666.0,2062.5,1925.0,1984.5,1863.0,2088.0,2370.25,2033.0
637,-73.947,40.809,1613.0,1148.0,1267.0,1464.0,1698.0,1771.5,1914.5,1973.0,1925.0,1806.5,1628.0
638,-73.947,40.81,1027.0,889.5,1072.0,1103.0,1395.0,1994.5,2161.0,2042.0,2279.0,1902.0,1386.0
639,-73.947,40.811,933.5,807.0,927.75,909.0,1319.25,2284.5,2525.0,2605.0,2682.5,1857.0,1358.75
640,-73.947,40.812,900.5,873.0,1043.5,1127.0,1325.5,2068.25,2222.25,2080.0,2357.0,1891.0,1496.0
641,-73.947,40.814,1510.0,1410.0,1503.0,1506.0,2282.0,2652.0,2856.0,2822.0,2924.5,2784.5,2603.5
642,-73.947,40.825,1392.0,1385.0,1447.0,1549.0,2125.5,2109.0,2174.0,1704.0,2171.0,2508.0,2355.5
643,-73.947,40.827,1547.5,2027.5,2107.5,2365.0,2459.75,2422.25,2559.0,2753.0,2457.5,3091.0,2990.75
644,-73.946,40.772,882.0,566.0,610.5,619.5,890.5,1453.5,1642.0,1199.0,1719.5,1279.5,995.5
645,-73.946,40.773,1145.5,1187.0,1390.0,1513.0,1611.0,1777.0,1904.0,1876.0,1913.5,1873.0,1767.5
646,-73.946,40.774,912.5,1308.0,1448.0,1596.0,1642.0,1809.0,1904.0,1992.0,2011.0,2172.5,1858.5
647,-73.946,40.778,1307.0,1101.0,1209.5,1274.0,1549.5,2494.0,3089.0,2609.0,3070.0,2133.0,1636.0
648,-73.946,40.781,1011.5,1143.0,1269.0,1313.0,1394.5,2074.0,2276.0,1971.0,2145.0,1982.5,1531.5
649,-73.946,40.782,1061.5,1146.0,1280.0,1374.0,1646.0,1857.5,1979.5,2365.0,1996.0,2033.0,1841.5
650,-73.946,40.785,1089.0,1297.0,1433.0,1556.0,1664.5,2278.0,2441.5,2059.0,2549.0,2170.0,1844.5
651,-73.946,40.786,898.5,966.75,1047.25,1146.5,1314.25,1981.5,2170.5,2256.0,2223.0,1808.0,1362.5
652,-73.946,40.787,927.0,569.0,820.0,668.5,1207.5,2542.5,2862.5,2824.0,2996.0,2005.0,1332.0
653,-73.946,40.789,1161.0,1199.0,1360.0,1409.0,1480.0,1648.0,1764.0,1718.0,1747.0,1776.5,1497.0
654,-73.946,40.792,1335.5,1354.0,1506.0,1643.0,1932.5,2000.0,2117.5,2170.0,2129.0,2314.0,2170.5
655,-73.946,40.793,1477.5,1447.0,1358.0,1381.0,2238.0,2407.5,2579.5,2014.0,2744.5,2797.5,2480.5
656,-73.946,40.8,1438.5,917.5,1031.0,1043.5,1534.5,1835.5,2043.5,1878.0,2093.0,1982.0,1697.5
657,-73.946,40.801,1249.5,917.5,998.0,1032.5,1452.0,1577.0,1724.0,1456.0,1757.0,1982.0,1752.0
658,-73.946,40.808,1618.25,1273.5,1472.5,1831.0,2215.25,2326.5,2429.5,2210.0,2462.25,2422.0,1923.5
659,-73.946,40.812,873.0,916.0,1125.0,1114.0,1425.5,2166.5,2413.5,2530.0,2498.0,1893.5,1468.0
660,-73.946,40.813,1316.5,1495.0,1677.0,1771.0,2123.0,2448.5,2805.0,2768.0,2952.0,2758.0,2569.0
661,-73.946,40.814,1599.0,1353.0,1436.0,1509.0,1927.75,2204.0,2386.0,2364.5,2474.5,2513.5,2194.5
662,-73.945,40.774,1161.0,1276.0,1403.0,1498.0,1620.5,1935.0,2124.5,2108.0,2234.0,2211.0,1823.0
663,-73.945,40.775,780.0,938.25,1040.5,1131.5,1417.0,2003.5,2127.5,2057.0,2191.0,1954.0,1525.5
664,-73.945,40.777,893.0,908.5,958.0,1039.0,1505.0,2031.0,2174.5,1973.0,2262.5,2107.0,1761.0
665,-73.945,40.778,993.5,811.5,944.0,977.0,1554.5,2087.0,2192.5,1881.0,2223.5,2107.0,1761.0
666,-73.945,40.782,1334.5,1375.0,1491.0,1643.0,1746.0,2006.5,2112.0,1951.0,2123.5,2184.0,1945.5
667,-73.945,40.783,1178.0,1208.0,1319.0,1445.5,1537.0,1866.5,1890.5,1777.5,1907.5,1868.0,1600.5
668,-73.945,40.784,1276.0,1463.0,1568.0,1746.0,2530.5,2762.0,2834.5,2412.0,2879.0,2610.5,2132.5
669,-73.945,40.786,1161.0,985.0,1018.5,1073.5,1135.5,2070.5,2321.0,1843.0,2431.5,1750.0,1231.5
670,-73.945,40.787,927.0,1085.0,1209.0,1319.0,1481.5,1946.5,2187.5,2101.0,2275.0,1953.0,1555.0
671,-73.945,40.788,966.0,529.5,689.5,654.5,1326.5,2273.5,2589.5,2497.0,2589.0,1867.5,1331.0
672,-73.945,40.792,1460.0,1263.0,1342.0,1454.5,1514.0,1709.5,1698.0,1797.0,1799.0,2004.25,1742.5
673,-73.945,40.8,1375.5,1170.0,1307.0,1300.0,1799.5,2024.5,1987.0,2072.0,2057.0,2169.75,1726.0
674,-73.945,40.801,1479.0,1286.0,1418.0,1442.5,2178.5,2442.0,2808.5,2738.0,2868.0,2450.0,1679.0
675,-73.945,40.813,1481.5,1656.5,1786.0,1949.0,2169.5,2357.0,2618.5,2173.5,2528.0,2382.5,2198.5
676,-73.945,40.814,1481.5,1369.0,1422.0,1611.5,2169.5,2357.0,2618.5,2019.5,2528.0,2382.5,2198.5
677,-73.944,40.775,694.0,873.5,964.5,971.0,1324.5,1917.5,2172.0,1981.0,2179.0,1711.5,1252.0
678,-73.944,40.776,1028.5,1195.0,1415.0,1419.0,1719.5,2151.5,2401.0,2259.5,2522.5,2256.5,1787.75
679,-73.944,40.777,1141.5,902.0,1016.5,1046.25,1164.5,1848.75,2135.5,2310.0,2061.5,1692.0,1310.5
680,-73.944,40.778,893.0,896.5,955.5,991.5,965.0,1444.0,1651.5,1329.0,1679.0,1636.0,1316.0
681,-73.944,40.783,1276.0,991.0,1094.0,1349.0,1468.0,1820.0,1903.0,1628.0,1940.0,1830.0,1544.5
682,-73.944,40.784,1184.0,1141.0,1215.5,1347.0,1539.0,1686.5,1743.0,1620.0,1747.75,1742.0,1566.5
683,-73.944,40.785,1164.5,1227.0,1350.5,1499.5,1643.0,1782.0,1852.25,1652.0,1882.5,1889.0,1637.0
684,-73.944,40.787,966.0,938.0,1088.0,1114.0,1408.0,2226.0,2538.5,2307.0,2634.0,2208.75,1864.0
685,-73.944,40.791,1662.5,1465.0,1601.0,1793.5,2688.0,2716.0,2709.0,2538.0,2738.5,2908.0,2130.5
686,-73.944,40.792,1595.0,2335.0,2634.0,2893.0,3625.5,3664.5,3672.0,3027.0,3656.0,3285.0,2380.5
687,-73.944,40.8,1153.5,958.0,913.75,975.75,1240.0,1489.5,1423.5,1158.0,1458.5,1519.5,1330.5
688,-73.944,40.801,1479.0,1323.0,1452.0,1525.0,1663.0,2026.0,2223.5,2100.0,2284.5,2021.0,1653.5
689,-73.944,40.802,1439.0,1388.5,1567.0,1639.0,1871.0,2130.0,2172.5,2160.0,2259.0,2301.5,2021.0
690,-73.943,40.776,705.0,504.0,662.5,507.5,903.0,2351.0,3122.5,3321.0,3266.0,1728.5,1004.5
691,-73.943,40.777,815.5,1342.0,1514.0,1574.0,1624.0,2254.0,2500.0,2377.0,2532.5,2238.5,1836.5
692,-73.943,40.785,1373.0,1257.0,1300.0,1431.5,1553.0,1704.5,1732.0,1651.0,1780.0,1737.25,1496.0
693,-73.943,40.786,1084.0,1152.0,1240.5,1313.5,1502.5,1549.0,1619.0,1751.0,1665.0,1730.0,1526.5
694,-73.943,40.787,790.0,896.5,1017.5,1038.0,1223.0,1609.5,1816.5,1874.0,1864.5,1879.5,1502.5
695,-73.943,40.791,1831.5,1889.5,2131.0,2323.5,2703.0,3057.0,3241.0,3047.0,3291.5,3116.0,2486.5
696,-73.943,40.802,1439.0,1209.0,1309.0,1304.0,1581.0,1716.5,1902.5,1725.0,1919.5,2006.5,1718.0
697,-73.943,40.803,830.0,922.0,1093.0,1066.0,1290.5,2260.5,2540.0,2369.0,2730.5,1998.5,1461.0
698,-73.942,40.786,1043.5,1010.5,1135.0,1168.0,1360.0,1410.5,1415.0,1348.0,1498.5,1604.5,1434.0
699,-73.942,40.787,884.5,1072.0,1229.0,1320.0,1434.0,1727.5,1762.0,1855.0,1780.5,1818.0,1648.5
700,-73.942,40.79,1230.5,1403.0,1627.0,1753.0,2109.0,2171.5,2324.0,2108.0,2220.0,2462.5,2020.5
701,-73.942,40.791,1676.0,1608.0,1761.0,1983.0,1975.0,2357.5,2457.0,2408.5,2514.5,2293.0,2001.5
702,-73.942,40.803,949.0,1012.0,1157.0,1111.0,1207.5,2260.5,2540.0,2644.0,2730.5,1890.0,1169.5
703,-73.942,40.804,986.5,735.5,835.5,791.0,1200.0,2202.0,2594.0,2548.0,2699.5,1641.5,1053.5
704,-73.942,40.805,986.5,894.5,1051.0,988.5,1126.5,2482.0,2847.5,2702.0,3107.5,1922.5,1191.0
705,-73.941,40.79,1275.0,1143.0,1325.5,1422.0,1709.0,2424.0,2762.5,2852.0,2854.75,2300.5,1738.0
706,-73.941,40.791,1230.5,1001.0,1193.0,1109.5,2150.5,3171.5,3604.0,3514.0,3728.5,2580.0,1476.5
707,-73.941,40.804,986.5,1165.5,1306.5,1282.0,1434.0,1984.0,2232.5,2229.0,2266.5,1940.0,1468.0
708,-73.941,40.805,1387.5,1239.0,1364.0,1416.0,1695.5,1874.0,2080.0,2101.0,2208.0,2116.5,1945.5
709,-73.94,40.79,1077.0,869.0,1056.0,942.5,1314.0,2082.0,2353.5,2352.0,2405.5,1757.0,1192.5
710,-73.94,40.804,1248.5,1146.0,1334.0,1417.0,1600.0,2038.5,2180.5,2062.0,2240.0,1985.5,1654.5
711,-73.94,40.805,1248.5,1236.0,1427.0,1539.0,1945.5,2256.5,2366.5,2278.5,2410.0,2285.0,1961.5
712,-73.939,40.802,1137.5,1245.0,1404.0,1513.0,1773.5,2031.0,1982.0,1830.0,2132.5,2348.5,2097.5
713,-73.939,40.803,1160.75,1201.0,1343.0,1356.5,1574.75,1809.0,1886.75,1959.0,1920.5,2189.25,1982.0
714,-73.939,40.804,1077.0,1236.0,1489.5,1572.5,1774.5,1936.5,1948.5,1932.0,1941.0,1930.0,1759.5
715,-73.939,40.852,1029.5,551.0,678.0,555.25,933.0,2345.5,2838.5,2936.0,2948.0,1762.5,1152.5
716,-73.939,40.853,939.0,574.5,740.0,598.5,1058.0,2380.5,2712.0,2687.0,2856.5,1748.0,1104.0
717,-73.938,40.802,1194.0,1046.5,1192.5,1229.0,1932.75,2476.5,2834.5,2670.0,2857.0,2479.75,2191.25
718,-73.938,40.803,1267.0,1335.0,1458.0,1558.0,1897.25,2168.0,2126.0,1804.0,2253.0,2468.25,2320.0
719,-73.938,40.804,1463.0,1443.0,1546.0,1639.0,2079.0,2022.5,2074.5,1773.0,2141.0,2516.0,2321.0
720,-73.938,40.852,1120.0,472.0,654.0,576.5,1092.0,2366.5,2776.5,2956.5,2771.0,1875.0,1211.0
721,-73.938,40.853,1040.0,709.0,873.5,870.0,1607.5,2380.5,2684.5,2732.0,2780.0,2114.0,1561.0
722,-73.938,40.854,1663.0,2090.5,2255.0,2385.5,2703.75,2792.0,2849.0,2730.0,2780.0,3153.5,2999.5
723,-73.937,40.801,1434.5,1633.0,1694.0,1751.0,1756.5,2056.5,2117.0,2139.0,2209.0,2424.5,2286.5
724,-73.937,40.802,1475.5,1366.5,1523.5,1567.5,1891.0,2071.0,2117.0,2064.0,2272.5,2424.5,2275.25
725,-73.937,40.853,1413.5,1220.0,1344.0,1403.5,1718.5,1946.75,1965.5,1721.5,2069.0,2331.25,2120.25
726,-73.937,40.854,1623.5,1119.0,1404.0,1467.0,1876.5,2133.5,2148.5,2185.0,2184.5,2544.0,2404.0
727,-73.937,40.855,1532.5,1681.0,1907.0,2045.0,2047.0,2495.5,2610.0,2695.0,2637.5,2752.5,2572.5
728,-73.937,40.856,1309.0,1144.0,1300.0,1473.0,1929.5,2356.5,2382.5,2302.0,2432.5,2578.5,2366.0
729,-73.936,40.799,1138.0,1103.0,1192.0,1274.0,1511.0,1622.75,1672.5,1469.5,1716.25,1822.5,1592.5
730,-73.936,40.8,1138.0,1064.0,1137.0,1206.0,1320.5,1828.5,1937.5,1835.0,1915.5,1822.5,1450.5
731,-73.936,40.801,1105.0,1194.0,1275.0,1342.0,1544.75,2130.5,2400.0,2296.5,2355.5,2109.5,1686.0
732,-73.936,40.802,1434.5,1685.0,1675.0,1838.0,1756.5,1998.5,1961.5,2399.0,2031.0,2223.5,1892.0
733,-73.936,40.855,996.0,820.0,919.5,979.0,1305.0,2431.0,2781.5,2397.0,2692.0,2090.5,1602.5
734,-73.936,40.856,1322.5,980.5,1112.0,1199.5,1395.5,2066.5,2513.5,2058.0,2536.5,2230.5,1674.0
735,-73.936,40.857,1371.5,1126.0,1427.0,1429.0,1730.5,2675.0,2869.0,2876.0,3004.0,2260.5,1966.5
736,-73.935,40.796,1574.0,1042.0,1152.0,1241.0,1998.5,2027.0,2234.0,1586.0,2271.5,2432.0,2405.0
737,-73.935,40.799,914.0,841.0,985.5,979.5,1288.5,1876.5,2063.5,2135.0,2290.5,2142.0,1686.0
738,-73.935,40.8,839.0,1059.0,1129.5,1172.0,1367.5,1720.5,1765.0,1654.0,1826.5,1993.0,1536.5
739,-73.935,40.801,1091.5,1295.5,1530.0,1608.0,1731.0,1825.5,1885.75,1865.0,1888.5,2019.5,1770.5
740,-73.935,40.854,1236.0,1360.0,1546.0,1666.5,1883.0,2295.0,2256.5,2067.0,2426.5,2135.0,1709.5
741,-73.935,40.855,919.5,909.0,1096.0,1088.5,1351.0,2146.5,2406.75,2445.0,2316.75,2207.5,1794.0
742,-73.935,40.856,1540.0,1835.0,1931.0,2005.0,2609.0,2969.5,3069.5,3166.0,3102.5,3340.0,3125.5
743,-73.935,40.857,1429.5,1661.0,1759.0,1769.0,2045.0,2337.5,2299.0,2533.0,2477.5,2562.5,2305.5
744,-73.934,40.795,1364.0,1337.0,1342.0,1446.0,1588.5,1845.5,1993.5,1987.0,1996.5,1962.5,1706.0
745,-73.934,40.796,1438.5,1486.0,1595.0,1755.5,1827.5,1853.5,2099.5,2241.0,2078.5,2410.0,2134.5
746,-73.934,40.798,1237.5,1139.0,1215.0,1367.0,1356.5,1467.5,1519.5,1442.0,1548.5,1695.0,1463.0
747,-73.934,40.799,1061.0,1044.0,1123.0,1160.0,1449.0,2097.5,2157.5,2045.0,2238.0,2061.5,1802.0
748,-73.934,40.854,1156.0,1031.75,1237.0,1276.0,1622.0,2057.0,2379.5,2320.5,2251.5,2112.5,1740.75
749,-73.934,40.855,1295.5,1148.5,1283.5,1453.0,1553.0,1834.0,1878.0,1826.5,1992.0,2306.5,2097.5
750,-73.933,40.795,1465.5,1202.0,1332.0,1390.0,1567.25,1713.75,1782.0,1870.5,1903.5,2062.0,1848.5
751,-73.933,40.796,1524.0,1550.0,1723.0,1772.5,1851.5,2161.5,2271.0,2312.0,2254.5,2388.0,2226.5
752,-73.933,40.798,1255.5,1245.5,1392.5,1464.5,1774.5,2210.0,2399.5,2269.0,2401.5,2378.5,1922.5
753,-73.933,40.799,1255.5,1039.5,1159.0,1178.0,1512.0,1576.5,1625.0,1442.0,1629.0,1685.5,1450.5
754,-73.933,40.855,1171.5,1162.0,1331.0,1347.0,1431.5,1733.0,1861.0,1611.0,1896.5,1770.0,1582.0
755,-73.933,40.856,1165.5,1190.0,1382.0,1445.0,1656.0,1884.0,2051.0,1734.0,2110.5,2131.5,1925.5
756,-73.933,40.857,1685.0,1435.0,1611.0,1718.0,1655.0,1921.5,2063.0,2060.0,2063.5,2176.5,1963.5
757,-73.933,40.858,1047.0,619.0,813.5,677.0,1570.0,2600.5,3170.5,2915.0,3273.5,2264.5,1542.5
758,-73.933,40.859,788.0,486.0,704.5,523.5,1015.0,2943.5,3550.0,3404.0,3681.0,2149.5,1128.0
759,-73.932,40.796,1485.5,1313.0,1408.0,1509.0,1747.0,1880.0,2074.5,1872.0,1978.0,2088.0,1901.5
760,-73.932,40.797,1174.5,1284.0,1429.0,1529.0,1781.0,2036.5,2128.5,2010.0,2162.5,2089.0,1803.5
761,-73.932,40.798,1174.5,1179.0,1283.5,1375.0,1705.0,2202.0,2478.0,2388.0,2586.5,2253.25,1647.0
762,-73.932,40.83,737.5,643.5,792.5,714.0,1186.5,2321.5,2764.0,2724.0,2826.0,1731.5,1239.5
763,-73.932,40.831,1089.5,982.5,1102.5,1294.0,1516.5,2036.5,2311.5,1994.5,2364.5,2111.5,1881.0
764,-73.932,40.832,1128.5,1279.5,1509.0,1686.0,1739.0,1780.0,1942.5,1875.0,1864.5,2048.0,1782.5
765,-73.932,40.833,954.0,1388.0,1628.0,1874.0,1696.0,1817.0,1897.0,2054.0,1898.0,2087.5,1933.0
766,-73.932,40.857,1680.5,1427.0,1593.0,1657.0,2038.0,2237.5,2232.0,2223.0,2245.0,2270.5,1922.0
767,-73.932,40.858,1680.5,1627.0,1703.0,1864.0,2025.0,2209.0,2232.0,2138.0,2242.0,2455.5,2225.0
768,-73.932,40.859,817.0,757.5,872.0,825.5,1267.0,2482.25,2920.5,2689.5,3107.0,2079.5,1353.25
769,-73.932,40.86,535.5,430.5,604.75,480.0,1000.0,2488.0,3182.0,3320.0,3427.0,1980.75,1138.5
770,-73.931,40.797,1174.5,1063.0,1228.0,1257.0,1456.0,1820.0,1999.5,1789.0,2029.0,1858.5,1544.5
771,-73.931,40.798,1174.5,1377.0,1577.0,1666.0,1748.0,2393.5,2588.0,2460.0,2808.5,2098.0,1569.0
772,-73.931,40.81,968.5,1011.0,1167.0,1248.0,1303.5,1294.5,1295.5,1291.0,1294.5,1559.5,1477.5
773,-73.931,40.811,968.5,1022.0,1133.0,1230.0,1395.5,1457.0,1419.0,1305.0,1453.0,1559.5,1552.0
774,-73.931,40.812,885.5,1077.5,1224.5,1307.0,1477.5,1719.0,1857.0,1714.5,1894.5,2014.5,1714.0
775,-73.931,40.813,1027.5,1293.0,1472.0,1660.0,1701.5,1699.0,1729.0,1753.0,1687.5,1876.5,1739.5
776,-73.931,40.814,1027.5,1069.0,1135.0,1255.0,1470.5,1504.0,1558.0,1499.0,1614.5,1661.5,1583.5
777,-73.931,40.815,1370.5,1162.0,1212.0,1295.0,1245.5,1448.5,1482.5,1456.0,1576.0,1670.0,1514.5
778,-73.931,40.816,1419.75,1175.0,1308.0,1460.5,1479.5,1520.5,1600.5,1560.5,1608.5,1729.5,1611.0
779,-73.931,40.83,560.5,673.5,853.5,785.0,1090.5,1992.0,2440.5,2567.0,2520.0,1667.5,1154.5
780,-73.931,40.832,1176.0,1366.0,1509.0,1605.0,2009.0,1986.5,2077.0,1881.0,2063.0,2192.5,1937.0
781,-73.931,40.833,1026.5,906.0,1134.0,1146.0,1545.5,2776.5,3158.5,3054.0,3256.0,2303.5,1596.5
782,-73.931,40.834,1233.5,1253.5,1447.0,1555.0,1969.0,2637.0,2964.5,2879.0,3115.5,2525.5,1999.0
783,-73.931,40.835,1511.5,2929.0,3204.0,3476.0,4015.5,3825.0,3892.5,3495.0,3865.0,4377.5,4119.5
784,-73.931,40.857,1891.5,1757.0,1929.0,1989.0,2137.0,2677.0,2918.0,2896.0,3028.5,2807.0,2439.0
785,-73.931,40.858,2084.5,1848.0,1952.0,2049.0,2662.5,2929.5,3054.0,2701.0,2997.0,3472.0,3271.5
786,-73.931,40.859,1297.5,1279.0,1451.0,1556.0,1642.0,1714.5,1886.5,1814.0,1889.5,2066.0,1910.0
787,-73.931,40.86,817.0,839.5,850.5,958.0,1425.5,2067.5,2386.5,3002.0,2488.0,2014.5,1585.5
788,-73.93,40.808,1690.5,1249.25,1352.5,1481.0,1871.0,1886.5,1794.0,1548.0,1907.5,2340.0,2300.0
789,-73.93,40.809,1329.5,1339.0,1458.0,1629.0,1683.0,1652.0,1623.0,1607.0,1628.0,1934.5,1801.0
790,-73.93,40.81,1110.5,1034.0,1105.0,1193.0,1270.0,1360.0,1463.0,1275.0,1446.5,1603.5,1468.0
791,-73.93,40.811,968.5,1560.0,1711.0,1876.0,2090.5,2077.0,2093.5,2070.0,2080.0,2238.0,2088.5
792,-73.93,40.812,1128.5,935.0,1097.0,1203.0,1331.5,1515.5,1608.0,1674.0,1589.5,1728.5,1567.0
793,-73.93,40.813,895.0,1106.0,1239.0,1307.0,1296.0,1352.5,1350.5,1460.0,1376.0,1561.0,1497.5
794,-73.93,40.814,1027.5,937.5,1051.5,1141.0,1414.5,1501.5,1546.0,1270.0,1538.5,1704.5,1615.0
795,-73.93,40.815,1401.5,1349.0,1480.0,1691.0,2087.0,2112.25,2091.5,1808.0,2122.5,2767.0,2581.5
796,-73.93,40.816,1212.75,1327.0,1424.0,1546.0,1697.25,1685.0,1770.0,1810.0,1803.0,2037.5,1912.5
797,-73.93,40.817,1159.5,1388.0,1548.0,1772.0,1864.5,1824.0,1990.5,1845.0,2019.0,2108.5,1908.0
798,-73.93,40.818,1182.0,1207.0,1407.0,1484.0,1669.5,1836.0,1951.0,1924.0,1951.5,2020.0,1758.5
799,-73.93,40.819,1267.5,2029.0,2132.5,2308.0,2364.0,2421.5,2679.0,2396.0,2531.5,2948.5,2699.0
800,-73.93,40.83,686.5,981.5,1136.0,1147.0,1320.0,2006.0,2304.0,2224.0,2438.5,1817.0,1312.5
801,-73.93,40.834,1758.0,1460.5,1599.0,1700.0,2251.25,2605.25,2868.0,2396.0,2773.5,2608.5,2175.5
802,-73.93,40.835,1476.0,1245.0,1425.0,1552.0,1819.5,2066.0,2189.0,2171.0,2284.0,2465.5,2305.5
803,-73.93,40.857,1291.0,1153.0,1300.0,1375.0,1479.5,1978.5,2091.0,2108.0,2215.5,1854.75,1586.25
804,-73.93,40.858,1291.0,1018.5,1130.0,1111.0,1316.0,1793.5,2018.0,1843.0,1985.0,1770.5,1455.5
805,-73.929,40.807,1533.0,1071.0,1124.0,1219.5,1415.75,1606.0,1639.25,1539.0,1684.0,1869.0,1866.5
806,-73.929,40.808,1690.5,1310.5,1468.5,1460.5,1897.5,1828.5,1919.0,1668.0,1967.0,2340.5,2300.0
807,-73.929,40.809,1147.5,1422.0,1542.0,1667.0,1807.5,1822.5,1877.0,1753.0,1966.5,2139.0,2034.0
808,-73.929,40.81,1329.5,1187.0,1267.0,1331.5,1590.5,1612.25,1646.75,1457.0,1603.25,1768.5,1697.5
809,-73.929,40.812,983.5,1503.0,1810.0,2017.0,1692.0,1784.5,1916.0,1973.0,1861.5,1907.5,1750.5
810,-73.929,40.813,983.5,917.5,1019.5,1090.0,1296.0,1327.5,1341.5,1203.0,1376.0,1509.0,1412.5
811,-73.929,40.818,2022.5,1396.0,1509.0,1664.0,2115.0,2102.5,2241.5,1989.0,2246.0,2874.5,2616.5
812,-73.929,40.819,1617.0,1593.0,1737.0,1904.0,2230.0,1967.0,2225.0,2018.0,2246.0,2664.5,2408.5
813,-73.929,40.82,1585.0,1408.0,1587.0,1724.0,1919.5,2086.0,2160.0,1982.0,2173.0,2316.0,2026.0
814,-73.929,40.821,1319.0,810.5,1000.5,940.0,1373.25,2219.0,2593.0,2668.0,2602.5,1979.25,1502.0
815,-73.929,40.829,801.0,1186.0,1324.0,1445.0,1512.5,2117.0,2196.5,2406.0,2242.0,1930.5,1504.0
816,-73.929,40.83,801.0,758.0,980.5,867.0,1099.5,2149.0,2477.5,2457.0,2584.5,1724.0,1191.5
817,-73.929,40.834,1398.5,1414.0,1484.0,1675.0,2082.5,2267.5,2467.5,2208.0,2347.5,2524.0,2290.5
818,-73.929,40.835,1438.0,1763.0,1861.0,1929.5,2337.5,2252.5,2396.0,2284.0,2367.0,2650.0,2542.5
819,-73.929,40.857,1056.0,916.5,1045.0,1220.0,1400.5,1847.0,2060.5,2055.0,2188.5,1937.5,1721.0
820,-73.929,40.858,1056.0,1386.0,1477.0,1592.0,1395.0,1822.0,1931.0,1955.0,2089.5,1690.5,1435.5
821,-73.928,40.807,1425.5,1373.5,1525.5,1713.0,1862.5,1902.25,2027.0,1881.0,1957.0,2425.0,2307.5
822,-73.928,40.809,1261.75,1069.25,1206.0,1262.0,1306.5,1953.5,2079.5,1715.5,2165.0,1922.25,1587.5
823,-73.928,40.81,1135.0,1085.0,1223.0,1278.0,1595.0,1912.5,1998.5,1810.0,2134.5,1984.5,1726.5
824,-73.928,40.811,1107.0,973.25,1211.5,1112.25,1560.5,1921.0,2082.0,2573.5,2205.0,2003.25,1789.25
825,-73.928,40.82,1319.0,1982.0,2148.0,2220.0,1965.5,2278.5,2361.5,2533.0,2477.0,2030.0,1621.5
826,-73.928,40.821,1148.5,1134.5,1290.0,1347.0,1621.5,2278.5,2509.5,2514.0,2577.0,2194.0,1853.5
827,-73.928,40.822,987.5,1285.5,1355.5,1531.0,1753.5,2054.5,2216.0,2256.0,2250.5,2319.5,2116.5
828,-73.928,40.824,876.5,1254.0,1498.0,1578.0,1510.5,1599.0,1573.0,1716.0,1660.5,1610.0,1503.0
829,-73.928,40.825,871.5,1061.0,1180.0,1256.0,1329.5,1436.25,1488.0,1472.0,1561.0,1488.5,1325.5
830,-73.928,40.826,821.5,1005.5,1207.0,1221.0,1198.0,1299.0,1400.5,1431.0,1412.0,1393.5,1222.0
831,-73.928,40.828,1268.0,1278.0,1458.0,1747.5,1750.5,1839.5,1883.0,1929.0,1937.0,2104.0,1932.0
832,-73.928,40.829,1165.5,1221.0,1411.0,1600.0,1861.75,2107.0,2196.5,1862.0,2242.0,2056.0,1883.0
833,-73.928,40.834,1627.5,1319.0,1427.0,1493.0,1779.0,2533.5,2703.0,2643.0,2706.5,2662.0,2289.5
834,-73.928,40.835,1384.5,1123.0,1311.0,1594.0,1776.0,1841.5,1960.5,1760.0,1937.5,2221.5,2086.5
835,-73.928,40.836,1321.5,1092.0,1221.0,1269.0,1437.5,2247.0,2320.0,2260.0,2322.0,1959.0,1622.0
836,-73.928,40.837,1129.0,895.5,1006.5,1067.0,1583.5,1768.0,1839.5,1658.0,1883.5,2006.0,1810.5
837,-73.928,40.838,1184.0,1784.0,1977.0,2082.0,2644.5,2710.5,2847.5,2573.0,2879.0,3059.5,2758.0
838,-73.928,40.839,1184.0,1298.5,1303.0,1427.0,1875.5,2477.5,2778.5,2795.5,2875.5,2330.0,1916.0
839,-73.928,40.857,1417.5,1207.5,1266.0,1372.0,1752.0,1955.0,2041.0,1606.5,2152.0,2238.5,2055.5
840,-73.927,40.806,1493.5,953.5,1106.0,1197.0,1914.0,2041.0,2026.0,1452.0,2052.0,2567.0,2507.5
841,-73.927,40.807,2093.0,1466.5,1645.0,1765.0,2169.5,2516.0,2615.0,2524.0,2702.0,3193.5,2940.5
842,-73.927,40.81,969.0,1091.0,1223.0,1278.0,1615.0,1946.5,1998.5,1928.0,2134.5,2008.5,1814.0
843,-73.927,40.811,1376.5,1185.0,1326.0,1466.0,1615.5,1999.0,2128.5,1872.0,2129.5,2008.5,1773.0
844,-73.927,40.82,1654.0,1343.0,1526.0,1620.0,1942.0,1972.5,2076.0,1937.0,2044.0,2151.0,1911.5
845,-73.927,40.821,1268.0,1152.0,1323.0,1496.5,1921.25,2140.5,2270.0,2309.5,2393.5,2371.5,2066.5
846,-73.927,40.825,1077.5,915.0,1060.0,1077.0,1203.0,1410.0,1538.0,1528.0,1632.5,1900.0,1706.0
847,-73.927,40.826,821.5,944.25,1102.75,1145.0,1198.0,1299.0,1400.5,1446.5,1412.0,1393.5,1222.0
848,-73.927,40.828,1452.5,1491.0,1701.0,1855.0,2054.0,2136.0,2195.5,2072.0,2222.0,2281.0,1950.0
849,-73.927,40.829,1524.5,1279.0,1433.0,1555.0,1955.5,2159.0,2236.0,1771.0,2287.0,2365.5,1978.5
850,-73.927,40.834,1311.0,1224.25,1457.0,1423.0,1940.5,2285.5,2553.5,2740.0,2666.5,2630.5,2429.0
851,-73.927,40.835,922.0,866.0,1030.0,1025.0,1326.0,1978.0,2125.5,2059.0,2243.0,1969.0,1484.0
852,-73.927,40.836,1224.5,1638.0,1559.0,1538.0,2099.5,2216.0,2305.5,1746.0,2259.0,2751.25,2565.5
853,-73.927,40.837,1129.0,1208.0,1332.0,1415.0,1584.5,1684.0,1754.5,1719.0,1809.0,1979.5,1789.0
854,-73.927,40.838,1129.0,1115.0,1209.0,1324.0,1583.5,1768.0,1943.5,1759.0,1961.0,2056.5,1885.0
855,-73.927,40.839,1121.5,1151.0,1233.0,1223.0,1491.5,2114.0,2418.5,2477.0,2538.5,2173.0,1873.0
856,-73.926,40.806,1206.0,997.0,1095.0,1136.0,1394.0,1653.5,1747.0,1480.0,1812.5,1798.5,1636.0
857,-73.926,40.807,1664.0,2227.0,2263.0,2403.0,1914.0,2066.0,2026.0,2744.0,2052.0,2663.0,2594.5
858,-73.926,40.811,1267.0,1180.0,1351.0,1464.0,1643.0,2268.0,2632.0,2159.0,2472.0,2221.0,1718.0
859,-73.926,40.812,1269.0,1056.0,1196.0,1203.5,1498.5,2020.0,2119.5,2179.0,2220.5,1930.25,1527.0
860,-73.926,40.82,1002.0,1541.0,1791.0,2016.0,1942.0,2214.5,2282.5,2231.0,2300.0,2235.0,1939.5
861,-73.926,40.821,937.5,1199.0,1399.0,1546.0,1599.0,1789.5,1999.0,1951.0,2120.0,1902.5,1611.0
862,-73.926,40.825,1774.5,1533.0,1680.0,1805.0,1816.0,2030.5,2093.5,2160.0,2064.5,2550.5,2541.0
863,-73.926,40.826,1681.5,1925.0,2054.5,2139.5,2273.0,2283.5,2396.0,2557.0,2384.5,2946.5,2892.0
864,-73.926,40.827,1503.0,1487.0,1609.0,1681.0,1949.5,2109.0,2174.5,2399.0,2243.0,2604.5,2643.0
865,-73.926,40.828,1119.0,1081.5,1186.5,1302.0,1426.5,1671.5,1685.0,1656.0,1737.0,1701.5,1550.5
866,-73.926,40.835,922.0,882.5,922.5,929.0,1287.0,1993.0,2244.5,1986.0,2332.5,1785.0,1471.0
867,-73.926,40.838,1585.5,1288.0,1416.0,1521.5,1519.0,1855.25,1946.75,2027.5,2071.0,2058.5,1722.25
868,-73.926,40.839,1481.0,892.0,1069.5,1034.5,1298.0,2162.5,2331.5,2352.0,2422.0,2006.5,1555.5
869,-73.926,40.84,1139.5,1132.0,1273.0,1257.0,1493.0,1862.0,1958.5,1917.0,1979.5,2016.0,1782.0
870,-73.926,40.841,1199.0,1032.5,1122.0,1155.0,1539.5,1756.5,1881.0,1610.0,1865.0,2281.0,2164.5
871,-73.926,40.842,1376.0,1402.0,1571.0,1631.0,2012.0,2335.0,2432.5,2176.0,2413.0,2581.5,2455.5
872,-73.925,40.806,1238.5,1257.0,1395.5,1530.0,1764.5,1913.5,1923.0,1712.0,1895.0,1982.5,1868.0
873,-73.925,40.812,1069.0,966.25,1070.0,1141.0,1341.0,1755.75,1873.5,1804.0,1958.5,1823.5,1542.75
874,-73.925,40.821,942.0,1177.0,1267.0,1393.0,1572.25,2205.0,2242.25,2200.0,2469.0,2261.0,1794.75
875,-73.925,40.826,1503.0,1078.0,1228.0,1245.0,1614.0,2253.0,2554.5,2157.0,2678.5,2180.0,1900.5
876,-73.925,40.827,1366.0,1103.5,1194.0,1315.0,1504.0,1707.0,1819.5,1699.0,1857.0,2057.25,1879.0
877,-73.925,40.828,1119.0,790.0,971.5,981.0,1227.0,2154.0,2470.5,2439.0,2468.0,1811.5,1394.5
878,-73.925,40.84,1003.5,1147.0,1147.0,1288.0,1509.5,1660.0,1735.0,1730.0,1788.5,1849.0,1682.0
879,-73.925,40.841,1439.0,2069.0,2121.0,1995.0,2352.5,2548.0,2415.5,2225.0,2417.5,2942.5,2907.5
880,-73.925,40.842,1237.0,1014.5,1107.5,1186.0,1568.5,1752.0,1907.5,1688.0,1888.5,2069.5,1895.5
881,-73.925,40.843,1189.0,1118.0,1220.0,1322.0,1476.5,1871.0,1939.5,1923.0,1989.0,2073.0,1785.0
882,-73.925,40.844,1209.5,972.5,1132.0,1085.0,1547.0,2599.5,2929.5,3088.0,3089.5,2257.5,1987.0
883,-73.924,40.805,1418.0,1188.0,1333.0,1441.0,1490.5,1690.5,1825.5,1772.0,1879.5,1984.5,1882.0
884,-73.924,40.806,1022.0,1061.5,1166.0,1217.0,1936.0,2151.0,2254.5,1876.0,2213.5,2464.5,2212.5
885,-73.924,40.812,922.5,1083.5,986.5,1126.0,1762.0,1896.5,2069.0,2130.0,2079.0,2049.5,1893.0
886,-73.924,40.813,922.5,815.0,959.5,949.0,1407.0,1887.0,2081.0,1786.0,2123.5,1875.5,1423.5
887,-73.924,40.821,960.0,717.25,926.75,888.25,1236.5,2148.0,2425.0,2148.0,2502.0,1862.0,1370.5
888,-73.924,40.822,1474.0,1192.0,1409.0,1498.0,1723.0,2027.0,2141.0,1989.0,2255.0,2312.0,1972.0
889,-73.924,40.823,1418.0,1767.0,1927.0,2088.0,2647.5,2661.0,2695.5,2316.0,2716.0,2638.5,2258.5
890,-73.924,40.843,1199.25,879.25,1001.25,972.5,1686.75,2253.25,2636.25,2629.5,2628.75,2323.75,1955.25
891,-73.924,40.844,1209.5,1085.0,1174.5,1327.0,1662.5,2149.0,2250.5,2112.0,2301.5,2173.5,1786.0
892,-73.923,40.805,1759.0,1494.0,1624.0,1733.0,1980.5,1967.0,2035.0,1970.0,2043.5,2334.0,2152.0
893,-73.923,40.809,1718.5,1516.0,1635.0,1742.0,1838.0,1861.5,2059.5,1935.0,2173.5,2516.5,2315.0
894,-73.923,40.81,1582.5,1468.0,1670.0,1742.0,2451.5,2435.5,2594.0,1935.0,2596.0,2516.5,2315.0
895,-73.923,40.813,957.5,1167.0,1297.0,1362.0,1451.5,1781.5,1898.5,1748.0,1961.5,1854.5,1568.0
896,-73.923,40.822,1491.0,1679.5,1844.5,1998.0,2329.0,2453.5,2399.0,2242.5,2555.5,2791.5,2485.5
897,-73.923,40.823,1353.5,1106.0,1230.0,1318.0,1591.0,1767.5,1872.5,1826.0,1925.0,2219.0,1947.5
898,-73.923,40.824,1353.5,1452.0,1565.0,1745.0,1754.5,1846.5,1917.0,1894.0,1925.0,2251.0,1981.0
899,-73.923,40.841,1612.0,1512.5,1621.5,2009.0,2206.5,2343.25,2370.25,2198.0,2368.5,2719.0,2613.0
900,-73.923,40.842,1318.0,1380.0,1549.0,1720.0,1822.0,1895.0,2031.5,1971.0,2057.0,2199.0,2045.0
901,-73.923,40.843,1227.0,1354.5,1414.5,1642.0,1992.0,2054.0,2240.0,2059.0,2272.5,2243.0,1901.0
902,-73.923,40.844,1057.5,1330.0,1408.0,1411.0,1926.5,2317.5,2423.0,2182.0,2379.5,2086.0,1787.5
903,-73.922,40.804,1690.0,1414.0,1480.0,1640.0,1772.0,1848.5,1882.0,1702.0,1907.5,2153.0,2011.5
904,-73.922,40.805,1683.0,1530.0,1740.0,1941.0,2274.0,2250.5,2174.0,2169.0,2269.5,2810.0,2674.0
905,-73.922,40.809,1961.5,1394.0,1325.0,1389.0,2742.5,2896.0,2634.0,1822.0,2623.5,2512.5,1753.5
906,-73.922,40.81,1436.0,1202.0,1363.0,1440.5,1571.5,1916.0,2083.5,1850.0,2180.0,2117.0,1748.75
907,-73.922,40.811,1152.0,1026.0,1184.0,1206.0,1296.0,1905.0,2113.0,2100.0,2078.0,1835.0,1542.0
908,-73.922,40.813,850.5,1386.0,1517.0,1588.0,2174.0,2219.5,2466.0,2095.0,2341.0,2627.5,2384.5
909,-73.922,40.814,715.5,503.0,699.0,560.75,978.5,2115.5,2406.5,2305.0,2530.25,1540.5,976.0
910,-73.922,40.823,1267.5,1221.0,1334.5,1427.5,1483.5,1483.75,1494.5,1506.0,1513.5,1796.0,1673.0
911,-73.922,40.831,1719.5,1283.0,1411.0,1545.0,2019.5,2020.5,2198.0,1637.5,2205.5,2642.0,2612.0
912,-73.922,40.832,1719.5,1631.0,1819.0,1920.0,2519.5,2546.5,2664.5,2182.0,2570.0,2813.5,2933.5
913,-73.922,40.841,1495.0,1344.0,1484.0,1848.0,2103.0,2173.0,2353.0,2335.0,2414.0,2370.0,2097.0
914,-73.922,40.842,1376.5,1230.0,1399.0,1618.0,1727.0,1933.0,1912.5,1932.0,2016.0,2249.5,2047.0
915,-73.921,40.804,1690.0,1340.0,1469.0,1606.0,1811.5,1806.0,1788.0,1617.0,1790.5,2192.5,2148.75
916,-73.921,40.805,1690.0,1263.0,1346.0,1487.0,2065.0,2013.5,1955.5,1476.0,1981.5,2590.5,2374.0
917,-73.921,40.811,843.0,952.0,1045.5,1057.0,1401.5,2052.5,2327.5,2130.0,2472.5,1926.0,1667.0
918,-73.921,40.812,931.5,1036.0,1207.0,1224.0,1411.0,1858.5,2004.5,1813.0,2091.0,1817.5,1394.0
919,-73.921,40.814,1266.5,968.75,1121.0,1188.5,1296.25,1719.5,1912.0,1758.0,2003.5,1742.25,1516.5
920,-73.921,40.815,1406.5,1188.0,1358.0,1432.0,1650.0,1820.5,1865.0,1869.0,1917.0,2103.0,1963.0
921,-73.921,40.822,907.0,987.0,1149.0,1294.0,1393.5,1583.0,1734.0,1435.0,1751.5,1696.0,1566.0
922,-73.921,40.823,1243.0,1283.0,1413.0,1519.5,1759.5,1690.5,1833.5,1698.5,1823.5,2289.0,2191.0
923,-73.921,40.831,1363.0,1225.0,1328.5,1467.0,1573.0,1719.0,1775.0,1681.0,1857.0,1990.5,1872.5
924,-73.921,40.832,1582.5,1521.0,1571.0,1692.0,2246.0,2503.5,2524.5,2490.0,2544.0,2852.5,2683.0
925,-73.921,40.833,1591.0,1500.0,1622.0,1670.0,2257.0,2535.5,2898.0,2708.0,2995.0,2937.5,2819.5
926,-73.921,40.834,1834.0,2085.5,2278.0,2415.5,2143.5,2267.5,2218.5,2541.5,2398.0,2898.5,2789.0
927,-73.921,40.841,1376.5,1653.0,1804.0,1800.0,1612.5,1747.0,1839.5,1904.0,1748.5,1930.0,1841.0
928,-73.921,40.842,1372.0,1223.0,1315.0,1478.0,1614.5,1914.5,1983.5,1856.0,1944.5,2143.5,1984.0
929,-73.921,40.843,1320.0,1635.0,1842.5,1948.0,2191.0,2209.0,2129.5,2325.0,2340.25,2643.5,2319.5
930,-73.92,40.804,1290.0,1643.0,1803.0,1924.0,1760.5,2028.5,2105.5,2081.0,2052.5,2219.5,2000.5
931,-73.92,40.812,931.5,982.0,1131.0,1157.0,1411.0,1675.5,1808.5,1906.0,1870.0,1790.5,1450.5
932,-73.92,40.814,1406.5,1804.0,1698.0,1878.0,1910.0,1904.5,2031.5,2165.0,2042.0,2360.5,2238.5
933,-73.92,40.815,1538.0,1317.0,1588.0,1675.0,2000.5,2111.5,2111.0,1979.0,2125.0,2401.5,2265.0
934,-73.92,40.822,884.5,1121.0,1259.0,1332.0,1454.5,1729.5,1847.25,1744.0,1912.25,1808.0,1588.0
935,-73.92,40.823,1309.0,1124.0,1258.0,1309.0,1501.5,1730.0,1763.0,1948.0,1813.5,1992.0,1832.5
936,-73.92,40.83,1075.5,1091.0,1254.0,1363.0,1519.5,1552.0,1621.0,1699.0,1699.5,1882.5,1675.0
937,-73.92,40.831,1075.5,1058.0,1210.0,1274.0,1420.5,1552.0,1604.5,1539.0,1667.0,1775.5,1625.0
938,-73.92,40.833,1834.0,637.5,792.5,657.0,1684.0,2264.5,2556.0,2617.0,2698.0,2527.0,2249.5
939,-73.92,40.834,1834.0,1667.0,1767.0,1811.0,2221.0,2493.5,2547.5,2478.0,2547.0,2931.5,2875.5
940,-73.92,40.835,1932.5,1319.5,1386.0,1530.0,2028.0,2106.5,2282.0,2013.0,2308.5,2164.5,1758.0
941,-73.92,40.843,1303.5,1169.5,1308.0,1420.0,1636.0,2070.0,2172.5,2236.0,2375.0,2448.5,1998.0
942,-73.92,40.844,1275.5,1138.0,1290.5,1320.0,1538.5,2124.25,2319.75,2218.0,2401.0,2193.0,1754.5
943,-73.919,40.804,1123.0,1147.0,1299.0,1385.0,1545.0,1826.5,1852.0,1679.5,1867.0,1865.5,1598.0
944,-73.919,40.805,665.5,1049.0,1155.0,1161.0,1344.5,1713.75,1810.25,1824.5,1879.0,1598.5,1231.0
945,-73.919,40.809,1396.0,1025.0,1162.5,1166.0,1594.0,2339.5,2505.5,2446.0,2538.5,2102.0,1716.25
946,-73.919,40.814,1550.5,1394.0,1623.0,1679.0,1881.0,1902.0,1878.0,1851.0,2010.0,2307.0,2159.5
947,-73.919,40.815,1542.5,1308.0,1403.0,1531.0,1965.5,1850.5,1886.5,1707.0,1988.0,2254.0,2017.5
948,-73.919,40.816,1739.5,1631.5,1794.5,1989.5,2549.5,2402.5,2443.0,2135.5,2495.0,3190.0,3046.0
949,-73.919,40.821,720.75,785.5,922.5,1051.5,1331.0,1843.5,1889.5,1551.0,2037.5,1767.0,1189.0
950,-73.919,40.822,781.5,607.5,731.5,696.0,974.75,1780.75,1997.0,2043.0,2072.0,1528.5,1108.0
951,-73.919,40.83,1585.0,1226.0,1386.5,1462.0,1659.5,1811.0,1912.0,1795.0,1912.5,2140.5,1971.0
952,-73.919,40.831,1985.5,2059.0,2214.0,2289.0,2511.5,2935.5,3186.5,2859.0,3095.5,3561.5,3577.5
953,-73.919,40.835,1298.5,1174.0,1273.0,1736.0,2503.0,2305.5,2479.5,1954.0,2379.5,2901.0,2680.5
954,-73.919,40.836,1246.0,1102.0,1206.5,1359.5,1946.0,2001.5,2150.5,2032.5,2168.5,2515.5,2392.0
955,-73.919,40.837,1382.5,1095.0,1217.0,1370.0,1446.0,1555.0,1597.0,1430.0,1579.5,1883.5,1756.5
956,-73.919,40.843,1275.5,1209.0,1415.0,1427.0,1534.5,1685.5,1946.5,1952.0,1971.0,2072.0,1854.0
957,-73.919,40.844,951.0,909.25,1048.5,1102.0,1363.5,1640.5,1692.5,1698.0,1806.5,1771.0,1592.0
958,-73.919,40.846,1026.5,1344.0,1580.0,1702.0,1706.0,1968.0,2021.0,1998.0,2054.0,2213.5,2234.5
959,-73.918,40.804,764.0,870.5,997.25,970.5,1245.75,1719.5,1826.0,1782.0,1961.0,1587.5,1251.0
960,-73.918,40.805,764.0,645.0,806.5,679.5,1067.25,2026.0,2246.0,2498.0,2370.0,1535.5,1056.0
961,-73.918,40.809,1327.5,1240.5,1308.0,1394.0,1879.0,2071.0,2296.0,2241.0,2302.0,2384.0,2099.0
962,-73.918,40.81,1694.0,1630.5,1802.0,1925.5,1991.25,2303.0,2509.5,2298.5,2498.5,2611.5,2108.0
963,-73.918,40.811,1464.5,1433.0,1581.0,1682.0,1503.0,1451.0,1621.5,1886.0,1558.5,1809.0,1662.0
964,-73.918,40.815,1965.0,1843.0,1855.0,2008.0,2741.5,2876.0,2782.0,2333.0,2789.5,3310.0,3081.0
965,-73.918,40.816,1757.5,1233.0,1327.0,1486.5,1608.0,1601.0,1644.0,1591.0,1641.0,1838.5,1746.0
966,-73.918,40.821,1273.0,893.0,1066.0,1109.0,1239.5,1893.25,2097.0,1990.0,2211.5,1769.75,1369.75
967,-73.918,40.822,662.5,486.0,528.0,503.0,832.0,1555.0,1788.5,1511.0,1801.0,1510.5,1000.5
968,-73.918,40.831,1550.0,1241.0,1348.0,1399.0,1887.5,2148.0,2208.5,2012.0,2325.5,2518.0,2499.5
969,-73.918,40.832,1609.5,1278.0,1503.0,1490.0,2224.25,2611.25,2843.5,2648.0,2847.5,2826.0,2620.0
970,-73.918,40.833,1677.0,1161.0,1264.0,1291.0,1627.5,1706.5,1820.0,1893.0,1892.0,2183.5,2095.0
971,-73.918,40.836,1382.5,1123.0,1147.5,1285.0,1538.0,1623.5,1664.5,1499.0,1610.0,2137.5,2042.5
972,-73.918,40.837,1669.5,1265.5,1374.0,1458.0,1802.0,2085.5,2180.5,2125.5,2231.0,2496.25,2291.5
973,-73.918,40.838,1600.25,1702.0,1798.0,1987.5,2232.0,2264.0,2267.75,2170.5,2497.5,2810.5,2593.5
974,-73.918,40.844,987.5,1130.0,1271.0,1293.0,1494.0,1907.5,2047.0,1694.0,2093.0,2075.5,1806.5
975,-73.918,40.845,1025.5,948.5,1067.0,1135.0,1267.5,1737.5,1954.0,1801.5,1933.0,1844.0,1475.0
976,-73.918,40.846,1493.5,1365.0,1534.0,1587.0,1789.0,1963.0,2096.0,2018.0,2142.5,2405.5,2110.5
977,-73.917,40.804,1015.5,872.0,1029.5,1019.0,1284.0,1778.0,1864.5,1970.0,1948.5,1630.5,1288.0
978,-73.917,40.81,1464.5,1287.0,1396.0,1537.0,1630.5,1802.5,2050.0,1751.0,1911.0,2103.0,1808.0
979,-73.917,40.811,1464.5,1248.0,1283.0,1382.0,1503.0,1708.5,1800.75,1827.0,1926.0,1870.0,1662.0
980,-73.917,40.812,1589.5,989.0,1142.0,1127.0,1595.5,2097.5,2261.5,2081.0,2340.0,2202.5,1785.0
981,-73.917,40.813,1566.5,2218.0,2361.0,2548.0,1980.0,2118.5,2083.0,2593.0,2173.5,2475.5,2279.0
982,-73.917,40.815,1956.5,2189.0,2332.0,2559.0,2490.5,2855.0,3021.0,2782.0,3129.0,3512.5,3490.5
983,-73.917,40.816,1172.5,1205.0,1298.0,1472.0,1513.0,1441.0,1493.5,1520.0,1570.5,1769.5,1642.5
984,-73.917,40.817,1379.5,1206.0,1259.0,1400.0,1497.5,1501.0,1532.0,1573.0,1635.5,1904.5,1818.5
985,-73.917,40.818,1449.5,1669.0,1874.0,1715.0,1873.5,1893.0,2125.5,2440.0,2220.0,2421.5,2209.0
986,-73.917,40.819,1354.0,1442.0,1640.0,1762.0,1829.5,1784.5,2023.5,2030.0,1924.5,2160.5,1968.0
987,-73.917,40.821,1481.0,1318.0,1417.0,1616.0,2614.0,2534.5,2579.0,2483.0,2579.5,2952.0,2578.5
988,-73.917,40.832,1677.0,1031.0,1099.0,1201.0,1573.0,1702.5,1791.5,1893.0,1892.0,1996.0,1830.0
989,-73.917,40.833,1872.0,1244.0,1314.0,1494.0,2077.0,2259.0,2231.5,1938.0,2321.0,2945.5,2937.5
990,-73.917,40.834,1760.0,1187.0,1338.5,1445.0,1598.5,1607.5,1731.0,1565.0,1747.5,2206.0,2096.5
991,-73.917,40.838,1589.75,1209.0,1278.0,1283.0,1696.5,1860.5,1993.5,2016.5,2045.0,2414.0,2193.0
992,-73.917,40.839,2006.0,2050.0,2242.0,2332.5,2513.25,2725.5,2723.5,2667.0,2603.5,3208.25,2991.75
993,-73.917,40.844,1439.5,982.5,1159.0,1159.0,1277.5,1738.5,1940.0,1655.0,2109.0,1845.5,1507.5
994,-73.917,40.845,928.5,1035.0,1135.0,1266.0,1553.0,1730.0,1826.0,1685.0,1772.5,1842.5,1618.5
995,-73.917,40.846,1263.5,1396.0,1710.0,1722.0,2138.5,2371.0,2474.0,2586.5,2492.5,2398.75,1902.0
996,-73.916,40.804,1042.5,1076.0,1152.0,1240.0,1198.0,1520.0,1614.0,1595.0,1645.5,1713.5,1525.0
997,-73.916,40.805,1087.5,575.0,713.0,614.5,1096.5,2438.5,2848.5,2420.0,2948.5,1774.5,1195.5
998,-73.916,40.812,1566.5,1321.5,1372.0,1490.5,1814.0,1916.5,1968.0,1709.0,2057.5,2202.5,1930.5
999,-73.916,40.813,1551.0,1326.0,1417.0,1527.0,1973.0,1944.5,2119.5,1829.0,2096.0,2392.5,2220.0
1000,-73.916,40.814,1401.0,1372.0,1483.0,1582.0,1653.0,1771.0,1844.0,1864.0,1903.5,2098.5,2048.0
1001,-73.916,40.816,1172.5,797.0,850.0,883.0,1169.5,1308.0,1485.5,1353.0,1603.5,1701.0,1403.0
1002,-73.916,40.817,1335.5,1329.5,1427.0,1546.5,1712.0,1680.0,1753.5,1738.0,1742.0,2099.5,1991.0
1003,-73.916,40.818,1334.5,1232.0,1476.0,1563.0,1494.5,1613.5,1656.5,1660.0,1606.0,1799.5,1696.5
1004,-73.916,40.819,1364.5,1236.5,1346.5,1507.0,1561.5,1767.25,1684.0,1883.0,1755.5,1971.0,1877.25
1005,-73.916,40.82,1189.5,1212.0,1359.0,1455.0,1755.5,1872.0,1851.5,1740.0,1943.5,2096.5,1925.5
1006,-73.916,40.821,988.0,956.5,1057.5,1126.0,1143.5,1687.0,1739.5,1677.0,1903.5,1521.5,1261.0
1007,-73.916,40.834,1979.5,1020.5,1159.0,1194.0,1579.5,2074.5,2275.5,1554.5,2335.5,2570.5,2547.0
1008,-73.916,40.835,1628.0,1276.0,1390.0,1430.0,2177.0,2383.5,2562.5,2385.0,2434.0,2695.5,2616.5
1009,-73.916,40.839,1535.0,1238.0,1327.0,1418.5,2095.5,2002.0,2061.0,1512.0,2091.0,2296.0,2178.0
1010,-73.916,40.84,1535.0,869.0,920.5,997.5,1168.5,1413.0,1497.5,1096.0,1429.5,1579.5,1436.5
1011,-73.916,40.843,1584.5,1459.0,1647.0,1841.0,2119.5,2124.5,2207.0,2048.5,2256.0,2551.0,2245.5
1012,-73.916,40.844,2085.5,1377.0,1493.0,1717.0,2967.5,2893.5,2942.0,1942.0,3000.0,2934.5,2167.5
1013,-73.915,40.804,1079.0,715.5,866.0,778.5,1000.5,2223.0,2493.0,2087.0,2675.5,1644.5,1074.0
1014,-73.915,40.805,1087.5,1162.0,1256.0,1307.0,1536.5,1861.0,1973.5,1861.0,2013.5,1879.5,1650.0
1015,-73.915,40.806,1510.0,1441.0,1513.0,1629.0,1752.0,1990.0,2097.0,1730.0,2162.5,2231.0,2028.0
1016,-73.915,40.814,1401.0,1209.5,1320.0,1370.5,1820.0,1952.0,2053.0,1610.0,2052.5,2381.5,2106.25
1017,-73.915,40.815,1593.0,1518.0,1720.0,1880.0,2008.0,2172.0,2316.5,2332.0,2278.5,2419.0,2265.5
1018,-73.915,40.816,1623.5,1944.0,2183.0,2412.0,2534.0,2493.0,2688.5,2482.0,2547.0,2865.5,2670.5
1019,-73.915,40.817,1300.5,1107.0,1220.0,1336.5,1574.0,1707.0,1787.0,1783.0,1935.0,2191.0,1835.0
1020,-73.915,40.818,1726.5,1246.0,1384.0,1480.0,1877.5,1857.5,1802.0,1658.5,1889.0,2349.5,2235.5
1021,-73.915,40.819,1400.5,1308.0,1436.0,1745.0,1876.0,1836.5,1948.0,1832.0,1940.0,2271.0,2090.5
1022,-73.915,40.826,1446.0,1116.0,1262.0,1391.0,2224.0,2486.0,2747.0,2517.0,2758.5,2901.5,2857.0
1023,-73.915,40.827,1446.0,2083.5,2151.5,2330.0,2452.25,2742.25,2680.0,2431.0,2656.5,3184.25,2979.0
1024,-73.915,40.835,1601.5,1044.0,1084.0,1175.0,1794.0,1757.5,2056.0,1584.0,2033.5,2483.5,2409.0
1025,-73.915,40.836,1401.0,906.0,950.5,1046.0,1482.0,1930.0,1986.0,1916.0,1992.0,2038.5,1889.25
1026,-73.915,40.839,1535.0,1185.0,1241.0,1374.0,1380.0,1455.5,1493.0,1505.5,1525.0,1819.0,1735.5
1027,-73.915,40.84,1535.0,959.0,1071.0,1246.0,1245.5,1158.0,1262.5,1326.0,1328.5,1738.5,1586.5
1028,-73.915,40.843,1544.5,1000.0,1178.0,1310.0,1356.5,1296.5,1432.5,1377.0,1416.5,1675.5,1424.0
1029,-73.915,40.844,1274.5,857.5,919.0,1269.0,1336.0,1367.0,1443.0,1400.0,1453.0,1984.5,1841.0
1030,-73.915,40.845,1274.5,764.5,856.0,1295.5,1495.0,1518.0,1520.0,1399.5,1526.0,2169.0,1908.0
1031,-73.914,40.805,1502.0,1369.0,1487.0,1544.0,1859.5,2062.0,2171.5,1852.5,2303.0,2216.5,2050.5
1032,-73.914,40.806,1510.0,1294.0,1449.0,1517.0,2102.0,2316.0,2360.0,1796.0,2395.5,2938.0,2816.0
1033,-73.914,40.816,1221.0,1109.0,1268.0,1474.0,1579.0,1824.5,1857.5,1659.0,2003.0,1945.0,1721.5
1034,-73.914,40.817,699.0,849.0,1003.0,966.25,1423.5,2082.0,2248.0,2037.0,2314.5,2049.0,1560.5
1035,-73.914,40.818,1306.0,1189.0,1276.0,1378.0,1498.5,1832.5,1861.5,1816.0,1920.0,1926.5,1667.0
1036,-73.914,40.819,1706.0,1281.0,1386.5,1514.0,1893.5,1836.5,1935.25,1674.0,1940.0,2295.0,2209.0
1037,-73.914,40.82,2531.5,1349.0,1450.0,1566.0,1830.5,1836.0,1928.0,1717.0,1905.0,2451.5,2201.5
1038,-73.914,40.826,1042.5,1092.0,1308.0,1391.0,2245.0,2417.5,2341.0,2412.5,2374.5,2806.5,2671.5
1039,-73.914,40.827,1042.5,1099.0,1235.5,1349.5,1483.5,1926.5,2000.5,2229.5,2079.0,1988.75,1829.25
1040,-73.914,40.83,1119.0,1092.0,1232.0,1282.0,1388.0,1792.5,1904.5,1900.0,1931.5,1950.5,1726.0
1041,-73.914,40.831,957.5,770.0,871.25,901.75,956.0,1385.5,1603.0,1653.0,1653.5,1740.75,1516.75
1042,-73.914,40.835,981.75,793.0,830.0,886.0,1173.0,1356.25,1467.5,1441.0,1512.25,1521.25,1374.0
1043,-73.914,40.836,948.5,1085.0,1136.0,1339.0,1333.0,2158.0,2421.5,2263.0,2575.0,2151.0,1646.0
1044,-73.914,40.839,1604.5,1295.0,1390.0,1469.0,2115.5,2384.0,2688.0,2477.0,2798.0,2805.5,2600.0
1045,-73.914,40.844,1274.5,1478.0,1462.0,1685.0,1844.5,1809.0,1870.0,1846.0,1786.0,2343.0,2214.5
1046,-73.914,40.845,1070.0,871.0,976.5,1107.0,1274.0,1650.5,1865.0,1620.0,1786.0,1786.5,1473.5
1047,-73.913,40.805,1701.5,1593.0,1739.0,1821.0,2039.0,2336.5,2592.5,2077.0,2542.0,2469.0,2367.0
1048,-73.913,40.817,699.0,1122.0,1253.0,1736.0,1389.5,1623.5,1761.0,2029.0,1950.0,2524.0,1675.5
1049,-73.913,40.818,920.5,986.5,1112.0,1154.0,1516.5,1924.0,2090.5,2175.0,2104.5,2046.0,1613.5
1050,-73.913,40.819,2531.5,2964.0,3217.0,3723.0,3375.0,3329.5,3468.5,3507.0,3468.5,3707.5,2761.5
1051,-73.913,40.82,1839.5,1251.0,1348.0,1489.0,1893.5,1868.5,1948.0,1687.0,1965.5,2122.5,1937.0
1052,-73.913,40.821,1119.0,1130.0,1261.0,1316.0,1734.0,1826.5,1857.0,1765.0,1894.5,1979.5,1806.0
1053,-73.913,40.827,919.5,1098.0,1244.0,1289.0,1412.5,2083.0,2225.5,2227.0,2400.5,2064.0,1898.5
1054,-73.913,40.828,1438.5,3195.0,3286.0,3411.0,3512.0,3472.5,3435.5,3548.0,3443.0,3955.0,4024.5
1055,-73.913,40.829,1130.0,998.5,1114.5,1214.0,1289.0,1447.0,1702.5,1593.0,1725.5,2011.5,1767.0
1056,-73.913,40.83,1110.5,1077.0,1209.0,1380.0,1467.0,1640.0,1724.0,1639.0,1806.5,2011.5,1881.0
1057,-73.913,40.831,957.5,810.0,902.5,940.5,1173.0,1484.0,1564.0,1828.0,1695.0,1723.0,1537.0
1058,-73.913,40.835,1051.5,824.0,912.5,959.0,1185.0,1534.5,1644.0,1736.0,1620.0,1598.0,1462.0
1059,-73.913,40.836,777.0,801.5,897.0,902.5,994.5,1278.0,1450.5,1444.0,1524.5,1297.5,1149.5
1060,-73.913,40.838,1156.0,1396.0,1493.0,1696.0,1761.5,1911.0,1915.5,1874.0,1941.0,2146.5,2012.0
1061,-73.913,40.839,1201.0,1387.0,1487.0,1657.0,1887.0,1779.0,1809.0,1840.0,1856.0,2284.0,2235.0
1062,-73.913,40.845,1194.0,1270.0,1426.0,1524.0,1415.0,1536.0,1560.0,1795.0,1548.5,1686.0,1432.5
1063,-73.912,40.804,1342.0,1321.5,1423.0,1533.0,1674.0,1719.0,1709.5,1588.0,1747.5,1782.5,1558.0
1064,-73.912,40.805,1693.0,1480.0,1610.0,1774.0,1851.0,1811.0,1853.0,1744.0,1841.0,1782.5,1768.0
1065,-73.912,40.819,1137.0,989.0,996.5,1039.5,1194.5,1977.0,2256.0,1825.0,2309.5,2014.5,1685.5
1066,-73.912,40.82,1526.0,1186.0,1298.0,1457.0,1825.0,2105.0,2299.0,2095.0,2349.5,2346.0,2069.0
1067,-73.912,40.821,1119.0,953.5,1108.5,1157.5,1339.5,1872.5,2153.75,2019.0,2148.0,1828.0,1448.0
1068,-73.912,40.822,1173.0,1062.0,1109.0,1216.0,1545.5,1729.0,1668.5,1411.0,1623.0,2027.0,1653.5
1069,-73.912,40.828,1415.5,1962.0,2022.0,2174.0,2108.5,2180.5,2192.0,2250.0,2211.0,2861.0,2690.0
1070,-73.912,40.829,1075.0,1119.5,1292.0,1378.0,1498.25,1880.0,2316.0,2254.0,2260.0,1937.5,1709.75
1071,-73.912,40.83,1041.5,1549.0,1638.0,1887.0,2175.5,2102.0,2428.0,2037.0,2474.5,2541.0,2268.0
1072,-73.912,40.835,1101.5,962.25,1202.0,1119.0,1549.25,2170.75,2399.25,2381.0,2532.0,2181.5,1866.5
1073,-73.912,40.838,802.0,1152.0,1269.5,1231.0,1529.0,1953.0,2069.25,1935.0,2139.25,2064.0,1603.5
1074,-73.912,40.844,1481.0,1452.0,1642.0,1773.0,2057.0,2190.5,2279.5,2554.0,2313.5,2361.5,1765.5
1075,-73.912,40.845,879.5,1092.0,1144.0,1152.0,1342.5,1822.0,1942.5,1938.0,2002.5,1726.5,1409.5
1076,-73.911,40.804,1385.0,1274.0,1444.5,1520.5,1617.0,1714.5,1787.5,1632.0,1688.5,1889.0,1668.25
1077,-73.911,40.805,1514.0,1365.5,1424.5,1518.0,1465.0,1510.0,1504.0,1617.0,1528.0,1849.0,1851.0
1078,-73.911,40.806,1514.0,1488.0,1580.0,1714.0,1792.0,1808.0,1783.5,1779.0,1897.0,2277.0,2343.5
1079,-73.911,40.819,1256.0,855.5,1070.0,1031.5,1461.25,2360.5,2632.5,2664.0,2712.5,2323.75,1853.75
1080,-73.911,40.82,1137.0,1397.0,1534.0,1511.0,1904.0,2536.5,2820.5,2682.0,2939.5,2794.0,2379.5
1081,-73.911,40.821,1136.0,1270.0,1379.0,1477.0,1801.5,1932.5,2102.0,2051.0,2139.0,2219.5,2018.5
1082,-73.911,40.822,1078.0,1072.0,1221.0,1218.0,1429.5,2133.0,2271.5,2151.0,2266.5,1959.0,1613.0
1083,-73.911,40.824,1113.0,913.0,1015.5,1035.0,1188.5,1737.5,1830.5,1692.0,1935.0,1709.5,1363.5
1084,-73.911,40.825,1125.5,1128.0,1182.0,1300.0,1403.0,1803.5,1929.5,1858.5,1984.5,1885.0,1684.0
1085,-73.911,40.829,1220.0,1081.5,1165.5,1222.0,1484.25,1869.25,1875.0,1796.5,2042.5,1802.0,1544.0
1086,-73.911,40.833,1497.0,1604.0,1922.0,1963.0,1909.0,2197.5,2329.0,2758.0,2340.5,2446.5,2211.5
1087,-73.911,40.834,1205.5,1612.0,1716.0,1790.0,1876.0,2067.5,2147.0,2193.0,2299.5,2492.0,2311.5
1088,-73.911,40.835,1189.0,1264.0,1364.0,1562.0,1729.5,2084.5,2202.0,2052.0,2170.5,2202.5,2038.0
1089,-73.911,40.838,1184.0,989.0,1114.0,1186.0,1527.0,1952.0,2253.5,2508.0,2430.5,2170.0,1775.0
1090,-73.911,40.839,1147.0,1108.0,1276.0,1375.0,1660.0,1819.0,1967.0,1840.0,2007.25,2046.5,1806.0
1091,-73.911,40.84,1312.5,1096.0,1228.0,1345.5,1419.25,1812.5,1967.0,1832.5,2037.0,2080.25,1862.0
1092,-73.911,40.845,1020.0,898.5,1071.0,1092.0,1394.0,1637.5,1835.5,1800.0,1795.0,1738.5,1504.5
1093,-73.91,40.803,1081.0,885.0,1048.0,1106.0,1163.5,1331.0,1409.5,1701.0,1459.5,1616.0,1345.0
1094,-73.91,40.804,1319.5,1160.5,1251.0,1376.0,1453.5,1549.5,1592.5,1596.0,1551.5,1677.0,1538.0
1095,-73.91,40.805,1644.0,1803.5,1918.5,2061.5,2082.5,2006.5,2091.0,2030.0,2059.5,2042.5,1807.0
1096,-73.91,40.806,1629.5,1312.5,1414.0,1509.0,1821.0,1797.5,1793.25,1618.0,1827.0,2456.0,2259.5
1097,-73.91,40.81,1051.0,731.5,903.5,784.5,1216.5,2145.5,2453.5,2278.0,2582.0,2138.0,1709.5
1098,-73.91,40.811,812.5,862.75,969.25,978.0,1214.0,1851.5,2097.5,1937.0,2130.0,1955.5,1559.0
1099,-73.91,40.812,1177.0,1222.0,1364.0,1462.0,1921.5,1950.5,1996.0,1965.0,2066.5,2300.5,1788.0
1100,-73.91,40.813,1009.25,775.75,974.25,949.25,1021.5,1539.25,1695.5,1928.5,1829.0,1502.25,1148.5
1101,-73.91,40.819,1559.5,1335.0,1474.0,1594.0,1748.5,2257.0,2214.5,2177.0,2479.5,2429.5,1996.5
1102,-73.91,40.824,1058.0,995.5,1063.5,1204.0,1380.0,1385.5,1447.0,1396.0,1467.0,1579.0,1471.25
1103,-73.91,40.825,1125.5,1130.0,1266.0,1365.0,1525.0,1757.0,1850.0,1893.0,1913.5,1915.0,1701.0
1104,-73.91,40.826,1203.5,982.5,1135.0,1180.0,1372.5,1571.0,1749.0,1924.0,1758.5,1783.0,1569.0
1105,-73.91,40.827,1400.0,1205.0,1274.0,1421.0,1193.0,1404.5,1286.0,1683.0,1405.5,1613.0,1481.0
1106,-73.91,40.833,1497.0,1548.0,1656.0,1758.0,2041.0,2264.5,2342.5,2544.0,2340.5,2700.5,2499.5
1107,-73.91,40.834,1316.5,1211.5,1334.0,1435.0,1653.25,1989.5,2180.75,2090.0,2217.5,2212.5,2108.0
1108,-73.91,40.839,1312.5,962.25,1123.75,1206.0,1872.0,2118.5,2263.0,2175.0,2542.5,2195.0,1656.5
1109,-73.91,40.84,979.5,1075.5,1181.0,1414.0,1496.5,1789.0,2015.5,1905.0,2144.5,1923.0,1661.0
1110,-73.91,40.841,1072.0,873.5,1100.0,1170.0,1570.0,2122.25,2381.5,2385.0,2493.5,2193.5,1780.0
1111,-73.91,40.842,719.5,868.5,1004.5,1044.0,1337.5,1952.0,2323.0,2278.0,2368.5,2048.0,1660.0
1112,-73.91,40.843,1081.0,1289.5,1479.0,1592.0,1748.0,2086.5,2181.5,2097.0,2209.0,1980.5,1807.5
1113,-73.91,40.844,1238.0,1189.0,1341.0,1431.0,1915.5,2090.0,2075.0,1824.0,2142.5,2393.5,2178.5
1114,-73.91,40.845,1057.5,895.5,1017.5,1118.0,1294.0,1340.5,1418.0,1516.0,1520.5,1564.5,1349.0
1115,-73.909,40.803,1672.0,1475.0,1598.0,1769.5,2100.0,2293.5,2409.5,2084.0,2329.0,2497.5,1892.0
1116,-73.909,40.805,1690.5,1979.5,2088.0,2314.5,2572.5,2496.5,2618.5,2491.0,2742.0,3036.5,2329.5
1117,-73.909,40.806,986.5,1096.0,1165.0,1218.5,1397.5,1729.5,1770.0,1688.0,1919.5,1700.0,1337.5
1118,-73.909,40.807,986.5,541.0,706.75,512.25,1153.75,2227.5,2750.0,3298.5,2818.5,1672.25,1158.25
1119,-73.909,40.81,1051.0,1262.0,1388.0,1399.0,1318.75,2132.0,2361.5,2406.0,2553.0,2077.0,1779.0
1120,-73.909,40.811,874.0,1062.0,1165.0,1266.0,1413.5,1657.0,1782.0,1818.0,2025.5,2442.5,2208.5
1121,-73.909,40.812,1354.0,1048.0,1182.0,1190.0,1855.25,2050.75,2212.75,1798.0,2126.5,2420.0,2147.5
1122,-73.909,40.813,841.5,675.0,823.0,821.5,1212.0,1883.0,2117.5,2181.5,2251.0,1617.5,1305.5
1123,-73.909,40.819,1746.0,1378.0,1536.0,1498.5,2225.25,2711.0,2814.75,2856.0,2977.75,2757.5,2401.75
1124,-73.909,40.82,1305.5,687.5,849.0,834.0,957.0,1989.0,2413.5,2282.0,2486.0,1839.0,1351.0
1125,-73.909,40.824,1200.5,1049.75,1151.5,1311.0,1487.5,1457.0,1530.25,1477.0,1540.25,1799.75,1602.5
1126,-73.909,40.825,1334.5,919.5,1023.0,1087.0,1294.0,1495.0,1366.5,1599.0,1491.0,1707.5,1328.5
1127,-73.909,40.826,1189.5,1797.0,1918.0,2116.0,1715.0,1698.5,1826.0,2139.0,1775.0,2059.0,1848.0
1128,-73.909,40.827,1377.5,1164.0,1229.0,1331.0,1564.5,1672.5,1758.0,1579.0,1798.5,2094.0,2007.0
1129,-73.909,40.828,1191.5,1193.0,1303.0,1461.0,1617.0,1776.0,1870.0,2016.0,1878.0,2090.0,1825.0
1130,-73.909,40.829,1272.0,1255.0,1376.0,1514.0,1867.5,2193.5,2271.5,2326.0,2340.0,2306.5,2073.5
1131,-73.909,40.841,1072.0,1049.25,1139.0,1303.0,1155.0,2249.5,2508.0,1918.0,2583.5,1840.5,1288.0
1132,-73.909,40.842,866.0,345.25,514.75,339.75,774.5,2338.0,2883.0,2561.5,3006.0,1699.5,903.0
1133,-73.909,40.843,1081.0,1281.0,1465.5,1583.0,1939.5,2148.5,2262.5,1867.5,2187.75,2403.25,2270.25
1134,-73.909,40.844,1362.0,1207.5,1341.0,1437.0,1858.25,2040.0,2207.5,1885.0,2184.5,2383.75,2177.0
1135,-73.909,40.845,1025.5,961.0,1061.0,1171.0,1232.75,1299.0,1426.5,1383.5,1373.0,1533.5,1413.5
1136,-73.908,40.802,1806.5,1543.0,1697.0,1837.0,2353.5,2293.25,2310.0,1860.5,2316.75,2697.5,2146.0
1137,-73.908,40.803,2324.0,1867.0,2031.5,2301.5,2498.0,2271.0,2602.5,2351.5,2420.0,2883.0,2115.25
1138,-73.908,40.804,2405.0,1707.0,1843.0,1973.0,3368.5,3126.5,3128.0,2215.0,3153.5,2951.0,2024.0
1139,-73.908,40.805,1690.5,792.0,867.0,946.75,1136.0,1824.75,1938.5,1660.0,1978.5,1777.0,1304.5
1140,-73.908,40.806,1735.75,1759.0,2054.0,2126.5,2368.5,2292.25,2401.25,2133.5,2362.5,2330.75,1822.25
1141,-73.908,40.807,1326.5,1240.0,1344.5,1444.0,1639.25,2012.25,2210.5,1983.5,2241.0,1951.0,1776.0
1142,-73.908,40.808,1727.5,1433.0,1625.0,1836.0,2494.0,2344.0,2364.5,1813.0,2473.0,2374.0,2025.0
1143,-73.908,40.809,1195.5,1187.0,1323.0,1473.0,1514.0,1616.0,1681.5,1664.0,1734.5,1950.5,1788.0
1144,-73.908,40.81,1355.5,1344.0,1495.0,1680.0,1911.5,2075.5,2170.5,1975.0,2243.5,2696.5,2547.0
1145,-73.908,40.819,1305.5,990.5,1142.0,1221.0,1621.5,2243.5,2462.0,1956.0,2586.0,2163.0,1766.5
1146,-73.908,40.82,771.5,946.5,1097.0,1146.0,1420.0,1862.5,2029.5,2104.0,2137.0,1918.0,1558.5
1147,-73.908,40.821,661.0,772.0,937.0,897.5,1107.0,1970.0,2170.5,2141.0,2245.0,1761.5,1379.0
1148,-73.908,40.824,1334.5,973.5,1143.0,1152.0,1991.5,2206.0,1988.5,1480.0,2236.5,2301.0,1590.0
1149,-73.908,40.825,1447.0,1147.0,1320.0,1355.0,1332.0,1810.5,2053.5,1951.0,2116.5,1946.5,1446.0
1150,-73.908,40.826,1655.5,2162.5,2311.5,2385.5,2503.5,2813.5,2887.5,2877.0,2970.5,3408.5,3226.0
1151,-73.908,40.828,1272.0,990.5,1046.5,1219.0,1577.5,1847.0,1949.0,1646.0,2004.5,1965.5,1521.0
1152,-73.908,40.829,1075.0,1159.0,1268.0,1360.0,1450.0,1703.5,1891.5,1817.0,1914.5,2044.0,1741.5
1153,-73.908,40.83,1200.0,1241.0,1388.0,1539.0,1771.0,1887.5,1960.5,1909.0,1937.5,2298.5,1996.5
1154,-73.908,40.844,1129.5,1149.0,1361.0,1464.0,1728.0,2024.0,2142.75,2023.0,2164.75,2171.0,1735.5
1155,-73.908,40.845,939.0,893.0,997.5,1135.0,1224.5,1307.0,1365.5,1336.0,1369.0,1517.0,1397.5
1156,-73.907,40.802,1806.5,1381.5,1540.0,1652.0,1847.0,1852.5,1892.0,1747.0,2022.0,2306.0,1982.0
1157,-73.907,40.803,1766.5,1618.0,1835.0,1938.0,2489.0,2323.5,2391.0,2073.0,2396.5,2285.0,2013.5
1158,-73.907,40.804,2236.0,1486.0,1675.0,1813.5,2119.5,2026.5,2116.0,1896.5,2025.5,2553.0,2332.25
1159,-73.907,40.805,2019.5,1489.0,1603.0,1702.0,1693.0,1618.5,1668.5,1729.0,1734.0,2358.5,2230.5
1160,-73.907,40.807,1326.5,1355.0,1485.0,1594.5,1690.0,1701.5,1725.5,1684.5,1759.0,1944.5,1745.0
1161,-73.907,40.808,1641.0,1176.0,1350.0,1369.0,1615.0,1785.5,2022.5,2190.0,2151.5,2214.5,1741.5
1162,-73.907,40.809,1141.0,1051.0,1161.0,1242.0,1525.5,1495.5,1519.0,1196.0,1483.5,1803.0,1765.0
1163,-73.907,40.81,1250.0,1227.0,1367.5,1479.0,1661.5,1632.0,1737.5,1581.5,1744.5,1951.5,1857.25
1164,-73.907,40.813,1509.5,1427.5,1584.0,1762.0,1944.5,2085.0,2272.0,2362.0,2335.5,2398.0,2218.5
1165,-73.907,40.814,1265.25,1201.0,1320.0,1374.0,1495.75,1728.5,1816.0,1783.0,1872.0,2120.5,1958.0
1166,-73.907,40.815,1128.0,1268.0,1301.0,1482.0,1363.0,1840.0,2023.0,1938.5,1993.5,1848.0,1722.0
1167,-73.907,40.816,924.0,1739.0,1791.0,1906.0,1713.0,1923.5,2010.5,2054.0,2032.0,2017.0,1816.5
1168,-73.907,40.825,1655.5,1249.0,1279.0,1316.0,2190.0,2258.5,2320.0,1698.0,2299.5,2791.0,2687.5
1169,-73.907,40.826,1592.5,1412.5,1595.5,1735.5,2134.0,2352.0,2418.0,2136.0,2443.0,2777.0,2673.0
1170,-73.907,40.83,1200.0,1026.0,979.5,1158.0,1360.0,1797.0,1902.0,1539.0,2050.0,2066.5,1815.5
1171,-73.907,40.831,1088.0,1023.5,1190.0,1153.0,1571.0,2029.5,2232.0,2099.0,2249.5,2044.0,1739.0
1172,-73.907,40.832,868.0,926.5,1102.0,1061.0,1328.5,1756.5,1856.5,2132.0,1996.5,1783.5,1430.5
1173,-73.907,40.843,1320.0,661.0,814.5,716.5,1033.0,2097.5,2314.5,2802.0,2437.5,1845.0,1402.0
1174,-73.907,40.844,1320.0,1522.0,1693.0,1900.0,1927.5,2209.0,2314.5,2298.0,2437.5,2668.0,2327.0
1175,-73.907,40.845,1280.0,1053.25,1124.5,1263.5,1554.0,1683.5,1724.5,1386.0,1718.0,1901.5,1788.5
1176,-73.906,40.803,1337.5,1202.0,1312.0,1405.0,1595.5,1581.0,1602.0,1460.0,1586.0,1827.5,1750.5
1177,-73.906,40.804,1391.5,1400.0,1478.0,1633.0,1785.5,1827.5,1905.0,1825.0,1925.5,2384.0,2265.0
1178,-73.906,40.805,2312.0,1660.0,1762.0,2015.0,3759.5,3496.0,3457.5,2109.0,3534.5,4125.0,3508.5
1179,-73.906,40.807,1215.5,1581.0,1706.0,1845.0,1914.5,1868.0,1951.5,1840.0,1935.0,2027.5,1912.5
1180,-73.906,40.808,1377.5,1341.0,1463.0,1625.0,1726.0,1695.0,1696.0,1657.0,1673.5,1839.0,1661.5
1181,-73.906,40.812,1904.0,1464.0,1512.0,1679.0,2218.0,2113.0,2143.25,1826.0,2122.5,2435.5,2314.5
1182,-73.906,40.813,1702.0,1503.0,1711.0,2055.0,2148.5,2183.5,2233.0,2149.0,2335.0,2496.5,2119.5
1183,-73.906,40.814,1128.0,1355.0,1483.0,1607.0,1749.5,1935.0,2023.0,1988.0,1993.5,1942.5,1722.0
1184,-73.906,40.815,1060.5,950.5,967.0,1064.0,1155.0,1354.0,1579.5,1242.0,1541.5,1695.5,1459.5
1185,-73.906,40.816,904.5,992.5,1086.0,1147.0,1259.5,1855.0,2020.0,2020.0,2136.0,1855.5,1459.5
1186,-73.906,40.826,1591.0,1797.0,1821.0,2083.0,2061.0,2328.5,2521.0,2419.0,2444.0,3040.0,2855.5
1187,-73.906,40.827,1591.0,1602.0,1798.0,1934.0,2589.5,2807.0,3028.5,3336.0,3121.0,3153.5,2990.5
1188,-73.906,40.832,889.5,953.0,1059.0,1122.0,1292.0,1950.5,2096.5,1917.0,2150.5,1854.0,1353.5
1189,-73.906,40.833,702.0,1013.5,1149.0,1234.0,1328.0,1751.5,1922.0,2008.0,2066.5,1670.25,1362.25
1190,-73.906,40.843,1528.5,1028.75,1170.25,1182.0,2046.0,2110.75,2137.25,1757.0,2103.25,2512.25,2376.5
1191,-73.906,40.844,1419.0,1431.0,1648.0,1782.0,2087.0,2180.0,2305.0,2341.0,2271.0,2685.0,2455.0
1192,-73.906,40.845,1131.0,1029.5,1087.0,1213.0,1497.0,1601.5,1691.5,1496.0,1700.5,1823.5,1687.0
1193,-73.905,40.804,1031.0,1009.0,1115.0,1190.0,1448.0,1591.0,1605.0,1387.0,1603.5,1954.0,1823.5
1194,-73.905,40.807,1033.5,1250.75,1398.5,1589.5,1682.0,1697.0,1644.0,1649.5,1673.5,1845.0,1779.0
1195,-73.905,40.808,1033.5,1023.0,1174.0,1309.0,1621.5,1596.0,1652.5,1473.0,1587.0,1849.0,1779.0
1196,-73.905,40.809,1282.5,1004.75,1181.5,1307.5,2020.5,2074.0,2121.5,1627.0,2092.0,2186.0,2022.0
1197,-73.905,40.812,1755.5,1216.0,1394.0,1514.0,1794.0,1731.0,1841.5,1614.0,1851.0,2232.0,2100.0
1198,-73.905,40.813,1755.5,1728.0,1872.0,2124.0,2330.5,2534.0,2441.5,2525.0,2598.5,2977.5,2697.5
1199,-73.905,40.815,881.0,982.0,1110.0,1163.0,1500.0,2123.0,2222.0,2163.0,2363.0,1954.0,1635.5
1200,-73.905,40.816,881.0,1217.0,1355.0,1422.5,1470.25,2252.75,2555.25,2709.0,2577.5,2075.75,1522.0
1201,-73.905,40.827,1325.5,1195.0,1310.0,1415.0,1660.5,2069.0,2294.5,1998.0,2381.0,2457.5,2206.5
1202,-73.905,40.828,1082.0,1167.0,1300.0,1374.0,1417.5,1728.5,1867.0,2587.0,2025.0,2054.0,1709.5
1203,-73.905,40.833,859.5,707.0,856.5,793.75,1163.0,1956.0,2272.5,2432.0,2373.0,1790.5,1391.0
1204,-73.905,40.834,546.25,720.25,915.25,962.75,1332.75,2227.25,2572.25,2635.5,2618.0,2024.75,1574.75
1205,-73.905,40.843,1339.5,1339.0,1541.5,1583.0,2271.5,2311.5,2355.0,1931.5,2338.0,2588.5,2360.0
1206,-73.905,40.844,1437.5,1431.0,1560.0,1712.0,2182.0,2159.0,2124.0,2072.0,2164.5,2236.0,2106.5
1207,-73.905,40.845,1051.0,1125.5,1254.0,1269.5,1648.0,1616.0,1679.0,1471.5,1697.25,1794.5,1636.5
1208,-73.904,40.808,1023.0,947.5,1097.0,1259.0,1413.5,1405.5,1438.5,1294.0,1423.0,1751.5,1725.5
1209,-73.904,40.809,1182.0,986.0,1125.0,1250.0,1413.0,1455.0,1489.0,1357.0,1486.5,1766.0,1571.0
1210,-73.904,40.81,1360.5,1259.0,1511.0,1585.0,1546.0,1476.5,1504.5,1744.0,1543.0,1690.5,1573.5
1211,-73.904,40.811,1871.0,3255.0,3521.0,3602.0,2371.0,2342.5,2469.5,3704.0,2507.5,2996.0,3046.5
1212,-73.904,40.812,1685.5,1228.0,1329.0,1473.0,1809.25,1816.75,1862.5,1573.0,1888.0,2404.25,2420.75
1213,-73.904,40.813,1688.0,1544.5,1704.0,1894.5,2173.25,2107.0,2112.75,2010.5,2168.5,2734.0,2690.5
1214,-73.904,40.815,1272.0,1232.0,1216.0,1448.0,1579.5,2123.0,2222.0,1986.0,2304.0,2179.0,1917.0
1215,-73.904,40.816,940.0,961.5,1064.0,1142.0,1307.5,1801.0,1965.5,1997.0,2144.5,2046.0,1733.0
1216,-73.904,40.817,1594.5,1089.0,1184.0,1312.0,1685.0,1916.0,2000.0,1778.0,2028.5,2433.5,2303.0
1217,-73.904,40.818,1466.5,1133.5,1246.0,1350.0,1932.5,2104.0,2330.75,1895.5,2427.0,2681.0,2453.5
1218,-73.904,40.827,1070.0,822.5,1073.0,1021.5,1274.0,1978.0,2042.0,2465.0,2141.5,1721.0,1296.5
1219,-73.904,40.828,1175.0,847.25,1036.0,1002.0,1305.0,2037.0,2273.5,2161.0,2282.5,1912.0,1548.5
1220,-73.904,40.829,1156.0,2766.0,2895.0,3114.0,2606.0,3462.0,3757.0,3464.0,3787.5,3528.5,3159.0
1221,-73.904,40.832,1351.5,1359.0,1466.0,1594.0,1760.0,1826.5,1982.5,1899.0,1951.5,2215.5,1975.0
1222,-73.904,40.833,624.5,597.5,771.5,699.75,1265.0,2305.5,2659.0,2517.5,2690.5,1945.0,1469.0
1223,-73.904,40.834,794.5,645.0,888.5,787.0,1120.0,2077.5,2353.0,2477.0,2428.25,1784.5,1321.5
1224,-73.904,40.835,893.0,992.5,1181.0,1182.0,1225.5,2050.5,2139.0,2237.0,2191.0,1970.0,1640.0
1225,-73.903,40.806,1180.5,1234.0,1398.0,1529.0,1899.5,1901.0,1966.5,1763.0,1910.5,2150.5,2059.5
1226,-73.903,40.807,1204.0,1189.0,1368.0,1433.0,1603.0,1775.0,1894.0,1832.0,1825.5,1955.25,1830.75
1227,-73.903,40.808,989.5,1177.0,1277.0,1379.0,1548.5,1969.5,2060.0,1844.0,2155.0,1914.0,1710.0
1228,-73.903,40.809,1103.0,1187.0,1199.0,1307.0,1412.0,1402.5,1492.0,1407.0,1467.5,1650.0,1503.0
1229,-73.903,40.81,1360.5,1401.0,1512.0,1631.0,1792.0,1717.0,1734.0,1697.0,1779.0,2019.0,1851.5
1230,-73.903,40.811,1882.5,1352.0,1506.0,1561.0,1587.0,2067.5,2169.5,1891.0,2133.0,2366.5,2092.5
1231,-73.903,40.812,1509.0,1114.0,1163.0,1341.0,1263.5,1187.0,1247.5,1391.0,1290.5,1801.5,1598.0
1232,-73.903,40.817,1342.0,1234.0,1332.0,1493.0,1867.5,1924.0,2028.0,1844.0,1979.5,2355.0,2284.5
1233,-73.903,40.818,1466.5,1274.0,1419.0,1582.0,2097.0,2100.0,2269.5,1786.0,2156.5,2588.0,2625.5
1234,-73.903,40.828,1156.0,712.5,808.25,714.5,1042.0,1974.25,2288.0,2252.5,2389.5,1694.25,1243.0
1235,-73.903,40.829,1132.5,1089.0,1196.0,1214.0,1431.0,1965.0,2116.0,1991.0,2167.5,2175.0,1857.5
1236,-73.903,40.832,1351.5,1224.0,1332.0,1412.0,1494.5,1815.0,1876.0,1773.0,1927.0,1916.5,1679.0
1237,-73.903,40.833,1018.5,816.5,941.5,845.5,1288.5,2534.5,2751.0,2691.0,2746.0,1870.5,1482.0
1238,-73.903,40.834,1419.0,3958.0,4222.0,4523.5,3645.0,3963.5,3951.0,4814.0,4020.0,3550.0,2630.5
1239,-73.903,40.835,1244.0,783.5,948.5,884.0,1225.0,1954.0,2125.5,2171.0,2177.0,1853.5,1437.5
1240,-73.903,40.836,855.5,770.5,940.5,909.5,1290.0,1939.5,2055.5,2226.0,2117.5,1733.0,1289.0
1241,-73.903,40.839,1419.5,1339.0,1473.0,1538.0,1722.5,1982.0,2118.5,2120.0,2096.5,2068.0,1834.0
1242,-73.903,40.84,1664.5,2882.0,2765.0,3062.0,2925.0,2743.0,2901.0,2955.0,2827.5,2740.0,2532.5
1243,-73.902,40.805,994.0,1027.5,1135.5,1201.0,1262.5,1310.0,1348.0,1231.0,1324.0,1446.0,1364.5
1244,-73.902,40.806,1100.0,1173.0,1316.0,1408.0,1437.5,1428.5,1483.0,1564.0,1456.5,1710.0,1609.0
1245,-73.902,40.807,1204.0,1180.0,1298.0,1393.0,1440.5,1517.0,1532.5,1626.0,1628.5,1721.5,1666.0
1246,-73.902,40.817,1562.5,1087.5,1319.0,1307.0,1780.5,2884.0,3134.5,2803.0,3252.5,2491.5,1811.0
1247,-73.902,40.818,1720.5,3597.0,3847.0,4070.5,4106.5,4078.0,4058.0,4345.0,4224.0,3454.0,2540.0
1248,-73.902,40.829,1535.0,1249.0,1327.0,1423.0,1636.5,1715.5,1756.25,1536.0,1778.25,2012.25,1866.5
1249,-73.902,40.83,1535.0,1345.0,1395.0,1545.0,1749.5,1827.0,1945.5,1870.0,1970.0,2214.5,1986.5
1250,-73.902,40.831,1239.5,960.5,1177.0,1109.0,1279.5,1848.0,1998.0,1951.0,2131.0,1843.5,1533.5
1251,-73.902,40.832,1215.5,1034.0,1112.0,1210.0,1443.0,1652.0,1719.5,1591.0,1797.5,1975.5,1838.5
1252,-73.902,40.833,1419.0,2109.0,2204.0,2391.0,2365.0,2769.0,2827.0,2688.0,2871.5,2796.5,2506.0
1253,-73.902,40.834,1339.0,1315.0,1445.0,1539.0,1752.75,2181.5,2298.5,2384.5,2432.0,2198.5,1918.0
1254,-73.902,40.835,1245.5,1187.0,1282.0,1414.0,1620.5,1857.0,2001.5,1877.0,1991.25,1967.0,1664.0
1255,-73.902,40.836,1140.0,1174.0,1345.0,1516.5,1677.25,1942.5,2099.5,2217.5,2128.0,2140.0,1829.5
1256,-73.902,40.838,1407.0,1540.0,1711.0,1909.0,2020.5,2116.75,2176.75,2052.0,2146.75,2367.25,2238.5
1257,-73.902,40.839,1419.5,1280.0,1376.0,1535.0,1775.0,1982.0,2069.5,1970.5,2043.5,2107.5,1902.5
1258,-73.902,40.84,1603.0,1612.0,1683.5,1801.0,2031.0,2112.0,2200.5,2103.0,2158.0,2125.5,1822.0
1259,-73.902,40.841,1858.0,1369.0,1428.0,1566.0,1567.5,2012.0,2123.5,1931.0,2128.5,1977.5,1749.0
1260,-73.901,40.805,701.5,874.5,989.0,1071.25,1096.5,1015.0,1105.5,1140.0,1106.5,1292.0,1239.75
1261,-73.901,40.815,1331.5,1338.0,1395.0,1331.0,1945.0,2836.0,3230.5,3301.0,3272.5,2410.0,1928.5
1262,-73.901,40.816,1226.0,963.0,1168.0,1259.0,1597.0,2080.5,2227.5,2108.0,2293.0,1969.5,1755.0
1263,-73.901,40.817,1383.0,1113.0,1257.0,1283.0,1706.5,2333.5,2529.0,2234.0,2457.5,2227.5,1777.0
1264,-73.901,40.83,1643.0,1375.0,1458.0,1535.0,1832.0,1946.5,2057.0,1903.0,2043.5,2295.5,2112.0
1265,-73.901,40.831,1536.5,1230.0,1362.0,1343.0,1776.5,2000.5,2190.5,2111.5,2236.0,2390.5,2160.0
1266,-73.901,40.832,1417.0,2203.5,2176.5,2418.0,2865.75,2966.25,3021.5,2724.5,2883.0,3167.0,3125.0
1267,-73.901,40.835,852.0,1108.5,1200.5,1304.0,1508.5,1749.0,1856.0,1841.0,1971.0,1939.0,1672.0
1268,-73.901,40.836,852.0,972.5,1182.5,1164.5,1384.0,2011.5,2193.5,2308.5,2377.5,2093.5,1774.5
1269,-73.901,40.838,1407.0,1154.0,1203.5,1330.0,1580.5,2096.5,2138.5,2280.5,2085.5,2047.5,1720.5
1270,-73.901,40.841,1788.0,1345.0,1409.0,1482.0,1844.5,2184.5,2304.5,2152.0,2241.0,2073.0,1760.0
1271,-73.901,40.842,1788.0,1900.0,1909.0,2070.0,2074.5,2379.0,2409.5,2387.0,2468.5,2263.5,1874.0
1272,-73.9,40.805,861.5,911.5,1007.5,1058.0,1155.5,1211.0,1240.0,1199.0,1254.5,1326.0,1249.5
1273,-73.9,40.806,993.5,1175.0,1195.0,1193.0,1168.5,1041.5,1072.5,1206.0,1073.5,1529.5,1521.0
1274,-73.9,40.809,1442.5,905.5,1044.5,1057.0,1251.0,1513.0,1598.5,1653.0,1654.0,1975.0,1744.5
1275,-73.9,40.813,1216.0,1307.0,1483.0,1603.0,1549.75,1571.25,1639.0,1632.5,1638.0,1837.0,1686.25
1276,-73.9,40.814,1205.75,1123.0,1282.0,1320.0,1584.25,1968.5,2197.5,2182.5,2283.0,2123.0,1879.5
1277,-73.9,40.815,1585.0,1281.0,1445.0,1540.0,2029.5,2203.0,2288.5,2000.0,2346.5,2428.5,2280.5
1278,-73.9,40.816,1298.0,1160.0,1307.5,1376.0,1695.75,1909.75,2030.25,1839.5,2074.75,2081.25,1788.5
1279,-73.9,40.831,1692.5,1361.0,1549.0,1576.0,2014.5,2318.0,2407.0,2549.0,2473.5,2602.5,2448.5
1280,-73.9,40.832,1749.0,1998.5,2140.0,2412.5,3111.5,3046.5,3091.5,2785.5,3059.0,3795.0,3514.5
1281,-73.9,40.837,398.0,449.5,602.0,427.5,906.0,2351.0,2654.0,2897.0,2888.5,1766.5,1006.5
1282,-73.9,40.838,869.0,765.25,928.5,909.0,1370.5,2211.5,2519.0,2582.0,2643.5,1875.5,1485.0
1283,-73.9,40.841,1260.0,1312.0,1431.0,1623.0,1697.0,2248.0,2281.0,2261.0,2304.0,2216.0,1787.5
1284,-73.9,40.842,1435.5,2164.0,2255.5,2314.0,2289.25,2387.5,2407.25,2396.5,2363.0,2400.0,2122.75
1285,-73.899,40.805,993.5,856.5,877.5,887.0,967.0,1057.5,1114.0,899.5,1119.0,1136.0,1072.5
1286,-73.899,40.806,965.5,1010.5,1078.0,1088.0,1335.5,1683.0,1847.0,1618.0,1846.0,1816.5,1541.5
1287,-73.899,40.807,1112.0,1109.0,1194.0,1237.0,1429.5,1919.0,1950.0,1999.0,2081.0,2136.0,1829.5
1288,-73.899,40.808,1360.5,1172.0,1240.0,1260.0,1557.5,1699.5,1793.5,1609.0,1755.0,2358.5,2214.5
1289,-73.899,40.809,1192.5,1059.0,1180.0,1188.0,1484.0,1712.0,1773.0,1629.0,1847.0,2131.0,1853.0
1290,-73.899,40.81,1223.0,1160.0,1246.0,1250.0,1478.5,1585.5,1712.0,1591.0,1708.0,1978.0,1799.5
1291,-73.899,40.811,1000.0,1068.0,1089.0,1145.0,1362.0,1497.0,1561.5,1475.0,1538.5,1744.0,1560.0
1292,-73.899,40.813,1216.0,1142.0,1246.0,1333.0,1547.5,1512.0,1600.0,1411.0,1554.0,1808.0,1687.5
1293,-73.899,40.814,1216.0,1217.0,1351.0,1449.0,1591.0,1636.0,1763.0,1681.0,1783.0,1953.5,1725.5
1294,-73.899,40.818,1089.5,1125.0,1304.0,1399.5,1655.0,2118.0,2295.25,2253.0,2299.5,2383.5,2027.25
1295,-73.899,40.819,820.0,1005.5,1155.0,1152.0,1496.0,2140.5,2339.5,2341.0,2390.5,2181.5,1820.0
1296,-73.899,40.832,1578.5,1404.0,1601.0,1731.0,1878.5,2073.0,2153.5,1992.0,2194.5,2406.0,2276.0
1297,-73.899,40.833,1569.5,1458.0,1517.0,1527.0,1933.5,1847.5,1947.0,1669.0,1897.0,2288.5,2416.0
1298,-73.899,40.836,337.5,560.5,700.0,666.5,966.5,2234.5,2622.0,2666.0,2931.0,1897.0,1173.5
1299,-73.899,40.837,337.5,462.0,653.5,519.0,987.0,2585.5,3030.0,3060.0,3153.5,1944.5,1120.5
1300,-73.899,40.841,1253.5,1259.0,1407.0,1514.0,1774.5,1953.0,1952.5,2012.0,1991.0,2024.0,1748.0
1301,-73.899,40.842,1405.0,1520.0,1684.0,1926.0,1789.75,2041.25,2130.0,2114.0,2116.75,2037.25,1771.0
1302,-73.898,40.806,894.0,860.5,1010.5,950.0,1254.5,1865.0,2123.5,2224.0,2173.5,1708.5,1311.5
1303,-73.898,40.808,1507.5,1055.0,1151.0,1238.0,2108.0,2335.0,2509.0,2134.0,2389.5,3423.0,3437.0
1304,-73.898,40.809,1536.0,958.75,1057.5,1070.5,1611.5,2182.0,2279.5,2015.0,2314.5,2682.0,2587.0
1305,-73.898,40.81,1220.0,1050.0,1146.0,1140.0,1508.5,1771.5,1797.5,1805.0,1779.0,2030.0,1876.0
1306,-73.898,40.811,906.5,987.25,1086.5,1107.5,1278.0,1584.0,1692.0,1534.5,1729.5,1757.0,1551.5
1307,-73.898,40.814,1152.0,1251.0,1350.0,1481.0,1925.0,1844.0,1887.5,1657.0,1855.25,2355.0,2160.0
1308,-73.898,40.815,1302.0,1243.0,1419.0,1530.0,1719.0,1977.0,2165.0,1984.0,2207.0,2314.5,1829.25
1309,-73.898,40.816,1978.5,1516.0,1747.0,1913.0,2568.5,2668.5,2873.0,2296.0,2877.5,3105.5,2531.5
1310,-73.898,40.817,1534.5,1288.0,1378.0,1498.0,1873.0,1953.5,2116.5,1982.0,2117.5,2519.5,2295.5
1311,-73.898,40.818,1219.0,1178.0,1464.0,1452.0,1561.5,1851.0,2027.5,2104.0,2102.0,2240.0,1867.5
1312,-73.898,40.819,796.5,920.5,1098.0,1098.5,1489.5,2142.5,2428.5,2410.0,2598.5,2078.0,1670.5
1313,-73.898,40.82,1080.5,1026.5,1281.0,1263.0,1576.5,2081.5,2208.0,2265.0,2296.0,2131.5,1720.0
1314,-73.898,40.832,1569.5,1918.0,1998.0,2068.5,1862.5,1840.25,1913.5,2117.5,1862.75,2257.5,2259.0
1315,-73.898,40.833,1285.0,1323.0,1409.0,1566.0,1829.0,2022.5,2113.0,1937.0,2139.0,2135.5,2011.5
1316,-73.898,40.835,448.5,588.5,788.0,628.0,1025.5,2457.0,2811.5,2866.0,2912.0,1754.5,955.5
1317,-73.898,40.836,442.0,584.0,784.0,698.0,1063.0,2272.0,2690.5,2623.0,2881.0,1854.5,1254.5
1318,-73.898,40.837,440.75,710.5,976.25,900.5,1269.0,2414.0,2686.0,2691.0,2955.5,2011.5,1361.5
1319,-73.898,40.838,404.0,582.0,902.0,727.0,1406.5,2648.0,3049.5,3196.0,3351.0,2206.5,1437.0
1320,-73.898,40.842,1134.0,1219.0,1406.0,1491.0,1670.5,1897.5,1916.0,1797.0,2060.5,1955.0,1678.0
1321,-73.898,40.843,1523.5,1621.0,1867.0,1926.0,2144.0,2212.0,2300.0,2229.5,2332.5,2543.25,1982.25
1322,-73.898,40.844,1108.0,1373.0,1549.0,1680.0,1686.0,1648.0,1716.0,1810.0,1681.5,1852.5,1616.0
1323,-73.897,40.808,1198.0,1007.5,1150.0,1178.0,1388.5,1657.5,1772.5,1712.0,1851.0,1745.5,1505.0
1324,-73.897,40.809,1198.0,1275.0,1377.0,1512.0,1638.0,1631.0,1778.0,1602.0,1710.0,2020.0,1911.0
1325,-73.897,40.812,1303.0,1297.0,1413.0,1516.0,1537.5,1576.0,1742.0,1726.0,1900.5,1965.0,1738.0
1326,-73.897,40.815,1581.5,1533.0,1538.0,1659.0,1947.0,1884.5,1906.0,1752.0,1915.0,2287.0,2078.5
1327,-73.897,40.816,1553.5,1476.0,1510.0,1679.0,2141.5,2211.0,2194.0,1889.0,2204.0,2505.5,1933.5
1328,-73.897,40.817,1553.5,1271.5,1396.0,1495.5,1827.25,1966.0,2110.0,1737.0,2130.0,2398.0,2098.5
1329,-73.897,40.819,889.0,816.25,960.5,896.25,1173.0,2078.75,2329.25,2617.0,2444.25,1918.5,1587.0
1330,-73.897,40.82,936.0,1113.0,1281.0,1355.0,1586.0,2115.5,2336.5,2212.0,2468.5,2127.5,1729.0
1331,-73.897,40.833,1151.5,1204.5,1330.0,1435.0,1492.0,1689.5,1751.5,1774.0,1836.5,1970.75,1850.5
1332,-73.897,40.834,1056.0,1253.0,1385.0,1485.0,1591.0,2034.0,2242.0,2162.5,2217.0,2036.5,1693.75
1333,-73.897,40.835,448.5,774.25,917.5,876.5,1165.0,2386.5,2801.0,2477.0,2832.5,1821.5,1128.0
1334,-73.897,40.836,369.0,371.5,730.0,327.0,994.0,2671.0,2995.5,3490.0,3247.5,1680.0,853.0
1335,-73.897,40.837,413.5,663.25,847.0,782.5,1212.0,2442.5,2808.0,2340.5,3019.5,1994.5,1183.5
1336,-73.897,40.838,381.0,677.0,894.75,816.5,1114.0,2294.25,2636.0,2610.0,2809.0,1894.25,1156.75
1337,-73.897,40.839,352.5,514.5,698.5,565.5,941.5,2269.5,2786.5,2741.0,2977.0,1800.0,1061.0
1338,-73.897,40.844,671.0,884.0,997.0,1023.0,1309.0,1835.5,2005.5,1756.0,2097.0,1803.5,1378.0
1339,-73.896,40.808,1436.5,1070.25,1180.5,1236.5,1393.5,1496.25,1637.25,1528.5,1585.5,1699.5,1505.0
1340,-73.896,40.809,1652.0,1341.0,1450.0,1575.0,1863.5,1950.5,2070.0,1763.0,1985.0,2215.0,1964.5
1341,-73.896,40.811,2072.5,1459.5,1666.0,1798.0,2005.5,2033.5,2089.25,2058.5,2167.75,2445.0,2315.5
1342,-73.896,40.812,1411.0,1274.0,1393.5,1498.0,1565.0,1547.0,1638.0,1629.0,1594.5,1941.5,1887.0
1343,-73.896,40.813,1580.0,1179.0,1250.0,1238.0,1573.0,1710.0,1814.0,1786.0,1828.0,2058.0,1789.0
1344,-73.896,40.817,1481.0,1781.0,1850.0,1937.0,2050.5,2230.5,2290.5,2152.0,2269.5,2552.5,2416.0
1345,-73.896,40.818,1330.0,1467.0,1536.0,1634.0,1910.0,2134.0,2320.0,2244.0,2395.0,2383.0,2225.5
1346,-73.896,40.819,889.0,940.25,1095.5,1159.5,1368.0,2281.0,2620.0,2439.5,2757.5,1935.0,1517.75
1347,-73.896,40.82,1395.0,1187.0,1319.0,1405.0,1556.5,1955.0,2111.0,2003.0,2171.0,2182.0,1866.5
1348,-73.896,40.833,1384.5,1184.0,1277.5,1392.0,1626.25,1656.25,1692.75,1465.5,1721.5,1846.5,1670.25
1349,-73.896,40.834,1124.0,1125.0,1255.5,1244.0,1560.0,1976.5,2064.0,1847.0,2118.5,1884.5,1571.0
1350,-73.896,40.838,370.0,371.5,544.0,413.0,1110.5,2492.5,3047.5,3459.0,3323.0,1884.0,1152.5
1351,-73.896,40.839,541.0,578.5,742.0,676.5,991.5,2241.5,2673.5,2626.0,2814.5,1935.0,1207.5
1352,-73.896,40.84,541.0,913.0,1150.0,1206.5,1400.0,2370.0,2585.0,2421.0,2808.5,2138.5,1531.0
1353,-73.896,40.844,649.5,766.5,975.0,999.5,1298.0,2059.0,2224.5,2491.0,2377.0,2051.0,1397.0
1354,-73.895,40.809,1436.0,1153.0,1323.0,1454.0,1702.5,1748.5,1905.0,1767.0,1943.0,2241.25,2007.5
1355,-73.895,40.81,1371.5,1235.0,1457.0,1653.0,1776.0,1869.5,1985.0,1827.0,2019.0,2203.5,2127.0
1356,-73.895,40.811,1810.0,2115.0,2334.0,2492.0,2476.5,2534.5,2546.5,2601.0,2587.0,3345.5,3232.0
1357,-73.895,40.812,1683.5,1358.0,1538.0,1586.0,2008.0,1998.0,1918.5,1748.0,1969.0,2323.0,2146.0
1358,-73.895,40.813,1927.5,1599.0,1739.0,1856.0,2031.5,1985.5,1987.0,1910.0,2009.0,2502.5,2461.5
1359,-73.895,40.817,1438.5,1152.0,1212.0,1382.0,1516.5,1588.0,1643.5,1654.0,1644.5,2161.0,1913.5
1360,-73.895,40.818,1438.5,1219.0,1387.5,1532.0,1759.0,2170.0,2126.25,2105.0,2153.25,2347.5,2122.0
1361,-73.895,40.84,521.0,963.0,1228.0,1260.0,1361.0,2314.0,2622.25,2433.5,2736.25,2069.0,1510.0
1362,-73.895,40.841,442.0,773.5,997.5,946.5,1341.0,2415.0,2790.0,2616.0,2947.5,2142.5,1497.0
1363,-73.895,40.842,442.0,880.0,1066.0,1122.0,1359.5,2324.0,2581.5,2448.5,2856.5,2190.5,1514.5
1364,-73.895,40.844,721.5,863.0,999.0,991.0,1235.5,2111.5,2437.5,2390.0,2461.5,1863.5,1368.0
1365,-73.894,40.809,1529.0,1392.0,1541.0,1707.0,1909.0,2108.0,2177.5,1988.0,2273.0,2573.5,2464.5
1366,-73.894,40.818,1232.0,1171.0,1309.5,1424.0,1661.5,1877.5,1830.5,1724.0,1903.5,2003.5,1838.5
1367,-73.894,40.819,974.5,927.0,1060.0,1186.0,1322.5,1348.0,1364.5,1283.0,1367.5,1667.5,1493.5
1368,-73.894,40.841,442.0,709.5,918.0,837.0,1209.0,2775.5,3398.0,3037.0,3367.5,2085.0,1351.0
1369,-73.894,40.842,966.5,907.5,1054.0,1092.0,1440.0,2211.0,2703.5,2552.0,2839.0,1994.0,1570.5
1370,-73.894,40.844,721.5,1000.5,1087.75,1069.5,1404.0,1971.0,2118.5,2314.0,2266.0,1965.5,1603.5
1371,-73.894,40.845,1205.5,1328.0,1478.0,1508.0,1774.0,2271.0,2550.5,2217.0,2637.25,2342.5,2056.0
1372,-73.893,40.809,1414.5,1889.0,2154.5,2319.0,2395.75,2398.0,2489.5,2496.0,2527.25,2910.75,2425.0
1373,-73.893,40.817,1194.0,1091.0,1216.0,1331.0,1668.5,1672.0,1709.0,1709.0,1643.5,1906.5,1796.5
1374,-73.893,40.818,1318.0,1203.5,1319.0,1470.0,1645.0,1699.0,1805.5,1718.0,1785.0,2041.5,1846.0
1375,-73.893,40.819,1332.5,1302.5,1461.5,1572.0,1787.5,1938.0,1973.0,1846.0,2034.0,2182.0,1886.5
1376,-73.893,40.82,1603.0,1019.0,1123.0,1318.0,1540.0,1535.5,1644.5,1668.0,1622.0,1944.0,2020.5
1377,-73.893,40.841,987.5,1156.0,1398.0,1523.0,1910.5,2358.5,2525.0,2395.5,2677.0,2608.5,2112.0
1378,-73.893,40.842,1350.0,1259.0,1346.0,1568.0,1722.0,2165.0,2287.5,2185.0,2324.5,2386.5,1943.5
1379,-73.893,40.843,1021.5,1142.0,1237.0,1283.0,1549.0,1929.5,2092.0,1857.0,2116.0,2016.0,1758.0
1380,-73.893,40.844,1180.5,1226.0,1417.0,1442.0,1556.0,2063.5,2252.5,2240.5,2343.0,2065.0,1719.0
1381,-73.893,40.845,1694.0,1938.0,1961.0,2103.0,2613.5,2687.0,2620.0,2486.0,2580.5,2549.5,2334.5
1382,-73.892,40.809,1506.0,1349.5,1609.5,1796.5,2136.0,2130.5,2214.0,2160.0,2092.0,2482.5,2002.5
1383,-73.892,40.81,1592.0,3643.0,3762.0,4035.0,3419.0,3151.5,3324.5,3923.0,3296.0,4153.0,4125.5
1384,-73.892,40.814,1480.5,1847.0,2019.0,2235.0,2352.0,2355.0,2334.0,2272.0,2425.0,2768.0,2237.5
1385,-73.892,40.815,1108.0,1170.0,1284.0,1280.0,1466.0,1863.0,2115.5,1960.0,2165.5,1992.5,1693.0
1386,-73.892,40.816,873.5,1306.0,1461.0,1499.0,1621.5,1842.5,1941.5,1908.0,1979.0,2078.0,1832.5
1387,-73.892,40.817,996.0,1141.0,1216.0,1307.0,1554.0,1715.0,1830.0,1768.0,1770.0,1845.5,1585.5
1388,-73.892,40.819,1470.0,1337.0,1502.0,1627.0,2095.5,2295.0,2465.5,1834.0,2499.0,2472.0,2387.0
1389,-73.892,40.82,1649.5,1197.0,1311.0,1417.0,1808.0,1942.0,1894.0,1658.0,1918.0,2299.5,2178.5
1390,-73.892,40.821,1679.0,1466.0,1628.0,1726.0,1839.5,1837.0,1827.0,1777.0,1822.5,2118.0,1931.5
1391,-73.892,40.822,1608.0,1200.0,1267.0,1410.0,1653.5,1702.0,1790.5,1757.0,1854.0,2301.0,2124.5
1392,-73.892,40.823,1634.0,1196.0,1292.0,1436.0,1948.5,1995.0,2029.0,1652.5,2084.0,2318.5,2212.5
1393,-73.892,40.824,1331.5,1084.5,1152.0,1239.0,1416.5,1511.0,1547.5,1480.0,1513.0,1820.5,1619.0
1394,-73.892,40.825,1024.0,1107.0,1053.0,1195.0,1515.5,1533.0,1608.5,1261.0,1544.5,1891.5,1724.5
1395,-73.892,40.841,1289.0,1221.0,1338.5,1391.0,1682.5,1973.0,2068.0,1970.5,2104.0,2210.0,1991.0
1396,-73.892,40.842,1376.5,1353.5,1479.0,1659.0,2020.5,2276.5,2513.5,2340.5,2441.0,2355.0,2232.0
1397,-73.892,40.844,1012.0,1213.0,1369.0,1443.0,1597.0,1950.25,2109.25,2003.5,2129.25,2001.0,1714.0
1398,-73.891,40.809,1435.0,1236.0,1426.0,1560.0,1738.5,1632.5,1682.0,1633.0,1722.5,2188.0,2208.5
1399,-73.891,40.81,1435.0,1267.0,1500.0,1590.0,1937.0,1825.0,1946.5,1639.0,1917.0,2259.5,2299.0
1400,-73.891,40.813,1709.5,2926.0,3027.0,3305.5,2755.0,2707.0,2746.5,3207.5,2711.5,3216.5,3327.5
1401,-73.891,40.814,1478.0,1285.0,1414.0,1592.0,1655.0,1757.0,1785.5,1777.0,1813.5,2179.5,2016.0
1402,-73.891,40.815,1108.0,982.5,1085.0,1168.0,1272.5,1589.5,1752.5,1793.0,1742.0,1811.0,1548.5
1403,-73.891,40.816,842.75,406.0,585.25,384.5,994.0,2204.75,2484.0,2905.5,2654.25,1615.75,999.25
1404,-73.891,40.82,1649.5,1282.0,1357.0,1414.0,1848.5,1942.0,2007.5,1957.0,2120.0,2416.5,2338.5
1405,-73.891,40.821,1679.0,1499.0,1621.0,1806.0,1971.5,2001.5,2058.5,1873.5,1993.0,2177.5,2044.0
1406,-73.891,40.822,1621.0,1913.5,2105.0,2176.0,2428.0,2352.75,2383.75,2345.5,2388.25,2645.5,2436.75
1407,-73.891,40.823,1573.5,784.0,773.5,826.0,1522.5,1737.5,1833.5,1140.0,1901.0,2101.0,2107.0
1408,-73.891,40.824,1058.0,1729.0,1858.0,2108.0,1544.5,1866.5,2032.5,2044.0,2017.0,2212.0,2094.0
1409,-73.891,40.825,1077.0,1018.0,1074.0,1193.0,1342.0,1435.5,1428.0,1429.0,1394.5,1699.0,1455.0
1410,-73.891,40.842,1289.0,1377.5,1487.0,1700.0,1708.5,1882.0,1947.0,1817.5,1992.5,2177.5,1909.0
1411,-73.89,40.807,879.5,1089.5,1170.0,1356.5,1179.0,1208.75,1206.0,1406.0,1184.0,1452.75,1447.25
1412,-73.89,40.808,1058.5,1092.0,1170.0,1280.0,1533.0,1619.0,1641.5,1458.0,1691.0,1890.5,1719.0
1413,-73.89,40.809,1659.0,1299.0,1395.0,1487.0,1879.0,1787.0,1889.0,1606.0,1820.0,2316.0,2295.5
1414,-73.89,40.81,1659.0,1314.5,1429.0,1528.5,1807.0,1768.0,1809.0,1663.0,1812.0,2238.0,2107.0
1415,-73.89,40.814,1426.0,1071.0,1141.0,1186.0,1553.0,1810.5,1899.0,1894.0,1944.5,2026.0,1849.5
1416,-73.89,40.819,1618.0,1328.0,1401.0,1480.0,1998.0,2057.5,2032.5,1793.0,2107.0,2418.5,2070.5
1417,-73.89,40.82,1231.5,1619.5,1843.0,1927.5,2045.0,2436.5,2698.0,2241.0,2716.5,2548.0,2370.0
1418,-73.89,40.821,1159.5,1225.0,1280.0,1377.0,1457.0,1700.5,1794.0,1660.0,1857.0,1936.0,1761.5
1419,-73.89,40.825,1190.5,1202.5,1304.0,1307.5,1604.5,1652.5,1732.0,1817.5,1745.0,1978.0,1898.0
1420,-73.89,40.826,1294.5,1144.5,1220.5,1319.0,1559.0,1634.0,1750.5,1479.0,1710.5,2032.5,1909.0
1421,-73.889,40.806,848.0,829.0,854.5,900.0,1032.5,1203.0,1250.5,1142.0,1258.0,1398.5,1377.5
1422,-73.889,40.807,929.5,878.5,937.75,1030.75,1240.5,1140.5,1224.0,1063.25,1214.0,1443.0,1385.0
1423,-73.889,40.808,1058.5,1275.0,1331.0,1432.0,1533.0,1619.0,1641.5,1733.0,1691.0,1892.0,1777.0
1424,-73.889,40.814,1384.5,1142.0,1268.0,1344.0,1944.0,1930.0,2053.0,1933.0,2109.0,2304.5,1860.5
1425,-73.889,40.817,1072.5,1027.5,1114.0,1261.0,1284.0,1660.5,1923.5,1796.0,1957.5,1897.0,1642.0
1426,-73.889,40.818,1055.0,1007.0,1110.0,1094.5,1272.0,1667.5,1829.5,1749.0,1825.5,1726.0,1512.5
1427,-73.889,40.819,1505.0,1149.0,1297.0,1369.0,1621.0,1810.5,1798.5,1704.0,1920.5,2196.5,2053.0
1428,-73.889,40.82,1231.5,1254.0,1413.0,1529.0,1505.5,2018.5,2212.5,2055.0,2201.5,1976.5,1643.0
1429,-73.889,40.821,1159.5,1054.75,1138.0,1189.0,1337.5,1295.5,1377.0,1295.0,1357.25,1618.5,1515.0
1430,-73.889,40.822,1103.5,1071.0,1156.0,1233.0,1419.0,1593.5,1639.5,1623.0,1709.5,1765.0,1568.0
1431,-73.889,40.823,2074.0,1889.0,2175.0,2370.0,2582.0,3143.5,3023.5,3044.0,3248.5,3460.0,3226.5
1432,-73.889,40.824,1364.5,1085.0,1230.5,1316.0,1848.75,2236.75,2388.0,2399.0,2492.5,2399.5,2138.0
1433,-73.889,40.825,1017.5,988.0,1183.0,1278.0,1662.5,2458.0,2873.0,2468.0,2911.0,2337.5,1893.0
1434,-73.889,40.826,1169.5,1040.0,1204.0,1246.0,1408.75,1768.5,1945.25,1923.0,1966.0,1918.25,1761.0
1435,-73.888,40.806,816.0,890.5,990.25,1066.5,1163.5,1316.0,1447.5,1478.0,1498.5,1548.5,1376.5
1436,-73.888,40.807,854.0,1567.0,1757.0,2032.5,1651.0,1704.5,1866.0,2223.5,1851.5,2111.0,2071.5
1437,-73.888,40.814,1813.5,1349.0,1478.0,1588.0,1832.0,2255.5,2327.5,2299.0,2428.5,2444.5,2151.0
1438,-73.888,40.816,1287.5,1245.0,1357.0,1468.0,1599.0,1881.0,1865.0,1739.0,1896.0,2039.5,1970.0
1439,-73.888,40.817,1287.5,1231.0,1366.0,1422.0,1697.0,1926.5,2058.0,1806.0,2049.0,2109.5,1832.5
1440,-73.888,40.818,1072.5,1527.0,1486.0,1542.0,1487.0,1711.5,1737.0,1815.0,1915.0,2160.5,2025.5
1441,-73.888,40.82,1439.5,1097.5,1179.0,1309.5,1373.5,1540.5,1721.5,1521.5,1720.0,1756.0,1686.0
1442,-73.888,40.821,1269.0,1180.0,1290.5,1435.0,1735.0,1781.0,1901.0,1513.0,1853.0,2342.0,2286.75
1443,-73.888,40.822,1089.5,1040.0,1138.0,1218.0,1427.0,1787.0,1969.0,1997.0,2046.5,1767.0,1502.5
1444,-73.888,40.823,1786.5,1579.0,1795.0,1824.0,2191.0,2484.0,2695.0,2793.0,2797.5,2862.0,2617.0
1445,-73.888,40.824,1364.5,808.5,891.5,844.0,1279.5,1916.5,2319.0,1896.0,2461.5,2363.0,1970.0
1446,-73.888,40.825,1006.0,719.75,825.75,824.5,1154.5,2181.25,2526.25,2089.0,2648.0,2023.0,1509.25
1447,-73.887,40.806,1153.5,1049.0,1183.0,1204.0,1466.5,1741.5,1859.5,1599.0,1887.5,2069.0,1888.5
1448,-73.887,40.807,1153.5,1330.0,1537.0,1651.0,1747.0,1994.5,2037.0,1910.5,2118.5,2355.5,2257.0
1449,-73.887,40.812,1493.0,1377.0,1597.0,1672.0,1938.0,2293.5,2402.5,2233.0,2400.0,2435.5,2080.0
1450,-73.887,40.813,1767.0,1426.0,1515.5,1719.0,2109.0,2478.0,2562.0,2268.0,2655.5,2647.5,2546.5
1451,-73.887,40.814,1627.5,1366.5,1461.0,1500.5,1781.0,2132.5,2225.0,2135.0,2288.5,2408.25,2054.0
1452,-73.887,40.815,1452.0,1034.0,1181.0,1297.0,1423.0,1812.5,1993.0,2045.0,2054.5,2047.5,1784.0
1453,-73.887,40.816,1325.5,1217.0,1350.0,1433.0,1738.5,2093.0,2167.0,2169.0,2191.0,2385.0,2175.0
1454,-73.887,40.821,1562.0,1395.5,1489.5,1647.0,1856.0,1828.0,1894.0,1761.5,1920.5,2276.5,2291.0
1455,-73.887,40.823,1270.0,1290.0,1459.0,1586.0,1850.0,2164.5,2175.0,2183.0,2240.5,2335.5,2128.0
1456,-73.886,40.805,1141.0,948.5,1059.0,1160.0,1537.5,1834.5,2022.5,2079.0,2142.5,2137.0,1943.0
1457,-73.886,40.806,1694.0,1254.0,1389.0,1581.0,1851.0,2434.0,2613.5,2454.0,2681.0,2649.0,2312.5
1458,-73.886,40.807,1546.5,1164.5,1256.5,1298.5,1748.0,1791.25,1880.0,1475.0,1904.75,2101.0,1961.0
1459,-73.886,40.812,1642.5,1442.5,1591.0,1711.0,1924.5,2017.0,2088.0,1859.0,2114.0,2329.5,2161.0
1460,-73.886,40.813,1388.0,1519.0,1649.0,1519.0,1688.0,2083.5,2248.5,2529.0,2373.0,2498.0,2509.5
1461,-73.886,40.814,1240.5,1318.0,1450.0,1556.0,1583.5,1961.0,2056.5,1752.0,2053.0,1905.5,1735.5
1462,-73.886,40.815,1395.0,1337.0,1436.0,1584.0,1844.0,1834.0,1804.5,1896.0,1873.5,2355.5,2217.5
1463,-73.886,40.821,1410.0,1224.0,1291.0,1425.0,1663.0,1706.0,1799.0,1608.0,1844.0,2197.5,2109.5
1464,-73.885,40.805,1433.0,1246.0,1498.0,1639.0,1665.5,1836.5,1913.5,1979.0,2043.0,2162.5,1998.0
1465,-73.885,40.812,1662.0,1404.0,1621.5,1667.0,2226.75,2138.0,2193.0,1851.0,2243.75,2679.75,2644.5
1466,-73.885,40.813,1723.0,1369.0,1547.0,1591.0,2720.0,2785.0,2828.5,2338.0,2722.0,3254.0,3072.0
1467,-73.885,40.814,1423.0,1304.0,1445.0,1572.0,1672.5,1912.0,2073.0,1971.0,1972.0,2174.5,1951.0
1468,-73.885,40.817,1374.5,1596.0,1760.0,1886.5,2575.25,2471.0,2445.75,2029.5,2562.75,2919.25,2866.75
1469,-73.885,40.818,2671.0,1800.0,1902.0,2103.0,2871.5,2803.5,2779.75,2280.0,2911.25,3491.5,3553.5
1470,-73.885,40.819,1936.5,1425.0,1551.0,1760.0,2293.0,2194.0,2303.0,1897.5,2336.5,2949.5,2871.5
1471,-73.885,40.82,1808.0,1435.0,1511.0,1693.0,1913.5,2007.5,2035.5,1920.0,2209.5,2769.5,2688.5
1472,-73.885,40.821,1234.0,1165.0,1213.0,1332.0,1545.0,1715.5,1755.5,1598.0,1708.0,1979.5,1818.5
1473,-73.884,40.805,1745.5,1591.0,1704.0,1847.0,1812.0,1929.5,2029.0,2195.0,2085.0,2304.5,1823.5
1474,-73.884,40.813,1621.5,1402.0,1524.0,1725.0,1907.0,2045.0,2102.0,2245.0,2140.5,2443.0,2428.0
1475,-73.884,40.814,2042.5,1812.0,2187.0,2200.5,3137.0,3143.0,3187.5,2357.0,3187.5,3954.0,3635.5
1476,-73.884,40.815,2115.5,1746.0,1913.0,1950.0,2805.5,2666.5,2544.0,2068.0,2781.0,3628.5,2912.0
1477,-73.884,40.816,2274.5,1430.0,1493.0,1701.0,2458.0,2492.5,2573.5,2152.0,2568.0,3113.0,2271.0
1478,-73.884,40.817,1374.5,1340.0,1456.0,1557.0,1908.0,1977.0,2038.5,1667.0,1930.5,2245.5,2002.0
1479,-73.884,40.818,2518.0,1325.0,1439.0,1667.0,3130.0,2797.0,2833.5,1785.0,2995.0,3888.0,3698.0
1480,-73.883,40.805,1764.0,1172.0,1305.0,1303.0,1739.5,1994.5,2097.5,1804.5,2039.0,2492.5,2370.0
1481,-73.883,40.812,1356.0,1232.0,1337.0,1420.0,1546.0,1525.0,1627.0,1472.0,1584.0,1805.5,1702.0
1482,-73.883,40.813,1356.0,1446.5,1523.0,1730.5,2078.0,1943.5,2042.0,1832.0,2083.0,2354.0,2297.0
1483,-73.883,40.814,1889.0,1424.0,1502.0,1614.0,1852.75,1857.25,2015.0,1894.0,2068.25,2703.25,2708.25
1484,-73.882,40.805,1319.0,1332.0,1457.5,1577.0,2187.0,2462.0,2574.5,2214.5,2591.0,3038.0,3012.5
1485,-73.882,40.806,2539.5,2474.0,2760.0,2990.0,3100.0,3102.0,3072.5,3158.0,3198.5,4118.5,4092.5
1486,-73.882,40.813,1360.0,1327.0,1513.0,1552.0,1942.5,1984.0,1969.0,1663.0,1920.0,2065.0,1829.5
1487,-73.881,40.805,1119.5,1063.5,1167.0,1240.0,1440.5,1658.5,1709.5,1559.0,1786.0,1947.5,1833.0
1488,-73.881,40.806,1572.0,1286.0,1415.0,1495.0,1440.5,1658.5,1639.5,1690.0,1616.0,1899.0,1738.5
1489,-73.881,40.809,1202.5,1573.0,1716.0,1833.0,1990.5,1963.5,1990.5,2178.0,1978.5,2149.0,1993.5
1490,-73.881,40.81,1393.0,1329.0,1397.0,1514.0,1756.5,1846.0,1910.0,1610.0,1868.5,2081.0,1973.5
1491,-73.881,40.811,1430.5,1245.0,1351.0,1391.0,1454.5,1657.0,1751.0,1641.0,1803.0,1769.5,1621.0
1492,-73.881,40.812,1516.5,1560.0,1662.0,1745.0,1907.0,1988.5,2031.0,1937.0,1991.0,2104.0,1919.5
1493,-73.881,40.813,1360.0,1298.0,1382.0,1465.0,1670.5,1719.0,1713.5,1652.0,1693.0,1994.5,1796.5
1494,-73.88,40.805,1119.5,1005.0,1073.0,1149.0,1340.0,1658.5,1639.5,1366.0,1616.0,1845.5,1523.0
1495,-73.88,40.806,1093.0,1116.0,1231.0,1287.0,1630.0,1669.0,1719.0,1694.0,1861.0,1993.0,1829.5
1496,-73.88,40.807,941.0,1120.0,1232.5,1310.0,1444.5,1481.0,1524.0,1472.0,1573.0,1789.5,1750.5
1497,-73.88,40.808,1661.5,1391.0,1492.0,1589.0,1946.5,1994.0,1940.5,1690.0,1957.5,2306.0,2174.0
1498,-73.88,40.809,1202.5,1587.0,1719.0,1867.0,1946.0,1993.5,1954.0,1912.0,1955.0,2135.5,1963.5
1499,-73.88,40.81,1088.0,862.0,959.0,995.0,1315.0,1490.0,1583.0,1554.0,1569.5,1603.5,1501.5
1500,-73.879,40.806,956.0,1087.0,1196.0,1231.0,1340.0,1550.0,1628.0,1421.0,1615.5,1679.0,1428.0
1501,-73.879,40.807,941.0,1043.5,1151.5,1192.0,1330.5,1398.75,1439.5,1272.5,1450.25,1824.5,1778.25
